Head,Tail,True_Relation,Model_Raw_Output,Parsed_Prediction
01371092,01352059,_hypernym,**Predicted Relation:** 1, 1
08860123,05688486,_member_of_domain_region,**Predicted Relation:** 9, 9
02314321,08102555,_hypernym,**Predicted Relation:** 1, 1
02233096,02233338,_member_meronym,**Predicted Relation:** 1, 1
00789448,01062739,_verb_group,**Predicted Relation:** 1, 1
12400489,12651821,_hypernym,**Predicted Relation:** 1, 1
03239726,03027250,_has_part,**Predicted Relation:** 7, 7
00779360,15274695,_derivationally_related_form,**Predicted Relation:** 2, 2
13286099,02234988,_derivationally_related_form,**Predicted Relation:** 2, 2
08621598,08620061,_hypernym,**Predicted Relation:** 1, 1
07359599,00555447,_derivationally_related_form,**Predicted Relation:** 11, 11
10686313,09610660,_hypernym,**Predicted Relation:** 1, 1
06178812,10256080,_derivationally_related_form,**Predicted Relation:** 2, 2
01444326,01441510,_hypernym,**Predicted Relation:** 1, 1
08660339,08512259,_hypernym,**Predicted Relation:** 1, 1
02156546,07335716,_derivationally_related_form,**Predicted Relation:** 2, 2
01938426,01835496,_hypernym,**Predicted Relation:** 1, 1
00770151,00766234,_hypernym,**Predicted Relation:** 1, 1
02270342,02577061,_also_see,**Predicted Relation:** 11, 11
08814333,08524735,_instance_hypernym,**Predicted Relation:** 3, 3
07861421,01577513,_derivationally_related_form,**Predicted Relation:** 2, 2
01908287,08107499,_hypernym,**Predicted Relation:** 1. _hypernym,_hypernym
04903813,01763829,_derivationally_related_form,**Predicted Relation:** 11, 11
15121625,00028270,_hypernym,**Predicted Relation:** 1, 1
13266892,13265904,_hypernym,**Predicted Relation:** 1, 1
01257145,07488875,_derivationally_related_form,**Predicted Relation:** 2, 2
05442131,05436080,_has_part,**Predicted Relation:** 7, 7
06754184,06753800,_hypernym,**Predicted Relation:** 1, 1
01046587,01046059,_hypernym,**Predicted Relation:** 10, 10
01194418,02492198,_hypernym,**Predicted Relation:** 1. _hypernym,_hypernym
00474017,07357679,_derivationally_related_form,**Predicted Relation:** 2, 2
07085786,07085375,_hypernym,**Predicted Relation:** 7, 7
04105068,04014297,_hypernym,**Predicted Relation:** 1, 1
01716882,07007945,_derivationally_related_form,**Predicted Relation:** 2, 2
00964569,01118449,_derivationally_related_form,**Predicted Relation:** 1, 1
06580646,06568978,_hypernym,**Predicted Relation:** 1, 1
01008719,08441203,_synset_domain_topic_of,**Predicted Relation:** 6, 6
00951037,00949619,_hypernym,**Predicted Relation:** 6, 6
06643408,06797169,_hypernym,**Predicted Relation:** 1, 1
06845599,03754979,_member_of_domain_usage,**Predicted Relation:** 8, 8
01696849,01697837,_member_meronym,**Predicted Relation:** 1, 1
08159924,07971582,_hypernym,**Predicted Relation:** 3, 3
00968962,00968211,_hypernym,**Predicted Relation:** 1, 1
07572957,07566340,_hypernym,**Predicted Relation:** 1. _hypernym,_hypernym
06596978,06593296,_hypernym,**Predicted Relation:** 5, 5
06693198,00860620,_derivationally_related_form,**Predicted Relation:** 2, 2
01057034,01253379,_derivationally_related_form,**Predicted Relation:** 2, 2
02425228,02424695,_hypernym,**Predicted Relation:** 1, 1
07191777,07191279,_hypernym,**Predicted Relation:** 1, 1
07091902,06290637,_hypernym,**Predicted Relation:** 1, 1
01322854,00223983,_derivationally_related_form,**Predicted Relation:** 2, 2
13627516,13627327,_has_part,**Predicted Relation:** 7, 7
12406715,12405714,_hypernym,**Predicted Relation:** 1, 1
02514988,02515214,_member_meronym,**Predicted Relation:** 1, 1
07466557,07470671,_hypernym,**Predicted Relation:** 1, 1
01455592,01455986,_member_meronym,**Predicted Relation:** 1, 1
00062582,00089324,_hypernym,**Predicted Relation:** 1. _hypernym,_hypernym
00802946,01141841,_derivationally_related_form,**Predicted Relation:** 2, 2
01733213,01714208,_hypernym,"**Predicted Relation:** 10. _verb_group

Wait, hold on. I thought hypernym was the answer. Let me re-express.

Wait, the head is ""conduct"" and the tail is ""perform"". The hypernym relation would mean that ""conduct"" is a type of ""perform"". Since conducting is a specific form of performing (like a conductor performs by conducting), then _hypernym (1) is correct. The verb group might be if they are synonyms or closely related actions but not in hierarchy. Since ""conduct"" is more specific, hierarchy makes sense. So I think the correct answer is 1. But earlier I thought maybe verb group. Hmm. Let me recheck definitions.

The definitions: conduct involves leading musicians in performance. Perform is giving a performance. So conduct is part of the process of performing, but not exactly a type of perform. Maybe they are related but not in a hypernym. Alternatively, ""conducting a piece"" is a way to perform it. So ""conduct"" is a sub-type of ""perform"". Hence hypernym. So the correct answer is 1. 

But in the options, verb_group (10) is another possibility. The verb group relation typically includes verbs that are part of the same semantic field but not in a hierarchy. For example, ""buy"" and ""sell"" might be verb groups. Since ""conduct"" and ""perform"" are related in the context of music but not exactly a hierarchy, maybe verb group is better. 

Alternatively, the example given in Rule A: if ""conduct"" is a type of ""perform"", then hypernym. But is conducting a performance? Yes. A conductor performs by conducting. So ""conduct"" is a type of ""perform"". So hypernym (1) is correct. 

I think the answer is 1. But the initial thought process had a conflict. Let me decide again. Since the head's definition includes ""conduct, lead musicians in performance"", and the tail is ""perform"", the head is a specific method of performing. So hypernym would fit. Therefore, the correct relation is _hypernym (1). 

Wait, but the hypernym relation is when the head is a type of the tail. So Tail is the hypernym. So if ""conduct"" is a type of ""perform"", then yes. So the correct answer is 1. 

Therefore, the final answer is 1.
</think>

**Predicted Relation:** 10. _verb_group

Wait, now I'm confused again. Let me think once more. The question is to select the correct relation between ""conduct"" (head) and ""perform"" (tail). 

The hypernym relation (1) would mean that ""conduct"" is a type of ""perform"". Since conducting is a specific way of performing (like a conductor performs by conducting), this makes sense. Therefore, hypernym (1) is appropriate. 

Verb group (10) is for verbs that are semantically related but not in a hierarchy. Since ""conduct"" is a subset of ""perform"", hierarchy is better. 

Therefore, the correct answer is 1. 

**Predicted Relation:** 1. _hypernym",_verb_group
01695976,04681797,_derivationally_related_form,**Predicted Relation:** 2, 2
13726074,13725726,_has_part,**Predicted Relation:** 4, 4
00810729,00811375,_hypernym,**Predicted Relation:** 10, 10
09989045,10129825,_hypernym,**Predicted Relation:** 1, 1
08174398,08949093,_member_meronym,**Predicted Relation:** 7, 7
01687569,05844105,_derivationally_related_form,**Predicted Relation:** 2, 2
02802544,03120491,_hypernym,**Predicted Relation:** 1, 1
10128909,09606527,_hypernym,**Predicted Relation:** 1, 1
00630634,00624738,_hypernym,**Predicted Relation:** 5, 5
12224309,11534677,_hypernym,**Predicted Relation:** 1, 1
02001858,00319939,_derivationally_related_form,**Predicted Relation:** 2, 2
13060190,12992868,_hypernym,**Predicted Relation:** 1, 1
00353992,00493703,_derivationally_related_form,**Predicted Relation:** 2, 2
07040148,07037465,_hypernym,**Predicted Relation:** 1. _hypernym,_hypernym
00376400,00376063,_hypernym,**Predicted Relation:** 1. _hypernym,_hypernym
02641035,01062817,_derivationally_related_form,**Predicted Relation:** 2, 2
01951276,01953810,_hypernym,**Predicted Relation:** 1, 1
00043902,00471613,_synset_domain_topic_of,**Predicted Relation:** _member_meronym,_member_meronym
06083243,10806222,_derivationally_related_form,**Predicted Relation:** 2, 2
05154517,04723816,_hypernym,**Predicted Relation:** 1. _hypernym,_hypernym
10826352,09989502,_instance_hypernym,**Predicted Relation:** 3, 3
02040505,02021795,_hypernym,**Predicted Relation:** _hypernym,_hypernym
02490004,02488834,_hypernym,**Predicted Relation:** 10, 10
00740342,08441203,_synset_domain_topic_of,**Predicted Relation:** 5, 5
08900535,08903220,_has_part,**Predicted Relation:** 7, 7
05673908,01978003,_derivationally_related_form,**Predicted Relation:** 11, 11
01170243,14447908,_derivationally_related_form,**Predicted Relation:** 2, 2
07434102,07433973,_hypernym,**Predicted Relation:** 1, 1
02156546,02609764,_hypernym,**Predicted Relation:** 10, 10
11020721,10624540,_instance_hypernym,**Predicted Relation:** 3, 3
02208118,02311387,_also_see,**Predicted Relation:** 1, 1
00626428,10508710,_derivationally_related_form,**Predicted Relation:** 2, 2
06389753,01745377,_derivationally_related_form,**Predicted Relation:** 2, 2
08806897,08807554,_has_part,**Predicted Relation:** 7, 7
11746776,12539306,_member_meronym,**Predicted Relation:** 1, 1
00118733,00116687,_hypernym,**Predicted Relation:** 1, 1
00974367,09795124,_derivationally_related_form,**Predicted Relation:** 2, 2
13902048,01742244,_derivationally_related_form,**Predicted Relation:** 2, 2
07334490,00478830,_derivationally_related_form,**Predicted Relation:** 2, 2
03547054,04191595,_hypernym,**Predicted Relation:** 1. _hypernym,_hypernym
01463963,05075602,_derivationally_related_form,**Predicted Relation:** 11, 11
10564660,06403969,_derivationally_related_form,**Predicted Relation:** 2, 2
01511706,00104249,_derivationally_related_form,**Predicted Relation:** 2, 2
14907122,15047313,_hypernym,**Predicted Relation:** 1, 1
12658846,07770180,_has_part,**Predicted Relation:** 7, 7
00179567,00173338,_hypernym,**Predicted Relation:** 1. _hypernym,_hypernym
00645493,04784142,_derivationally_related_form,**Predicted Relation:** 2, 2
01410223,01236164,_verb_group,**Predicted Relation:** 10, 10
08780881,10595361,_member_of_domain_region,**Predicted Relation:** 9, 9
12409016,11567411,_hypernym,**Predicted Relation:** 1. _hypernym,_hypernym
02456493,01544692,_hypernym,**Predicted Relation:** 10, 10
00459114,07891726,_derivationally_related_form,**Predicted Relation:** 2, 2
02081178,08617963,_derivationally_related_form,**Predicted Relation:** 6, 6
11338796,09798811,_instance_hypernym,**Predicted Relation:** 3, 3
08919949,09697070,_member_meronym,**Predicted Relation:** 2, 2
00966869,02344568,_derivationally_related_form,**Predicted Relation:** 2, 2
05027529,05026843,_hypernym,**Predicted Relation:** 2, 2
04433585,02886599,_hypernym,**Predicted Relation:** 1, 1
05090441,00434077,_derivationally_related_form,**Predicted Relation:** 2, 2
15231765,15113229,_instance_hypernym,**Predicted Relation:** 1, 1
00216038,00209943,_hypernym,**Predicted Relation:** 1, 1
08541288,00195342,_derivationally_related_form,**Predicted Relation:** 11, 11
04606014,03368141,_hypernym,**Predicted Relation:** 1. _hypernym,_hypernym
08780018,08691669,_instance_hypernym,**Predicted Relation:** 3, 3
11460281,11459538,_hypernym,**Predicted Relation:** 1, 1
09606009,00007846,_hypernym,**Predicted Relation:** 1, 1
02761834,01042725,_derivationally_related_form,**Predicted Relation:** 2, 2
01977080,10019406,_derivationally_related_form,**Predicted Relation:** 2, 2
03171356,04341686,_hypernym,**Predicted Relation:** 1, 1
04821802,00103696,_derivationally_related_form,**Predicted Relation:** 2, 2
01143409,01143040,_hypernym,**Predicted Relation:** 1. _hypernym,_hypernym
10109443,10341660,_hypernym,**Predicted Relation:** 1, 1
04229959,03101986,_hypernym,**Predicted Relation:** 1. _hypernym,_hypernym
06972311,06972090,_hypernym,**Predicted Relation:** 1. _hypernym,_hypernym
13306870,02321046,_derivationally_related_form,**Predicted Relation:** 2, 2
04962240,04961691,_hypernym,**Predicted Relation:** 1, 1
04671394,00724861,_derivationally_related_form,**Predicted Relation:** 2, 2
09917593,15147097,_derivationally_related_form,**Predicted Relation:** 6, 6
06268784,06268096,_hypernym,**Predicted Relation:** 1, 1
01215851,03068181,_derivationally_related_form,**Predicted Relation:** 7, 7
01643092,01643255,_member_meronym,**Predicted Relation:** 1, 1
00425278,01803003,_derivationally_related_form,**Predicted Relation:** 11, 11
15256714,05867413,_hypernym,**Predicted Relation:** 1, 1
11915658,11915214,_hypernym,**Predicted Relation:** 1. _hypernym,_hypernym
04667406,01484083,_derivationally_related_form,**Predicted Relation:** 1, 1
04868748,04826235,_hypernym,**Predicted Relation:** 11, 11
01296462,00379422,_derivationally_related_form,**Predicted Relation:** 2, 2
00560529,00558630,_hypernym,**Predicted Relation:** 1, 1
07127252,07109847,_hypernym,**Predicted Relation:** 1, 1
02446645,02445715,_hypernym,**Predicted Relation:** 1, 1
01466543,00262249,_derivationally_related_form,**Predicted Relation:** 1. _hypernym,_hypernym
05533948,05248181,_hypernym,**Predicted Relation:** 1, 1
00538571,06084469,_synset_domain_topic_of,**Predicted Relation:** 6, 6
00369864,05015463,_derivationally_related_form,**Predicted Relation:** 4, 4
12169526,12192373,_member_meronym,**Predicted Relation:** 5, 5
01382273,01352059,_hypernym,**Predicted Relation:** 1. _hypernym,_hypernym
11911591,12000609,_member_meronym,**Predicted Relation:** 1, 1
10299875,09624559,_hypernym,**Predicted Relation:** 1, 1
02795169,04531098,_hypernym,**Predicted Relation:** 1, 1
04364545,03739693,_hypernym,**Predicted Relation:** 1, 1
10717461,00007846,_hypernym,**Predicted Relation:** 1. _hypernym,_hypernym
08860123,01252566,_member_of_domain_usage,**Predicted Relation:** 9, 9
00738747,00983824,_hypernym,**Predicted Relation:** 1, 1
03273913,04070727,_hypernym,**Predicted Relation:** 1, 1
06115701,10127689,_derivationally_related_form,**Predicted Relation:** 2, 2
00686890,01010118,_derivationally_related_form,**Predicted Relation:** 2, 2
08172877,07951464,_hypernym,**Predicted Relation:** 3, 3
08156685,11259950,_member_meronym,**Predicted Relation:** 7, 7
01473990,08103777,_hypernym,**Predicted Relation:** 1, 1
05239808,05241827,_has_part,**Predicted Relation:** 7, 7
01336587,05645597,_derivationally_related_form,**Predicted Relation:** 11, 11
12983961,13024012,_hypernym,**Predicted Relation:** 1. _hypernym,_hypernym
09876892,10307234,_hypernym,**Predicted Relation:** 1. _hypernym,_hypernym
06742772,06742426,_hypernym,**Predicted Relation:** 1. _hypernym,_hypernym
00045145,00047945,_hypernym,**Predicted Relation:** 1, 1
05941210,00701040,_derivationally_related_form,**Predicted Relation:** 2, 2
00946755,06807198,_derivationally_related_form,**Predicted Relation:** 2, 2
06151693,10620758,_derivationally_related_form,**Predicted Relation:** 2, 2
06845599,03587715,_member_of_domain_usage,**Predicted Relation:** 3, 3
06780309,06780069,_hypernym,**Predicted Relation:** 11, 11
11607071,08103777,_hypernym,**Predicted Relation:** 3, 3
01740969,00918383,_derivationally_related_form,**Predicted Relation:** 1. _hypernym,_hypernym
12960211,12960378,_member_meronym,**Predicted Relation:** 1, 1
01453969,01453433,_hypernym,**Predicted Relation:** 10, 10
12724201,12725940,_member_meronym,**Predicted Relation:** 1, 1
12969670,12969131,_hypernym,**Predicted Relation:** 1, 1
00056688,00053913,_hypernym,**Predicted Relation:** 1, 1
01346003,03848348,_derivationally_related_form,**Predicted Relation:** 2, 2
00591115,05805475,_derivationally_related_form,**Predicted Relation:** 2, 2
13954253,00043765,_derivationally_related_form,**Predicted Relation:** 2, 2
02248744,01759182,_hypernym,**Predicted Relation:** 1, 1
12761123,11567411,_hypernym,**Predicted Relation:** 1, 1
01589125,01589286,_member_meronym,**Predicted Relation:** 1, 1
12242123,13112664,_hypernym,**Predicted Relation:** 1, 1
02761685,00378479,_derivationally_related_form,**Predicted Relation:** 1, 1
08766988,08769439,_has_part,**Predicted Relation:** 7, 7
04956110,00565592,_derivationally_related_form,**Predicted Relation:** 2, 2
01946277,01945845,_hypernym,**Predicted Relation:** _hypernym,_hypernym
00154778,00153263,_hypernym,**Predicted Relation:** 1. _hypernym,_hypernym
10682038,01916634,_derivationally_related_form,**Predicted Relation:** 2, 2
07047011,07020895,_synset_domain_topic_of,**Predicted Relation:** 1, 1
14980579,14686352,_hypernym,**Predicted Relation:** 1, 1
11612349,11608250,_hypernym,**Predicted Relation:** 1, 1
11805837,11573660,_hypernym,**Predicted Relation:** 1, 1
11804604,11813309,_member_meronym,**Predicted Relation:** 1, 1
00824066,00826509,_hypernym,**Predicted Relation:** 1, 1
00939818,01707925,_derivationally_related_form,**Predicted Relation:** 2, 2
08969291,03024420,_derivationally_related_form,**Predicted Relation:** 2, 2
10251779,00007846,_hypernym,**Predicted Relation:** 1, 1
04372171,03575958,_hypernym,**Predicted Relation:** 1, 1
02625016,00050693,_derivationally_related_form,**Predicted Relation:** 2, 2
04294426,02688443,_hypernym,**Predicted Relation:** 1, 1
02426799,13944914,_derivationally_related_form,**Predicted Relation:** 2, 2
04657876,01076793,_derivationally_related_form,**Predicted Relation:** 2, 2
11704791,11705052,_has_part,**Predicted Relation:** 7, 7
04576211,02764779,_has_part,**Predicted Relation:** 7, 7
02150948,10576071,_derivationally_related_form,**Predicted Relation:** 2, 2
00937656,00933420,_hypernym,**Predicted Relation:** 1. _hypernym,_hypernym
02621901,05008746,_derivationally_related_form,**Predicted Relation:** 11, 11
05301908,00941990,_derivationally_related_form,**Predicted Relation:** 2, 2
06934132,06930934,_hypernym,**Predicted Relation:** 5, 5
07060167,07059255,_hypernym,**Predicted Relation:** 4, 4
01239064,02677567,_derivationally_related_form,**Predicted Relation:** 2, 2
10214637,01632411,_derivationally_related_form,**Predicted Relation:** 2, 2
01400575,08103777,_hypernym,**Predicted Relation:** 3, 3
05133287,05129201,_hypernym,**Predicted Relation:** 2, 2
12202936,13104059,_hypernym,**Predicted Relation:** 1, 1
13951984,13951444,_hypernym,**Predicted Relation:** 1, 1
13800801,00171127,_derivationally_related_form,**Predicted Relation:** 2, 2
03386011,02811936,_has_part,**Predicted Relation:** 7, 7
00265386,00260622,_derivationally_related_form,**Predicted Relation:** 2, 2
11529603,11536778,_member_meronym,**Predicted Relation:** 1, 1
04907269,04616059,_hypernym,**Predicted Relation:** 1, 1
00024649,03395745,_derivationally_related_form,**Predicted Relation:** 2, 2
00039021,00037396,_hypernym,**Predicted Relation:** 1, 1
05614657,05614175,_hypernym,**Predicted Relation:** 11, 11
00828901,00962447,_hypernym,"**Predicted Relation:** 10. _verb_group

Wait, hold on. I just realized I made a mistake in the final step. Earlier analysis suggested hypernym (ID 1), but the last line here says 10. Let me correct that.

Wait, no. The user said to output the ID as per the list. Let me check again:

The candidate relations list:

1. _hypernym
2. _derivationally_related_form
3. _instance_hypernym
4. _also_see
5. _member_meronym
6. _synset_domain_topic_of
7. _has_part
8. _member_of_domain_usage
9. _member_of_domain_region
10. _verb_group
11. _similar_to

The correct relation here is hypernym (Head is a type of Tail). So the answer should be 1. But in my initial thought process, I concluded hypernym (ID 1). However, in the last line, I mistakenly wrote 10. So the correct answer is 1. 

But why did I write 10? Maybe confusion with verb_group. Let me recheck. 

""Verb_group"" is for verbs that are similar in meaning and can often be used interchangeably. Since ""orate"" is a more specific form of ""talk"", it's a hypernym relationship. Therefore, the correct ID is 1. 

**Final Answer**
**Predicted Relation:** 1",_verb_group
09211735,09403734,_instance_hypernym,**Predicted Relation:** 3, 3
00900070,00836236,_derivationally_related_form,**Predicted Relation:** 11, 11
02390470,10363913,_derivationally_related_form,**Predicted Relation:** 4, 4
00343730,00528667,_synset_domain_topic_of,**Predicted Relation:** 5, 5
04071393,03763968,_hypernym,**Predicted Relation:** 1, 1
03650173,01262113,_derivationally_related_form,**Predicted Relation:** 2, 2
02496816,02539334,_hypernym,**Predicted Relation:** 10, 10
09891470,02951358,_derivationally_related_form,**Predicted Relation:** 8, 8
02244956,02294436,_also_see,**Predicted Relation:** 2, 2
00136152,00134780,_hypernym,**Predicted Relation:** 11, 11
00960734,13845239,_derivationally_related_form,**Predicted Relation:** 2, 2
01567133,01563128,_hypernym,**Predicted Relation:** 1, 1
13481883,02762806,_derivationally_related_form,**Predicted Relation:** 2, 2
13999663,13998576,_hypernym,**Predicted Relation:** 1, 1
11199727,10650162,_instance_hypernym,**Predicted Relation:** 3, 3
00633864,00785962,_derivationally_related_form,**Predicted Relation:** 2, 2
00256961,00256746,_hypernym,**Predicted Relation:** 1, 1
14498096,01269379,_derivationally_related_form,**Predicted Relation:** 11, 11
03673767,01270784,_derivationally_related_form,**Predicted Relation:** 2. _derivationally_related_form,_derivationally_related_form
09851165,02669081,_derivationally_related_form,**Predicted Relation:** 10, 10
02267826,02263378,_hypernym,**Predicted Relation:** 1. _hypernym,_hypernym
12892226,12904148,_member_meronym,**Predicted Relation:** 1, 1
02134589,02136623,_member_meronym,**Predicted Relation:** 1, 1
05537806,05220461,_hypernym,**Predicted Relation:** 1, 1
08740875,08745901,_has_part,**Predicted Relation:** 7, 7
05505679,05462315,_hypernym,**Predicted Relation:** _member_meronym,_member_meronym
07242324,07241205,_hypernym,**Predicted Relation:** 1, 1
00212173,04683600,_derivationally_related_form,**Predicted Relation:** 2, 2
00534480,00342028,_hypernym,**Predicted Relation:** 1. _hypernym,_hypernym
02529515,02531820,_member_meronym,**Predicted Relation:** 7, 7
06350918,06350274,_hypernym,**Predicted Relation:** 11, 11
02621395,07092356,_derivationally_related_form,**Predicted Relation:** 11, 11
08279298,08284481,_hypernym,**Predicted Relation:** 1. _hypernym,_hypernym
02726715,14365356,_derivationally_related_form,**Predicted Relation:** 2, 2
09460888,09403734,_instance_hypernym,**Predicted Relation:** 3, 3
00238867,00239321,_verb_group,**Predicted Relation:** 10, 10
02400760,10760340,_derivationally_related_form,**Predicted Relation:** 8, 8
00455599,00407535,_hypernym,**Predicted Relation:** 1. _hypernym,_hypernym
01271428,00956485,_instance_hypernym,**Predicted Relation:** 3, 3
07409592,02685665,_derivationally_related_form,**Predicted Relation:** 2, 2
02767308,01253060,_derivationally_related_form,**Predicted Relation:** 2, 2
09165613,09483129,_has_part,**Predicted Relation:** 2, 2
01741864,00916464,_synset_domain_topic_of,**Predicted Relation:** 5, 5
13478525,00229280,_derivationally_related_form,**Predicted Relation:** 2, 2
00493703,00353992,_derivationally_related_form,**Predicted Relation:** 2, 2
04826235,04846770,_hypernym,**Predicted Relation:** 1. _hypernym,_hypernym
12501745,12547658,_member_meronym,**Predicted Relation:** 7, 7
00471711,00223720,_derivationally_related_form,**Predicted Relation:** 1, 1
03579982,04170515,_has_part,**Predicted Relation:** 7, 7
01353405,14705718,_derivationally_related_form,**Predicted Relation:** 2, 2
00347652,01898592,_derivationally_related_form,**Predicted Relation:** 10, 10
09190918,00007347,_hypernym,**Predicted Relation:** 1, 1
06115476,06000400,_hypernym,**Predicted Relation:** 1. _hypernym,_hypernym
13148019,13148384,_member_meronym,**Predicted Relation:** 1, 1
02259829,00761713,_hypernym,**Predicted Relation:** 1, 1
12995724,13082077,_member_meronym,**Predicted Relation:** 5, 5
12112008,12102133,_hypernym,**Predicted Relation:** _hypernym,_hypernym
03631445,03106110,_hypernym,**Predicted Relation:** 1. _hypernym,_hypernym
12099342,13118707,_hypernym,**Predicted Relation:** 1. _hypernym,_hypernym
12373361,11565385,_hypernym,**Predicted Relation:** 1, 1
12464278,12464476,_member_meronym,**Predicted Relation:** 11, 11
08199025,10305635,_member_meronym,**Predicted Relation:** 5, 5
00588888,05805475,_derivationally_related_form,**Predicted Relation:** 2. _derivationally_related_form,_derivationally_related_form
09147046,04378842,_has_part,**Predicted Relation:** 7, 7
10173895,00007846,_hypernym,**Predicted Relation:** 1, 1
06883725,04416901,_hypernym,**Predicted Relation:** 1, 1
01012712,00739662,_derivationally_related_form,**Predicted Relation:** 3, 3
00704388,05784242,_derivationally_related_form,**Predicted Relation:** 1, 1
12219875,12220019,_member_meronym,**Predicted Relation:** 1, 1
01187620,08441203,_synset_domain_topic_of,**Predicted Relation:** 6, 6
06756831,00835506,_derivationally_related_form,**Predicted Relation:** 2, 2
00464513,01430111,_also_see,**Predicted Relation:** 11, 11
15022389,15022171,_hypernym,**Predicted Relation:** 1, 1
02440705,02447591,_member_meronym,**Predicted Relation:** 7, 7
00746084,01027508,_hypernym,**Predicted Relation:** 10, 10
08920924,08926543,_has_part,**Predicted Relation:** 7, 7
06845599,03189995,_member_of_domain_usage,**Predicted Relation:** 1. _hypernym,_hypernym
05613962,05617107,_hypernym,**Predicted Relation:** 1. _hypernym,_hypernym
13583724,02468793,_derivationally_related_form,**Predicted Relation:** 2, 2
11627028,11554175,_hypernym,**Predicted Relation:** 1, 1
09283623,09225146,_hypernym,**Predicted Relation:** 5, 5
01461328,00378985,_derivationally_related_form,**Predicted Relation:** 2, 2
12195965,12196129,_member_meronym,**Predicted Relation:** 1, 1
00755500,00838524,_derivationally_related_form,**Predicted Relation:** 2, 2
05060476,05060189,_hypernym,**Predicted Relation:** 11, 11
00396703,00394813,_hypernym,**Predicted Relation:** 2, 2
13463656,00569318,_derivationally_related_form,**Predicted Relation:** 2, 2
11551211,08220891,_hypernym,**Predicted Relation:** 1, 1
02559752,02452885,_hypernym,**Predicted Relation:** 10, 10
01605119,01616970,_member_meronym,**Predicted Relation:** 1, 1
01811736,07528807,_derivationally_related_form,**Predicted Relation:** 11, 11
00238720,13443787,_derivationally_related_form,**Predicted Relation:** 2, 2
02093390,07439284,_derivationally_related_form,**Predicted Relation:** 1. _hypernym,_hypernym
00940214,00126264,_hypernym,**Predicted Relation:** 1, 1
10216403,02593354,_derivationally_related_form,**Predicted Relation:** 11, 11
01745722,04004767,_derivationally_related_form,**Predicted Relation:** 2, 2
01959927,00450335,_synset_domain_topic_of,**Predicted Relation:** 1, 1
01828405,07486922,_derivationally_related_form,**Predicted Relation:** 2, 2
08950035,08524735,_instance_hypernym,**Predicted Relation:** 1, 1
10396462,00007846,_hypernym,**Predicted Relation:** 1, 1
02674912,02707683,_hypernym,**Predicted Relation:** 1, 1
02427726,10381214,_derivationally_related_form,**Predicted Relation:** 2, 2
05513807,05457469,_has_part,**Predicted Relation:** 7, 7
02216547,01759182,_hypernym,**Predicted Relation:** 1, 1
12445848,11561228,_hypernym,**Predicted Relation:** 1, 1
13149296,13100677,_hypernym,**Predicted Relation:** _hypernym,_hypernym
12192373,12193458,_member_meronym,**Predicted Relation:** 1, 1
00069166,00067999,_hypernym,**Predicted Relation:** 1, 1
02067941,02068408,_member_meronym,**Predicted Relation:** 1, 1
01028748,10344774,_derivationally_related_form,**Predicted Relation:** 2, 2
05035961,00559102,_derivationally_related_form,**Predicted Relation:** 11, 11
02525866,02527145,_member_meronym,**Predicted Relation:** 1, 1
08344301,08342039,_hypernym,**Predicted Relation:** 3, 3
01255057,00691050,_derivationally_related_form,**Predicted Relation:** 2, 2
00715074,00352826,_hypernym,**Predicted Relation:** 10, 10
02671421,03081021,_hypernym,**Predicted Relation:** 1. _hypernym,_hypernym
09101318,08695539,_instance_hypernym,**Predicted Relation:** 3, 3
02217695,02217266,_hypernym,**Predicted Relation:** 1, 1
00141806,00920336,_derivationally_related_form,**Predicted Relation:** 2, 2
10387196,04091839,_derivationally_related_form,**Predicted Relation:** 2, 2
11689197,13135832,_hypernym,**Predicted Relation:** 1, 1
01998019,01998183,_member_meronym,**Predicted Relation:** 1, 1
08775784,08574314,_instance_hypernym,**Predicted Relation:** 3, 3
01835103,09355850,_derivationally_related_form,**Predicted Relation:** 11, 11
04182890,03895585,_hypernym,**Predicted Relation:** 1, 1
01567678,01567133,_hypernym,**Predicted Relation:** 1. _hypernym,_hypernym
01538469,00510364,_hypernym,**Predicted Relation:** 1, 1
06873252,06873571,_has_part,**Predicted Relation:** 1, 1
01004072,00383606,_hypernym,**Predicted Relation:** 1, 1
05835747,05833840,_hypernym,**Predicted Relation:** 1. _hypernym,_hypernym
10878672,10625860,_instance_hypernym,**Predicted Relation:** 3, 3
01713635,01713764,_member_meronym,**Predicted Relation:** 1. _hypernym,_hypernym
00147862,01284908,_derivationally_related_form,**Predicted Relation:** 2, 2
05509889,05528060,_has_part,**Predicted Relation:** 7, 7
02462580,10760340,_derivationally_related_form,**Predicted Relation:** 2, 2
11014450,10453533,_instance_hypernym,**Predicted Relation:** 3, 3
01596479,01507175,_hypernym,**Predicted Relation:** 1. _hypernym,_hypernym
10227985,06161718,_derivationally_related_form,**Predicted Relation:** 6, 6
07237758,00842538,_derivationally_related_form,**Predicted Relation:** 2, 2
01107705,01105639,_hypernym,"**Predicted Relation:** 10. _verb_group

Wait, hold on. I need to double-check. The user said not to explain, but in my thought process, I thought hypernym (1) but then ended up with verb_group (10). Let me reevaluate.

The definitions: ""out-herod"" is to surpass in cruelty, and ""surpass"" is a general term. So ""out-herod"" is a specialized form of surpass. That's a hypernym relation (Tail is the hypernym, Head is the hyponym). So the correct ID should be 1: _hypernym. The verb group might be for verbs that are part of the same group but not necessarily hierarchical. Since ""out-herod"" is a specific case of surpassing, hierarchy makes sense. So the answer should be 1. But in my initial conclusion I had 10. Hmm. Let me check the options again.

Options: 1 is _hypernym. 10 is _verb_group. The verb group is for verbs that are part of the same semantic group but not necessarily hypernym. Since ""out-herod"" is a specific type of surpass, the hypernym is correct. So the correct answer is 1. I must have made a mistake in the last step before. So the correct answer is 1.

**Predicted Relation:** 1. _hypernym",_verb_group
11357332,10453533,_instance_hypernym,**Predicted Relation:** 3, 3
03472232,00099721,_derivationally_related_form,**Predicted Relation:** 8, 8
01830798,01762528,_hypernym,**Predicted Relation:** 10, 10
00608808,05833840,_derivationally_related_form,**Predicted Relation:** 2, 2
06890846,02141973,_derivationally_related_form,**Predicted Relation:** 10, 10
00815686,06746005,_derivationally_related_form,**Predicted Relation:** 2, 2
02121234,02125311,_member_meronym,**Predicted Relation:** 1, 1
10351874,00761713,_derivationally_related_form,**Predicted Relation:** 2, 2
00332154,00397576,_hypernym,**Predicted Relation:** 1, 1
00824292,06713187,_derivationally_related_form,**Predicted Relation:** 2, 2
06568978,01747717,_derivationally_related_form,**Predicted Relation:** 2, 2
01637166,05786372,_derivationally_related_form,**Predicted Relation:** 2, 2
13205482,13210827,_member_meronym,**Predicted Relation:** 7, 7
13107891,00329495,_derivationally_related_form,**Predicted Relation:** 2, 2
04762355,04760771,_hypernym,**Predicted Relation:** 1, 1
13907415,01280014,_derivationally_related_form,**Predicted Relation:** 11, 11
06252138,01070102,_derivationally_related_form,**Predicted Relation:** 2. _derivationally_related_form,_derivationally_related_form
11629501,11641788,_member_meronym,**Predicted Relation:** 7, 7
00562935,02557638,_derivationally_related_form,**Predicted Relation:** 10, 10
01751021,01675963,_hypernym,**Predicted Relation:** 1. _hypernym,_hypernym
02512053,01140794,_derivationally_related_form,**Predicted Relation:** _derivationally_related_form,_derivationally_related_form
10295819,00007846,_hypernym,**Predicted Relation:** 1, 1
00872886,09774167,_derivationally_related_form,**Predicted Relation:** 2, 2
08312559,06226057,_synset_domain_topic_of,**Predicted Relation:** 5, 5
01366718,07527352,_derivationally_related_form,**Predicted Relation:** 2, 2
00262249,01466543,_derivationally_related_form,**Predicted Relation:** 2, 2
09373716,09411430,_instance_hypernym,**Predicted Relation:** 3, 3
08951077,08524735,_instance_hypernym,**Predicted Relation:** 3, 3
02149297,01864707,_hypernym,**Predicted Relation:** 1, 1
05536370,05303402,_hypernym,**Predicted Relation:** 1, 1
04074329,03129123,_hypernym,**Predicted Relation:** 1, 1
01705257,07258664,_derivationally_related_form,**Predicted Relation:** 2, 2
11350705,10084635,_instance_hypernym,**Predicted Relation:** 3, 3
00462092,00089027,_derivationally_related_form,**Predicted Relation:** 5, 5
06005518,06004685,_hypernym,**Predicted Relation:** 1, 1
00657016,01051801,_derivationally_related_form,**Predicted Relation:** 1. _hypernym,_hypernym
12957467,13167078,_hypernym,**Predicted Relation:** 3, 3
01984695,01982650,_hypernym,**Predicted Relation:** 1, 1
00774056,09896826,_derivationally_related_form,**Predicted Relation:** 5, 5
01566386,01504437,_hypernym,**Predicted Relation:** 1, 1
02202928,00818466,_derivationally_related_form,**Predicted Relation:** 2, 2
02578604,01432517,_hypernym,**Predicted Relation:** 1, 1
02447793,01139830,_derivationally_related_form,**Predicted Relation:** 5, 5
01654863,01639765,_hypernym,**Predicted Relation:** 1, 1
00195617,00195342,_verb_group,**Predicted Relation:** 1, 1
01921591,01921204,_hypernym,**Predicted Relation:** 10, 10
09629752,01845720,_derivationally_related_form,**Predicted Relation:** 2, 2
12637729,12641007,_member_meronym,**Predicted Relation:** 1, 1
00632236,05893356,_derivationally_related_form,**Predicted Relation:** 11, 11
07083441,00863579,_derivationally_related_form,**Predicted Relation:** 2, 2
09044862,09105821,_has_part,**Predicted Relation:** 7, 7
01865197,00643250,_also_see,**Predicted Relation:** 11, 11
10576223,00007846,_hypernym,**Predicted Relation:** 1, 1
12400261,12400924,_member_meronym,**Predicted Relation:** 1. _hypernym,_hypernym
02645007,00033615,_derivationally_related_form,**Predicted Relation:** 6, 6
10034614,01170052,_derivationally_related_form,**Predicted Relation:** 2, 2
03588414,00946105,_derivationally_related_form,**Predicted Relation:** 5, 5
06930934,06904171,_hypernym,**Predicted Relation:** 1, 1
04356056,03976268,_has_part,**Predicted Relation:** 7, 7
00291873,08646188,_derivationally_related_form,**Predicted Relation:** 2, 2
02842303,04565963,_hypernym,**Predicted Relation:** 1, 1
05477686,05477305,_has_part,**Predicted Relation:** 7, 7
01654271,00768921,_derivationally_related_form,**Predicted Relation:** 2, 2
08792548,08011523,_member_of_domain_region,**Predicted Relation:** 9, 9
01179707,02543181,_derivationally_related_form,**Predicted Relation:** 2, 2
01012712,00657260,_derivationally_related_form,**Predicted Relation:** 2, 2
03738241,04377057,_hypernym,**Predicted Relation:** 1, 1
12611479,11556857,_hypernym,**Predicted Relation:** 1, 1
00090253,10511069,_derivationally_related_form,**Predicted Relation:** 2, 2
01650610,00235435,_derivationally_related_form,**Predicted Relation:** 2, 2
00306314,05623181,_derivationally_related_form,**Predicted Relation:** 11, 11
08096301,08149781,_hypernym,**Predicted Relation:** 1, 1
02271544,00646413,_also_see,**Predicted Relation:** 1, 1
00223720,01327301,_derivationally_related_form,**Predicted Relation:** 3, 3
01632103,05891572,_derivationally_related_form,**Predicted Relation:** 2, 2
01572978,01212572,_hypernym,**Predicted Relation:** 10, 10
02113430,00907340,_derivationally_related_form,**Predicted Relation:** 2, 2
11915899,11915214,_hypernym,**Predicted Relation:** 1, 1
11502102,00216216,_derivationally_related_form,**Predicted Relation:** 2, 2
09113762,08524735,_instance_hypernym,**Predicted Relation:** 3, 3
00331950,00191142,_hypernym,**Predicted Relation:** 1. _hypernym,_hypernym
03791053,04576211,_hypernym,**Predicted Relation:** 1. _hypernym,_hypernym
08860123,10513509,_member_of_domain_region,**Predicted Relation:** 5, 5
13023783,13031690,_member_meronym,**Predicted Relation:** 1. _hypernym,_hypernym
02466111,01222884,_also_see,**Predicted Relation:** 1, 1
05399847,01471682,_synset_domain_topic_of,**Predicted Relation:** _member_meronym,_member_meronym
05370125,05418717,_hypernym,**Predicted Relation:** 1. _hypernym,_hypernym
09133500,08524735,_instance_hypernym,**Predicted Relation:** 3, 3
00353469,00267855,_derivationally_related_form,**Predicted Relation:** 1. _hypernym,_hypernym
02552737,01429349,_hypernym,**Predicted Relation:** 1, 1
05204004,08199025,_synset_domain_topic_of,**Predicted Relation:** 5, 5
03069213,03149951,_hypernym,**Predicted Relation:** 1, 1
10518194,10435988,_hypernym,**Predicted Relation:** 1, 1
13658496,13649268,_hypernym,**Predicted Relation:** 1, 1
02538216,02537085,_hypernym,**Predicted Relation:** 1. _hypernym,_hypernym
02470451,02489288,_member_meronym,**Predicted Relation:** 1, 1
02140781,00229260,_derivationally_related_form,**Predicted Relation:** 2, 2
07605474,07597365,_hypernym,**Predicted Relation:** 1, 1
08142170,08348815,_hypernym,**Predicted Relation:** 1, 1
02036982,02037110,_member_meronym,**Predicted Relation:** 1, 1
00725274,07298154,_derivationally_related_form,**Predicted Relation:** 2, 2
02198996,01762525,_hypernym,**Predicted Relation:** 1, 1
10942144,10020890,_instance_hypernym,**Predicted Relation:** 3, 3
01357831,01296462,_hypernym,**Predicted Relation:** 1, 1
06154464,06153846,_hypernym,**Predicted Relation:** 8, 8
00573932,00126264,_hypernym,**Predicted Relation:** 1. _hypernym,_hypernym
01074650,04654337,_derivationally_related_form,**Predicted Relation:** 2, 2
01688589,01687665,_hypernym,**Predicted Relation:** 1, 1
14786479,00021939,_hypernym,**Predicted Relation:** 1, 1
10460033,10053808,_hypernym,**Predicted Relation:** _hypernym,_hypernym
00521562,01711445,_derivationally_related_form,**Predicted Relation:** 1, 1
07152463,07152259,_hypernym,**Predicted Relation:** 1, 1
00331082,03724417,_derivationally_related_form,**Predicted Relation:** 2, 2
08904392,08524735,_instance_hypernym,**Predicted Relation:** 3, 3
00229026,00109660,_hypernym,**Predicted Relation:** 1, 1
06755776,06755568,_hypernym,**Predicted Relation:** 1. _hypernym,_hypernym
05496990,05499379,_has_part,**Predicted Relation:** 7, 7
01754105,00113113,_derivationally_related_form,**Predicted Relation:** 2, 2
02951170,01422172,_derivationally_related_form,**Predicted Relation:** 2, 2
12201166,11575425,_hypernym,**Predicted Relation:** 1. _hypernym,_hypernym
06148148,06143154,_hypernym,**Predicted Relation:** 1. _hypernym,_hypernym
00621734,05685030,_derivationally_related_form,**Predicted Relation:** 2, 2
14560360,13920835,_hypernym,**Predicted Relation:** 1, 1
02566528,00068901,_derivationally_related_form,**Predicted Relation:** 10, 10
01877204,01850315,_hypernym,**Predicted Relation:** 1. _hypernym,_hypernym
08244062,10120085,_derivationally_related_form,**Predicted Relation:** 7, 7
02092309,07460104,_derivationally_related_form,**Predicted Relation:** 2, 2
11654124,11654438,_member_meronym,**Predicted Relation:** 1, 1
11195619,10301261,_instance_hypernym,**Predicted Relation:** 3, 3
02037090,09437454,_derivationally_related_form,**Predicted Relation:** 2, 2
08765460,08633957,_instance_hypernym,**Predicted Relation:** 3, 3
02541875,01432517,_hypernym,**Predicted Relation:** 1, 1
09797113,02565491,_derivationally_related_form,**Predicted Relation:** 11, 11
06364329,06362953,_hypernym,**Predicted Relation:** 1, 1
01926311,02075049,_also_see,**Predicted Relation:** 10, 10
09980090,07049713,_derivationally_related_form,**Predicted Relation:** 4, 4
00847683,00846509,_hypernym,**Predicted Relation:** 10, 10
10599806,01731031,_derivationally_related_form,**Predicted Relation:** 2, 2
08173515,08761244,_member_meronym,**Predicted Relation:** 5, 5
04169437,04593866,_has_part,**Predicted Relation:** 7, 7
01800422,00271263,_derivationally_related_form,**Predicted Relation:** 2, 2
01358328,08253450,_derivationally_related_form,**Predicted Relation:** 2, 2
13000668,11592146,_hypernym,**Predicted Relation:** 1, 1
08923755,08524735,_instance_hypernym,**Predicted Relation:** 3, 3
00336718,00126264,_hypernym,**Predicted Relation:** 1, 1
02662979,01203676,_derivationally_related_form,**Predicted Relation:** 2, 2
00897026,00894552,_hypernym,**Predicted Relation:** 1, 1
00917772,10102506,_derivationally_related_form,**Predicted Relation:** 11, 11
06135915,03002351,_derivationally_related_form,**Predicted Relation:** 2, 2
01500082,02818832,_derivationally_related_form,**Predicted Relation:** 2, 2
05520479,05264756,_hypernym,**Predicted Relation:** 1, 1
01822724,13811900,_derivationally_related_form,**Predicted Relation:** 2, 2
01920698,00523513,_synset_domain_topic_of,**Predicted Relation:** 5, 5
04151581,04014297,_hypernym,**Predicted Relation:** 1, 1
02454119,02455310,_member_meronym,**Predicted Relation:** 7, 7
02472012,02474777,_member_meronym,**Predicted Relation:** 1, 1
09051235,09103943,_has_part,**Predicted Relation:** 7, 7
03318983,04014297,_hypernym,**Predicted Relation:** 1. _hypernym,_hypernym
06062076,09919297,_derivationally_related_form,**Predicted Relation:** 2, 2
01747945,06678302,_derivationally_related_form,**Predicted Relation:** 2, 2
14501545,14500908,_hypernym,**Predicted Relation:** 11, 11
05055503,00017222,_synset_domain_topic_of,**Predicted Relation:** 6, 6
00180770,00180413,_hypernym,**Predicted Relation:** 1, 1
06877849,06877078,_hypernym,**Predicted Relation:** 1. _hypernym,_hypernym
00378042,00140123,_hypernym,**Predicted Relation:** 1, 1
12217211,12217586,_member_meronym,**Predicted Relation:** 1, 1
03776460,04467099,_hypernym,**Predicted Relation:** 1, 1
09999532,02253766,_derivationally_related_form,**Predicted Relation:** 2, 2
00832626,00659349,_has_part,**Predicted Relation:** 7, 7
06915601,06906439,_hypernym,**Predicted Relation:** 1. _hypernym,_hypernym
02661252,02666239,_hypernym,**Predicted Relation:** 10, 10
01015244,05823932,_derivationally_related_form,**Predicted Relation:** 2, 2
08023843,00759694,_synset_domain_topic_of,**Predicted Relation:** 6, 6
11675096,11675842,_hypernym,**Predicted Relation:** 1, 1
01989869,01974773,_hypernym,**Predicted Relation:** 1. _hypernym,_hypernym
01708676,00428270,_derivationally_related_form,**Predicted Relation:** 11, 11
02330582,02350845,_member_meronym,**Predicted Relation:** 1, 1
10985440,09805475,_instance_hypernym,**Predicted Relation:** 3, 3
07186148,07185325,_hypernym,**Predicted Relation:** 1. _hypernym,_hypernym
12213635,12216028,_member_meronym,**Predicted Relation:** 1, 1
02230782,02231930,_member_meronym,**Predicted Relation:** 1, 1
12514592,13112664,_hypernym,**Predicted Relation:** 1, 1
13423615,01254013,_derivationally_related_form,**Predicted Relation:** 1, 1
09093608,08655464,_instance_hypernym,**Predicted Relation:** 1, 1
10067968,10215623,_hypernym,**Predicted Relation:** 1, 1
00652346,05763412,_derivationally_related_form,**Predicted Relation:** 5, 5
01786419,01785971,_hypernym,**Predicted Relation:** 10, 10
02559862,02554730,_hypernym,**Predicted Relation:** 1, 1
06350127,10654015,_derivationally_related_form,**Predicted Relation:** 8, 8
08816236,09750891,_member_meronym,**Predicted Relation:** 2, 2
01208597,01207609,_hypernym,**Predicted Relation:** 1, 1
08920924,08925287,_has_part,**Predicted Relation:** 7, 7
00771961,07246582,_derivationally_related_form,**Predicted Relation:** 11, 11
02023992,03386011,_derivationally_related_form,**Predicted Relation:** 2, 2
04103918,02691156,_synset_domain_topic_of,**Predicted Relation:** 5, 5
02465693,02120451,_derivationally_related_form,**Predicted Relation:** 2, 2
00883226,10274318,_derivationally_related_form,**Predicted Relation:** 11, 11
01385017,01384687,_hypernym,**Predicted Relation:** _hypernym,_hypernym
14598079,01539633,_derivationally_related_form,**Predicted Relation:** 2, 2
02501101,01342529,_hypernym,**Predicted Relation:** 1, 1
02753255,00331102,_derivationally_related_form,**Predicted Relation:** 2, 2
15278281,15286249,_hypernym,**Predicted Relation:** 1, 1
00739632,00739270,_hypernym,**Predicted Relation:** 1, 1
13722757,13722522,_has_part,**Predicted Relation:** 7, 7
06590885,06677302,_synset_domain_topic_of,**Predicted Relation:** 5, 5
10347446,08199025,_synset_domain_topic_of,**Predicted Relation:** _member_meronym,_member_meronym
02464626,02463205,_has_part,**Predicted Relation:** 7, 7
00344421,00331950,_hypernym,**Predicted Relation:** 1, 1
07185325,00753428,_derivationally_related_form,**Predicted Relation:** 2, 2
07752109,07751451,_hypernym,**Predicted Relation:** 1. _hypernym,_hypernym
04530566,04117216,_has_part,**Predicted Relation:** 7, 7
00504901,00115157,_hypernym,**Predicted Relation:** 1. _hypernym,_hypernym
02338901,02329401,_hypernym,**Predicted Relation:** _hypernym,_hypernym
01418037,00243918,_synset_domain_topic_of,**Predicted Relation:** 6, 6
01292885,04613158,_derivationally_related_form,**Predicted Relation:** 1, 1
02690708,08624196,_derivationally_related_form,**Predicted Relation:** 2, 2
01523908,01584004,_member_meronym,**Predicted Relation:** 1, 1
01831308,05685030,_derivationally_related_form,**Predicted Relation:** 2, 2
00395333,02350175,_derivationally_related_form,**Predicted Relation:** 2, 2
02163982,01342529,_hypernym,**Predicted Relation:** 1. _hypernym,_hypernym
02457058,00044900,_derivationally_related_form,**Predicted Relation:** 2, 2
00873603,00884778,_also_see,**Predicted Relation:** 11, 11
00264776,04860586,_derivationally_related_form,**Predicted Relation:** 2, 2
10247880,00007846,_hypernym,**Predicted Relation:** 1, 1
04889162,04887912,_hypernym,**Predicted Relation:** 1, 1
08179879,07942152,_hypernym,**Predicted Relation:** 1. _hypernym,_hypernym
07485475,01188485,_derivationally_related_form,**Predicted Relation:** 1, 1
08765069,08691669,_instance_hypernym,**Predicted Relation:** 3, 3
06845599,03739136,_member_of_domain_usage,**Predicted Relation:** 8, 8
00188137,00187526,_hypernym,**Predicted Relation:** 1, 1
09189411,08707917,_has_part,**Predicted Relation:** 9, 9
01880113,01831531,_hypernym,**Predicted Relation:** 1. _hypernym,_hypernym
10771270,01041415,_derivationally_related_form,**Predicted Relation:** 2, 2
08231499,08078819,_member_meronym,**Predicted Relation:** 7, 7
01400044,00125629,_derivationally_related_form,**Predicted Relation:** 2, 2
07105475,15267945,_member_of_domain_usage,**Predicted Relation:** 3, 3
00650353,10012815,_derivationally_related_form,**Predicted Relation:** 2, 2
00093979,00241689,_hypernym,**Predicted Relation:** 10, 10
03158885,03474896,_has_part,**Predicted Relation:** 7, 7
02154508,06767035,_derivationally_related_form,**Predicted Relation:** 4, 4
01194483,04663763,_derivationally_related_form,**Predicted Relation:** 2, 2
13566535,00376106,_derivationally_related_form,**Predicted Relation:** 2, 2
01134781,00122954,_derivationally_related_form,**Predicted Relation:** 2, 2
08760510,08761244,_member_meronym,**Predicted Relation:** 7, 7
02038357,05068080,_derivationally_related_form,**Predicted Relation:** 11, 11
08566028,08568978,_hypernym,**Predicted Relation:** 1, 1
00241038,07313004,_derivationally_related_form,**Predicted Relation:** 2, 2
08955626,08700255,_instance_hypernym,**Predicted Relation:** 3, 3
00915830,00941990,_hypernym,**Predicted Relation:** 1, 1
00456596,00456740,_verb_group,**Predicted Relation:** 10, 10
00635794,00575365,_derivationally_related_form,**Predicted Relation:** 11, 11
10379620,01081152,_derivationally_related_form,**Predicted Relation:** 2, 2
12883395,11579418,_hypernym,**Predicted Relation:** 1, 1
00858377,00858188,_hypernym,**Predicted Relation:** 1, 1
00921072,05919034,_derivationally_related_form,**Predicted Relation:** 2, 2
00369194,08303504,_derivationally_related_form,**Predicted Relation:** 2, 2
01020005,06765044,_derivationally_related_form,**Predicted Relation:** 2, 2
02647497,05393023,_derivationally_related_form,**Predicted Relation:** 1, 1
15145782,15290337,_hypernym,**Predicted Relation:** 1, 1
08131530,08347704,_has_part,**Predicted Relation:** 7, 7
14462193,14460565,_hypernym,**Predicted Relation:** 4, 4
01629589,01617192,_hypernym,**Predicted Relation:** 1, 1
01209678,05566504,_derivationally_related_form,**Predicted Relation:** 2, 2
06951067,10589243,_member_of_domain_usage,**Predicted Relation:** 5, 5
00306426,00306900,_has_part,**Predicted Relation:** 7, 7
07039056,01707495,_derivationally_related_form,**Predicted Relation:** 2, 2
02016523,07370125,_derivationally_related_form,**Predicted Relation:** 2, 2
01950798,01105259,_derivationally_related_form,**Predicted Relation:** 2, 2
06142118,05999797,_hypernym,**Predicted Relation:** 1. _hypernym,_hypernym
07619881,07566340,_hypernym,**Predicted Relation:** 1, 1
12423565,12459471,_member_meronym,**Predicted Relation:** 1, 1
01753488,01752165,_hypernym,**Predicted Relation:** _hypernym,_hypernym
00164999,00163779,_hypernym,**Predicted Relation:** 1, 1
10820790,10705615,_instance_hypernym,**Predicted Relation:** 3, 3
02163183,02162947,_hypernym,**Predicted Relation:** 1, 1
06013584,06000644,_synset_domain_topic_of,**Predicted Relation:** 1, 1
00710005,00704690,_hypernym,**Predicted Relation:** 10, 10
02579447,10419047,_derivationally_related_form,**Predicted Relation:** 11, 11
15037339,15037664,_has_part,**Predicted Relation:** 7, 7
14302261,02616627,_derivationally_related_form,**Predicted Relation:** 2, 2
01217043,03421117,_derivationally_related_form,**Predicted Relation:** 2, 2
11683989,01500873,_derivationally_related_form,**Predicted Relation:** 2, 2
12423565,12473011,_member_meronym,**Predicted Relation:** 1, 1
11217479,10794014,_instance_hypernym,**Predicted Relation:** 3, 3
01305361,08640111,_derivationally_related_form,**Predicted Relation:** 7, 7
08024096,00759694,_synset_domain_topic_of,**Predicted Relation:** 7, 7
11835451,11573660,_hypernym,**Predicted Relation:** 1, 1
07211752,00066025,_derivationally_related_form,**Predicted Relation:** 11, 11
09252078,09411430,_instance_hypernym,**Predicted Relation:** 3, 3
08101410,01429455,_derivationally_related_form,**Predicted Relation:** 2, 2
05514272,05514081,_hypernym,**Predicted Relation:** 1, 1
02108026,02108377,_hypernym,**Predicted Relation:** 11, 11
06609503,06607339,_hypernym,**Predicted Relation:** 1, 1
01467180,01467504,_member_meronym,**Predicted Relation:** 1, 1
01696648,01675963,_hypernym,**Predicted Relation:** 1. _hypernym,_hypernym
00207306,00206927,_hypernym,**Predicted Relation:** 1, 1
00043765,02603699,_derivationally_related_form,**Predicted Relation:** 11, 11
03852280,03656484,_has_part,**Predicted Relation:** 7, 7
03075191,06974127,_derivationally_related_form,**Predicted Relation:** 2, 2
06180720,05870916,_hypernym,**Predicted Relation:** 4, 4
11886788,11575425,_hypernym,**Predicted Relation:** 1, 1
08792548,08797840,_has_part,**Predicted Relation:** 7, 7
01374465,09397607,_derivationally_related_form,**Predicted Relation:** 2, 2
06151693,06143154,_hypernym,**Predicted Relation:** 1, 1
01834896,01835103,_verb_group,**Predicted Relation:** 10, 10
02766792,03452741,_hypernym,**Predicted Relation:** 1, 1
09760913,01728355,_derivationally_related_form,**Predicted Relation:** 2, 2
13000372,13004160,_member_meronym,**Predicted Relation:** 1, 1
01771390,01767949,_hypernym,**Predicted Relation:** 10, 10
14863521,14859838,_hypernym,**Predicted Relation:** 1, 1
03530910,03532187,_has_part,**Predicted Relation:** 7, 7
08928933,08524735,_instance_hypernym,**Predicted Relation:** 3, 3
08023843,08392137,_instance_hypernym,**Predicted Relation:** 3, 3
12079737,11556857,_hypernym,**Predicted Relation:** 1, 1
09614047,00264776,_derivationally_related_form,**Predicted Relation:** 2, 2
04543772,04283378,_has_part,**Predicted Relation:** 7, 7
00198793,00191142,_hypernym,**Predicted Relation:** 1, 1
11795366,11556857,_hypernym,**Predicted Relation:** 1, 1
00417643,01424948,_derivationally_related_form,**Predicted Relation:** 2, 2
00574996,07416107,_derivationally_related_form,**Predicted Relation:** 2, 2
00977153,00976653,_hypernym,**Predicted Relation:** 1, 1
10060352,00796886,_derivationally_related_form,**Predicted Relation:** 2, 2
06584891,06355894,_hypernym,**Predicted Relation:** 5, 5
02124748,02106506,_hypernym,**Predicted Relation:** 1, 1
08152657,10547145,_member_meronym,**Predicted Relation:** 7, 7
00881329,00880978,_hypernym,**Predicted Relation:** 10, 10
13137409,07742704,_has_part,**Predicted Relation:** 1, 1
12574727,11585340,_hypernym,**Predicted Relation:** 1, 1
00040962,02724417,_derivationally_related_form,**Predicted Relation:** 2, 2
09044862,07647496,_member_of_domain_region,**Predicted Relation:** 9, 9
06335832,06333653,_hypernym,**Predicted Relation:** 1, 1
07086518,01880113,_derivationally_related_form,**Predicted Relation:** 2, 2
04217882,01498319,_derivationally_related_form,**Predicted Relation:** 1. _hypernym,_hypernym
08815046,09693809,_member_meronym,**Predicted Relation:** 7, 7
04029734,04421872,_hypernym,**Predicted Relation:** _hypernym,_hypernym
15237782,15236475,_hypernym,**Predicted Relation:** 1. _hypernym,_hypernym
00455529,00252430,_derivationally_related_form,**Predicted Relation:** 1, 1
03339296,04188643,_hypernym,**Predicted Relation:** 1, 1
12154628,12154773,_member_meronym,**Predicted Relation:** 1, 1
02428487,00053913,_derivationally_related_form,**Predicted Relation:** 2, 2
04987620,00982293,_derivationally_related_form,**Predicted Relation:** 2, 2
08715952,08524735,_instance_hypernym,**Predicted Relation:** 3, 3
04003241,04330340,_hypernym,**Predicted Relation:** 1, 1
01792097,01790020,_hypernym,**Predicted Relation:** 1, 1
15163005,15157041,_hypernym,**Predicted Relation:** 1, 1
13412321,01001857,_derivationally_related_form,**Predicted Relation:** 2, 2
10274639,09931267,_hypernym,**Predicted Relation:** 1, 1
07712559,07712382,_hypernym,**Predicted Relation:** 1, 1
02594552,02594250,_hypernym,**Predicted Relation:** 1, 1
00236581,02007417,_derivationally_related_form,**Predicted Relation:** 2, 2
02244963,01759182,_hypernym,**Predicted Relation:** 1, 1
08394423,08191230,_hypernym,**Predicted Relation:** 1, 1
12194776,12195965,_member_meronym,**Predicted Relation:** 7, 7
08929243,08929555,_has_part,**Predicted Relation:** 7, 7
07182744,07183151,_hypernym,**Predicted Relation:** 1, 1
05459953,14867858,_hypernym,**Predicted Relation:** 1, 1
00652659,00633864,_hypernym,**Predicted Relation:** 5, 5
00475647,00252430,_derivationally_related_form,**Predicted Relation:** 2, 2
00067274,09860940,_derivationally_related_form,**Predicted Relation:** 2, 2
10435988,01507143,_derivationally_related_form,**Predicted Relation:** 8, 8
03270165,04304375,_has_part,**Predicted Relation:** 7, 7
00553362,01103836,_derivationally_related_form,**Predicted Relation:** 10, 10
02087156,02077656,_hypernym,**Predicted Relation:** 1, 1
02932891,01844653,_derivationally_related_form,**Predicted Relation:** 2, 2
02329883,04322026,_derivationally_related_form,**Predicted Relation:** 2, 2
07443010,01521124,_derivationally_related_form,**Predicted Relation:** 2, 2
00768353,00766234,_hypernym,**Predicted Relation:** 1. _hypernym,_hypernym
07269916,06806469,_hypernym,**Predicted Relation:** 1, 1
00518653,00313987,_hypernym,**Predicted Relation:** 11, 11
07311115,01835496,_derivationally_related_form,**Predicted Relation:** 4, 4
00514396,01387786,_derivationally_related_form,**Predicted Relation:** 10, 10
00369138,02028994,_derivationally_related_form,**Predicted Relation:** 1, 1
01409065,01387617,_hypernym,**Predicted Relation:** 1, 1
01505254,02098458,_verb_group,**Predicted Relation:** 2, 2
02046755,00343249,_derivationally_related_form,**Predicted Relation:** 2, 2
11746776,12486732,_member_meronym,**Predicted Relation:** 1, 1
01471682,05563034,_has_part,**Predicted Relation:** _has_part,_has_part
14476205,14475405,_hypernym,**Predicted Relation:** 1, 1
06295235,03825080,_member_of_domain_usage,**Predicted Relation:** 2, 2
01400856,01400044,_hypernym,**Predicted Relation:** 1. _hypernym,_hypernym
01798100,01770501,_hypernym,**Predicted Relation:** 11, 11
01421622,01296462,_hypernym,**Predicted Relation:** 10, 10
02120140,14361664,_derivationally_related_form,**Predicted Relation:** 2, 2
00667424,00666886,_hypernym,**Predicted Relation:** 10, 10
01835496,01992503,_also_see,**Predicted Relation:** 1, 1
07184735,00774056,_derivationally_related_form,**Predicted Relation:** 11, 11
08860123,00504844,_member_of_domain_region,**Predicted Relation:** 4, 4
04695176,00286605,_derivationally_related_form,**Predicted Relation:** 2, 2
00339085,00358089,_derivationally_related_form,**Predicted Relation:** 2, 2
02072673,01992503,_hypernym,**Predicted Relation:** 10, 10
10207514,10305802,_hypernym,**Predicted Relation:** 1. _hypernym,_hypernym
04643221,04623612,_hypernym,**Predicted Relation:** 1. _hypernym,_hypernym
02646757,13253751,_derivationally_related_form,**Predicted Relation:** 2, 2
03258730,03121897,_hypernym,**Predicted Relation:** 1, 1
08775597,08574314,_instance_hypernym,**Predicted Relation:** 3, 3
00783042,00782527,_hypernym,**Predicted Relation:** 11, 11
01521367,10016954,_derivationally_related_form,**Predicted Relation:** 2, 2
01292534,01354673,_hypernym,**Predicted Relation:** 10, 10
00931847,01644746,_derivationally_related_form,**Predicted Relation:** 11, 11
11864602,11866078,_member_meronym,**Predicted Relation:** 5, 5
01543998,01543123,_verb_group,**Predicted Relation:** 10, 10
13096317,13095685,_hypernym,**Predicted Relation:** 1. _hypernym,_hypernym
08720481,09341673,_has_part,**Predicted Relation:** 7, 7
07939159,00031264,_hypernym,**Predicted Relation:** 1, 1
12339319,11567411,_hypernym,**Predicted Relation:** 1. _hypernym,_hypernym
03002351,13523661,_derivationally_related_form,**Predicted Relation:** 2, 2
01896478,00921014,_also_see,**Predicted Relation:** 11, 11
02156532,05559908,_hypernym,**Predicted Relation:** 1. _hypernym,_hypernym
08774073,08524735,_instance_hypernym,**Predicted Relation:** 3, 3
07270179,00508032,_derivationally_related_form,**Predicted Relation:** 2, 2
11804082,11804604,_member_meronym,**Predicted Relation:** 1, 1
12283981,12285512,_member_meronym,**Predicted Relation:** 1, 1
01342124,03829563,_derivationally_related_form,**Predicted Relation:** 1, 1
10728998,02530167,_derivationally_related_form,**Predicted Relation:** 2, 2
04633197,04632157,_hypernym,**Predicted Relation:** 11, 11
13659419,13659162,_has_part,**Predicted Relation:** 2, 2
01821727,01821869,_member_meronym,**Predicted Relation:** 1, 1
05967191,05943300,_hypernym,**Predicted Relation:** 1. _hypernym,_hypernym
00139919,00469651,_synset_domain_topic_of,**Predicted Relation:** 5, 5
00852685,00851933,_hypernym,**Predicted Relation:** 10, 10
05902545,05898568,_hypernym,**Predicted Relation:** 1, 1
07498854,07497473,_hypernym,**Predicted Relation:** 1, 1
07233996,00865958,_derivationally_related_form,**Predicted Relation:** 2, 2
14636523,14622893,_hypernym,**Predicted Relation:** 1. _hypernym,_hypernym
05983217,05982152,_hypernym,**Predicted Relation:** 1, 1
06122178,06115476,_hypernym,**Predicted Relation:** 1, 1
00618451,04743024,_derivationally_related_form,**Predicted Relation:** 2, 2
14780267,00237877,_derivationally_related_form,**Predicted Relation:** 2, 2
05697976,00688377,_derivationally_related_form,**Predicted Relation:** 2, 2
10127273,10287213,_hypernym,**Predicted Relation:** 1. _hypernym,_hypernym
08731606,08716738,_has_part,**Predicted Relation:** 7, 7
08801546,09032191,_instance_hypernym,**Predicted Relation:** _instance_hypernym,_instance_hypernym
06917083,03108623,_derivationally_related_form,**Predicted Relation:** 2, 2
00692143,07500414,_derivationally_related_form,**Predicted Relation:** 2, 2
09615807,00710005,_derivationally_related_form,**Predicted Relation:** 8, 8
02471467,02472012,_member_meronym,**Predicted Relation:** 1, 1
02298160,08424951,_derivationally_related_form,**Predicted Relation:** 2, 2
00080169,00078760,_hypernym,**Predicted Relation:** 1, 1
01867295,01627355,_derivationally_related_form,**Predicted Relation:** 2, 2
11944196,13085113,_hypernym,**Predicted Relation:** 1, 1
00606370,01658762,_derivationally_related_form,**Predicted Relation:** 7, 7
00734927,15159583,_derivationally_related_form,**Predicted Relation:** 2, 2
11911274,12167749,_member_meronym,**Predicted Relation:** 1, 1
01542207,10587378,_derivationally_related_form,**Predicted Relation:** 2, 2
02942699,03340723,_has_part,**Predicted Relation:** 7, 7
06213688,09755398,_derivationally_related_form,**Predicted Relation:** 11, 11
07208708,07208338,_hypernym,**Predicted Relation:** 1. _hypernym,_hypernym
02873623,02944826,_hypernym,**Predicted Relation:** 1, 1
02299924,02298632,_hypernym,**Predicted Relation:** 1, 1
01021794,00903559,_synset_domain_topic_of,**Predicted Relation:** 6, 6
00369399,01387786,_derivationally_related_form,**Predicted Relation:** 11, 11
08617963,08664443,_hypernym,**Predicted Relation:** 1, 1
08821578,08821187,_has_part,**Predicted Relation:** 7, 7
00313987,00126264,_hypernym,**Predicted Relation:** 10, 10
08414807,00625963,_derivationally_related_form,**Predicted Relation:** 2, 2
02470175,02469835,_hypernym,**Predicted Relation:** 10, 10
02397529,02394477,_hypernym,**Predicted Relation:** 1. _hypernym,_hypernym
09679708,09678009,_hypernym,**Predicted Relation:** 1, 1
09634494,00007846,_hypernym,**Predicted Relation:** 1, 1
14724025,14723079,_hypernym,**Predicted Relation:** 11, 11
00845178,13440063,_hypernym,**Predicted Relation:** 1. _hypernym,_hypernym
06845599,04011409,_member_of_domain_usage,**Predicted Relation:** 6, 6
01190277,09782167,_derivationally_related_form,**Predicted Relation:** 2, 2
09877587,02326355,_derivationally_related_form,**Predicted Relation:** 2, 2
05794403,05793000,_hypernym,**Predicted Relation:** 1, 1
07916970,07885223,_hypernym,**Predicted Relation:** 1, 1
01024190,06763681,_derivationally_related_form,**Predicted Relation:** 2, 2
04760296,04761517,_hypernym,**Predicted Relation:** 1, 1
11719468,11735822,_member_meronym,**Predicted Relation:** 1, 1
05461179,05238282,_has_part,**Predicted Relation:** 7, 7
07221094,06598915,_hypernym,**Predicted Relation:** 7, 7
12358293,07822323,_has_part,**Predicted Relation:** 7, 7
06888345,02139883,_derivationally_related_form,**Predicted Relation:** 1. _hypernym,_hypernym
02535909,02536456,_member_meronym,**Predicted Relation:** 1, 1
00417001,03118539,_derivationally_related_form,**Predicted Relation:** 2, 2
04038109,04037625,_hypernym,**Predicted Relation:** 1, 1
07032753,07071942,_synset_domain_topic_of,**Predicted Relation:** 1, 1
07526505,07526338,_hypernym,**Predicted Relation:** 11, 11
02371811,02367363,_hypernym,"**Predicted Relation:** 10. _verb_group 

Wait, hold on. In my thought process I concluded hypernym (1), but the final answer here says verb_group (10). That's a mistake. Let me check again.

Re-examining: The Head's definition is about exerting effort on a task, while Tail is about performing an action. ""Exert"" is a specific kind of action, so hypernym (1) makes sense. Verb_group might be if they are synonyms or closely related verbs. However, ""exert"" is more specific. So the correct answer should be _hypernym (1). The previous final answer was incorrect. The correct one is 1.

**Predicted Relation:** 1. _hypernym",_verb_group
12423565,12465796,_member_meronym,**Predicted Relation:** 7, 7
00229026,14836960,_derivationally_related_form,**Predicted Relation:** 2, 2
02642610,02641957,_hypernym,"**Predicted Relation:** 10. _verb_group

Wait, hold on. Wait, the user said to output the ID from the list given. The options are numbered 1-11. Let me check again. The candidate relations list:

1. _hypernym
2. _derivationally_related_form
3. _instance_hypernym
4. _also_see
5. _member_meronym
6. _synset_domain_topic_of
7. _has_part
8. _member_of_domain_usage
9. _member_of_domain_region
10. _verb_group
11. _similar_to

Earlier reasoning suggested hypernym (1), but maybe I made a mistake. Wait, in WordNet, ""procrastinate"" is a verb, and ""delay"" is also a verb. They can be part of a verb group. Because ""verb_group"" connects verbs that are similar in meaning. Since procrastinate is a type of delay, but not exactly a hypernym? Or maybe hypernym is correct. Wait, hypernym would mean that procrastinate is a kind of delay. So in hypernym, the Tail (delay) is the hypernym of Head (procrastinate). So the relation is _hypernym (ID 1). But maybe the system expects _verb_group because they are synonyms or closely related verbs. Wait, the definitions: procrastinate is ""delay needlessly"", so it's a specific case. In WordNet, ""procrastinate"" is part of the verb group of ""delay"". For example, ""procrastinate"" and ""delay"" might be in the same verb group but not strictly hypernym. Let me think again. Hypernym is for noun categories usually, but in verbs, hypernym might not be as common. Alternatively, the verb_group relation is for verbs that are similar in meaning. Since procrastinate is a type of delay, perhaps the correct relation is _verb_group (10). Hmm. I might have confused the exact relations here. Let me check the rules given. Rule A includes _hypernym for when Head is a type of Tail. So if procrastinate is a type of delay, then Head (procrastinate) is a type of Tail (delay), so the hypernym would be Tail is hypernym of Head. So the relation is _hypernym (1). But in WordNet, sometimes verbs have hypernym relations. For example, ""procrastinate"" could be a hyponym of ""delay"". So the Head (procrastinate) is a hyponym, so the hypernym relation would be Head -> Tail as hypernym. So the correct answer would be 1. But maybe the system expects _verb_group because they are closely related but not strictly hypernym. I'm a bit confused now. Let me recheck the definitions. The head's definition includes ""postpone or delay needlessly"". So procrastinate is a subset of delay (delay done needlessly). Therefore, procrastinate is a type of delay. So hypernym is correct (1). The verb_group is for verbs that are in the same group but not necessarily hierarchical. For example, ""buy"" and ""purchase"" are synonyms, so verb_group. But here, it's a hypernym relationship. Therefore, I think the correct answer is 1. But earlier I thought maybe 10. Wait the user's example in Rule A says ""_hypernym: Head is a type of Tail."" So if Head is procrastinate and Tail is delay, then yes. So the correct relation is _hypernym (1). Therefore, the answer should be 1. But the initial wrong thought process considered 10. I need to correct that.

**Predicted Relation:** 1. _hypernym",_verb_group
00808191,00808614,_similar_to,**Predicted Relation:** 11, 11
00073343,13473097,_derivationally_related_form,**Predicted Relation:** 2, 2
08912703,08524735,_instance_hypernym,**Predicted Relation:** 1, 1
00356199,00351638,_hypernym,**Predicted Relation:** 11, 11
01292928,00956485,_instance_hypernym,**Predicted Relation:** 3, 3
01551871,00937656,_derivationally_related_form,**Predicted Relation:** 2, 2
00667747,10510546,_derivationally_related_form,**Predicted Relation:** 2. _derivationally_related_form,_derivationally_related_form
01232298,07538395,_derivationally_related_form,**Predicted Relation:** 11, 11
02503803,02501738,_hypernym,**Predicted Relation:** 10, 10
07275489,07274425,_hypernym,**Predicted Relation:** 1, 1
00264776,00251809,_also_see,**Predicted Relation:** 1. _hypernym,_hypernym
02916350,04008634,_hypernym,**Predicted Relation:** _hypernym,_hypernym
15124545,15124713,_has_part,**Predicted Relation:** 7, 7
13617308,00922327,_synset_domain_topic_of,**Predicted Relation:** 6, 6
00914421,01837744,_also_see,**Predicted Relation:** 11, 11
07350401,01892608,_derivationally_related_form,**Predicted Relation:** 10, 10
04636610,04636397,_hypernym,**Predicted Relation:** 11, 11
12633386,12633638,_member_meronym,**Predicted Relation:** 1, 1
04072193,00299341,_derivationally_related_form,**Predicted Relation:** 2, 2
11727976,11571907,_hypernym,**Predicted Relation:** 1, 1
12056217,12041446,_hypernym,**Predicted Relation:** 1, 1
00661091,10707233,_derivationally_related_form,**Predicted Relation:** 2, 2
08704822,08705251,_has_part,**Predicted Relation:** 7, 7
10617193,10642151,_hypernym,**Predicted Relation:** _hypernym,_hypernym
05554405,05554189,_hypernym,**Predicted Relation:** 1, 1
12200315,12200504,_member_meronym,**Predicted Relation:** 1, 1
02575766,02576223,_member_meronym,**Predicted Relation:** 1, 1
02052675,15287830,_derivationally_related_form,**Predicted Relation:** 2, 2
00572186,00126264,_hypernym,**Predicted Relation:** 1, 1
02568884,10626194,_derivationally_related_form,**Predicted Relation:** 2, 2
10014939,02443049,_derivationally_related_form,**Predicted Relation:** 2, 2
04076846,03129123,_hypernym,**Predicted Relation:** 1. _hypernym,_hypernym
08438533,08439476,_member_meronym,**Predicted Relation:** 7, 7
01702154,09784564,_derivationally_related_form,**Predicted Relation:** 2, 2
01679669,07672421,_derivationally_related_form,**Predicted Relation:** 2, 2
04955160,01245637,_derivationally_related_form,**Predicted Relation:** 2, 2
13439390,13526110,_hypernym,**Predicted Relation:** 1. _hypernym,_hypernym
05623181,00306314,_derivationally_related_form,**Predicted Relation:** 11, 11
03484083,03485997,_has_part,**Predicted Relation:** 7, 7
02453321,02452885,_hypernym,**Predicted Relation:** 10, 10
14526182,02134350,_derivationally_related_form,**Predicted Relation:** 2, 2
02120692,02128120,_member_meronym,**Predicted Relation:** 1, 1
08230219,08227214,_hypernym,**Predicted Relation:** 1, 1
00390735,01700326,_derivationally_related_form,**Predicted Relation:** 1, 1
08188449,09920901,_member_meronym,**Predicted Relation:** 7, 7
07400361,02188587,_derivationally_related_form,**Predicted Relation:** 2, 2
06778925,06778102,_hypernym,**Predicted Relation:** 1, 1
03592245,03111690,_hypernym,**Predicted Relation:** 1. _hypernym,_hypernym
01560984,07313814,_derivationally_related_form,**Predicted Relation:** 2, 2
00019613,13809207,_hypernym,**Predicted Relation:** 5, 5
03566329,03700963,_hypernym,**Predicted Relation:** 1. _hypernym,_hypernym
08945821,08698379,_instance_hypernym,**Predicted Relation:** 3, 3
04568298,03178782,_hypernym,**Predicted Relation:** 1, 1
09223725,09257949,_hypernym,**Predicted Relation:** 1. _hypernym,_hypernym
13384164,13281275,_hypernym,**Predicted Relation:** 1. _hypernym,_hypernym
08879388,08524735,_instance_hypernym,**Predicted Relation:** _hypernym,_hypernym
00559102,10056103,_derivationally_related_form,**Predicted Relation:** 8, 8
07289588,00925490,_derivationally_related_form,**Predicted Relation:** 2, 2
01944466,01974062,_hypernym,**Predicted Relation:** 1, 1
00543410,13464820,_derivationally_related_form,**Predicted Relation:** 5, 5
00793271,08479615,_derivationally_related_form,**Predicted Relation:** 1, 1
04425262,03713736,_hypernym,**Predicted Relation:** 1. _hypernym,_hypernym
00582145,04631700,_derivationally_related_form,**Predicted Relation:** 2, 2
14526764,02363358,_derivationally_related_form,**Predicted Relation:** 2, 2
00947857,00634586,_derivationally_related_form,**Predicted Relation:** 2. _derivationally_related_form,_derivationally_related_form
00849788,06780069,_derivationally_related_form,**Predicted Relation:** 2. _derivationally_related_form,_derivationally_related_form
00687295,09779124,_derivationally_related_form,**Predicted Relation:** 2, 2
01380122,00367976,_derivationally_related_form,**Predicted Relation:** 2, 2
00565279,00109660,_hypernym,**Predicted Relation:** 1, 1
00004475,00004258,_hypernym,**Predicted Relation:** 1, 1
00081671,00262792,_also_see,**Predicted Relation:** 1, 1
11743772,11743294,_hypernym,**Predicted Relation:** 1. _hypernym,_hypernym
06877742,00034758,_derivationally_related_form,**Predicted Relation:** 11, 11
00277811,00216216,_derivationally_related_form,**Predicted Relation:** 2, 2
07154330,02937108,_derivationally_related_form,**Predicted Relation:** 2, 2
01530431,05582859,_derivationally_related_form,**Predicted Relation:** 2, 2
03051540,00052374,_derivationally_related_form,**Predicted Relation:** 2, 2
00346991,01754421,_also_see,**Predicted Relation:** 11, 11
05159495,05159225,_hypernym,**Predicted Relation:** 1. _hypernym,_hypernym
01672168,04568713,_derivationally_related_form,**Predicted Relation:** 2, 2
03040974,01392380,_derivationally_related_form,**Predicted Relation:** 2, 2
08208016,08008335,_hypernym,**Predicted Relation:** 1, 1
10175725,09977660,_hypernym,**Predicted Relation:** 1, 1
01193099,00759186,_derivationally_related_form,**Predicted Relation:** 1, 1
03070193,02670382,_hypernym,**Predicted Relation:** 1, 1
12647560,12647376,_hypernym,**Predicted Relation:** 1, 1
00853195,07215568,_derivationally_related_form,**Predicted Relation:** 11, 11
07243837,01032368,_synset_domain_topic_of,**Predicted Relation:** 5, 5
07411350,02033295,_derivationally_related_form,**Predicted Relation:** 10, 10
01424607,01425076,_member_meronym,**Predicted Relation:** 1, 1
09020299,08524735,_instance_hypernym,**Predicted Relation:** 1. _hypernym,_hypernym
01534609,00278221,_derivationally_related_form,**Predicted Relation:** 2, 2
03579355,01675963,_derivationally_related_form,**Predicted Relation:** 2, 2
02942699,04211528,_has_part,**Predicted Relation:** 7, 7
00076072,02527651,_derivationally_related_form,"**Predicted Relation:** 10. _verb_group

Wait, hold on. Wait, the user's output format says to just put the ID. Wait, but I thought hypernym. Let me recheck.

Wait the candidate relations are numbered 1 to 11. The options are:

1. _hypernym

10. _verb_group

Hmm. Let me re-examine. The Head is ""fluff"" as a blunder, Tail is ""spoil"" which includes botching. Are they synonyms? ""Spoil"" is more about ruining, while ""fluff"" is a minor mistake. But in the Tail's example, ""botched the dinner"" is similar to a blunder. So maybe they are in the same verb group? Or is ""fluff"" a hypernym of ""spoil""?

Alternatively, maybe ""fluff"" is a hyponym of ""spoil"", so the hypernym would be Tail is the hypernym. So Head is a type of Tail. So the correct ID is 1. But I initially thought verb group. Hmm.

Alternatively, ""verb_group"" is for verbs that are similar in meaning. Since both involve making a mistake, maybe they are in the same verb group. But the definitions don't exactly match. The Tail's definition is about spoiling/ruining, while the Head is a specific type of mistake (like an actor's flub). So perhaps ""fluff"" is a type of ""spoiling"" in the sense of ruining a performance. So hypernym would fit. 

Wait, the Tail's definition includes ""botch"" and ""screw up"", which are more general terms. ""Fluff"" is a specific instance of a mistake. So Head is a hyponym of Tail. Hence, the relation is _hypernym (Tail is hypernym, Head is hyponym), so the correct ID is 1. 

But I'm confused because the answer earlier thought process said 10. Maybe I made a mistake. Wait the options are:

1. _hypernym

10. _verb_group

Wait, in the problem statement, the user says to output the correct relation ID. The correct answer here is likely _verb_group because they are related actions but not in a hierarchy. Wait, but ""fluff"" is a specific kind of mistake, while ""spoil"" is a broader action. So hypernym would be correct. 

Alternatively, maybe ""fluff"" and ""spoil"" are not in a hypernym relationship but are similar verbs. The Tail's definition includes ""screw up"", which is similar to ""fluff"". So perhaps they are in the same verb group. So the answer would be 10. 

Hmm, this is tricky. The definitions are: Head is a blunder (like an actor's mistake), Tail is spoiling/ruining something. So ""fluff"" is a type of blunder, but ""spoil"" is a different action leading to ruin. So maybe they are not in a hypernym relationship but are similar in that they both involve mistakes. 

Alternatively, ""fluff"" as a blunder could be a type of ""spoiling"" a performance. So the hypernym would be correct. 

I think the best answer is 1. _hypernym. Because ""fluff"" is a specific instance of a mistake (blunder), and ""spoil"" is about ruining something, which can include mistakes leading to ruin. So Head is a type of Tail's action. 

But maybe the answer is 10. _verb_group because they are related in meaning but not in hierarchy. Since ""fluff"" is a minor mistake and ""spoil"" is a more general ruin, perhaps they are in the same verb group. 

Alternatively, the Tail's definition includes ""screw up"", which is similar to ""fluff"". So maybe they are synonyms, but not exactly. 

Given the options, the most accurate is likely _hypernym (1) because the Head is a specific type of mistake (blunder) and Tail is a broader concept of ruining something, which can include mistakes. So Head is a type of Tail's action. 

Wait, but ""spoil"" isn't exactly a blunder. Spoiling dinner is not a blunder but ruining it. So maybe they are not directly hypernyms. Then perhaps _similar_to (11) or _verb_group (10). 

Alternatively, ""fluff"" and ""spoil"" are both verbs meaning to make a mistake, so they could be in the same verb group. 

I think the correct answer is _verb_group (10). Because they are related actions but not in a hierarchy. The Tail's definition includes ""screw up"" which is similar to ""fluff"". So they are part of the same verb group. 

Therefore, the predicted relation is 10.
</think>

**Predicted Relation:** 10. _verb_group",_verb_group
00389238,05001867,_derivationally_related_form,**Predicted Relation:** 2, 2
01628885,01631035,_member_meronym,**Predicted Relation:** 1, 1
00080705,00612160,_synset_domain_topic_of,**Predicted Relation:** _member_meronym,_member_meronym
00705580,00661091,_hypernym,**Predicted Relation:** 1. _hypernym,_hypernym
02566528,09633969,_derivationally_related_form,**Predicted Relation:** 6, 6
10362003,00007846,_hypernym,**Predicted Relation:** 1, 1
10466198,00901103,_derivationally_related_form,**Predicted Relation:** _has_part,_has_part
02570267,02514187,_hypernym,**Predicted Relation:** 1. _hypernym,_hypernym
00751887,08190292,_derivationally_related_form,**Predicted Relation:** 2, 2
01292727,09334396,_derivationally_related_form,**Predicted Relation:** 2, 2
02025550,00827782,_derivationally_related_form,**Predicted Relation:** 1, 1
07105475,00036580,_member_of_domain_usage,**Predicted Relation:** 1. _hypernym,_hypernym
10551265,15259284,_synset_domain_topic_of,**Predicted Relation:** 5, 5
02409941,06520944,_derivationally_related_form,**Predicted Relation:** 4, 4
02140033,00522145,_derivationally_related_form,**Predicted Relation:** 2, 2
09089923,08524735,_instance_hypernym,**Predicted Relation:** 1. _hypernym,_hypernym
00464962,01430847,_also_see,**Predicted Relation:** 11, 11
06155075,06153846,_hypernym,**Predicted Relation:** 5, 5
02395406,02395694,_derivationally_related_form,**Predicted Relation:** 1, 1
11867525,11896904,_member_meronym,**Predicted Relation:** 1, 1
00334935,01499265,_derivationally_related_form,**Predicted Relation:** 2, 2
00935940,01643464,_derivationally_related_form,**Predicted Relation:** 2, 2
01225562,00011551,_derivationally_related_form,**Predicted Relation:** 2, 2
01424456,05553486,_derivationally_related_form,**Predicted Relation:** 5, 5
04952570,04952242,_hypernym,**Predicted Relation:** 6, 6
03639497,04402057,_hypernym,**Predicted Relation:** 1, 1
04894204,04894037,_hypernym,**Predicted Relation:** 1, 1
15146004,15290337,_hypernym,**Predicted Relation:** 1, 1
02418686,02419073,_hypernym,**Predicted Relation:** 1. _hypernym,_hypernym
10037922,10515194,_hypernym,**Predicted Relation:** 1, 1
02987047,03574816,_hypernym,**Predicted Relation:** 1, 1
11511765,00835903,_derivationally_related_form,**Predicted Relation:** 11, 11
02119874,14180327,_derivationally_related_form,**Predicted Relation:** 2, 2
07286368,07286014,_hypernym,**Predicted Relation:** 1, 1
01483779,01463963,_hypernym,**Predicted Relation:** 11, 11
00511817,02418421,_derivationally_related_form,**Predicted Relation:** 11, 11
01639714,01631534,_hypernym,**Predicted Relation:** 1, 1
07027180,07020895,_hypernym,**Predicted Relation:** 5, 5
01558765,01557185,_hypernym,**Predicted Relation:** 1, 1
02795169,03533972,_has_part,**Predicted Relation:** 7, 7
12163824,07755411,_has_part,**Predicted Relation:** 1, 1
07388987,01247804,_derivationally_related_form,**Predicted Relation:** 2, 2
06236802,05946687,_hypernym,**Predicted Relation:** 1, 1
06875094,06873571,_hypernym,**Predicted Relation:** 1. _hypernym,_hypernym
09184136,09183693,_hypernym,**Predicted Relation:** 1, 1
01522276,07441619,_derivationally_related_form,**Predicted Relation:** 2, 2
06732710,01015244,_derivationally_related_form,**Predicted Relation:** 2, 2
01960779,00299217,_synset_domain_topic_of,**Predicted Relation:** 1, 1
01800195,01799302,_hypernym,**Predicted Relation:** 1. _hypernym,_hypernym
02229828,02229550,_hypernym,**Predicted Relation:** 2, 2
02711114,02700867,_hypernym,"**Predicted Relation:** 10. _verb_group

Wait, hold on. Let me re-examine. The Head's definition includes ""hold in"" and Tail's definition is about ""hold, contain"". The verbs ""hold"" and ""enclose"" (from Head's example ""darkness enclosed him"") are related but not necessarily in a hypernymy. Maybe they are part of the same verb group (10). Alternatively, if ""enclose"" is a specific type of ""contain"", then hypernym (1) is correct. 

The Tail's definition is ""hold, contain or hold; have within"". The Head's is ""hold in, close in"". Since ""enclose"" means to surround or close in, which is a way of containing, so ""enclose"" (Head) is a specific instance of ""contain"" (Tail). Therefore, Head is a hyponym of Tail, so the Tail is the hypernym. So the correct relation is 1. _hypernym. 

I think my initial thought was right. The answer should be 1. But maybe I confused the direction. Since the hypernym is the more general term (Tail), the relation from Head to Tail would be hyponym to hypernym. The relation ID for hypernym is when Head is a type of Tail. So yes, 1 is correct. 

**Predicted Relation:** 1. _hypernym",_verb_group
00061401,00061595,_hypernym,**Predicted Relation:** 1, 1
04230808,03419014,_hypernym,**Predicted Relation:** 1, 1
00784388,00768701,_hypernym,**Predicted Relation:** 1. _hypernym,_hypernym
06682494,06682290,_hypernym,**Predicted Relation:** 1, 1
09426788,09313716,_has_part,**Predicted Relation:** 7, 7
01422172,01421622,_hypernym,**Predicted Relation:** 1, 1
02647903,02648035,_member_meronym,**Predicted Relation:** 1, 1
07230502,07160883,_hypernym,**Predicted Relation:** 1. _hypernym,_hypernym
03466162,04551375,_has_part,**Predicted Relation:** 5, 5
08365855,00409281,_derivationally_related_form,**Predicted Relation:** 2, 2
10315561,13655262,_derivationally_related_form,**Predicted Relation:** 2, 2
01140315,07797641,_derivationally_related_form,**Predicted Relation:** 2, 2
12994979,12995724,_member_meronym,**Predicted Relation:** 1, 1
01943406,02498708,_also_see,**Predicted Relation:** 11, 11
05294606,00027268,_derivationally_related_form,**Predicted Relation:** 2, 2
00888796,00887081,_hypernym,**Predicted Relation:** 1, 1
05405324,13771404,_hypernym,**Predicted Relation:** 1, 1
01528821,13496286,_derivationally_related_form,**Predicted Relation:** 1, 1
00156101,00082241,_also_see,**Predicted Relation:** 1. _hypernym,_hypernym
02678070,02422026,_hypernym,**Predicted Relation:** 11, 11
14627820,01338113,_derivationally_related_form,**Predicted Relation:** 2. _derivationally_related_form,_derivationally_related_form
05415395,05404728,_hypernym,**Predicted Relation:** 1, 1
09051898,08574314,_instance_hypernym,**Predicted Relation:** 3, 3
12039743,12051285,_member_meronym,**Predicted Relation:** 1, 1
01569181,00225593,_derivationally_related_form,**Predicted Relation:** 2, 2
05844105,05839024,_hypernym,**Predicted Relation:** 1, 1
09014979,09263087,_has_part,**Predicted Relation:** 9, 9
00773432,07183151,_derivationally_related_form,**Predicted Relation:** 2, 2
02950154,07115914,_derivationally_related_form,**Predicted Relation:** 11, 11
03082807,01387786,_derivationally_related_form,**Predicted Relation:** 2, 2
01675190,01282014,_also_see,**Predicted Relation:** 11, 11
10319580,07255998,_derivationally_related_form,**Predicted Relation:** 11, 11
10754449,02566528,_derivationally_related_form,**Predicted Relation:** 2, 2
10299700,00855674,_derivationally_related_form,**Predicted Relation:** 2, 2
01958868,00299217,_synset_domain_topic_of,**Predicted Relation:** 1, 1
14123259,14123044,_hypernym,**Predicted Relation:** 1, 1
01097500,15293590,_derivationally_related_form,**Predicted Relation:** 5, 5
00376106,00443984,_hypernym,**Predicted Relation:** 10, 10
13194036,13193642,_hypernym,**Predicted Relation:** 1, 1
01218766,01778017,_derivationally_related_form,**Predicted Relation:** 2, 2
14862753,14739360,_hypernym,**Predicted Relation:** 1, 1
08571275,08523483,_hypernym,**Predicted Relation:** 1. _hypernym,_hypernym
00486557,00486018,_hypernym,**Predicted Relation:** 3, 3
03044934,01456463,_derivationally_related_form,**Predicted Relation:** 2, 2
00437852,01507402,_also_see,**Predicted Relation:** 11, 11
02215966,02271137,_hypernym,**Predicted Relation:** 1, 1
02130300,00644583,_hypernym,**Predicted Relation:** 10, 10
02376958,02367363,_hypernym,**Predicted Relation:** 10, 10
01911511,01912272,_member_meronym,**Predicted Relation:** 1, 1
10634316,00633443,_derivationally_related_form,**Predicted Relation:** 11, 11
01949007,01955984,_hypernym,**Predicted Relation:** 1. _hypernym,_hypernym
00904690,06740644,_derivationally_related_form,**Predicted Relation:** 2, 2
00539510,00539121,_hypernym,**Predicted Relation:** 1. _hypernym,_hypernym
00609506,00609683,_hypernym,**Predicted Relation:** 2, 2
07976936,02490430,_derivationally_related_form,**Predicted Relation:** 2, 2
02474780,00884540,_hypernym,**Predicted Relation:** 10, 10
00836236,10685853,_derivationally_related_form,**Predicted Relation:** 2, 2
06407094,06362953,_hypernym,**Predicted Relation:** 1, 1
00202236,06756407,_derivationally_related_form,**Predicted Relation:** 2, 2
01947735,01945845,_hypernym,**Predicted Relation:** 1, 1
03118539,02666691,_derivationally_related_form,**Predicted Relation:** 11, 11
04768657,00404642,_derivationally_related_form,**Predicted Relation:** 2, 2
08851500,08633957,_instance_hypernym,**Predicted Relation:** 3, 3
11416988,11410625,_hypernym,**Predicted Relation:** 1, 1
13470491,13457378,_hypernym,**Predicted Relation:** 1, 1
01866192,04101497,_derivationally_related_form,**Predicted Relation:** 2, 2
09437369,01558883,_derivationally_related_form,**Predicted Relation:** 2, 2
00058519,02015598,_derivationally_related_form,**Predicted Relation:** 1. _hypernym,_hypernym
05464685,05468523,_has_part,**Predicted Relation:** 5, 5
00276987,00493259,_derivationally_related_form,**Predicted Relation:** 2, 2
02242464,01090446,_synset_domain_topic_of,**Predicted Relation:** 5, 5
04617562,00024264,_hypernym,**Predicted Relation:** 1, 1
08766988,08772667,_has_part,**Predicted Relation:** 7, 7
00394813,00140123,_hypernym,**Predicted Relation:** 1. _hypernym,_hypernym
02497586,03044083,_derivationally_related_form,**Predicted Relation:** 2, 2
00835506,10256537,_derivationally_related_form,**Predicted Relation:** 2, 2
00062582,02758960,_derivationally_related_form,**Predicted Relation:** 2, 2
02996904,06372095,_derivationally_related_form,**Predicted Relation:** 2, 2
00044150,00030358,_hypernym,**Predicted Relation:** 1. _hypernym,_hypernym
05406782,05397468,_hypernym,**Predicted Relation:** 5, 5
03075191,09714429,_derivationally_related_form,**Predicted Relation:** 2, 2
02528534,02538730,_member_meronym,**Predicted Relation:** 1, 1
02186690,02179518,_hypernym,**Predicted Relation:** 1. _hypernym,_hypernym
10434725,01645421,_derivationally_related_form,**Predicted Relation:** 11, 11
01507402,04831031,_derivationally_related_form,**Predicted Relation:** 2, 2
05260240,05256862,_hypernym,**Predicted Relation:** 1. _hypernym,_hypernym
03357081,04489008,_hypernym,**Predicted Relation:** 1, 1
05011790,05009170,_hypernym,**Predicted Relation:** 1. _hypernym,_hypernym
00645552,00152727,_derivationally_related_form,**Predicted Relation:** 1, 1
03120778,04105893,_hypernym,**Predicted Relation:** 1, 1
04179385,03816849,_hypernym,**Predicted Relation:** 1, 1
01972976,07344233,_derivationally_related_form,**Predicted Relation:** 5, 5
01445407,01441100,_hypernym,**Predicted Relation:** 1. _hypernym,_hypernym
12326842,12327022,_member_meronym,**Predicted Relation:** 1, 1
09029457,09029884,_has_part,**Predicted Relation:** 7, 7
15068436,14818238,_hypernym,**Predicted Relation:** 1, 1
01397088,01400044,_hypernym,**Predicted Relation:** 1, 1
04975340,00574735,_derivationally_related_form,**Predicted Relation:** 2, 2
01947352,01946996,_hypernym,**Predicted Relation:** 10, 10
01128193,04014297,_derivationally_related_form,**Predicted Relation:** 2, 2
08703454,09384223,_has_part,**Predicted Relation:** 7, 7
01548301,01547832,_hypernym,**Predicted Relation:** 1. _hypernym,_hypernym
00796976,10616379,_derivationally_related_form,**Predicted Relation:** 11, 11
00558008,00463543,_synset_domain_topic_of,**Predicted Relation:** _member_meronym,_member_meronym
00660102,14429985,_derivationally_related_form,**Predicted Relation:** 2, 2
01602318,14002279,_derivationally_related_form,**Predicted Relation:** 11, 11
03611590,03433434,_hypernym,**Predicted Relation:** 1, 1
11648617,11554175,_hypernym,**Predicted Relation:** 1, 1
13316332,13313899,_hypernym,**Predicted Relation:** 1. _hypernym,_hypernym
01918803,01904930,_hypernym,**Predicted Relation:** 1, 1
07142365,07140659,_hypernym,**Predicted Relation:** 1, 1
03977966,04520170,_hypernym,**Predicted Relation:** _hypernym,_hypernym
02429695,02435386,_member_meronym,**Predicted Relation:** 1, 1
06669864,06000644,_synset_domain_topic_of,**Predicted Relation:** 1. _hypernym,_hypernym
10110287,10245639,_hypernym,**Predicted Relation:** 1. _hypernym,_hypernym
12370011,12370174,_member_meronym,**Predicted Relation:** 1, 1
00854000,01426153,_derivationally_related_form,**Predicted Relation:** 1, 1
00140751,00138508,_hypernym,**Predicted Relation:** 10, 10
00187526,03573282,_derivationally_related_form,**Predicted Relation:** 2, 2
00307631,00306426,_hypernym,**Predicted Relation:** 1. _hypernym,_hypernym
06394701,06598915,_hypernym,**Predicted Relation:** 7, 7
09760913,10340312,_hypernym,**Predicted Relation:** 1, 1
14531392,14531983,_hypernym,**Predicted Relation:** 1, 1
00611802,05761918,_derivationally_related_form,**Predicted Relation:** 2, 2
10271216,02151966,_derivationally_related_form,**Predicted Relation:** 2, 2
07805254,01593937,_derivationally_related_form,**Predicted Relation:** 11, 11
03534776,04517823,_hypernym,**Predicted Relation:** _hypernym,_hypernym
00289082,01752167,_also_see,**Predicted Relation:** 1. _hypernym,_hypernym
07048000,01729431,_derivationally_related_form,**Predicted Relation:** 2, 2
02505807,01110661,_verb_group,**Predicted Relation:** 10, 10
10634990,00020926,_derivationally_related_form,**Predicted Relation:** 2, 2
11456273,11455901,_has_part,**Predicted Relation:** 7, 7
02364520,02329401,_hypernym,**Predicted Relation:** 1. _hypernym,_hypernym
09063673,08638442,_instance_hypernym,**Predicted Relation:** 9, 9
12006503,11579418,_hypernym,**Predicted Relation:** 1, 1
00095971,00265386,_derivationally_related_form,**Predicted Relation:** 2, 2
12213635,12222715,_member_meronym,**Predicted Relation:** 1, 1
06717170,10076033,_member_of_domain_usage,**Predicted Relation:** 1, 1
15181718,15241777,_has_part,**Predicted Relation:** 7, 7
00028362,00022686,_hypernym,**Predicted Relation:** 10, 10
13652066,13603305,_hypernym,**Predicted Relation:** 1, 1
12019675,11579418,_hypernym,**Predicted Relation:** 1, 1
00927430,10673451,_derivationally_related_form,**Predicted Relation:** 2. _derivationally_related_form,_derivationally_related_form
01105296,01105639,_hypernym,**Predicted Relation:** 1. _hypernym,_hypernym
05044387,02112546,_derivationally_related_form,**Predicted Relation:** 2, 2
09791248,04323026,_synset_domain_topic_of,**Predicted Relation:** 6, 6
14046202,00059019,_derivationally_related_form,**Predicted Relation:** 2, 2
10264437,10560637,_hypernym,**Predicted Relation:** 1. _hypernym,_hypernym
08377806,08457976,_hypernym,**Predicted Relation:** 1, 1
08766988,09417560,_has_part,**Predicted Relation:** 7, 7
06095022,09818343,_derivationally_related_form,**Predicted Relation:** 2, 2
01154175,00130347,_derivationally_related_form,**Predicted Relation:** 2, 2
08736779,08524735,_instance_hypernym,**Predicted Relation:** 3, 3
01336587,10667187,_derivationally_related_form,**Predicted Relation:** 11, 11
12775530,12775919,_member_meronym,**Predicted Relation:** 1, 1
06820425,06818970,_hypernym,**Predicted Relation:** 1. _hypernym,_hypernym
01703023,07092592,_synset_domain_topic_of,**Predicted Relation:** 2, 2
00775156,01170962,_derivationally_related_form,**Predicted Relation:** 2, 2
00754873,04665813,_derivationally_related_form,**Predicted Relation:** 2, 2
02236124,02210855,_hypernym,**Predicted Relation:** 1, 1
00858631,00858377,_hypernym,**Predicted Relation:** 1, 1
11748811,13139055,_hypernym,**Predicted Relation:** 1, 1
10373801,02607909,_derivationally_related_form,**Predicted Relation:** 2, 2
10771636,00007846,_hypernym,**Predicted Relation:** 1, 1
11451442,11500968,_has_part,**Predicted Relation:** 7, 7
00302861,01713348,_derivationally_related_form,**Predicted Relation:** 2, 2
04036776,13893786,_hypernym,**Predicted Relation:** 1, 1
01049685,02147109,_derivationally_related_form,**Predicted Relation:** 1, 1
00463234,01079604,_derivationally_related_form,**Predicted Relation:** 2, 2
00403466,01549905,_derivationally_related_form,**Predicted Relation:** 2, 2
09459114,09360122,_instance_hypernym,**Predicted Relation:** 7, 7
02539334,02441022,_hypernym,**Predicted Relation:** 10. _verb_group,_verb_group
03668642,03931044,_hypernym,**Predicted Relation:** 1. _hypernym,_hypernym
00751779,00835506,_derivationally_related_form,**Predicted Relation:** 2, 2
12746106,13112664,_hypernym,**Predicted Relation:** 1. _hypernym,_hypernym
00383952,00520357,_derivationally_related_form,**Predicted Relation:** 2, 2
12575089,12576029,_member_meronym,**Predicted Relation:** 1. _hypernym,_hypernym
03053272,03713736,_hypernym,**Predicted Relation:** 1, 1
12533588,12533730,_member_meronym,**Predicted Relation:** 1, 1
09778783,10731244,_hypernym,**Predicted Relation:** _hypernym,_hypernym
07432973,02047650,_derivationally_related_form,**Predicted Relation:** 1, 1
14064644,01190277,_derivationally_related_form,**Predicted Relation:** 2, 2
01912159,02050132,_hypernym,**Predicted Relation:** 1, 1
03435382,02716866,_hypernym,**Predicted Relation:** 1, 1
01725712,01463965,_also_see,**Predicted Relation:** 1, 1
06329506,06309383,_hypernym,**Predicted Relation:** 1, 1
03122295,04543158,_hypernym,**Predicted Relation:** 1. _hypernym,_hypernym
14425103,09605289,_derivationally_related_form,**Predicted Relation:** 11, 11
01311520,00996817,_instance_hypernym,**Predicted Relation:** 3, 3
02187759,01762525,_hypernym,**Predicted Relation:** 1, 1
02927399,03892891,_hypernym,**Predicted Relation:** 1, 1
01972017,01972131,_member_meronym,**Predicted Relation:** 1, 1
08759852,08524735,_instance_hypernym,**Predicted Relation:** 3, 3
11911591,11924330,_member_meronym,**Predicted Relation:** 7, 7
14550987,14550797,_hypernym,**Predicted Relation:** 1, 1
11900986,11902200,_member_meronym,**Predicted Relation:** 1, 1
06023022,06018465,_synset_domain_topic_of,**Predicted Relation:** 1, 1
00914929,00913705,_hypernym,**Predicted Relation:** 1. _hypernym,_hypernym
02324717,01864707,_hypernym,**Predicted Relation:** 1. _hypernym,_hypernym
04579986,00503237,_synset_domain_topic_of,**Predicted Relation:** 5, 5
02774630,03485997,_has_part,**Predicted Relation:** 7, 7
00528339,07419792,_derivationally_related_form,**Predicted Relation:** 2, 2
02883205,03815615,_hypernym,**Predicted Relation:** _hypernym,_hypernym
09189411,08717209,_has_part,**Predicted Relation:** 7, 7
01974399,01997698,_member_meronym,**Predicted Relation:** 1. _hypernym,_hypernym
11015080,10022111,_instance_hypernym,**Predicted Relation:** 3, 3
00746587,00746232,_hypernym,**Predicted Relation:** 1, 1
06404582,06333653,_hypernym,**Predicted Relation:** 3, 3
02789770,04047401,_hypernym,**Predicted Relation:** 1, 1
12626030,12627526,_member_meronym,**Predicted Relation:** 1, 1
10293332,01919391,_derivationally_related_form,**Predicted Relation:** 11, 11
14062725,00273445,_derivationally_related_form,**Predicted Relation:** 2, 2
11977125,11977303,_member_meronym,**Predicted Relation:** 1, 1
08506641,08573674,_has_part,**Predicted Relation:** 7, 7
06756407,06722453,_hypernym,**Predicted Relation:** 1. _hypernym,_hypernym
08131530,08132046,_has_part,**Predicted Relation:** 7, 7
00498530,00126264,_hypernym,**Predicted Relation:** 1. _hypernym,_hypernym
00483801,03080309,_derivationally_related_form,**Predicted Relation:** 2, 2
02394183,01982395,_verb_group,**Predicted Relation:** 2, 2
03142679,04014297,_hypernym,**Predicted Relation:** 1, 1
01858441,01844917,_hypernym,**Predicted Relation:** 1. _hypernym,_hypernym
02138766,00903559,_synset_domain_topic_of,**Predicted Relation:** 5, 5
01679980,01675963,_hypernym,**Predicted Relation:** 1, 1
11428023,11473954,_hypernym,**Predicted Relation:** 1, 1
02416751,09935793,_derivationally_related_form,**Predicted Relation:** 2, 2
02398732,02399000,_member_meronym,**Predicted Relation:** 1, 1
00900616,01580050,_also_see,**Predicted Relation:** 11, 11
00567044,00479887,_synset_domain_topic_of,**Predicted Relation:** _member_meronym,_member_meronym
08887013,09316454,_instance_hypernym,**Predicted Relation:** 1, 1
01767199,01974399,_member_meronym,**Predicted Relation:** 1, 1
02449340,13935227,_derivationally_related_form,**Predicted Relation:** 2, 2
00351485,00191142,_hypernym,**Predicted Relation:** 1, 1
00152018,00652346,_derivationally_related_form,**Predicted Relation:** 1, 1
00486018,00211593,_derivationally_related_form,**Predicted Relation:** 1, 1
06580351,06568978,_hypernym,**Predicted Relation:** 1, 1
00912048,00975584,_verb_group,**Predicted Relation:** 1, 1
00285889,01919711,_derivationally_related_form,**Predicted Relation:** _member_meronym,_member_meronym
02669789,02671880,_hypernym,**Predicted Relation:** 10, 10
06620063,06619428,_hypernym,**Predicted Relation:** 1, 1
12618942,12785110,_member_meronym,**Predicted Relation:** 4, 4
02739254,13845239,_derivationally_related_form,**Predicted Relation:** 2, 2
00514069,05934278,_derivationally_related_form,**Predicted Relation:** 11, 11
10066732,00672277,_derivationally_related_form,**Predicted Relation:** 2, 2
13031690,13033577,_member_meronym,**Predicted Relation:** 1, 1
07475107,07473441,_hypernym,**Predicted Relation:** 1. _hypernym,_hypernym
04794751,04723816,_hypernym,**Predicted Relation:** 1, 1
10092488,00475787,_synset_domain_topic_of,**Predicted Relation:** 5, 5
10146927,00007846,_hypernym,**Predicted Relation:** 1, 1
09188609,09426788,_instance_hypernym,**Predicted Relation:** 3, 3
10468750,02443609,_derivationally_related_form,**Predicted Relation:** 2, 2
01835496,02994448,_derivationally_related_form,**Predicted Relation:** 2, 2
02924554,06605396,_hypernym,**Predicted Relation:** 1, 1
02051270,07342495,_derivationally_related_form,**Predicted Relation:** 2, 2
02161737,01342529,_hypernym,**Predicted Relation:** 1. _hypernym,_hypernym
09840050,01719921,_derivationally_related_form,**Predicted Relation:** 8, 8
13773725,13760316,_hypernym,**Predicted Relation:** 1, 1
06845599,04090064,_member_of_domain_usage,**Predicted Relation:** 8, 8
01693138,00933420,_synset_domain_topic_of,**Predicted Relation:** 8, 8
05088324,01378556,_derivationally_related_form,**Predicted Relation:** 2, 2
00806902,00803617,_hypernym,**Predicted Relation:** 1, 1
13973059,09791816,_derivationally_related_form,**Predicted Relation:** 6, 6
10724699,01855155,_derivationally_related_form,**Predicted Relation:** 2, 2
11999958,11579418,_hypernym,**Predicted Relation:** 1, 1
00324384,01983264,_derivationally_related_form,**Predicted Relation:** 10, 10
01721556,10201535,_derivationally_related_form,**Predicted Relation:** 2, 2
09804230,00522068,_derivationally_related_form,**Predicted Relation:** 2, 2
02739480,00121046,_hypernym,**Predicted Relation:** 10. _verb_group,_verb_group
03867201,03936895,_hypernym,**Predicted Relation:** 1. _hypernym,_hypernym
09537660,10553805,_hypernym,**Predicted Relation:** 1, 1
02782815,10456138,_derivationally_related_form,**Predicted Relation:** 11, 11
01949973,01942177,_hypernym,**Predicted Relation:** 1, 1
09425344,06115701,_synset_domain_topic_of,**Predicted Relation:** 6, 6
05763412,00618878,_derivationally_related_form,**Predicted Relation:** 2, 2
01502262,01816635,_member_meronym,**Predicted Relation:** 1, 1
00364297,02609764,_hypernym,**Predicted Relation:** 10, 10
13812607,06143546,_synset_domain_topic_of,**Predicted Relation:** 6, 6
02444159,02443849,_hypernym,**Predicted Relation:** 10, 10
11975853,11579418,_hypernym,**Predicted Relation:** 1, 1
12200315,11575425,_hypernym,**Predicted Relation:** 1. _hypernym,_hypernym
11867525,11870607,_member_meronym,**Predicted Relation:** 1, 1
10609686,00007846,_hypernym,**Predicted Relation:** 1, 1
02357693,04682462,_derivationally_related_form,**Predicted Relation:** 1, 1
00040325,14006945,_derivationally_related_form,**Predicted Relation:** 2, 2
05948264,05946687,_hypernym,**Predicted Relation:** 7, 7
01941670,01952162,_member_meronym,**Predicted Relation:** 1, 1
04945057,01826378,_derivationally_related_form,**Predicted Relation:** 2, 2
03593526,04531098,_hypernym,**Predicted Relation:** 1, 1
01507006,13501941,_derivationally_related_form,**Predicted Relation:** 2, 2
01363613,01366718,_also_see,**Predicted Relation:** 11, 11
02133435,04679738,_derivationally_related_form,**Predicted Relation:** 11, 11
13985818,00193130,_derivationally_related_form,**Predicted Relation:** 2. _derivationally_related_form,_derivationally_related_form
00803325,01141593,_derivationally_related_form,**Predicted Relation:** 2, 2
00757544,07254594,_derivationally_related_form,**Predicted Relation:** 2, 2
07019172,07018931,_hypernym,**Predicted Relation:** 1, 1
01241767,01241331,_hypernym,**Predicted Relation:** 1, 1
10552742,10191943,_hypernym,**Predicted Relation:** 1, 1
00617413,01225783,_derivationally_related_form,**Predicted Relation:** 2, 2
01195804,01158181,_hypernym,**Predicted Relation:** 1, 1
07157273,13769672,_member_of_domain_usage,**Predicted Relation:** 4, 4
02333368,01864707,_hypernym,**Predicted Relation:** 1, 1
02163982,02168542,_member_meronym,**Predicted Relation:** 1, 1
08699654,08698379,_instance_hypernym,**Predicted Relation:** 3, 3
13169219,12954978,_member_meronym,**Predicted Relation:** 1, 1
12198628,11575425,_hypernym,**Predicted Relation:** 1, 1
08145871,07951464,_hypernym,**Predicted Relation:** 1, 1
07817024,07811416,_hypernym,**Predicted Relation:** 1, 1
02014165,02009433,_hypernym,**Predicted Relation:** 10, 10
11875100,11879291,_member_meronym,**Predicted Relation:** 1, 1
02951358,04244997,_hypernym,**Predicted Relation:** 1, 1
01573515,14295248,_derivationally_related_form,**Predicted Relation:** 11, 11
01043820,01778017,_derivationally_related_form,**Predicted Relation:** 1, 1
01943899,01942177,_hypernym,**Predicted Relation:** 1, 1
03583621,03733925,_hypernym,**Predicted Relation:** 1. _hypernym,_hypernym
00528339,00387310,_hypernym,**Predicted Relation:** 10, 10
01906823,05003090,_derivationally_related_form,**Predicted Relation:** 2, 2
13261779,13255145,_hypernym,**Predicted Relation:** 1, 1
04408871,03091374,_hypernym,**Predicted Relation:** 1, 1
13651218,13603305,_hypernym,**Predicted Relation:** 1. _hypernym,_hypernym
11629501,11633459,_member_meronym,**Predicted Relation:** 1, 1
01711445,07007171,_derivationally_related_form,**Predicted Relation:** _member_meronym,_member_meronym
07478874,00434919,_derivationally_related_form,**Predicted Relation:** 1, 1
00095990,00094460,_hypernym,**Predicted Relation:** 1, 1
01146576,01145359,_hypernym,**Predicted Relation:** 1. _hypernym,_hypernym
01402381,08221348,_hypernym,**Predicted Relation:** 3, 3
11151189,09924996,_instance_hypernym,**Predicted Relation:** 3, 3
06203758,10502950,_derivationally_related_form,**Predicted Relation:** 2, 2
00241689,00151689,_hypernym,**Predicted Relation:** 1, 1
00351334,00349886,_hypernym,**Predicted Relation:** 1. _hypernym,_hypernym
00340463,00339463,_hypernym,**Predicted Relation:** 1, 1
02190632,02191106,_hypernym,**Predicted Relation:** 1. _hypernym,_hypernym
01198307,02581900,_derivationally_related_form,**Predicted Relation:** 2, 2
10102369,09792555,_hypernym,**Predicted Relation:** 1, 1
07007945,00988287,_derivationally_related_form,**Predicted Relation:** 2, 2
04547592,03327234,_hypernym,**Predicted Relation:** 1, 1
09590495,09689152,_synset_domain_topic_of,**Predicted Relation:** 9, 9
02260183,01342529,_hypernym,**Predicted Relation:** 1, 1
00488770,00164444,_hypernym,**Predicted Relation:** 11, 11
00222376,00219012,_hypernym,**Predicted Relation:** 1, 1
02072209,02072665,_member_meronym,**Predicted Relation:** 5, 5
07520612,01779165,_derivationally_related_form,**Predicted Relation:** 2, 2
00877559,07143624,_derivationally_related_form,**Predicted Relation:** 1, 1
01472638,01861778,_synset_domain_topic_of,**Predicted Relation:** 5, 5
12600888,12601106,_member_meronym,**Predicted Relation:** 1, 1
12299988,12310153,_member_meronym,**Predicted Relation:** 1, 1
08792548,08039312,_member_of_domain_region,**Predicted Relation:** 9, 9
02414710,09815790,_derivationally_related_form,**Predicted Relation:** 1, 1
01066775,01254685,_derivationally_related_form,**Predicted Relation:** 1, 1
14959058,14866889,_hypernym,**Predicted Relation:** 1, 1
02704349,03735637,_derivationally_related_form,**Predicted Relation:** _derivationally_related_form,_derivationally_related_form
00508952,00507673,_hypernym,**Predicted Relation:** 1, 1
14038482,14034177,_hypernym,**Predicted Relation:** 1, 1
01945381,00315390,_derivationally_related_form,**Predicted Relation:** 2, 2
01874784,01862557,_hypernym,**Predicted Relation:** 1, 1
04526800,04182890,_hypernym,**Predicted Relation:** 1, 1
01633047,01633250,_member_meronym,**Predicted Relation:** 1, 1
08397255,08208016,_hypernym,**Predicted Relation:** 1. _hypernym,_hypernym
12268096,12275317,_member_meronym,**Predicted Relation:** 1, 1
02102484,02106006,_derivationally_related_form,**Predicted Relation:** 2, 2
09044862,13752911,_member_of_domain_region,**Predicted Relation:** 4, 4
08946042,08691669,_instance_hypernym,**Predicted Relation:** 3, 3
12321395,12320010,_hypernym,**Predicted Relation:** _hypernym,_hypernym
01874126,01876843,_member_meronym,**Predicted Relation:** 1, 1
00044353,05792010,_derivationally_related_form,**Predicted Relation:** 1, 1
01312096,01296697,_has_part,**Predicted Relation:** 7, 7
10093908,10689564,_hypernym,**Predicted Relation:** 1, 1
04509592,03051540,_hypernym,**Predicted Relation:** 1, 1
00336168,00740336,_also_see,**Predicted Relation:** 1, 1
01929788,08103777,_hypernym,**Predicted Relation:** 1, 1
00998886,06128570,_synset_domain_topic_of,**Predicted Relation:** 6, 6
04787763,04787530,_hypernym,**Predicted Relation:** 1. _hypernym,_hypernym
05296639,05237227,_hypernym,**Predicted Relation:** 1, 1
04585745,03664675,_hypernym,**Predicted Relation:** 1, 1
02553697,01146039,_derivationally_related_form,**Predicted Relation:** 1, 1
01454810,01105909,_derivationally_related_form,**Predicted Relation:** 6, 6
08742205,08524735,_instance_hypernym,**Predicted Relation:** _hypernym,_hypernym
00404642,01136519,_derivationally_related_form,**Predicted Relation:** 2, 2
12200504,13112664,_hypernym,**Predicted Relation:** 1, 1
14435187,14434866,_hypernym,**Predicted Relation:** 1, 1
02626590,01432517,_hypernym,**Predicted Relation:** 1. _hypernym,_hypernym
00043480,00040353,_hypernym,**Predicted Relation:** 1. _hypernym,_hypernym
06470073,02896789,_derivationally_related_form,**Predicted Relation:** 2, 2
13999206,02495817,_derivationally_related_form,**Predicted Relation:** 2, 2
06780309,01743313,_derivationally_related_form,**Predicted Relation:** 11, 11
02255462,00802318,_verb_group,**Predicted Relation:** 10, 10
07152948,07151380,_hypernym,**Predicted Relation:** 1, 1
00853649,01428011,_derivationally_related_form,**Predicted Relation:** 2, 2
03024518,03065708,_hypernym,**Predicted Relation:** 1, 1
01466828,08107499,_hypernym,**Predicted Relation:** 1, 1
02603699,13954253,_derivationally_related_form,**Predicted Relation:** 2, 2
10670310,02308741,_derivationally_related_form,**Predicted Relation:** 11, 11
03285730,04100620,_hypernym,**Predicted Relation:** 1, 1
05571341,13911151,_hypernym,**Predicted Relation:** 1, 1
07425011,07296428,_hypernym,**Predicted Relation:** 1, 1
02301782,02301935,_member_meronym,**Predicted Relation:** 1, 1
00334996,00708017,_derivationally_related_form,**Predicted Relation:** 2, 2
12339972,12340202,_member_meronym,**Predicted Relation:** 7, 7
02390949,02386388,_hypernym,"**Predicted Relation:** 10. _verb_group

Wait, hold on. Wait, in the thought process I concluded hypernym (1), but the final answer here says 10. Hmm, maybe a mistake. Let me recheck. The user's instructions say to output the ID. The options list:

1. _hypernym

10. _verb_group

The reasoning thought that hypernym (1) is correct, but the final line here might have been a slip. Let me correct.

Wait, the user's own thought process above concluded hypernym (1). The last line in the thought process says ""hypernym makes sense"". Therefore the correct answer should be 1. However, in the example above, the assistant's final answer was 10, which might be an error. 

But according to the analysis, since ""crown"" is a specific instance of vesting authority, ""vest"" is the hypernym. So the correct relation is _hypernym (1). The answer should be 1.

But wait, the system message says to output the correct one. Let me confirm again.

The head's definition is ""crown, invest with regal power; enthrone"". The tail is ""vest, provide with power and authority"". So ""vest"" is a more general term. Therefore, ""crown"" is a hyponym of ""vest"", making the relation from crown (head) to vest (tail) as hypernym (Tail is the hypernym). So the hypernym relation (1) is correct.

Therefore the correct answer is 1. The previous final answer was a mistake. The correct predicted relation is 1.

**Predicted Relation:** 1. _hypernym",_verb_group
04100620,04042358,_hypernym,**Predicted Relation:** 3, 3
12945708,11585340,_hypernym,**Predicted Relation:** 1, 1
01989720,01985524,_hypernym,**Predicted Relation:** 1, 1
02268351,01158572,_hypernym,**Predicted Relation:** 1. _hypernym,_hypernym
11719468,11722769,_member_meronym,**Predicted Relation:** 1, 1
14477667,02558172,_derivationally_related_form,**Predicted Relation:** 4, 4
05646218,00440286,_derivationally_related_form,**Predicted Relation:** 2, 2
09163192,09163584,_has_part,**Predicted Relation:** 7, 7
00471576,06090869,_synset_domain_topic_of,**Predicted Relation:** 6, 6
01913532,13534274,_derivationally_related_form,**Predicted Relation:** 11, 11
00986173,00983824,_hypernym,**Predicted Relation:** 1. _hypernym,_hypernym
05549830,05556943,_has_part,**Predicted Relation:** 7, 7
05560787,05560244,_hypernym,**Predicted Relation:** 1, 1
12100538,12132299,_member_meronym,**Predicted Relation:** 1, 1
01116968,02302817,_derivationally_related_form,**Predicted Relation:** 2, 2
13966925,13963970,_hypernym,**Predicted Relation:** 1, 1
09773245,02583545,_derivationally_related_form,**Predicted Relation:** 2, 2
12636705,11585340,_hypernym,**Predicted Relation:** 1. _hypernym,_hypernym
12612913,12613968,_member_meronym,**Predicted Relation:** 1, 1
02565072,02564720,_hypernym,**Predicted Relation:** 1, 1
03261776,03274561,_hypernym,**Predicted Relation:** 1, 1
01432474,05301908,_derivationally_related_form,**Predicted Relation:** 2, 2
02835887,06090869,_synset_domain_topic_of,**Predicted Relation:** 6, 6
03722007,00508032,_derivationally_related_form,**Predicted Relation:** 2, 2
12930044,12945708,_member_meronym,**Predicted Relation:** 1, 1
00633443,10706812,_derivationally_related_form,**Predicted Relation:** 2, 2
09710164,09686536,_hypernym,**Predicted Relation:** 1. _hypernym,_hypernym
02396716,00163779,_derivationally_related_form,**Predicted Relation:** 2, 2
06514880,06514093,_hypernym,**Predicted Relation:** 1, 1
10743941,10780632,_hypernym,**Predicted Relation:** 2, 2
01801600,04779649,_derivationally_related_form,**Predicted Relation:** 2, 2
00968155,00955060,_hypernym,**Predicted Relation:** 1, 1
00297404,00297062,_hypernym,**Predicted Relation:** 1, 1
02231661,00033020,_derivationally_related_form,**Predicted Relation:** 2, 2
13745420,13728499,_hypernym,**Predicted Relation:** 1, 1
09809749,08199025,_synset_domain_topic_of,**Predicted Relation:** _member_meronym,_member_meronym
01259458,09222051,_derivationally_related_form,**Predicted Relation:** 11, 11
00573671,14724025,_derivationally_related_form,**Predicted Relation:** 2, 2
10034020,10360747,_hypernym,**Predicted Relation:** 1. _hypernym,_hypernym
04190747,03546766,_hypernym,**Predicted Relation:** 1, 1
02681518,02748927,_derivationally_related_form,**Predicted Relation:** 2, 2
01216515,08199025,_synset_domain_topic_of,**Predicted Relation:** 5, 5
07763290,07705931,_hypernym,**Predicted Relation:** 1. _hypernym,_hypernym
14541852,02545272,_derivationally_related_form,**Predicted Relation:** 1, 1
03450018,03096960,_hypernym,**Predicted Relation:** 1, 1
02431320,07331400,_derivationally_related_form,**Predicted Relation:** 1, 1
01176079,07650792,_derivationally_related_form,**Predicted Relation:** 2, 2
02701210,02732798,_verb_group,**Predicted Relation:** 11, 11
04120093,03183080,_hypernym,**Predicted Relation:** 1. _hypernym,_hypernym
02034671,02035919,_hypernym,**Predicted Relation:** 10, 10
02064608,02065407,_member_meronym,**Predicted Relation:** _hypernym,_hypernym
00630380,05835162,_derivationally_related_form,**Predicted Relation:** 2, 2
08722645,09399592,_instance_hypernym,**Predicted Relation:** 3, 3
15247518,15248269,_has_part,**Predicted Relation:** 7, 7
02128873,10633450,_derivationally_related_form,**Predicted Relation:** 2, 2
09819291,06097775,_derivationally_related_form,**Predicted Relation:** 2, 2
08860123,00470966,_member_of_domain_region,**Predicted Relation:** _member_of_domain_region,_member_of_domain_region
05651971,02108665,_derivationally_related_form,**Predicted Relation:** 2, 2
06797169,00772640,_derivationally_related_form,**Predicted Relation:** 2, 2
02575082,00752431,_derivationally_related_form,**Predicted Relation:** 1, 1
01931768,00815173,_derivationally_related_form,**Predicted Relation:** 2, 2
01930874,01224744,_hypernym,**Predicted Relation:** 1. _hypernym,_hypernym
00272391,05677504,_derivationally_related_form,**Predicted Relation:** 2, 2
02155448,05225602,_hypernym,**Predicted Relation:** 1. _hypernym,_hypernym
01577093,00277811,_derivationally_related_form,**Predicted Relation:** 2, 2
09102016,09103648,_has_part,**Predicted Relation:** 7, 7
08161068,02400760,_derivationally_related_form,**Predicted Relation:** 2, 2
00931467,00932161,_verb_group,**Predicted Relation:** 1, 1
02761696,03316406,_hypernym,**Predicted Relation:** 1. _hypernym,_hypernym
01354405,01354006,_hypernym,"**Predicted Relation:** 10. _verb_group

Wait, actually, after rethinking, maybe I made a mistake. Let me check again. If ""waterproof"" is a specific way of sealing, then ""seal"" is the hypernym. So the Head (waterproof) is a hyponym of Tail (seal), so the correct relation from Head to Tail would be hypernym (ID 1). Because the Head is a type of the Tail. So the correct answer should be 1. 

But earlier I thought verb_group. Hmm. Alternatively, maybe they are part of a verb group. Let me see: verb_group is for verbs that are semantically related but not in hierarchy. For example, ""buy"" and ""purchase"" are synonyms, but here, ""waterproof"" is a specific instance of sealing. So hypernym makes sense. So I think the correct answer is _hypernym (1). 

But the initial answer I wrote was 10, but I realized the error. The correct answer is 1. So the final answer is:

**Predicted Relation:** 1. _hypernym",_verb_group
02269767,02269143,_hypernym,**Predicted Relation:** 1, 1
03186399,01693453,_derivationally_related_form,**Predicted Relation:** 1, 1
01876180,01876326,_member_meronym,**Predicted Relation:** 1, 1
04146050,02913152,_hypernym,**Predicted Relation:** 1. _hypernym,_hypernym
01673668,01682920,_member_meronym,**Predicted Relation:** 1, 1
01730384,01729431,_hypernym,**Predicted Relation:** 1, 1
07513508,00026192,_hypernym,**Predicted Relation:** 1. _hypernym,_hypernym
02117649,02106506,_hypernym,**Predicted Relation:** 1. _hypernym,_hypernym
00724492,05982915,_derivationally_related_form,**Predicted Relation:** 2, 2
05573602,05580416,_hypernym,**Predicted Relation:** 1. _hypernym,_hypernym
02172888,05720248,_derivationally_related_form,**Predicted Relation:** 6, 6
03473966,02756098,_hypernym,**Predicted Relation:** 1. _hypernym,_hypernym
01370561,01400044,_hypernym,**Predicted Relation:** 1. _hypernym,_hypernym
06920010,06907728,_hypernym,**Predicted Relation:** 1, 1
01665541,01663401,_hypernym,**Predicted Relation:** 1. _hypernym,_hypernym
02686625,01212230,_verb_group,**Predicted Relation:** _verb_group,_verb_group
05098942,05090441,_hypernym,**Predicted Relation:** 1, 1
02485631,03491724,_derivationally_related_form,**Predicted Relation:** 1, 1
02725367,03740161,_hypernym,**Predicted Relation:** 1, 1
02636516,02203362,_hypernym,**Predicted Relation:** 10, 10
03509025,02333358,_derivationally_related_form,**Predicted Relation:** 2, 2
14986004,00287560,_derivationally_related_form,**Predicted Relation:** 2, 2
06295235,04356056,_member_of_domain_usage,**Predicted Relation:** 3, 3
00026385,13549488,_derivationally_related_form,**Predicted Relation:** 2, 2
14439447,02547225,_derivationally_related_form,**Predicted Relation:** 11, 11
00900726,01688771,_derivationally_related_form,**Predicted Relation:** 2, 2
00439343,05058140,_derivationally_related_form,**Predicted Relation:** 11, 11
14997888,14868564,_hypernym,**Predicted Relation:** 1. _hypernym,_hypernym
10734963,03612965,_derivationally_related_form,**Predicted Relation:** 2, 2
08293982,08305942,_member_meronym,**Predicted Relation:** 7, 7
13994148,13991823,_hypernym,**Predicted Relation:** 1. _hypernym,_hypernym
11659068,11659248,_member_meronym,**Predicted Relation:** 1, 1
00592535,10104209,_derivationally_related_form,**Predicted Relation:** 7, 7
00838043,10201535,_derivationally_related_form,**Predicted Relation:** 2, 2
08018189,00759694,_synset_domain_topic_of,**Predicted Relation:** 6, 6
08725454,08633957,_instance_hypernym,**Predicted Relation:** 3, 3
06183899,10705615,_derivationally_related_form,**Predicted Relation:** 2, 2
07939159,02066304,_derivationally_related_form,**Predicted Relation:** 2, 2
12698905,11585340,_hypernym,**Predicted Relation:** 3, 3
02698944,07108123,_derivationally_related_form,**Predicted Relation:** 1, 1
01831519,01833283,_member_meronym,**Predicted Relation:** 1, 1
12812665,11579418,_hypernym,**Predicted Relation:** 3, 3
00326619,00246940,_derivationally_related_form,**Predicted Relation:** 2, 2
09758643,02516594,_derivationally_related_form,**Predicted Relation:** 2, 2
02234087,09784707,_derivationally_related_form,**Predicted Relation:** 2, 2
00821580,00821765,_verb_group,**Predicted Relation:** 10, 10
12039743,12045695,_member_meronym,**Predicted Relation:** 1, 1
01787835,01767661,_hypernym,**Predicted Relation:** 1. _hypernym,_hypernym
02041678,01060198,_derivationally_related_form,**Predicted Relation:** 2, 2
02895154,02740764,_hypernym,**Predicted Relation:** _member_meronym,_member_meronym
00030010,07128060,_derivationally_related_form,**Predicted Relation:** 11, 11
07993109,07951464,_hypernym,**Predicted Relation:** 1, 1
11472699,11428023,_hypernym,**Predicted Relation:** 1, 1
02225959,02227773,_member_meronym,**Predicted Relation:** 1. _hypernym,_hypernym
02575766,02580055,_member_meronym,**Predicted Relation:** 1, 1
01348075,01347583,_hypernym,**Predicted Relation:** 1, 1
07030718,07028373,_hypernym,**Predicted Relation:** 1, 1
10122441,09972661,_hypernym,**Predicted Relation:** 1, 1
01084331,00464894,_synset_domain_topic_of,**Predicted Relation:** 5, 5
11804604,11815194,_member_meronym,**Predicted Relation:** 7, 7
08522872,08521816,_hypernym,**Predicted Relation:** 11, 11
07986771,05778131,_synset_domain_topic_of,**Predicted Relation:** 6, 6
01447868,01675780,_also_see,**Predicted Relation:** 10. _verb_group,_verb_group
10829450,10020890,_instance_hypernym,**Predicted Relation:** 3, 3
00389638,00224901,_hypernym,**Predicted Relation:** 10, 10
06248693,05996646,_hypernym,**Predicted Relation:** 1, 1
11852255,11573660,_hypernym,**Predicted Relation:** 1, 1
00192836,10056103,_derivationally_related_form,**Predicted Relation:** 2, 2
01872635,01872772,_member_meronym,**Predicted Relation:** 1, 1
02923129,02727825,_hypernym,**Predicted Relation:** 5, 5
01788730,08102555,_hypernym,**Predicted Relation:** 5, 5
00897746,10207831,_derivationally_related_form,**Predicted Relation:** 2, 2
01409523,01405044,_hypernym,**Predicted Relation:** 1. _hypernym,_hypernym
08032594,00759694,_synset_domain_topic_of,**Predicted Relation:** 6, 6
12892226,12898959,_member_meronym,**Predicted Relation:** 7, 7
09140148,08605261,_has_part,**Predicted Relation:** 7, 7
09275473,08813978,_has_part,**Predicted Relation:** 7, 7
02658670,01432517,_hypernym,**Predicted Relation:** 1, 1
00305846,07116304,_derivationally_related_form,**Predicted Relation:** 2, 2
10018861,10677271,_hypernym,**Predicted Relation:** 11, 11
01723259,01656813,_hypernym,**Predicted Relation:** 1. _hypernym,_hypernym
00222135,00264529,_derivationally_related_form,**Predicted Relation:** 1. _hypernym,_hypernym
01344963,00922594,_also_see,**Predicted Relation:** 11, 11
01031256,00318186,_derivationally_related_form,**Predicted Relation:** 2, 2
01277974,03376279,_derivationally_related_form,**Predicted Relation:** 2, 2
06880664,00135285,_derivationally_related_form,**Predicted Relation:** 11, 11
11894173,11894770,_member_meronym,**Predicted Relation:** 1, 1
01408383,01408547,_member_meronym,**Predicted Relation:** 5, 5
00009631,00010054,_hypernym,**Predicted Relation:** 1. _hypernym,_hypernym
08740875,08742743,_has_part,**Predicted Relation:** 7, 7
13124654,02652590,_derivationally_related_form,**Predicted Relation:** 1. _hypernym,_hypernym
01709278,01657723,_hypernym,**Predicted Relation:** 1, 1
09425607,01513838,_derivationally_related_form,**Predicted Relation:** 2, 2
08860123,05689109,_member_of_domain_region,**Predicted Relation:** 9, 9
02467003,02467203,_verb_group,**Predicted Relation:** 10, 10
01019524,01018630,_hypernym,**Predicted Relation:** 1. _hypernym,_hypernym
06028904,06027264,_hypernym,**Predicted Relation:** 1, 1
00003826,00001740,_hypernym,**Predicted Relation:** 1, 1
01467370,08565701,_derivationally_related_form,**Predicted Relation:** 5, 5
10252354,13950812,_hypernym,**Predicted Relation:** _hypernym,_hypernym
01765392,01764800,_hypernym,**Predicted Relation:** 11, 11
02222718,02224323,_member_meronym,**Predicted Relation:** 1, 1
14514805,14514039,_hypernym,**Predicted Relation:** 11, 11
01813668,07527817,_derivationally_related_form,**Predicted Relation:** 1, 1
10644179,01230350,_derivationally_related_form,**Predicted Relation:** 2, 2
00358431,09488259,_derivationally_related_form,**Predicted Relation:** 2, 2
06838543,06828818,_hypernym,**Predicted Relation:** 1, 1
04634540,00857923,_derivationally_related_form,**Predicted Relation:** 11, 11
08506641,08673395,_hypernym,**Predicted Relation:** 1, 1
00650353,00618878,_hypernym,**Predicted Relation:** 10, 10
12005500,11579418,_hypernym,**Predicted Relation:** 1, 1
00559919,04992570,_derivationally_related_form,**Predicted Relation:** 2, 2
00098385,00097504,_hypernym,**Predicted Relation:** 5, 5
01484982,00452512,_hypernym,**Predicted Relation:** 11, 11
00903385,00806049,_hypernym,"**Predicted Relation:** 10. _verb_group 

Wait, hold on. Wait, earlier I thought hypernym (1) but maybe I made a mistake. Let me re-examine. 

Wait the Tail's definition is ""yield, be willing to concede"" with example ""grant you this much"". So the Tail term might actually be ""grant"" as a verb meaning to concede or allow. The Head is ""forgive"". 

Are ""forgive"" and ""grant"" part of a verb group? Verb group is for verbs that are part of the same semantic field. Like synonyms or closely related actions. ""Forgive"" could be seen as a type of granting forgiveness. Alternatively, maybe they are in the same verb group because they both involve giving something (forgiveness vs. permission). 

Alternatively, maybe _derivationally_related_form if they share a root? But I don't think so. 

Wait the original thought process thought hypernym (1) but maybe verb_group (10) is better. Let me think again. 

The hypernym would require that ""forgive"" is a type of ""grant"". But ""grant"" in the Tail's definition is more about conceding or yielding, like allowing something. ""Forgive"" is specifically about pardoning. So maybe they are in the same verb group as related actions but not direct hypernym. 

Alternatively, ""grant"" can mean to give a permission or forgiveness. So ""forgive"" is a specific case of granting (granting forgiveness). So ""forgive"" is a hyponym of ""grant"", making the Head (forgive) a subtype of Tail (grant). Therefore, the hypernym relation (1) would be correct, where Head is a type of Tail. So the relation from Head to Tail is _hypernym (Head is a hyponym of Tail, so the hypernym is Tail). 

Wait the relation names are from the Head to Tail. So if Head (forgive) is a hyponym of Tail (grant), then the relation is that the Head is a type of Tail, so the relation is _hypernym (Head has Tail as hypernym). Therefore, the correct ID is 1. 

But in my first answer I thought 10. Maybe I made a mistake. 

Alternatively, perhaps the verb_group is more accurate. The verb_group connects verbs that are semantically related but not necessarily in a hierarchy. For example, ""buy"" and ""purchase"" would be in the same verb group. Here, ""forgive"" and ""grant"" might be in the same group if they are part of related actions. But ""grant"" is more general. 

Hmm. The critical rules mention Rule B for derivation. But since they aren't derived from the same root, that's out. 

Alternatively, maybe the Tail's definition is ""yield, concede"", but the example uses ""grant"", so perhaps ""grant"" here is a synonym for ""yield"". Wait the Tail's definition is ""yield, be willing to concede; 'I grant you this much'"". So the Tail term is ""grant"" (as a verb meaning to concede or allow). 

So ""forgive"" is an act of granting forgiveness. So ""forgive"" is a type of ""granting"". Therefore, ""forgive"" is a hyponym of ""grant"", so the hypernym relation (1) applies. 

Therefore, the correct answer should be 1. 

Wait but in my first answer I had 10. That was a mistake. So correcting that.

**Predicted Relation:** 1. _hypernym",_verb_group
12954185,12954353,_member_meronym,**Predicted Relation:** 1, 1
00120202,01965156,_derivationally_related_form,"**Predicted Relation:** 11. _similar_to

Wait, actually, after reconsidering, if ""spring"" (noun) and ""leap"" (noun) are synonyms, then hypernym would be if one is a type of the other. But ""spring"" is a specific type of leap (light, self-propelled), so Head is a type of Tail (if Tail is ""leap"" as noun). But the Tail's definition includes the verb form. Since I'm confused about the Tail's part of speech, maybe the safest is _similar_to. Alternatively, if the Tail is the noun, then hypernym. But given the ambiguity, perhaps the answer is _similar_to. However, the initial thought process leaned towards hypernym. Hmm. Wait, the problem might have a mistake, but based on definitions, ""spring"" is a type of leap (as a noun), so hypernym. Therefore, I'll correct to:

**Predicted Relation:** 1. _hypernym",_similar_to
12800832,12800586,_hypernym,**Predicted Relation:** 1, 1
10488016,06055946,_derivationally_related_form,**Predicted Relation:** _member_of_domain_usage,_member_of_domain_usage
13456071,00573247,_derivationally_related_form,**Predicted Relation:** 2, 2
12163649,12164065,_member_meronym,**Predicted Relation:** 1, 1
13448778,13518963,_hypernym,**Predicted Relation:** 4, 4
02258600,01076793,_also_see,**Predicted Relation:** 11, 11
10310903,00007846,_hypernym,**Predicted Relation:** 1. _hypernym,_hypernym
10089615,02527431,_derivationally_related_form,**Predicted Relation:** 2, 2
00010435,00013615,_verb_group,"**Predicted Relation:** 10. _verb_group 

Wait, hold on. Wait, I thought hypernym was the answer. Let me double-check. The Head's definition includes ""act"" in the examples, and the Tail's definition also uses ""act"" in examples like ""He acted the idiot"". But the Tail's definition is about pretending, which is a specific way of acting. So the Tail (pretend) is a type of Head (act). Therefore, Head is the hypernym. So the correct relation is _hypernym (ID 1). But in my first conclusion, I thought of verb_group. Hmm, perhaps confusion here. Let me think again. 

The verb_group relation (option 10) connects verbs that are synonyms or closely related. Since ""act"" (Head) and ""play"" (Tail) can sometimes be used interchangeably in contexts like pretending (e.g., ""act the fool"" vs. ""play the fool""), they might be in a verb group. But according to the definitions, the Head is more general (any behavior), while the Tail is a specific case (pretending). Therefore, hypernym makes sense. The answer should be 1. But maybe I made a mistake here. Alternatively, the Tail's definition says ""play, pretend"", so ""play"" and ""pretend"" are synonyms. The Head is about ""act/behave"". The relation between ""act"" and ""play"" (as in pretend) might be a verb group. Hmm. 

Wait the Head's def includes ""act"" as an example verb, and the Tail's def uses ""play"" and ""acts"" in examples. The Tail's main verb is ""play"" but it's defined as pretending, so perhaps the Head (act/behave) is a broader category, and the Tail is a specific instance. Therefore, hypernym (1) is correct. 

Alternatively, maybe the Tail is a verb that is part of the verb group with the Head. So ""act"" and ""play"" (as in pretend) are in the same verb group. In WordNet, verb groups often include synonyms or very close synonyms. Since ""play"" here is used in the sense of pretending, which is a specific manner of acting, maybe they are in the same verb group. 

This is a bit tricky. Let me check the rules again. Rule A says hypernym if Head is a type of Tail. Wait, no: Rule A says ""_hypernym: Head is a type of Tail."" Wait, no, actually, the hypernym relation is usually parent to child. Wait the wording says: ""_hypernym: Head is a type of Tail."" That would mean Head is a hyponym of Tail. Wait that can't be right. Wait, perhaps there's a confusion here. Let me recheck Rule A. 

Rule A says: 
- _hypernym: Head is a type of Tail. 
Wait that would mean the Head is a subtype of Tail. So if Tail were the broader term. But in our case, the Head (act/behave) is broader, and Tail (pretend) is narrower. Therefore, Tail is a hyponym of Head. So the hypernym relation from Head to Tail would be correct. So Head is hypernym of Tail, so the relation is _hypernym (1). 

Therefore, I think the correct answer is 1. 

Wait but in my initial thought process I had a moment of doubt and considered verb group. Maybe I should stick with hypernym. 

Alternatively, maybe the Tail's definition includes ""play"" which is a separate action, so perhaps the relation is verb_group. 

Alternatively, maybe the examples given in the Tail's definition use ""act"" (e.g., ""He acted the idiot""), which is part of the Head's definition. That might suggest that ""act"" can be used in the sense of the Tail's meaning. So ""act"" (Head) and ""play"" (Tail) are part of the same verb group. 

Hmm. The question is whether ""play"" (as in pretend) is a synonym of ""act"" in some contexts. For example, ""play the role"" vs ""act the role"" are similar. So maybe they are in a verb_group. 

Alternatively, if ""play"" here is a specific case of ""act"", then hypernym. 

The definitions help: Head's def is general behavior, Tail's is pretending. So Tail is a specific manner of acting. So hypernym (Head is hypernym of Tail). 

I think that's the correct answer. So I'll go with 1. 

Wait, but in the initial answer I wrote 10. That was a mistake. Probably due to confusion. The correct is 1. 

Wait but let me check the candidate relations again. The options are:

1. _hypernym

10. _verb_group

The question is, is the Tail a type of Head? Yes. Because pretending is a way of acting. So Head is hypernym. Therefore, the correct relation is 1. 

Yes, so the answer should be 1. 

But in my first draft I had written 10. That was an error. The correct answer is 1. 

**Final Answer**
**Predicted Relation:** 1. _hypernym",_verb_group
01407904,00464894,_synset_domain_topic_of,**Predicted Relation:** _member_meronym,_member_meronym
01726960,01729838,_member_meronym,**Predicted Relation:** 7, 7
04160586,02691156,_hypernym,**Predicted Relation:** 1, 1
04567222,03720163,_hypernym,**Predicted Relation:** 1, 1
00593669,05781145,_derivationally_related_form,**Predicted Relation:** 2, 2
03421768,08199025,_synset_domain_topic_of,**Predicted Relation:** 5, 5
02238743,01759182,_hypernym,**Predicted Relation:** 1, 1
00378479,02761685,_derivationally_related_form,**Predicted Relation:** 11, 11
00162632,01021420,_derivationally_related_form,**Predicted Relation:** 2, 2
09117351,09453288,_has_part,**Predicted Relation:** 7, 7
00296178,00999787,_derivationally_related_form,**Predicted Relation:** 2, 2
06363778,06349220,_hypernym,**Predicted Relation:** 1, 1
00812580,09997404,_derivationally_related_form,**Predicted Relation:** 2, 2
02494356,02495038,_hypernym,**Predicted Relation:** 1, 1
01315581,02533075,_derivationally_related_form,**Predicted Relation:** 1, 1
06688522,02356567,_derivationally_related_form,**Predicted Relation:** 2, 2
06822198,00983333,_derivationally_related_form,**Predicted Relation:** 2, 2
01771966,01342529,_hypernym,**Predicted Relation:** 1. _hypernym,_hypernym
01072780,01182293,_derivationally_related_form,**Predicted Relation:** 10, 10
06232880,06224136,_hypernym,**Predicted Relation:** 7, 7
00614057,10007109,_derivationally_related_form,**Predicted Relation:** 11, 11
00367685,00146856,_derivationally_related_form,**Predicted Relation:** 2, 2
01089137,01088923,_hypernym,**Predicted Relation:** 10, 10
01126051,07298154,_derivationally_related_form,**Predicted Relation:** 2, 2
12150447,12149751,_hypernym,**Predicted Relation:** 5, 5
05519085,05520699,_has_part,**Predicted Relation:** 7, 7
13751829,13745420,_hypernym,**Predicted Relation:** 1, 1
01627947,01627355,_hypernym,**Predicted Relation:** 10, 10
04990525,04990220,_hypernym,**Predicted Relation:** 4, 4
12396924,02949691,_has_part,**Predicted Relation:** 5, 5
09911849,04878646,_derivationally_related_form,**Predicted Relation:** 5, 5
00673710,00176618,_derivationally_related_form,**Predicted Relation:** 2, 2
11705921,11706325,_member_meronym,**Predicted Relation:** 1, 1
07560903,07560652,_hypernym,**Predicted Relation:** 1, 1
14319454,14299637,_hypernym,**Predicted Relation:** 1, 1
11322178,10599806,_instance_hypernym,**Predicted Relation:** 3, 3
09282724,00511855,_derivationally_related_form,**Predicted Relation:** 2, 2
12134025,12141495,_hypernym,**Predicted Relation:** 1, 1
01454636,04495843,_derivationally_related_form,**Predicted Relation:** 2, 2
11692952,11739530,_member_meronym,**Predicted Relation:** 1, 1
02491107,02490219,_hypernym,**Predicted Relation:** 1, 1
01745536,00652659,_derivationally_related_form,**Predicted Relation:** 2, 2
12759496,11567411,_hypernym,**Predicted Relation:** 1. _hypernym,_hypernym
11766609,11773860,_member_meronym,**Predicted Relation:** 1, 1
00082714,00078760,_hypernym,**Predicted Relation:** 1. _hypernym,_hypernym
00392950,01351170,_derivationally_related_form,**Predicted Relation:** 2, 2
15015501,00504901,_derivationally_related_form,**Predicted Relation:** 2, 2
04429756,03082979,_synset_domain_topic_of,**Predicted Relation:** 6, 6
08025497,08392137,_instance_hypernym,**Predicted Relation:** 3, 3
09904057,10372373,_hypernym,**Predicted Relation:** 1, 1
02460684,01864707,_hypernym,**Predicted Relation:** 1. _hypernym,_hypernym
02434238,08008335,_derivationally_related_form,**Predicted Relation:** 1, 1
01313411,00214951,_hypernym,**Predicted Relation:** 1, 1
01023820,02372605,_derivationally_related_form,**Predicted Relation:** 2, 2
04119892,02362798,_derivationally_related_form,**Predicted Relation:** 2. _derivationally_related_form,_derivationally_related_form
00119873,00109660,_hypernym,**Predicted Relation:** 10, 10
11651259,11653323,_member_meronym,**Predicted Relation:** 1, 1
09049303,09112282,_has_part,**Predicted Relation:** 7, 7
01743217,10413834,_derivationally_related_form,**Predicted Relation:** 2, 2
00775943,00796886,_hypernym,**Predicted Relation:** 1. _hypernym,_hypernym
01487311,02924023,_derivationally_related_form,**Predicted Relation:** 2, 2
13140699,13143930,_member_meronym,**Predicted Relation:** 1, 1
13289845,13384557,_hypernym,**Predicted Relation:** 1, 1
07990956,01503061,_member_meronym,**Predicted Relation:** 7, 7
00883226,07229530,_derivationally_related_form,**Predicted Relation:** 1, 1
02418872,00638981,_also_see,**Predicted Relation:** _similar_to,_similar_to
00945401,00407535,_hypernym,**Predicted Relation:** 1. _hypernym,_hypernym
15224293,08441203,_synset_domain_topic_of,**Predicted Relation:** 1, 1
01726390,01751621,_member_meronym,**Predicted Relation:** 1, 1
09934921,13384557,_derivationally_related_form,**Predicted Relation:** 2, 2
03457793,03461119,_hypernym,**Predicted Relation:** 1, 1
05088804,05083328,_hypernym,**Predicted Relation:** 1, 1
00827379,01271189,_derivationally_related_form,**Predicted Relation:** 11, 11
05706954,05706629,_hypernym,**Predicted Relation:** 1, 1
06990000,06986558,_hypernym,**Predicted Relation:** 1, 1
00535844,07829412,_derivationally_related_form,**Predicted Relation:** 2, 2
08163273,08163792,_hypernym,**Predicted Relation:** 1, 1
02950482,03467984,_hypernym,**Predicted Relation:** 1, 1
01733213,00543233,_synset_domain_topic_of,**Predicted Relation:** 1, 1
11864602,11565385,_hypernym,**Predicted Relation:** 1, 1
08860123,10525878,_member_of_domain_region,**Predicted Relation:** 5, 5
10386071,00007846,_hypernym,**Predicted Relation:** _hypernym,_hypernym
02249018,06356515,_derivationally_related_form,**Predicted Relation:** 5, 5
02499178,01864707,_hypernym,**Predicted Relation:** 1. _hypernym,_hypernym
00366691,04975340,_derivationally_related_form,**Predicted Relation:** 1. _hypernym,_hypernym
00505151,00126264,_hypernym,**Predicted Relation:** 1. _hypernym,_hypernym
08730550,09316454,_instance_hypernym,**Predicted Relation:** 5, 5
04635631,04616059,_hypernym,**Predicted Relation:** 1, 1
08594886,08199025,_synset_domain_topic_of,**Predicted Relation:** 5, 5
03350602,00454237,_synset_domain_topic_of,**Predicted Relation:** _member_meronym,_member_meronym
12546015,12546962,_member_meronym,**Predicted Relation:** 1, 1
07398097,02186506,_derivationally_related_form,**Predicted Relation:** 2, 2
02446352,02445715,_hypernym,**Predicted Relation:** 1, 1
03598151,03381776,_hypernym,**Predicted Relation:** 1, 1
00552253,00126264,_hypernym,**Predicted Relation:** 1. _hypernym,_hypernym
01877620,01835496,_hypernym,"**Predicted Relation:** 10. _verb_group

Wait, hold on. Let me double-check. Earlier reasoning suggested hypernym (1), but the final answer here says 10. Maybe a mistake? Let me re-express:

Wait the user's definitions:

Head: ""swing, change direction with a swinging motion; turn; ""swing back""; ""swing forward""

Tail: ""travel, change location; move, travel, or proceed, also metaphorically...""

""Swing"" is a type of movement, so Tail's definition includes ""move"" as part of its definition. So ""swing"" is a hyponym of ""move"", making ""move"" the hypernym. Therefore, Head (swing) is a type of Tail (move), so the relation is _hypernym (ID 1). The previous final answer was incorrect. Correcting:

**Predicted Relation:** 1. _hypernym

But the user's output requires only the ID number. So the correct answer should be 1. But why did I initially think verb_group? Maybe confusion. Let me confirm:

Verb_group is for verbs that are inflections or closely related forms, but ""swing"" and ""travel"" aren't. So yes, hypernym is correct. So the answer is 1.
</think>

**Predicted Relation:** 1. _hypernym",_verb_group
02547225,14440137,_derivationally_related_form,**Predicted Relation:** 2, 2
02129709,05656537,_derivationally_related_form,**Predicted Relation:** 2, 2
08293982,08008335,_hypernym,**Predicted Relation:** 1, 1
02067100,02067240,_member_meronym,**Predicted Relation:** 1, 1
07118002,00951206,_derivationally_related_form,**Predicted Relation:** 2, 2
14947807,00523436,_derivationally_related_form,**Predicted Relation:** 2, 2
13949576,02099774,_derivationally_related_form,**Predicted Relation:** 2, 2
12646950,13112664,_hypernym,**Predicted Relation:** 1, 1
01775879,01781274,_member_meronym,**Predicted Relation:** 1, 1
10268629,08375526,_derivationally_related_form,**Predicted Relation:** _member_meronym,_member_meronym
13444131,13446390,_hypernym,**Predicted Relation:** 1, 1
01683724,01656813,_hypernym,**Predicted Relation:** 1. _hypernym,_hypernym
00549472,00549284,_hypernym,**Predicted Relation:** 11, 11
08842258,09203827,_instance_hypernym,**Predicted Relation:** 3, 3
09409203,00002684,_hypernym,**Predicted Relation:** 1, 1
10433164,01941093,_derivationally_related_form,**Predicted Relation:** 2, 2
00607405,05996646,_derivationally_related_form,**Predicted Relation:** 2, 2
02271740,01759182,_hypernym,**Predicted Relation:** 1, 1
10084295,15147330,_derivationally_related_form,**Predicted Relation:** 6, 6
01485158,01103788,_derivationally_related_form,**Predicted Relation:** 2, 2
10384214,06073494,_derivationally_related_form,**Predicted Relation:** 2, 2
00422551,00421437,_hypernym,**Predicted Relation:** 1. _hypernym,_hypernym
01401772,01400044,_hypernym,**Predicted Relation:** 1. _hypernym,_hypernym
05313535,05254795,_hypernym,**Predicted Relation:** _member_meronym,_member_meronym
00354634,01859221,_hypernym,"**Predicted Relation:** 10. _verb_group

Wait, hold on. Let me reevaluate. The user might have different reasoning. Let me think again. 

The Head's definition is about arresting motion abruptly, which is a specific way of stopping. The Tail is ""stop, cause to stop."" So ""check"" (head) is a type of ""stop"" (tail). Therefore, the hypernym relation would be Tail is the hypernym of Head. So the correct relation is _hypernym (ID 1). The previous thought of verb group might not be right because they are in the same verb category but with a hierarchy. 

Hmm, maybe I confused the direction. The relation is from Head to Tail. So if Head is a type of Tail, then the relation is _hypernym (Head is a hyponym of Tail, so the hypernym is Tail). Therefore, the correct answer is 1. 

I think I made a mistake earlier. The correct answer should be 1. _hypernym. So I'll correct that.

**Predicted Relation:** 1. _hypernym",_verb_group
03196324,03082979,_hypernym,**Predicted Relation:** 1, 1
03894051,03003730,_hypernym,**Predicted Relation:** 1. _hypernym,_hypernym
01109863,00959992,_derivationally_related_form,**Predicted Relation:** 2, 2
05075602,02333689,_derivationally_related_form,**Predicted Relation:** 2, 2
01453433,02677797,_also_see,**Predicted Relation:** 2, 2
02499312,02501738,_hypernym,**Predicted Relation:** 10, 10
11527967,11419404,_hypernym,**Predicted Relation:** 1, 1
01190561,08441203,_synset_domain_topic_of,**Predicted Relation:** 6, 6
12619306,12623368,_member_meronym,**Predicted Relation:** 7, 7
03004824,03024064,_has_part,**Predicted Relation:** 7, 7
02058794,02094755,_also_see,**Predicted Relation:** 11, 11
10502950,01155044,_derivationally_related_form,**Predicted Relation:** 2, 2
00471277,00557588,_hypernym,**Predicted Relation:** 8, 8
00834198,01642924,_derivationally_related_form,**Predicted Relation:** 2, 2
05893653,05833840,_hypernym,**Predicted Relation:** 1, 1
01068012,01066163,_hypernym,**Predicted Relation:** 1, 1
06503224,00277399,_derivationally_related_form,**Predicted Relation:** 2. _derivationally_related_form,_derivationally_related_form
11799732,11800236,_has_part,**Predicted Relation:** 7, 7
13248928,13248393,_hypernym,**Predicted Relation:** 1, 1
09790482,00644583,_derivationally_related_form,**Predicted Relation:** 2, 2
09767197,01095899,_derivationally_related_form,**Predicted Relation:** _hypernym,_hypernym
14084880,14052403,_hypernym,**Predicted Relation:** 1, 1
04692908,04692157,_hypernym,**Predicted Relation:** 1, 1
00653719,00634586,_hypernym,**Predicted Relation:** 1, 1
11947251,13118707,_hypernym,**Predicted Relation:** 11, 11
00427397,02609764,_hypernym,"**Predicted Relation:** 10. _verb_group

Wait, hold on. I thought it was hypernym. Wait, the user said to output only the answer. Let me recheck.

Wait, in my reasoning I concluded hypernym (1), but in the last line I mistakenly wrote 10. That's a mistake. The correct answer based on reasoning should be 1. But let me check again.

Wait the options are numbered 1-11. The hypernym is option 1. So the correct answer is 1. But maybe I made a mistake here. Alternatively, maybe verb_group (10) is better?

Wait, ""verb_group"" is for verbs that are related in meaning but not necessarily hierarchy. Since ""vanish"" and ""terminate"" are both about ending but in different aspects, maybe they are in the same verb group. But the question asks for the correct relation. 

Alternatively, perhaps ""similar_to"" (11) is better. Hmm. 

Wait, the definitions: ""vanish"" is to cease to exist, while ""terminate"" is to have an end. The key is that ""vanish"" is a specific kind of termination (ending existence). So hypernym would be correct: vanish is a type of terminate. So the Head (vanish) is a hyponym of Tail (terminate), so the relation from Head to Tail is hypernym (1). 

Therefore the correct answer should be 1. The initial mistake was a typo. So the correct output is:

**Predicted Relation:** 1

But I need to make sure. Let me check again. 

Alternatively, maybe ""similar_to"" is possible if they are synonyms but not in a hierarchy. However, ""vanish"" is more specific. So hypernym is better. Therefore the correct answer is 1.
</think>

**Predicted Relation:** 1",_verb_group
02196690,07828987,_derivationally_related_form,**Predicted Relation:** 2, 2
13192025,13199244,_member_meronym,**Predicted Relation:** 1, 1
03066658,10978098,_derivationally_related_form,**Predicted Relation:** 2, 2
02676789,02707429,_verb_group,**Predicted Relation:** 1, 1
00527367,01159964,_derivationally_related_form,**Predicted Relation:** 2. _derivationally_related_form,_derivationally_related_form
08977948,08978161,_has_part,**Predicted Relation:** 5, 5
00246217,00247390,_hypernym,**Predicted Relation:** 10, 10
00650353,04748836,_derivationally_related_form,**Predicted Relation:** 2, 2
12150969,12150028,_hypernym,**Predicted Relation:** 1, 1
09454265,09215664,_instance_hypernym,**Predicted Relation:** 3, 3
01402381,01402169,_member_meronym,**Predicted Relation:** 1, 1
12538603,12540250,_member_meronym,**Predicted Relation:** 1, 1
01438720,01440344,_member_meronym,**Predicted Relation:** 1, 1
00363052,00362659,_hypernym,**Predicted Relation:** 1, 1
07705931,13134947,_hypernym,**Predicted Relation:** 1, 1
08860123,13249245,_member_of_domain_region,**Predicted Relation:** 7, 7
07193184,00788184,_derivationally_related_form,**Predicted Relation:** 2, 2
00514871,00248063,_derivationally_related_form,**Predicted Relation:** 2, 2
08860123,03476684,_member_of_domain_region,**Predicted Relation:** 4, 4
07298154,02596493,_derivationally_related_form,**Predicted Relation:** 2, 2
09683306,09682291,_hypernym,**Predicted Relation:** 1, 1
07974025,00739662,_derivationally_related_form,**Predicted Relation:** 8, 8
13550089,06055946,_synset_domain_topic_of,**Predicted Relation:** 6, 6
02038791,05068080,_derivationally_related_form,**Predicted Relation:** 2, 2
02157557,05470189,_hypernym,**Predicted Relation:** 1. _hypernym,_hypernym
00085626,03673594,_derivationally_related_form,**Predicted Relation:** 8, 8
07331210,07427337,_hypernym,**Predicted Relation:** 1, 1
12423565,12445848,_member_meronym,**Predicted Relation:** 1, 1
00138599,01431879,_derivationally_related_form,**Predicted Relation:** 11, 11
03499142,03290771,_hypernym,**Predicted Relation:** 1, 1
01394464,00358290,_derivationally_related_form,**Predicted Relation:** 1. _hypernym,_hypernym
09375693,09360122,_instance_hypernym,**Predicted Relation:** 7, 7
02346823,01862557,_hypernym,**Predicted Relation:** 1, 1
01751979,01752165,_member_meronym,**Predicted Relation:** 1, 1
02104882,02104523,_hypernym,**Predicted Relation:** 1, 1
00566895,00126264,_hypernym,**Predicted Relation:** 1, 1
13812607,10236304,_derivationally_related_form,**Predicted Relation:** 5, 5
04062179,03579982,_hypernym,**Predicted Relation:** 1, 1
08000304,02727039,_derivationally_related_form,**Predicted Relation:** 11, 11
01369346,01259691,_also_see,**Predicted Relation:** 10, 10
03845550,04074482,_hypernym,**Predicted Relation:** 1, 1
03009269,01949817,_derivationally_related_form,**Predicted Relation:** 4, 4
01987353,01987545,_member_meronym,**Predicted Relation:** 1, 1
01736569,01736796,_member_meronym,**Predicted Relation:** 1. _hypernym,_hypernym
08419163,02210855,_derivationally_related_form,**Predicted Relation:** 8, 8
00330003,00328802,_hypernym,**Predicted Relation:** 1, 1
00476389,00457228,_has_part,**Predicted Relation:** 7, 7
12551457,13104059,_hypernym,**Predicted Relation:** 1, 1
00252019,13489037,_derivationally_related_form,**Predicted Relation:** 1. _hypernym,_hypernym
10070711,10047459,_hypernym,**Predicted Relation:** 11, 11
01547641,01494310,_hypernym,**Predicted Relation:** 1, 1
00925873,00545557,_verb_group,**Predicted Relation:** 2, 2
12586110,11556857,_hypernym,**Predicted Relation:** 1, 1
00331102,02753255,_derivationally_related_form,**Predicted Relation:** 2, 2
12166128,12157769,_hypernym,**Predicted Relation:** 1, 1
15153787,15144371,_hypernym,**Predicted Relation:** 1, 1
02504131,00123170,_derivationally_related_form,**Predicted Relation:** 2, 2
01662771,03779621,_derivationally_related_form,**Predicted Relation:** 2, 2
01680836,06102476,_derivationally_related_form,**Predicted Relation:** 2, 2
09797113,00720808,_derivationally_related_form,**Predicted Relation:** 11, 11
00382493,07416441,_derivationally_related_form,**Predicted Relation:** 2, 2
10141590,10373998,_hypernym,**Predicted Relation:** 1. _hypernym,_hypernym
06770875,06722453,_hypernym,**Predicted Relation:** 1, 1
12515711,12515925,_has_part,**Predicted Relation:** _member_meronym,_member_meronym
01086103,10542888,_derivationally_related_form,**Predicted Relation:** 2, 2
10299700,01430633,_derivationally_related_form,**Predicted Relation:** 2, 2
00785962,10207831,_derivationally_related_form,**Predicted Relation:** 2, 2
00768778,00159899,_derivationally_related_form,**Predicted Relation:** 2, 2
01955127,00061290,_derivationally_related_form,**Predicted Relation:** 2, 2
01941987,00300441,_synset_domain_topic_of,**Predicted Relation:** 1, 1
03536348,01661804,_derivationally_related_form,**Predicted Relation:** 2, 2
00365188,00126264,_hypernym,**Predicted Relation:** 1. _hypernym,_hypernym
02769290,03996416,_hypernym,**Predicted Relation:** 1. _hypernym,_hypernym
01921204,00291965,_derivationally_related_form,**Predicted Relation:** 2, 2
01180695,01557614,_also_see,**Predicted Relation:** 11, 11
02690093,02655135,_hypernym,**Predicted Relation:** 10, 10
12185078,11575425,_hypernym,**Predicted Relation:** 1, 1
10661563,06249177,_derivationally_related_form,**Predicted Relation:** 2, 2
02072673,04055180,_derivationally_related_form,**Predicted Relation:** 2, 2
02593107,02413480,_hypernym,**Predicted Relation:** 1, 1
08860123,05909384,_member_of_domain_region,**Predicted Relation:** 9, 9
08860123,10229721,_member_of_domain_region,**Predicted Relation:** 9, 9
07110615,10599806,_derivationally_related_form,**Predicted Relation:** 2, 2
01323338,15032376,_derivationally_related_form,**Predicted Relation:** 2, 2
14547369,01017738,_derivationally_related_form,**Predicted Relation:** 2, 2
12511046,11585340,_hypernym,**Predicted Relation:** 1, 1
00431610,00140123,_hypernym,**Predicted Relation:** 1, 1
00928015,00831651,_hypernym,**Predicted Relation:** 10, 10
00058645,00056930,_hypernym,**Predicted Relation:** 10. _verb_group,_verb_group
00006238,00104868,_hypernym,**Predicted Relation:** 1. _hypernym,_hypernym
12423565,12443144,_member_meronym,**Predicted Relation:** 5, 5
01084866,01084588,_verb_group,**Predicted Relation:** 11, 11
02431337,02431122,_hypernym,**Predicted Relation:** 1, 1
00028651,00027167,_has_part,**Predicted Relation:** 7, 7
03649909,01319562,_derivationally_related_form,**Predicted Relation:** 2. _derivationally_related_form,_derivationally_related_form
09977520,00974786,_derivationally_related_form,**Predicted Relation:** 2, 2
10745332,09863238,_hypernym,**Predicted Relation:** 1, 1
12932532,11585340,_hypernym,**Predicted Relation:** 1. _hypernym,_hypernym
00318816,03281935,_derivationally_related_form,**Predicted Relation:** 2, 2
01012712,00483801,_derivationally_related_form,**Predicted Relation:** 11, 11
01690294,00933420,_synset_domain_topic_of,**Predicted Relation:** 1. _hypernym,_hypernym
12787565,12791539,_member_meronym,**Predicted Relation:** 1, 1
11911591,11938977,_member_meronym,**Predicted Relation:** 1, 1
02642634,01767661,_derivationally_related_form,**Predicted Relation:** _derivationally_related_form,_derivationally_related_form
01884348,01884476,_member_meronym,**Predicted Relation:** 1. _hypernym,_hypernym
01408153,00464894,_synset_domain_topic_of,**Predicted Relation:** _member_meronym,_member_meronym
00699626,06511874,_derivationally_related_form,**Predicted Relation:** 2, 2
00061079,00060833,_hypernym,**Predicted Relation:** 1, 1
02708224,03082979,_hypernym,**Predicted Relation:** 1, 1
14094068,14058563,_hypernym,**Predicted Relation:** 1, 1
01521367,07443010,_derivationally_related_form,**Predicted Relation:** 2, 2
01118081,00788821,_derivationally_related_form,**Predicted Relation:** 2, 2
00065070,14324274,_derivationally_related_form,**Predicted Relation:** 2, 2
05407119,05404728,_hypernym,**Predicted Relation:** 1, 1
09993252,01997862,_derivationally_related_form,**Predicted Relation:** 2, 2
13631037,13601596,_hypernym,**Predicted Relation:** 1, 1
02245993,02244956,_verb_group,**Predicted Relation:** 10, 10
08293490,07951464,_hypernym,**Predicted Relation:** 1, 1
07519773,01782650,_derivationally_related_form,**Predicted Relation:** 11, 11
00996969,00489837,_derivationally_related_form,**Predicted Relation:** 1, 1
01728840,03565402,_derivationally_related_form,**Predicted Relation:** 2, 2
09207288,08848094,_has_part,**Predicted Relation:** 7, 7
00024279,00022686,_hypernym,**Predicted Relation:** 10, 10
02686952,13913427,_derivationally_related_form,**Predicted Relation:** 2, 2
01999374,01999767,_member_meronym,**Predicted Relation:** 1, 1
00201407,00751145,_derivationally_related_form,**Predicted Relation:** 1, 1
07335414,00388635,_derivationally_related_form,**Predicted Relation:** 11, 11
02129289,02156225,_verb_group,**Predicted Relation:** 10, 10
09411430,09475292,_has_part,**Predicted Relation:** 7, 7
09761403,00618734,_derivationally_related_form,**Predicted Relation:** 5, 5
05936704,05928118,_hypernym,**Predicted Relation:** 1. _hypernym,_hypernym
11708181,11708442,_member_meronym,**Predicted Relation:** 4, 4
02711835,03390983,_derivationally_related_form,**Predicted Relation:** 2, 2
14770838,04528630,_hypernym,**Predicted Relation:** 1, 1
02461701,01864707,_hypernym,**Predicted Relation:** 1. _hypernym,_hypernym
02589576,09906538,_derivationally_related_form,**Predicted Relation:** 11, 11
00239321,00109660,_hypernym,**Predicted Relation:** 1. _hypernym,_hypernym
01237872,00405236,_derivationally_related_form,**Predicted Relation:** 2. _derivationally_related_form,_derivationally_related_form
00842692,02765692,_derivationally_related_form,**Predicted Relation:** 2. _derivationally_related_form,_derivationally_related_form
02394822,01862557,_hypernym,**Predicted Relation:** 1, 1
08976913,08524735,_instance_hypernym,**Predicted Relation:** 3, 3
00217700,07364115,_derivationally_related_form,**Predicted Relation:** 2, 2
01704953,00929718,_synset_domain_topic_of,**Predicted Relation:** 1, 1
00720565,02382087,_derivationally_related_form,**Predicted Relation:** 7, 7
06295235,03688192,_member_of_domain_usage,**Predicted Relation:** 3, 3
08230679,08227214,_hypernym,**Predicted Relation:** 1, 1
06498569,06836714,_member_meronym,**Predicted Relation:** 7, 7
01600909,01507175,_hypernym,**Predicted Relation:** 1, 1
02952109,03309808,_hypernym,**Predicted Relation:** 7, 7
12915400,11566230,_hypernym,**Predicted Relation:** 1, 1
12536665,11585340,_hypernym,**Predicted Relation:** 1. _hypernym,_hypernym
08847694,09044190,_has_part,**Predicted Relation:** 7, 7
05826469,00667942,_derivationally_related_form,**Predicted Relation:** 2, 2
06451891,06433249,_has_part,**Predicted Relation:** 7, 7
02844728,03089348,_derivationally_related_form,**Predicted Relation:** 2, 2
11335878,10323182,_instance_hypernym,**Predicted Relation:** 3, 3
01809064,00725274,_hypernym,"**Predicted Relation:** 10. _verb_group

Wait, hold on. Wait, in my reasoning I thought hypernym (1) was correct. But let me double-check. The Head's definition is a more intense form of surprise. So if Tail is the general action (surprise), then Head is a hyponym of Tail. Therefore, hypernym would mean Tail is the hypernym, and Head is a type of it. So the relation from Head to Tail would be _hypernym? No, hypernym is when Head is a type of Tail. So if Head (surprise greatly) is a type of Tail (surprise), then Tail is the hypernym of Head. But the question asks for the relation connecting Head to Tail. So the correct relation would be Head is a hyponym of Tail, meaning the relation from Head to Tail is _hypernym? Wait, no. Hypernym is the reverse. If Head is a type of Tail, then Tail is the hypernym of Head. So the relation from Head to Tail would be ""is a type of"", which is hypernym? Wait no, hypernym is the parent term. So the relation from Head to Tail would be ""is a hyponym of"", but the available options include ""_hypernym"" which would mean Head is a hypernym of Tail. That would be incorrect. Wait maybe I got it backwards. Let me clarify:

Rule A says: ""_hypernym: Head is a type of Tail."" So if Head (surprise greatly) is a type of Tail (surprise), then the correct relation is _hypernym? Wait no, that would mean that Head is a hypernym of Tail, which is the opposite. Because hypernym is when the Tail is the broader term. Wait the wording in Rule A says: ""_hypernym: Head is a type of Tail."" So if Head is a type of Tail, then the hypernym relation is from Head to Tail. For example, if Head is ""dog"" and Tail is ""animal"", then ""dog"" is a type of ""animal"", so the hypernym relation would be dog → animal with _hypernym. So in this case, since ""take aback"" (Head) is a specific way of surprising (Tail), then Head is a type of Tail. Therefore, the correct relation is _hypernym (option 1). 

Earlier I thought the answer was 10, but that's incorrect. The verb_group is for verbs that are inflections or closely related in form. Since ""take aback"" and ""surprise"" are different phrasal verbs but semantically related, maybe verb_group (10) is possible. But according to Rule A, the hypernym relation fits better because it's a type-of relationship. So the correct answer should be 1. _hypernym. But I initially thought 10. Hmm. Alternatively, maybe ""verb_group"" refers to verbs that are semantically related in meaning. Let me think again. 

The Tail's definition is ""surprise, cause to be surprised"", and the Head's is a more intense form. So they are in the same verb group, meaning they are synonyms or closely related verbs. The ""_verb_group"" relation (10) is for verbs that are part of the same semantic group, like synonyms. So ""surprise"" and ""astonish"" would be in a verb group. In that case, maybe _similar_to (11) or _verb_group (10). 

Alternatively, if ""take aback"" is a phrasal verb form of surprise, maybe derivation? But derivation is for words from same root, like ""surprise"" (noun) and ""surprised"" (adj). Since ""take aback"" is a different phrase, not derived from the same root. 

So between hypernym (Head is a type of Tail) and verb_group (they are in same group). The hypernym relation seems correct because ""take aback"" is a specific instance of ""surprise"". So the answer should be 1. _hypernym. 

Wait but in the definitions, the Tail's def is ""surprise, cause to be surprised"", which is almost the same as Head's but more general. So Head's action is a stronger form of Tail's action. So Head is a hyponym of Tail, so the relation from Head to Tail is hypernym. Therefore the correct ID is 1. 

I think I made a mistake earlier. The correct answer is 1.
</think>

**Predicted Relation:** 1. _hypernym",_verb_group
07849336,07555863,_hypernym,**Predicted Relation:** _hypernym,_hypernym
00824066,06711855,_derivationally_related_form,**Predicted Relation:** 2, 2
01538161,01534147,_hypernym,**Predicted Relation:** 11, 11
00443670,09260466,_derivationally_related_form,**Predicted Relation:** 1, 1
12226322,12233759,_member_meronym,**Predicted Relation:** 1, 1
05802547,00642644,_derivationally_related_form,**Predicted Relation:** 10, 10
01677387,01675963,_hypernym,**Predicted Relation:** 1, 1
08154960,08153437,_hypernym,**Predicted Relation:** 3, 3
14557898,06043075,_synset_domain_topic_of,**Predicted Relation:** 6, 6
07409475,01892104,_derivationally_related_form,**Predicted Relation:** 1. _hypernym,_hypernym
08761868,08691669,_instance_hypernym,**Predicted Relation:** 3, 3
06440937,06394865,_instance_hypernym,**Predicted Relation:** 3, 3
02460684,02460817,_member_meronym,**Predicted Relation:** 1, 1
00766234,00745005,_hypernym,**Predicted Relation:** 1, 1
09027089,08633957,_instance_hypernym,**Predicted Relation:** 3, 3
08761244,08762104,_has_part,**Predicted Relation:** 7, 7
14888310,14731135,_hypernym,**Predicted Relation:** 1. _hypernym,_hypernym
05271814,05269901,_hypernym,**Predicted Relation:** 1, 1
12678548,07765208,_has_part,**Predicted Relation:** 7, 7
01823279,01507175,_hypernym,**Predicted Relation:** 1. _hypernym,_hypernym
09069862,09070363,_has_part,**Predicted Relation:** 7, 7
02585489,10379758,_derivationally_related_form,**Predicted Relation:** 11, 11
11924014,11672400,_hypernym,**Predicted Relation:** 1, 1
14526182,14524849,_hypernym,**Predicted Relation:** 1, 1
07714078,07713895,_hypernym,**Predicted Relation:** _hypernym,_hypernym
00194645,00191142,_hypernym,**Predicted Relation:** 1, 1
11942366,11942487,_member_meronym,**Predicted Relation:** 1, 1
11771383,11567411,_hypernym,**Predicted Relation:** 1. _hypernym,_hypernym
10484858,08441203,_synset_domain_topic_of,**Predicted Relation:** 6, 6
10033082,00047945,_derivationally_related_form,**Predicted Relation:** 8, 8
05059830,02369633,_derivationally_related_form,**Predicted Relation:** 2, 2
02694933,00918872,_hypernym,**Predicted Relation:** 10, 10
05780104,00692329,_derivationally_related_form,**Predicted Relation:** 1, 1
03763403,03763133,_hypernym,**Predicted Relation:** 1, 1
01079480,01080691,_verb_group,**Predicted Relation:** 10, 10
04143712,03265874,_hypernym,**Predicted Relation:** 1, 1
09114696,09115315,_has_part,**Predicted Relation:** 7, 7
11067885,10515194,_instance_hypernym,**Predicted Relation:** 3, 3
00879540,02401523,_hypernym,"**Predicted Relation:** 10. _verb_group 

Wait, hold on. Wait, I might have made a mistake here. Let me think again. The Head's definition is ""put up, propose as a candidate for some honor."" The Tail's definition includes ""nominate for appointment to an office or for an honor or position."" So ""propose as a candidate for honor"" is a specific instance of the Tail's ""nominate for an honor."" That would make the Head a hyponym of the Tail. So the Head is a type of Tail. Therefore, the hypernym relation from Head to Tail would be correct (Head is a type of Tail), so the relation should be _hypernym (option 1). But earlier I thought maybe verb_group. Hmm. 

Alternatively, the Tail's definition includes ""propose"" and ""nominate,"" while the Head is ""put up"" as part of its definition. ""Put up"" and ""propose"" might be synonyms in this context. So maybe they are in the same verb group. The verb_group relation (option 10) connects verbs that are similar in meaning. Since ""put up"" and ""propose"" (as in nominate) are very close, maybe that's better. But the Tail's definition explicitly mentions nominate, which is a direct synonym for the Head's action. 

Wait the Head's definition is ""propose as a candidate for some honor,"" which is exactly what the Tail's definition includes (nominate for an honor). So the Head is a specific case of the Tail. So hypernym would be correct. So the answer should be 1. 

I think the initial thought process had a confusion between hypernym and verb_group. The correct answer is hypernym (1). 

**Predicted Relation:** 1. _hypernym",_verb_group
12366313,13123431,_hypernym,**Predicted Relation:** 1, 1
07075172,08245425,_member_of_domain_usage,**Predicted Relation:** 8, 8
02619738,02619861,_member_meronym,**Predicted Relation:** 1, 1
07170753,00623151,_derivationally_related_form,**Predicted Relation:** 2, 2
01331237,01329239,_hypernym,**Predicted Relation:** 1. _hypernym,_hypernym
05958427,05943300,_hypernym,**Predicted Relation:** 1, 1
05186306,08441203,_synset_domain_topic_of,**Predicted Relation:** 5, 5
01042531,00907930,_verb_group,**Predicted Relation:** 11, 11
02760658,00181476,_derivationally_related_form,**Predicted Relation:** 2, 2
02397637,00373544,_derivationally_related_form,**Predicted Relation:** 1, 1
01973125,03693973,_derivationally_related_form,**Predicted Relation:** 2, 2
07143137,00876665,_derivationally_related_form,**Predicted Relation:** 2, 2
12118414,12135898,_hypernym,**Predicted Relation:** 11, 11
01176931,10349243,_derivationally_related_form,**Predicted Relation:** 2, 2
08960987,09721244,_member_meronym,**Predicted Relation:** 2, 2
02771320,14215331,_derivationally_related_form,**Predicted Relation:** 2, 2
02310895,05074057,_derivationally_related_form,**Predicted Relation:** 2. _derivationally_related_form,_derivationally_related_form
00591622,09984298,_derivationally_related_form,**Predicted Relation:** 1, 1
10141811,10162991,_hypernym,**Predicted Relation:** 1, 1
03353281,03405725,_hypernym,**Predicted Relation:** 1, 1
12673178,12673328,_member_meronym,**Predicted Relation:** 1, 1
08645212,08644722,_hypernym,**Predicted Relation:** 1. _hypernym,_hypernym
12860254,11579418,_hypernym,**Predicted Relation:** 1, 1
02581957,07778938,_has_part,**Predicted Relation:** 7, 7
00159880,05751794,_derivationally_related_form,**Predicted Relation:** 2, 2
00879764,00753428,_hypernym,**Predicted Relation:** 10, 10
14687513,00291873,_derivationally_related_form,**Predicted Relation:** 2, 2
01726879,01726172,_hypernym,**Predicted Relation:** 10, 10
00784727,00784342,_verb_group,**Predicted Relation:** 10, 10
01938155,01938312,_member_meronym,**Predicted Relation:** 5, 5
01504699,00622266,_derivationally_related_form,**Predicted Relation:** 2, 2
12411084,12418356,_member_meronym,**Predicted Relation:** 1, 1
10383689,10631941,_hypernym,**Predicted Relation:** 1, 1
02044278,00295172,_derivationally_related_form,**Predicted Relation:** 1, 1
05747582,05733583,_hypernym,**Predicted Relation:** 1, 1
01465994,08102555,_hypernym,**Predicted Relation:** 1, 1
02585489,01803003,_hypernym,**Predicted Relation:** 1, 1
08921850,08925957,_has_part,**Predicted Relation:** 7, 7
03974671,04548771,_hypernym,**Predicted Relation:** 1, 1
06954183,06953731,_hypernym,**Predicted Relation:** 1. _hypernym,_hypernym
13573181,00379774,_derivationally_related_form,**Predicted Relation:** 2, 2
11920867,11579418,_hypernym,**Predicted Relation:** 1, 1
11860801,11573660,_hypernym,**Predicted Relation:** 1, 1
01110274,02244956,_derivationally_related_form,**Predicted Relation:** 1, 1
00607542,03405725,_synset_domain_topic_of,**Predicted Relation:** 8, 8
04259771,03733925,_hypernym,**Predicted Relation:** 1, 1
14245405,14246359,_hypernym,**Predicted Relation:** 1, 1
01369758,01657977,_also_see,**Predicted Relation:** 11, 11
01527617,01525720,_hypernym,**Predicted Relation:** 1, 1
00259643,02672540,_derivationally_related_form,**Predicted Relation:** 1, 1
03249342,04202417,_hypernym,**Predicted Relation:** _hypernym,_hypernym
08334087,08329453,_hypernym,**Predicted Relation:** 1, 1
04478889,03214253,_hypernym,**Predicted Relation:** 1, 1
02110552,02110220,_hypernym,**Predicted Relation:** 11, 11
00539936,14485249,_derivationally_related_form,**Predicted Relation:** 2, 2
06714976,02457825,_derivationally_related_form,**Predicted Relation:** 2, 2
03204558,06128570,_synset_domain_topic_of,**Predicted Relation:** 6, 6
02368563,01862557,_hypernym,**Predicted Relation:** 1, 1
03762434,06234825,_synset_domain_topic_of,**Predicted Relation:** _member_meronym,_member_meronym
10254761,06072476,_derivationally_related_form,**Predicted Relation:** 2, 2
12501745,12577000,_member_meronym,**Predicted Relation:** 1, 1
05891572,00708376,_derivationally_related_form,**Predicted Relation:** 2, 2
05532225,05534712,_has_part,**Predicted Relation:** 7, 7
05341920,05333777,_hypernym,**Predicted Relation:** 1. _hypernym,_hypernym
00614999,00074624,_derivationally_related_form,**Predicted Relation:** 11, 11
02527431,05906554,_derivationally_related_form,**Predicted Relation:** 2, 2
02872752,04444749,_has_part,**Predicted Relation:** _member_meronym,_member_meronym
12770277,12770529,_member_meronym,**Predicted Relation:** 1. _hypernym,_hypernym
13795489,13791389,_hypernym,**Predicted Relation:** 1. _hypernym,_hypernym
09185440,00704305,_synset_domain_topic_of,**Predicted Relation:** 6, 6
00066397,00074624,_hypernym,**Predicted Relation:** 1, 1
03278248,03033362,_has_part,**Predicted Relation:** 6, 6
04730580,02345272,_derivationally_related_form,**Predicted Relation:** 1, 1
03879116,02749768,_derivationally_related_form,**Predicted Relation:** 2, 2
10524223,10099375,_hypernym,**Predicted Relation:** 11, 11
10633450,02130524,_derivationally_related_form,**Predicted Relation:** 2, 2
12501745,11566682,_hypernym,**Predicted Relation:** 5, 5
02583211,02584325,_member_meronym,**Predicted Relation:** 1, 1
08827126,09370773,_has_part,**Predicted Relation:** 7, 7
00452512,03338009,_derivationally_related_form,**Predicted Relation:** 2, 2
01949674,00815801,_synset_domain_topic_of,**Predicted Relation:** 5, 5
08734385,08735008,_has_part,**Predicted Relation:** 7, 7
04922338,06075527,_synset_domain_topic_of,**Predicted Relation:** 6, 6
00683280,05941423,_derivationally_related_form,**Predicted Relation:** 2, 2
10707804,09977660,_hypernym,**Predicted Relation:** 1, 1
12290748,11669921,_hypernym,**Predicted Relation:** 1, 1
05828552,06136258,_synset_domain_topic_of,**Predicted Relation:** 6, 6
02975212,03094503,_hypernym,**Predicted Relation:** 1, 1
01281154,00962129,_instance_hypernym,**Predicted Relation:** 3, 3
08959683,08032594,_member_of_domain_region,**Predicted Relation:** 9, 9
08778061,09705124,_member_meronym,**Predicted Relation:** 2, 2
10213429,06136258,_synset_domain_topic_of,**Predicted Relation:** 6, 6
00677808,00671351,_hypernym,**Predicted Relation:** 1. _hypernym,_hypernym
01684337,01659248,_hypernym,**Predicted Relation:** 1, 1
04170037,04576211,_hypernym,**Predicted Relation:** 1, 1
10728624,10307234,_hypernym,**Predicted Relation:** 1, 1
02116777,02108026,_hypernym,**Predicted Relation:** 10, 10
01985128,01976146,_hypernym,**Predicted Relation:** 1, 1
15151255,15144371,_hypernym,**Predicted Relation:** 1, 1
15274695,00779360,_derivationally_related_form,**Predicted Relation:** 2, 2
02817650,03563967,_hypernym,**Predicted Relation:** 1. _hypernym,_hypernym
08921850,08700255,_instance_hypernym,**Predicted Relation:** 3, 3
01708778,01710348,_member_meronym,**Predicted Relation:** 1. _hypernym,_hypernym
08107191,06037666,_synset_domain_topic_of,**Predicted Relation:** 6, 6
01158872,00949134,_derivationally_related_form,**Predicted Relation:** 2, 2
09884666,01720491,_derivationally_related_form,**Predicted Relation:** 2, 2
06139764,09608520,_derivationally_related_form,**Predicted Relation:** 2, 2
13841213,01945550,_derivationally_related_form,**Predicted Relation:** 2, 2
01238640,01909978,_also_see,"**Predicted Relation:** 10

Wait, hold on. Wait, I'm confused now. Let me recheck.

Wait, the user said to output directly without explanation, but in my thought process I ended up with options between 1 and 2 and then 10. Wait in the final conclusion I thought derivationally related (2), but the actual answer here might be different. Wait the user's example in the Tail uses ""knocked over"", which is an example of the Tail's definition. The Tail's definition starts with ""upset"", which is the main sense. So ""upset"" is the Tail's primary meaning. The Head is ""knock"", which can be used in a way that causes upset. But ""upset"" and ""knock"" are different verbs. 

Alternatively, ""knock over"" is a phrasal verb that means ""to upset (something) by knocking it over"". So the Tail's definition includes ""knock over"" as an example, so the Tail's entry includes that sense. Hence, ""knock over"" is part of the Tail's entry. Since the Head is ""knock"", the Tail's ""knock over"" is a phrasal verb derived from ""knock"", so they are derivationally related (2). 

Alternatively, if the Tail's entry is for ""upset"", then ""knock over"" is an example of ""upset"", so ""upset"" and ""knock"" are related in meaning but not derivationally. 

Given the definitions provided, the Tail's entry is about causing to overturn, which can be done via knocking. So the Head (knock) can lead to the Tail's action. But the relation isn't direct hypernymy because ""upset"" isn't a type of ""knock"". 

Alternatively, maybe they are in a verb group (10), which is for verbs that are part of the same semantic field. 

Wait the verb_group relation is for verbs that are part of the same group, like synonyms or related actions. Since ""knock over"" and ""upset"" are synonyms in this context, their verbs (knock and upset) might be in a verb group. 

Alternatively, the Tail's entry includes ""knock over"" as an example, so ""knock over"" is a sense of the Tail. Therefore, ""knock"" (Head) is part of the Tail's phrasal verb, making them derivationally related (2). 

But if the Tail's entry is for ""upset"", then ""knock over"" is an example, not part of the Tail's lemma. So perhaps the relation is _similar_to (11). 

This is really tricky. Given the options, and considering that ""knock over"" is a phrasal verb derived from ""knock"", the Tail's entry may include that, making the relation derivationally related. 

Wait the candidate relations include _derivationally_related_form (2), which is for words with the same root but different speech parts. Since ""knock over"" is a phrasal verb form of ""knock"", they share the root, so this fits. 

Therefore, I think the correct answer is 2. But earlier I thought hypernym, but maybe derivation is better. 

Wait the Tail's definition starts with ""upset"", so maybe the Tail's main entry is ""upset"", and ""knock over"" is just an example. In that case, ""upset"" and ""knock"" are different verbs but related in meaning, so perhaps _similar_to (11). 

Alternatively, maybe ""knock over"" is considered a verb form under the Tail's entry (upset), so the Tail includes ""knock over"" as a sense, making the Head (knock) and Tail (upset) have a derivational relation through ""knock over"". 

Hmm. I'm really not sure, but given the problem's setup and the options, the most plausible is either 2 or 10 or 11. 

Alternatively, since the Tail's example uses ""knocked over"", which is a phrasal verb derived from ""knock"", the Head (knock) and the phrasal verb (knock over) are derivationally related. Since the Tail's entry includes that phrasal verb as an example, the Tail's lemma may be ""knock over"", so the relation is derivational (2). 

Therefore, I'll go with option 2. 

Wait but the Tail's def starts with ""upset"", which is the primary term. So maybe it's ""upset"" and ""knock"" are related in meaning, so _similar_to (11). 

Alternatively, if ""knock over"" is a sense of the Tail's entry (upset), then the Tail includes that, so the Head (knock) and Tail (upset) are connected via that phrasal verb. So the relation might be _similar_to. 

Alternatively, the Tail's entry is for ""knock over"", but labeled as ""upset"". 

Given the ambiguity, perhaps the best answer is _verb_group (10), as they are related actions. 

Alternatively, the example in Tail's definition uses ""knocked over"", which is an example of the Head's action (knock) leading to the Tail's result (overturning). Therefore, the Head's action can cause the Tail's result, but that's not a lexical relation. 

Hmm. Given the options and the definitions, the Tail's entry includes ""knock over"" as an example, so the Tail's lemma is ""upset"", but the example uses ""knock over"". Therefore, ""knock"" (Head) and ""upset"" (Tail) are related via a causative action. 

In WordNet terms, ""knock over"" is a verb that can be a synonym for ""upset"", so they would be in a _verb_group or _similar_to. 

Alternatively, ""upset"" and ""knock over"" are synonyms, so ""knock"" (Head) and ""upset"" (Tail) are connected via ""knock over"", making them similar. 

Therefore, the relation is _similar_to (11). 

Wait, but the Head is ""knock"", and the Tail is ""upset"". The verbs ""knock over"" and ""upset"" are synonyms. So ""knock"" is part of ""knock over"", which is a synonym of ""upset"". Therefore, ""knock"" and ""upset"" are related through that. But the direct relation between Head (knock) and Tail (upset) would be that ""knock"" can cause ""upset"", but that's not a lexical relation. 

Alternatively, the Tail's definition includes ""knocked over"", which is an example of ""upset"". So ""knock over"" is a way to perform ""upset"". Thus, ""knock over"" is a hypernym of ""upset""? No, it's the opposite. 

This is really challenging. Given the options and the fact that ""knock over"" is a phrasal verb derived from ""knock"", and if the Tail's entry includes that, then derivationally related (2) is the answer. Otherwise, if it's about meaning similarity, then _similar_to (11). 

Since the Tail's definition starts with ""upset"", but uses ""knocked over"" as an example, perhaps the Tail's entry is for ""upset"", and the relation is _similar_to because ""knock"" can lead to ""upset"". 

Alternatively, the correct answer is _verb_group (10), as they are related in meaning. 

Wait, I think I need to make a decision here. Given that ""knock over"" is a phrasal verb form of ""knock"", and if the Tail's entry includes that, then the relation is derivational (2). However, the Tail's primary definition is ""upset"", so maybe it's a separate verb. 

Alternatively, the Tail's entry is for ""knock over"", but the definition is phrased as ""upset"". In that case, the Tail's lemma is ""knock over"", which is derived from ""knock"", so the relation is derivationally related (2). 

Given that the Tail's example includes ""knocked over"", and the Head's def is about ""knock"", I think the answer is _derivationally_related_form (2). 

Wait but the Tail's definition starts with ""upset"", which is different. 

Alternatively, maybe ""upset"" and ""knock over"" are synonyms, so ""knock"" and ""upset"" are connected via a verb group. 

Since I'm stuck between 2 and 11, but considering that ""knock over"" is a phrasal verb derived from ""knock"", and if the Tail's entry includes that, then 2 is correct. Otherwise, if it's about synonymy between ""upset"" and ""knock"", then 11. 

The problem says Tail's def starts with ""upset"", so I think synonymy is the case. Therefore, the answer is 11. 

Wait but the Tail's def is ""upset"", and the Head's is ""knock"". They are different verbs with overlapping meanings in some contexts. So they are similar, hence _similar_to (11). 

Alternatively, maybe they are in a verb_group (10). 

In WordNet, ""knock over"" is a verb that is grouped with ""upset"", so ""knock"" and ""upset"" would be in a verb group. 

Alternatively, the relation is _similar_to. 

Given the options, I think the best answer is 10 or 11. 

Alternatively, the example in the Tail uses ""knocked over"", which is an example of the Head's action. So the Head's action (knock) can result in the Tail's result (overturning). But that's not a lexical relation. 

Alternatively, the Tail's action is a type of the Head's action, so hypernym (1). 

Wait, the Head is ""strike hard"", and the Tail is causing overturn. The Tail's action is a specific instance of a strike that results in overturning. So the Head is the hypernym. 

For example, ""knocking over a vase"" is a specific way of ""knocking"" something. So the Tail's action is a subtype of the Head's action. Therefore, the Head is the hypernym of the Tail. So the correct relation is _hypernym (1). 

Ah! This makes sense. The Tail's action is a specific application of the Head's action. So ""knocking over"" is a type of ""knocking"". Therefore, the Head is the hypernym. 

Yes, that's probably the correct reasoning. The Tail's action is a specific instance of the Head's action. So the Head is the hypernym. 

Therefore, the answer is 1.
</think>

**Predicted Relation:** 10

Wait, no. Let me correct. Earlier I concluded hypernym (1), so the correct answer should be 1. 

**Predicted Relation:** 1",_group
00809465,10389398,_derivationally_related_form,**Predicted Relation:** 2, 2
03220692,04295881,_hypernym,**Predicted Relation:** 1, 1
08889191,08691669,_instance_hypernym,**Predicted Relation:** 3, 3
00654625,08239808,_derivationally_related_form,**Predicted Relation:** 1, 1
01658188,00923995,_derivationally_related_form,**Predicted Relation:** 1, 1
04906712,00790086,_derivationally_related_form,**Predicted Relation:** 2, 2
00757856,00757544,_hypernym,**Predicted Relation:** 10, 10
05685879,01462928,_derivationally_related_form,**Predicted Relation:** 2, 2
03089121,02475078,_derivationally_related_form,**Predicted Relation:** _derivationally_related_form,_derivationally_related_form
00160688,00160532,_hypernym,Error: DataInspectionFailed,Parse Failed
01689379,00900726,_derivationally_related_form,**Predicted Relation:** 1, 1
00916274,00941990,_hypernym,**Predicted Relation:** 10, 10
00959376,01170962,_hypernym,**Predicted Relation:** 1, 1
00477941,01263018,_derivationally_related_form,**Predicted Relation:** 1, 1
04220344,03763133,_hypernym,**Predicted Relation:** 1, 1
12130408,12130549,_member_meronym,**Predicted Relation:** 1, 1
01892104,05020981,_derivationally_related_form,**Predicted Relation:** 2, 2
00976365,07248507,_derivationally_related_form,**Predicted Relation:** 1, 1
00770437,00159177,_derivationally_related_form,**Predicted Relation:** 2, 2
03047941,02724126,_derivationally_related_form,**Predicted Relation:** 2, 2
08776687,08702402,_instance_hypernym,**Predicted Relation:** 3, 3
01692143,01657723,_hypernym,**Predicted Relation:** 1. _hypernym,_hypernym
12356395,12205694,_hypernym,**Predicted Relation:** 1, 1
05399034,00194170,_derivationally_related_form,**Predicted Relation:** 2, 2
08765315,08524735,_instance_hypernym,**Predicted Relation:** 1, 1
11643506,15098161,_hypernym,**Predicted Relation:** 1. _hypernym,_hypernym
12445848,12446519,_member_meronym,**Predicted Relation:** 1, 1
11083656,09537144,_instance_hypernym,**Predicted Relation:** 3, 3
06472025,06470073,_hypernym,**Predicted Relation:** 1. _hypernym,_hypernym
00109081,01870275,_derivationally_related_form,**Predicted Relation:** 2, 2
10144838,10787470,_hypernym,**Predicted Relation:** 1, 1
00154689,02481231,_derivationally_related_form,**Predicted Relation:** 2, 2
04016240,01321002,_derivationally_related_form,**Predicted Relation:** 2, 2
09798811,06453849,_synset_domain_topic_of,**Predicted Relation:** 6, 6
01775164,09849598,_derivationally_related_form,**Predicted Relation:** 2, 2
00049197,03051540,_derivationally_related_form,**Predicted Relation:** 1, 1
00751567,07169848,_derivationally_related_form,**Predicted Relation:** 1, 1
11821777,11573660,_hypernym,**Predicted Relation:** 1, 1
13292787,13290676,_hypernym,**Predicted Relation:** 1, 1
03682487,02865931,_has_part,**Predicted Relation:** 7, 7
00229260,00209943,_hypernym,**Predicted Relation:** 1. _hypernym,_hypernym
01988755,01575675,_hypernym,**Predicted Relation:** 2, 2
07560903,10012484,_derivationally_related_form,**Predicted Relation:** 6, 6
08860123,07933799,_member_of_domain_region,**Predicted Relation:** 9, 9
10584318,01329239,_derivationally_related_form,**Predicted Relation:** 2, 2
09796809,00007846,_hypernym,**Predicted Relation:** 1. _hypernym,_hypernym
07134850,01038666,_derivationally_related_form,**Predicted Relation:** 5, 5
01670172,03354903,_derivationally_related_form,**Predicted Relation:** 2, 2
06335162,07013549,_hypernym,**Predicted Relation:** 1. _hypernym,_hypernym
06156968,06153846,_hypernym,**Predicted Relation:** 1. _hypernym,_hypernym
01479643,08103777,_hypernym,**Predicted Relation:** 1, 1
05060476,01143279,_derivationally_related_form,**Predicted Relation:** 2, 2
02590072,01158872,_hypernym,"**Predicted Relation:** 10. _verb_group

Wait, hold on. Wait, I thought hypernym might be correct, but maybe I made a mistake. Let me check again.

Wait the Head is ""resort"" and Tail is ""utilize"". The question is whether ""resort"" is a type of ""utilize"" (hypernym). Since ""resort to"" means to use something as a method, it's a specific way of utilizing. So ""resort to"" is a hyponym of ""utilize"", which would mean the Head is a type of Tail. So the relation would be _hypernym (1) because the Tail (utilize) is the hypernym, and Head is the hyponym. The relation between Head and Tail would be that Head is a hyponym of Tail, so the relation from Head to Tail is _hypernym. So the answer should be 1. But in my initial thought I considered verb_group. Maybe I confused.

Alternatively, maybe they are in a verb group, meaning they are synonyms or closely related. ""Resort to"" and ""utilize"" are similar but not exact synonyms. ""Resort"" implies using something as a means especially when necessary, but ""utilize"" is more general. So perhaps they are in the same verb group, hence _verb_group (10). 

Alternatively, looking at the definitions: ""resort to rationing"" is using rationing as a method, which is a form of utilizing. So ""resort to"" is a specific instance of ""utilize"", making the hypernym relation correct. Therefore, the correct answer is 1: _hypernym. But I need to be precise. Let me think of examples. If ""run"" is a hypernym of ""sprint"", then ""sprint"" is a type of ""run"". Here, ""resort to"" is a type of ""utilize"", so ""utilize"" is the hypernym. Therefore, the relation from Head (resort) to Tail (utilize) is _hypernym. So the answer is 1. But in the first analysis I thought maybe verb_group. Hmm. Alternatively, maybe the correct relation is _verb_group (10) because they are verbs that are related in meaning but not strictly hypernym/hyponym. 

Alternatively, the verb_group could include verbs that are similar in meaning. Since ""resort to"" and ""utilize"" are both about using something, but in different contexts, maybe they are part of the same verb group. However, the hypernym relation is more precise here. The critical rules mention that _hypernym is when Head is a type of Tail. Since ""resort to"" is a specific way of utilizing, the Head is a subtype of the Tail's action. So the correct relation is _hypernym (1). 

I think I made a mistake earlier when I doubted. The answer should be 1. Wait but the output I initially wrote was 10. Let me check again.

Wait, the candidate list:

1. _hypernym

10. _verb_group

The question is to pick the correct one. The verb_group is for verbs that are part of the same group (like synonyms or closely related). For example, ""buy"" and ""purchase"" are in the same verb group. Here, ""resort to"" and ""utilize"" are related but ""resort to"" is more specific. So hypernym is better. Therefore, the correct answer is 1. But I'm a bit confused because sometimes verb_group can include such relationships. However, according to the rules given, Rule A's hierarchy would be the way to go here. So I think the correct answer is _hypernym (1). 

Wait, but the Tail is ""utilize"" and Head is ""resort"". So the hypernym would be Tail is the hypernym of Head. So the relation from Head to Tail is hypernym. Yes. So the answer is 1.
</think>

**Predicted Relation:** 1. _hypernym",_verb_group
01388653,01387786,_hypernym,"**Predicted Relation:** 10. _verb_group 

Wait, hold on, I thought it was hypernym. Did I make a mistake here? Let me recheck. Wait no, in my reasoning above I concluded hypernym (ID 1), but in the last line I mistakenly wrote 10. Let me correct that. The correct answer based on the reasoning is hypernym (ID 1). The confusion might be due to a typo in the thought process. The correct answer should be 1.

But wait, the output must be strictly as per the candidate list. Let me confirm the candidate relations again:

The options are:

1. _hypernym

10. _verb_group

In my analysis, since strangulate is a specific way of squeezing, so Head (strangulate) is a hyponym of Tail (squeeze). Therefore, the hypernym relation (Tail is hypernym of Head), so the relation from Head to Tail is _hypernym. So the correct ID is 1. So the correct output is:

**Predicted Relation:** 1. _hypernym

Wait, but in the thought process I initially wrote 10 by mistake. The correct answer should be 1. So the final answer is:

**Predicted Relation:** 1

Wait the candidate relations list says ""1. _hypernym"". So yes, the correct answer is 1.
</think>

**Predicted Relation:** 1",_verb_group
07362075,02680814,_derivationally_related_form,**Predicted Relation:** 2, 2
03101667,05002822,_derivationally_related_form,**Predicted Relation:** 2, 2
03804744,01357831,_derivationally_related_form,**Predicted Relation:** 2, 2
05830059,05829480,_hypernym,**Predicted Relation:** 1, 1
00249721,00262792,_also_see,**Predicted Relation:** 1, 1
00698855,07177924,_derivationally_related_form,**Predicted Relation:** 2, 2
08948155,08948346,_has_part,**Predicted Relation:** 5, 5
02422249,01864707,_hypernym,**Predicted Relation:** 1, 1
05659365,02673134,_derivationally_related_form,**Predicted Relation:** 2, 2
12231031,12231192,_member_meronym,**Predicted Relation:** 1. _hypernym,_hypernym
02621419,01432517,_hypernym,**Predicted Relation:** 1, 1
07185870,01824339,_derivationally_related_form,**Predicted Relation:** 2, 2
02130524,00661824,_also_see,**Predicted Relation:** 10, 10
00084371,02346724,_derivationally_related_form,**Predicted Relation:** 1. _hypernym,_hypernym
06575932,06568978,_hypernym,**Predicted Relation:** 1, 1
01726960,01733346,_member_meronym,**Predicted Relation:** 1, 1
07301336,07314427,_hypernym,**Predicted Relation:** 1. _hypernym,_hypernym
04648207,02120458,_derivationally_related_form,**Predicted Relation:** 2, 2
10711483,00523513,_synset_domain_topic_of,**Predicted Relation:** _member_meronym,_member_meronym
04559275,04564698,_hypernym,**Predicted Relation:** 1, 1
00602805,00599992,_hypernym,**Predicted Relation:** 1, 1
01772960,01759326,_hypernym,**Predicted Relation:** 10, 10
14049552,00164816,_derivationally_related_form,**Predicted Relation:** 2. _derivationally_related_form,_derivationally_related_form
04169707,03699975,_hypernym,**Predicted Relation:** 1. _hypernym,_hypernym
00105164,00104539,_hypernym,**Predicted Relation:** 1, 1
07409121,07308563,_hypernym,**Predicted Relation:** _member_meronym,_member_meronym
11768816,13112664,_hypernym,**Predicted Relation:** 1, 1
03355468,03343354,_hypernym,**Predicted Relation:** 11, 11
02690708,02655135,_hypernym,"**Predicted Relation:** 10. _verb_group

Wait, hold on. Let me re-examine. The user's output format requires just the ID number. Wait, in the candidate relations, the options are numbered 1 to 11. The user says ""select the correct relation ID"" from the list given. The options listed are:

1. _hypernym
2. _derivationally_related_form
3. _instance_hypernym
4. _also_see
5. _member_meronym
6. _synset_domain_topic_of
7. _has_part
8. _member_of_domain_usage
9. _member_of_domain_region
10. _verb_group
11. _similar_to

Earlier reasoning suggested _hypernym (ID 1). But in the final answer above, I mistakenly wrote 10. That's an error. The correct answer based on the reasoning should be 1. So the correct answer is:

**Predicted Relation:** 1

Wait, but in the thought process, the user concluded that the head is a hyponym of the tail, so the hypernym relation would be Tail is hypernym of Head. Therefore, the relation from Head to Tail is hypernym (since hypernym is Tail is the parent). So the correct ID is 1. The previous mistake was a typo. The correct answer is 1. 

But let me double-check. The Head's def is ""lie, be located..."" and the Tail's is more general ""be, occupy a position..."" So Tail is the hypernym. So the relation from Head to Tail is hypernym (since Head is a type of Tail). So yes, 1 is correct. The final answer should be 1. 

**Predicted Relation:** 1",_verb_group
10470460,10752093,_hypernym,**Predicted Relation:** 1. _hypernym,_hypernym
00841125,00831651,_hypernym,**Predicted Relation:** 10, 10
09626589,02118933,_derivationally_related_form,**Predicted Relation:** 11, 11
11693566,11695485,_member_meronym,**Predicted Relation:** 7, 7
04667406,04616059,_hypernym,**Predicted Relation:** 1, 1
01649948,01651370,_member_meronym,**Predicted Relation:** 7, 7
00836236,06806469,_derivationally_related_form,**Predicted Relation:** 2, 2
01920735,01918010,_hypernym,**Predicted Relation:** 1. _hypernym,_hypernym
00394562,00397191,_similar_to,**Predicted Relation:** 1, 1
01052450,01528821,_derivationally_related_form,**Predicted Relation:** 2, 2
01282142,01282545,_hypernym,**Predicted Relation:** 11, 11
04376400,03614532,_hypernym,**Predicted Relation:** 1, 1
01573515,01573891,_also_see,**Predicted Relation:** 1, 1
01556671,01559964,_member_meronym,**Predicted Relation:** 5, 5
03009269,03538634,_hypernym,**Predicted Relation:** 1. _hypernym,_hypernym
02595662,10521470,_derivationally_related_form,**Predicted Relation:** 2, 2
00954422,06805297,_derivationally_related_form,**Predicted Relation:** 2, 2
07124340,00846021,_member_of_domain_usage,**Predicted Relation:** 1. _hypernym,_hypernym
04070727,04580493,_hypernym,**Predicted Relation:** 1. _hypernym,_hypernym
10200047,09917593,_hypernym,**Predicted Relation:** 1, 1
07338552,07339329,_hypernym,**Predicted Relation:** 3, 3
01176540,01170962,_hypernym,**Predicted Relation:** 1, 1
05695232,00783042,_derivationally_related_form,**Predicted Relation:** 11, 11
10468750,15266265,_derivationally_related_form,**Predicted Relation:** 2, 2
04379243,04381994,_has_part,**Predicted Relation:** _member_of_domain_usage,_member_of_domain_usage
00819024,00817680,_hypernym,**Predicted Relation:** 1, 1
12972629,08103777,_hypernym,**Predicted Relation:** 3, 3
02129709,00591115,_verb_group,**Predicted Relation:** 10, 10
04781349,04780958,_hypernym,**Predicted Relation:** 1, 1
08972521,10525878,_member_of_domain_region,**Predicted Relation:** 9, 9
01535310,01507175,_hypernym,**Predicted Relation:** 3, 3
02465929,05299178,_hypernym,**Predicted Relation:** 1. _hypernym,_hypernym
02029571,01507175,_hypernym,**Predicted Relation:** 1. _hypernym,_hypernym
00785690,00881441,_derivationally_related_form,**Predicted Relation:** 2, 2
02493030,01845229,_hypernym,**Predicted Relation:** 10, 10
09615807,06125041,_derivationally_related_form,**Predicted Relation:** 2, 2
12619306,12653056,_member_meronym,**Predicted Relation:** 7, 7
09023118,08696931,_instance_hypernym,**Predicted Relation:** 3, 3
02189535,02189670,_member_meronym,**Predicted Relation:** 1, 1
00095377,07719437,_derivationally_related_form,**Predicted Relation:** 2, 2
09071349,09303008,_instance_hypernym,**Predicted Relation:** 3, 3
11168645,10292316,_instance_hypernym,**Predicted Relation:** 3, 3
00913705,00923444,_hypernym,**Predicted Relation:** 1, 1
10780632,10787470,_hypernym,**Predicted Relation:** 1. _hypernym,_hypernym
06845599,03048094,_member_of_domain_usage,**Predicted Relation:** 8, 8
13615557,13615036,_hypernym,**Predicted Relation:** 1, 1
03234164,04508489,_hypernym,**Predicted Relation:** 1, 1
07431683,07430211,_hypernym,**Predicted Relation:** 1. _hypernym,_hypernym
14560612,14560360,_hypernym,**Predicted Relation:** 1, 1
10702307,08199025,_synset_domain_topic_of,**Predicted Relation:** 5, 5
15184008,15184755,_hypernym,**Predicted Relation:** 1, 1
00695475,00695226,_hypernym,**Predicted Relation:** 2, 2
01693472,01656813,_hypernym,**Predicted Relation:** 1, 1
03420935,03575691,_hypernym,**Predicted Relation:** 1, 1
08792083,08574314,_instance_hypernym,**Predicted Relation:** 3, 3
06452601,06429590,_instance_hypernym,**Predicted Relation:** 1, 1
05747582,00682592,_derivationally_related_form,**Predicted Relation:** 11, 11
00642098,00784533,_derivationally_related_form,**Predicted Relation:** 2, 2
11867525,11884198,_member_meronym,**Predicted Relation:** 1, 1
05513529,05521636,_has_part,**Predicted Relation:** 7, 7
01217043,03525454,_derivationally_related_form,**Predicted Relation:** 2, 2
11124472,10664340,_instance_hypernym,**Predicted Relation:** 3, 3
01720980,10648696,_derivationally_related_form,**Predicted Relation:** 2, 2
00355365,00355524,_verb_group,**Predicted Relation:** 10, 10
03536348,04362025,_hypernym,**Predicted Relation:** 1. _hypernym,_hypernym
01939174,00447073,_derivationally_related_form,**Predicted Relation:** 2, 2
10339966,05636048,_derivationally_related_form,**Predicted Relation:** 2, 2
12813870,12814003,_member_meronym,**Predicted Relation:** 1, 1
03565402,03129123,_hypernym,**Predicted Relation:** 1, 1
00017222,09305358,_has_part,**Predicted Relation:** 7, 7
01565472,00966384,_derivationally_related_form,**Predicted Relation:** 2. _derivationally_related_form,_derivationally_related_form
02148788,06879180,_derivationally_related_form,**Predicted Relation:** 2, 2
00891216,08070465,_derivationally_related_form,**Predicted Relation:** 2, 2
13537429,00017222,_synset_domain_topic_of,**Predicted Relation:** 6, 6
06845599,04135710,_member_of_domain_usage,**Predicted Relation:** 5, 5
03791235,02974003,_has_part,**Predicted Relation:** 7, 7
00189565,00949841,_derivationally_related_form,**Predicted Relation:** 2, 2
14832193,06079620,_synset_domain_topic_of,**Predicted Relation:** 6, 6
01925694,00297404,_derivationally_related_form,**Predicted Relation:** 1, 1
04096848,01127075,_derivationally_related_form,**Predicted Relation:** 2, 2
10658304,02323059,_derivationally_related_form,**Predicted Relation:** 2, 2
07401726,01879251,_derivationally_related_form,**Predicted Relation:** 2, 2
00402130,00925873,_verb_group,**Predicted Relation:** 10, 10
04978561,06128570,_synset_domain_topic_of,**Predicted Relation:** 6, 6
08364959,08366753,_hypernym,**Predicted Relation:** 1, 1
02388403,00474017,_hypernym,**Predicted Relation:** 1. _hypernym,_hypernym
11219121,10515194,_instance_hypernym,**Predicted Relation:** 3, 3
09720033,09686536,_hypernym,**Predicted Relation:** 1, 1
01076863,08199025,_synset_domain_topic_of,**Predicted Relation:** 5, 5
06540863,06539502,_hypernym,**Predicted Relation:** 1, 1
08860123,10786992,_member_of_domain_region,**Predicted Relation:** 9, 9
13262663,13289159,_has_part,**Predicted Relation:** 7, 7
00399393,02433549,_derivationally_related_form,**Predicted Relation:** 2. _derivationally_related_form,_derivationally_related_form
15184755,15183802,_hypernym,**Predicted Relation:** 1, 1
10678472,00462092,_derivationally_related_form,**Predicted Relation:** 2, 2
06682794,06681551,_hypernym,**Predicted Relation:** 1, 1
11705052,13162297,_hypernym,**Predicted Relation:** 1, 1
08062623,00967625,_derivationally_related_form,**Predicted Relation:** 2, 2
05034225,01824244,_derivationally_related_form,**Predicted Relation:** 2, 2
08268321,07999699,_hypernym,**Predicted Relation:** 1, 1
01279615,00956485,_instance_hypernym,**Predicted Relation:** 3, 3
03992703,02997607,_hypernym,**Predicted Relation:** 1, 1
02021050,01960656,_also_see,**Predicted Relation:** 2, 2
02909870,04531098,_hypernym,**Predicted Relation:** 1, 1
09157163,08655464,_instance_hypernym,**Predicted Relation:** 3, 3
04749991,00802946,_derivationally_related_form,**Predicted Relation:** 2, 2
06605046,00095873,_member_of_domain_usage,**Predicted Relation:** 1, 1
03265874,04076846,_hypernym,**Predicted Relation:** 1. _hypernym,_hypernym
09929298,01921964,_derivationally_related_form,**Predicted Relation:** 2, 2
01534147,00126264,_hypernym,**Predicted Relation:** 1. _hypernym,_hypernym
05421997,05418717,_hypernym,**Predicted Relation:** 1, 1
01960656,01401854,_also_see,"**Predicted Relation:** 11. _similar_to 

Wait, hold on, I thought through it again. Wait, in my reasoning, I concluded that illegal is a subset of irregular, making Head the hypernym. But the user says to output the relation ID. The options are numbered 1 to 11. The first option is 1. _hypernym. If Head is hypernym of Tail, then the answer is 1. But in the final line above, I wrote 11. That was a mistake. Let me correct.

The correct answer based on the reasoning should be 1. _hypernym. Because ""illegal"" is a type of ""irregular"" in the sense that breaking laws (illegal) is a form of going against rules (irregular). So Head (irregular) is the hypernym of Tail (illegal). Therefore, the correct relation is _hypernym (ID 1). 

Wait, but maybe I'm mixing up the direction. The relation is from Head to Tail. The question is: what relation connects Head (01960656) to Tail (01401854). So if Head is the hypernym, then the relation is _hypernym (1), because Head is a hypernym of Tail. 

Yes, so the correct answer is 1. But in my previous final line, I had mistakenly put 11. That was an error. The correct answer should be 1.

**Predicted Relation:** 1",_similar_to
01664244,01657723,_hypernym,**Predicted Relation:** 1. _hypernym,_hypernym
02464693,00724081,_also_see,**Predicted Relation:** 11, 11
01449796,00240810,_hypernym,**Predicted Relation:** 11, 11
02834778,02835915,_has_part,**Predicted Relation:** 7, 7
08841667,09727826,_member_meronym,**Predicted Relation:** _member_meronym,_member_meronym
10007109,00841986,_derivationally_related_form,**Predicted Relation:** 11, 11
12398682,12398990,_member_meronym,**Predicted Relation:** 1, 1
01739263,00911048,_synset_domain_topic_of,**Predicted Relation:** 5, 5
10245863,09805475,_hypernym,**Predicted Relation:** 1, 1
12322887,12328026,_member_meronym,**Predicted Relation:** 1, 1
03688943,04341686,_hypernym,**Predicted Relation:** 1, 1
00956131,04839154,_derivationally_related_form,**Predicted Relation:** 2, 2
06278830,06278662,_hypernym,**Predicted Relation:** 1, 1
10785333,01766952,_derivationally_related_form,**Predicted Relation:** 2, 2
12715914,13104059,_hypernym,**Predicted Relation:** 1, 1
02058994,05058140,_derivationally_related_form,**Predicted Relation:** 11, 11
02010698,02009433,_hypernym,"**Predicted Relation:** 10. _verb_group

Wait, hold on. Let me recheck. Wait the options are numbered 1 to 11. Wait the user listed the candidate relations as:

1. _hypernym

10. _verb_group

Wait, the initial thought was hypernym (1), but maybe the correct is verb_group (10). Wait why?

Wait the definitions: ""vamoose, leave suddenly"" versus ""leave, go away from a place"". The Head's definition is a specific case of leaving, so the hypernym would be Tail is the hypernym of Head. So the Head is a hyponym of Tail. So the relation from Head to Tail would be hypernym. So the correct is 1. But the user's example in the few-shot had Rule A where hypernym is head is type of tail. So in this case, Head (vamoose) is a type of Tail (leave). So the relation is hypernym (1). 

But maybe I made a mistake earlier. Let me confirm again.

Alternatively, maybe verb_group (10) is for verbs that are synonyms or closely related. Since ""vamoose"" is a synonym of ""leave"", perhaps verb_group is the right relation. The _verb_group relation typically connects verbs that are synonyms or part of the same semantic group. So in WordNet, verbs that are synonyms are grouped in the same synset, and connected via _verb_group. 

The Tail's definition is the general ""leave"", and the Head is a more specific or colloquial form. So perhaps the correct relation is _verb_group (10), since they are synonyms. 

Wait, but hypernym is a hierarchy (is-a relationship). If ""vamoose"" is a type of ""leave"", then hypernym (1) would be correct. But if they are synonyms, then verb_group (10) is better. 

Hmm. The Tail's definition is ""leave, go away from a place"". The Head's definition includes ""leave suddenly"". So ""vamoose"" is a synonym of ""leave"", but with an added connotation of suddenness. However, in terms of relations, synonyms are connected via _verb_group or _similar_to. 

Looking at the candidate relations again:

Option 10: _verb_group (verbs that are grouped together as synonyms in a synset).

Option 11: _similar_to.

Alternatively, maybe ""similar_to"" (11) if they are not exact synonyms but related. But ""vamoose"" means to leave, so it's a synonym. 

Wait, the Tail's term is ""leave"", which is the base verb. ""Vamoose"" is slang for ""leave"". So they are synonyms, so the correct relation would be _verb_group (10). 

But the hypernym would be if ""leave"" is a hypernym of ""vamoose"", meaning ""vamoose is a type of leave"". That's also correct. 

So which is the correct relation here?

In WordNet, synonyms are linked via _verb_group. Hypernym is for category relationships. Since ""vamoose"" is a specific instance or synonym of ""leave"", perhaps _verb_group is more accurate here. 

Alternatively, maybe the hypernym is correct because ""vamoose"" is a specific way to leave (suddenly). But in that case, ""leave suddenly"" is more like a hyponym of ""leave"". So the Head (vamoose) is a hyponym of Tail (leave), so the relation from Head to Tail is hypernym. 

Wait, but in WordNet, hypernym is from child to parent. So if the Head is the child (specific term) and Tail is the parent (general term), then the relation from Head to Tail is _hypernym. 

Therefore, the correct answer should be 1. _hypernym. 

But why did I initially think verb group? Because synonyms are grouped via verb_group. Let's see the definitions again. The Head's definition includes ""vamoose"" which is a synonym of ""leave"". So they are synonyms, so verb_group (10) would be the relation. 

Wait, perhaps the Tail is the main term, and Head is a synonym. So in WordNet, each synset has multiple words connected via _verb_group. So if both Head and Tail are in the same synset, then the relation between them is _verb_group. 

Therefore, the correct relation is _verb_group (10). 

Hmm, this is a bit conflicting. Let me think again. 

The Head's definition says ""vamoose, leave suddenly"". The Tail's definition is ""leave, go away from a place"". 

""Vamoose"" is a slang term for ""leave"", so they are synonyms. Therefore, they belong to the same verb group. The relation between them would be _verb_group. 

Alternatively, if ""leave suddenly"" is a subtype of ""leave"", then hypernym applies. 

But ""vamoose"" itself is a synonym for ""leave"", so it's more about synonymy. The suddenness is part of the definition but doesn't change the synonym relationship. 

Therefore, the correct relation is _verb_group (10). 

But I'm now confused between hypernym and verb_group. 

Looking at the few-shot rules given:

Rule A includes hypernym where Head is a type of Tail. 

If ""vamoose"" is a type of ""leave"", then hypernym (1) is correct. 

Alternatively, if they are synonyms, then verb_group (10) is correct. 

In WordNet, hypernym is for category (e.g., ""dog"" is a hypernym of ""poodle""). Verb_group is for synonyms. 

Therefore, since ""vamoose"" is a synonym of ""leave"", the relation is _verb_group (10). 

Thus, the correct answer is 10. 

Wait, but maybe the Tail's definition is the base verb, and Head is a specific form. 

Alternatively, perhaps ""decamp"" and ""skip town"" are examples of ""vamoose"", which is a form of ""leave"". 

Hmm, the Head's definition includes ""decamp"" and ""skip town"" as examples, but the Tail is the general ""leave"". 

Wait, ""vamoose"" itself is a synonym for ""leave"", so they are in the same synset, connected via verb_group. 

Therefore, the correct answer should be _verb_group (10). 

But I'm still a bit torn. Maybe I need to check an example. 

Suppose ""run"" and ""sprint"" are synonyms. Then ""sprint"" would have a hypernym relation to ""run"", or they are in the same verb_group? 

In WordNet, ""sprint"" is a hyponym of ""run"", so the hypernym relation applies. So if ""vamoose"" is a synonym of ""leave"", then it's a verb_group. But if ""vamoose"" is a specific type of ""leave"", then hypernym. 

The key is whether ""vamoose"" is a synonym or a subtype. 

The Head's definition says ""vamoose, leave suddenly"". So ""vamoose"" means ""leave suddenly"", which is a specific way to leave. Therefore, ""vamoose"" is a subtype of ""leave"", so the hypernym (1) is correct. 

Thus, the correct answer is 1. 

Wait, but ""leave suddenly"" is a manner of leaving, not a subtype. Subtype would be a different category. For example, ""leave"" could have subtypes like ""depart"", ""exit"", etc., but ""vamoose"" is more of a synonym with a connotation. 

Alternatively, in WordNet, ""vamoose"" would be a synonym of ""leave"", so they are in the same verb_group. 

Hmm. Maybe I should look up actual WordNet relations. 

In WordNet, ""vamoose"" is listed as a synonym of ""leave"", so they are in the same synset. Therefore, their relation is _verb_group. 

Therefore, the correct answer is 10. 

But according to the problem's Rule A, hypernym is for when head is a type of tail. Since ""vamoose"" is a type of ""leave"", then hypernym would be correct. 

Wait, but ""vamoose"" is not a subtype, but a synonym. 

So the answer is 10. 

Alternatively, maybe ""similar_to"" (11) if they are not exact synonyms. 

But ""vamoose"" is a direct synonym for ""leave"", so verb_group is correct. 

Final decision: _verb_group (10)
</think>

**Predicted Relation:** 10. _verb_group",_verb_group
01045419,10776339,_derivationally_related_form,**Predicted Relation:** 11, 11
08241798,09885676,_member_meronym,**Predicted Relation:** 7, 7
00719705,02420789,_derivationally_related_form,**Predicted Relation:** 1, 1
05699770,05698247,_hypernym,**Predicted Relation:** 1, 1
12437311,12437513,_member_meronym,**Predicted Relation:** 1, 1
01276436,00956485,_instance_hypernym,**Predicted Relation:** 3, 3
11415842,11410625,_hypernym,**Predicted Relation:** 1, 1
00334509,00331950,_hypernym,**Predicted Relation:** 1, 1
01069809,07185325,_derivationally_related_form,**Predicted Relation:** 2, 2
01463340,01462928,_hypernym,**Predicted Relation:** 10, 10
12723610,13118707,_hypernym,**Predicted Relation:** 1, 1
08788004,08574314,_instance_hypernym,**Predicted Relation:** 3, 3
05223550,06057539,_synset_domain_topic_of,**Predicted Relation:** 6, 6
09433952,09190918,_hypernym,**Predicted Relation:** 1, 1
06284225,13809207,_hypernym,**Predicted Relation:** 1. _hypernym,_hypernym
00999817,04716210,_derivationally_related_form,**Predicted Relation:** 2, 2
05460870,05285623,_has_part,**Predicted Relation:** _member_meronym,_member_meronym
11204962,10705615,_instance_hypernym,**Predicted Relation:** 3, 3
00617413,01225997,_derivationally_related_form,**Predicted Relation:** 1, 1
07723330,07709333,_hypernym,**Predicted Relation:** 1. _hypernym,_hypernym
04878646,04878101,_hypernym,**Predicted Relation:** 1. _hypernym,_hypernym
09533048,09505418,_hypernym,**Predicted Relation:** 1, 1
12583529,11556857,_hypernym,**Predicted Relation:** 1. _hypernym,_hypernym
04850117,04847733,_hypernym,**Predicted Relation:** 2, 2
09991867,01226600,_derivationally_related_form,**Predicted Relation:** 2, 2
13282161,02284951,_derivationally_related_form,**Predicted Relation:** 1, 1
01321895,01322223,_verb_group,**Predicted Relation:** 10, 10
07897200,07892813,_hypernym,**Predicted Relation:** 1, 1
07842753,07557434,_hypernym,**Predicted Relation:** 1. _hypernym,_hypernym
09162803,08633957,_instance_hypernym,**Predicted Relation:** 3, 3
02896442,04489008,_hypernym,**Predicted Relation:** 1. _hypernym,_hypernym
12958772,12958921,_member_meronym,**Predicted Relation:** 1, 1
00776988,09503282,_derivationally_related_form,**Predicted Relation:** 2, 2
00788766,02531199,_derivationally_related_form,**Predicted Relation:** 2, 2
00374534,00382109,_derivationally_related_form,**Predicted Relation:** 1, 1
00981180,08199025,_synset_domain_topic_of,**Predicted Relation:** 5, 5
01748560,01657723,_hypernym,**Predicted Relation:** 1. _hypernym,_hypernym
11703386,11703669,_member_meronym,**Predicted Relation:** 7, 7
01175316,01173038,_hypernym,**Predicted Relation:** 7, 7
04374735,06232880,_synset_domain_topic_of,**Predicted Relation:** _member_meronym,_member_meronym
01987160,08621598,_derivationally_related_form,**Predicted Relation:** 2, 2
10384610,10004282,_hypernym,**Predicted Relation:** 1. _hypernym,_hypernym
01083645,01083077,_hypernym,**Predicted Relation:** 1, 1
14486767,00475183,_derivationally_related_form,**Predicted Relation:** 2, 2
01613463,02326695,_also_see,**Predicted Relation:** 11, 11
00357023,01456771,_derivationally_related_form,**Predicted Relation:** 1, 1
04635482,00808191,_derivationally_related_form,**Predicted Relation:** 2, 2
11529603,11544769,_member_meronym,**Predicted Relation:** 1, 1
04958634,04950126,_hypernym,**Predicted Relation:** 1. _hypernym,_hypernym
01642437,00240184,_derivationally_related_form,**Predicted Relation:** 1, 1
00915605,07121361,_derivationally_related_form,**Predicted Relation:** 10, 10
02618877,13534608,_derivationally_related_form,**Predicted Relation:** 2, 2
05302499,05532944,_has_part,**Predicted Relation:** 9, 9
02050132,01915365,_also_see,**Predicted Relation:** 10, 10
09552681,09505418,_hypernym,**Predicted Relation:** 1. _hypernym,_hypernym
10177150,10557854,_hypernym,**Predicted Relation:** 1, 1
00947077,15268857,_derivationally_related_form,**Predicted Relation:** 11, 11
06733227,01017001,_derivationally_related_form,**Predicted Relation:** 2, 2
00206302,00795863,_derivationally_related_form,**Predicted Relation:** 1, 1
02378623,09773245,_derivationally_related_form,**Predicted Relation:** 11, 11
09949946,06677974,_derivationally_related_form,**Predicted Relation:** 2, 2
00841628,00838367,_hypernym,**Predicted Relation:** 1. _hypernym,_hypernym
11739978,13104059,_hypernym,**Predicted Relation:** 1. _hypernym,_hypernym
01257173,05283498,_derivationally_related_form,**Predicted Relation:** 5, 5
12431128,12431861,_member_meronym,**Predicted Relation:** 1, 1
02012306,02014646,_member_meronym,**Predicted Relation:** 1, 1
06436443,06394865,_instance_hypernym,**Predicted Relation:** 3, 3
13615235,13614764,_hypernym,**Predicted Relation:** 1, 1
00119297,00118733,_hypernym,**Predicted Relation:** 1. _hypernym,_hypernym
02124748,05658603,_derivationally_related_form,**Predicted Relation:** 2, 2
00849357,02392878,_also_see,**Predicted Relation:** 1, 1
02739254,00339934,_hypernym,**Predicted Relation:** 10. _verb_group,_verb_group
02705201,04434285,_has_part,**Predicted Relation:** 7, 7
00116619,00931040,_derivationally_related_form,**Predicted Relation:** 1, 1
13914608,01256867,_derivationally_related_form,**Predicted Relation:** 2, 2
05748285,05748054,_hypernym,**Predicted Relation:** 11, 11
05233420,05230603,_hypernym,**Predicted Relation:** 1. _hypernym,_hypernym
00045114,06232880,_synset_domain_topic_of,**Predicted Relation:** 5, 5
00735832,02292535,_derivationally_related_form,**Predicted Relation:** 1, 1
12189293,12189429,_member_meronym,**Predicted Relation:** 1, 1
07367548,00334186,_derivationally_related_form,**Predicted Relation:** 2, 2
02406916,00795720,_derivationally_related_form,**Predicted Relation:** 5, 5
00634906,00153809,_derivationally_related_form,**Predicted Relation:** 2, 2
10338231,09682291,_hypernym,**Predicted Relation:** 1. _hypernym,_hypernym
10040789,03260293,_derivationally_related_form,**Predicted Relation:** 2, 2
13807403,13805734,_hypernym,**Predicted Relation:** 1, 1
09513902,15253139,_synset_domain_topic_of,**Predicted Relation:** 6, 6
00744506,04769049,_derivationally_related_form,**Predicted Relation:** 2. _derivationally_related_form,_derivationally_related_form
01653442,00923444,_derivationally_related_form,**Predicted Relation:** 2, 2
01056411,01862918,_derivationally_related_form,**Predicted Relation:** 2, 2
13187031,13187167,_member_meronym,**Predicted Relation:** 1, 1
12257343,11575425,_hypernym,**Predicted Relation:** 1, 1
00181434,12036368,_derivationally_related_form,**Predicted Relation:** 2, 2
12776212,12776391,_member_meronym,**Predicted Relation:** 7, 7
08766988,08773679,_has_part,**Predicted Relation:** 7, 7
04747899,04742535,_hypernym,**Predicted Relation:** 1, 1
08860123,03318294,_member_of_domain_region,**Predicted Relation:** 9, 9
07507912,00621734,_derivationally_related_form,**Predicted Relation:** 10, 10
01509527,01872745,_also_see,**Predicted Relation:** 11, 11
01970866,01342529,_hypernym,**Predicted Relation:** 1, 1
01433809,01433294,_hypernym,**Predicted Relation:** 10, 10
08926877,09203827,_instance_hypernym,**Predicted Relation:** 3, 3
00161225,01093085,_derivationally_related_form,**Predicted Relation:** 2, 2
10483530,00926702,_derivationally_related_form,**Predicted Relation:** 2, 2
09606009,02545272,_derivationally_related_form,**Predicted Relation:** 2, 2
11225661,09799213,_instance_hypernym,**Predicted Relation:** 3, 3
11706761,07764847,_has_part,**Predicted Relation:** 7, 7
01417553,01388130,_hypernym,**Predicted Relation:** 3, 3
02425462,01650610,_hypernym,**Predicted Relation:** 1, 1
08981244,08011266,_member_of_domain_region,**Predicted Relation:** 9, 9
01081001,01079480,_hypernym,**Predicted Relation:** 10. _verb_group,_verb_group
02855793,01423929,_derivationally_related_form,**Predicted Relation:** 2, 2
05697363,00336831,_derivationally_related_form,**Predicted Relation:** 2, 2
00172732,01150200,_derivationally_related_form,**Predicted Relation:** 1. _hypernym,_hypernym
09639719,09638875,_hypernym,**Predicted Relation:** 1, 1
00730499,00650353,_hypernym,**Predicted Relation:** 10. _verb_group,_verb_group
00094312,01896031,_derivationally_related_form,**Predicted Relation:** 2, 2
02055975,15282696,_derivationally_related_form,**Predicted Relation:** 11, 11
07475364,09999795,_derivationally_related_form,**Predicted Relation:** 6, 6
02560767,11410625,_derivationally_related_form,**Predicted Relation:** 2, 2
00759269,00759501,_hypernym,**Predicted Relation:** 10, 10
00289388,00286497,_hypernym,**Predicted Relation:** 1, 1
11788926,11556857,_hypernym,**Predicted Relation:** 1, 1
00588780,09787534,_derivationally_related_form,**Predicted Relation:** 2, 2
00139586,06084469,_synset_domain_topic_of,**Predicted Relation:** 2, 2
00820352,01011031,_hypernym,**Predicted Relation:** 10, 10
05104548,05103946,_hypernym,**Predicted Relation:** 1, 1
00884011,01010118,_hypernym,**Predicted Relation:** 10, 10
02181863,01759182,_hypernym,**Predicted Relation:** 1, 1
09365443,09403734,_instance_hypernym,**Predicted Relation:** 3, 3
02476219,02471762,_hypernym,**Predicted Relation:** 1, 1
15168790,02649706,_derivationally_related_form,**Predicted Relation:** 11, 11
09646608,09645091,_hypernym,**Predicted Relation:** 1, 1
03875218,14984973,_hypernym,**Predicted Relation:** 1, 1
11972141,11579418,_hypernym,**Predicted Relation:** 1, 1
02705680,02620587,_hypernym,**Predicted Relation:** 10, 10
01448100,10492202,_derivationally_related_form,**Predicted Relation:** 2. _derivationally_related_form,_derivationally_related_form
00628539,00624738,_hypernym,**Predicted Relation:** 1, 1
01174742,00841091,_derivationally_related_form,**Predicted Relation:** 2, 2
12834408,12836663,_member_meronym,**Predicted Relation:** 7, 7
06793231,01498319,_derivationally_related_form,**Predicted Relation:** 2, 2
00065070,14322699,_derivationally_related_form,**Predicted Relation:** 2, 2
02561332,00413239,_derivationally_related_form,**Predicted Relation:** 2, 2
02349212,08324514,_derivationally_related_form,**Predicted Relation:** 2, 2
04716864,04715487,_hypernym,**Predicted Relation:** 11, 11
00926702,10483530,_derivationally_related_form,**Predicted Relation:** 2, 2
03633091,04531098,_hypernym,**Predicted Relation:** 1. _hypernym,_hypernym
13988663,13985818,_hypernym,**Predicted Relation:** 1, 1
00086320,01585523,_verb_group,**Predicted Relation:** 10, 10
10365984,02478059,_derivationally_related_form,**Predicted Relation:** 11, 11
12898226,11579418,_hypernym,**Predicted Relation:** 1, 1
08106934,08107191,_member_meronym,**Predicted Relation:** 1, 1
14050143,14049711,_hypernym,**Predicted Relation:** 5, 5
13724582,13724474,_has_part,**Predicted Relation:** 7, 7
09311259,09198574,_has_part,**Predicted Relation:** 9, 9
10829733,10423589,_instance_hypernym,**Predicted Relation:** 3, 3
02249995,02250133,_member_meronym,**Predicted Relation:** 1, 1
02468617,05235879,_hypernym,**Predicted Relation:** 1, 1
04838727,00011551,_derivationally_related_form,**Predicted Relation:** 2, 2
03007591,04004475,_hypernym,**Predicted Relation:** 1, 1
01875295,00348008,_derivationally_related_form,"**Predicted Relation:** 11. _similar_to 

Wait, wait, no. Wait, I thought through and concluded hypernym, but the final answer here says similar_to. Wait, maybe I made a mistake. Let me check again.

Wait the user wants the correct relation. The Head is ""sway"" and Tail is ""tilt"". Are they similar? Or is one a hypernym of the other? 

Hmm, perhaps ""tilt"" is a specific type of sway. So if Head is sway, then Tail (tilt) is a hyponym of Head. Therefore, the relation from Head to Tail is hypernym. So the correct ID is 1. _hypernym. 

But maybe I confused the direction. The question is to connect Head and Tail. The Head is ""sway"", Tail is ""tilt"". So the hypernym would be if ""sway"" is a hypernym of ""tilt"", meaning tilt is a type of sway. That makes sense. So the correct answer is 1. 

Wait, but in my initial thought process I ended up with hypernym, but the last line of my thinking had a conflicting thought. Let me make sure. 

Alternatively, maybe ""similar_to"" because they are related but not strictly hierarchical. ""Sway"" can be more general, while ""tilt"" is a specific movement. So hypernym is better. 

Therefore, the correct answer is 1. _hypernym. 

But wait, the system's output in the example might have a different view. Alternatively, maybe ""tilt"" and ""sway"" are similar actions but not in a hypernym relationship. For example, tilting is a type of movement but not necessarily a type of sway. Maybe they are similar but not in a hierarchy. Then the correct relation would be _similar_to (11). 

Hmm, this is tricky. Let me think of examples. If a ship rocks (sway), that's moving back and forth. Tilt is leaning to one side. So they are related but not necessarily one being a type of the other. Maybe they are similar actions but distinct. In that case, ""similar_to"" (11) would be correct. 

Alternatively, perhaps ""tilt"" is a kind of sway. For instance, tilting is a form of swaying to one side. Then hypernym applies. 

I think the key is whether tilt is a specific instance of sway. Since the Tail's definition includes ""pitching dangerously to one side,"" which is a more specific movement, it's a subtype. So Head (sway) is the hypernym. Therefore, the answer is 1. 

But I might have made a mistake earlier. Let me confirm: 

The Head's definition includes ""rocking"" and ""swaying"", while the Tail's is ""tilt, pitching to one side"". So tilt is a type of sway (like a subset). Thus, Head is hypernym of Tail. So relation ID 1.
</think>

**Predicted Relation:** 11. _similar_to 

Wait, no! The user said to output the correct one. Wait, I'm confused now. Let me re-express:

Head: sway (move back/forth/sideways)
Tail: tilt (pitch to one side)

Are they hypernym/hyponym? Tilt could be a type of sway (specific movement), so Head is hypernym (1). But maybe ""tilt"" is a different action. For example, tilting is more of an angle change, while swaying is rhythmic movement. Maybe they are similar but not in hierarchy. 

Alternatively, ""sway"" can involve tilting. If ""tilt"" is a specific way of swaying, then hypernym (1). Otherwise, similar_to (11). 

Given the definitions, ""tilt"" is a specific type of movement (pitching to one side), which is a form of swaying. Therefore, Head (sway) is hypernym of Tail (tilt). So answer is 1. 

But I initially thought similar_to, but upon rethinking, hypernym makes sense. So the correct answer is 1.

**Predicted Relation:** 1. _hypernym",_similar_to
01415807,01400044,_hypernym,**Predicted Relation:** 1. _hypernym,_hypernym
01372709,01355326,_hypernym,**Predicted Relation:** 1, 1
00744004,01124794,_synset_domain_topic_of,**Predicted Relation:** 1. _hypernym,_hypernym
07334490,01621219,_derivationally_related_form,**Predicted Relation:** 2, 2
01763813,02452885,_derivationally_related_form,**Predicted Relation:** 2, 2
05389939,05289057,_hypernym,**Predicted Relation:** 1, 1
08341551,08337324,_hypernym,**Predicted Relation:** 3, 3
10024362,00007846,_hypernym,**Predicted Relation:** 1, 1
00320536,00243918,_synset_domain_topic_of,**Predicted Relation:** 1. _hypernym,_hypernym
09195615,09372504,_has_part,**Predicted Relation:** 7, 7
14560253,14548343,_hypernym,**Predicted Relation:** 1. _hypernym,_hypernym
13809920,00956250,_derivationally_related_form,**Predicted Relation:** 2, 2
00291873,05018542,_derivationally_related_form,**Predicted Relation:** 2, 2
13189656,13189844,_member_meronym,**Predicted Relation:** 1, 1
09767197,02561995,_derivationally_related_form,**Predicted Relation:** 2, 2
00358089,01389329,_derivationally_related_form,**Predicted Relation:** 10, 10
15211484,15200164,_has_part,**Predicted Relation:** 7, 7
06295235,02887489,_member_of_domain_usage,**Predicted Relation:** 3, 3
10498046,01889129,_derivationally_related_form,**Predicted Relation:** 2, 2
00211108,14536831,_derivationally_related_form,**Predicted Relation:** 2, 2
05261404,05254795,_hypernym,**Predicted Relation:** 1. _hypernym,_hypernym
05651068,00023271,_hypernym,**Predicted Relation:** 4, 4
04432662,01331689,_derivationally_related_form,**Predicted Relation:** 2, 2
11782522,11783162,_member_meronym,**Predicted Relation:** 1, 1
15298011,06128570,_synset_domain_topic_of,**Predicted Relation:** 6, 6
05088324,01380122,_derivationally_related_form,**Predicted Relation:** 2, 2
10296176,09943239,_hypernym,**Predicted Relation:** 1. _hypernym,_hypernym
09148970,09224325,_has_part,**Predicted Relation:** 9, 9
11911591,11993007,_member_meronym,**Predicted Relation:** 1, 1
00275088,11524662,_derivationally_related_form,**Predicted Relation:** 2, 2
01417451,00182406,_derivationally_related_form,**Predicted Relation:** 4, 4
06758225,06756407,_hypernym,**Predicted Relation:** 1, 1
01629589,01629958,_also_see,**Predicted Relation:** 10, 10
01190172,08441203,_synset_domain_topic_of,**Predicted Relation:** 5, 5
02752567,02604760,_hypernym,**Predicted Relation:** 1. _hypernym,_hypernym
00294190,01901447,_derivationally_related_form,**Predicted Relation:** 11, 11
11952153,11952346,_member_meronym,**Predicted Relation:** 1, 1
03153375,03485997,_has_part,**Predicted Relation:** 7, 7
02724417,00031921,_derivationally_related_form,**Predicted Relation:** 2, 2
01628449,00240184,_derivationally_related_form,**Predicted Relation:** 2, 2
02675701,01742886,_hypernym,**Predicted Relation:** 11, 11
08860123,15138241,_member_of_domain_region,**Predicted Relation:** 9, 9
09435065,09403734,_instance_hypernym,**Predicted Relation:** 3, 3
06403969,09889170,_derivationally_related_form,**Predicted Relation:** 6, 6
08135770,08337324,_hypernym,**Predicted Relation:** 1, 1
05785508,02164825,_derivationally_related_form,**Predicted Relation:** 2, 2
00008435,06878934,_derivationally_related_form,**Predicted Relation:** 10, 10
02321757,10707804,_derivationally_related_form,**Predicted Relation:** 2, 2
08182379,02028722,_derivationally_related_form,**Predicted Relation:** 10, 10
14892138,14706749,_hypernym,**Predicted Relation:** 1. _hypernym,_hypernym
01577093,07364434,_derivationally_related_form,**Predicted Relation:** 2, 2
01020005,06763273,_derivationally_related_form,**Predicted Relation:** 2, 2
03637027,03546766,_hypernym,**Predicted Relation:** 1. _hypernym,_hypernym
07075172,00144722,_member_of_domain_usage,**Predicted Relation:** 3, 3
10210648,01753596,_derivationally_related_form,**Predicted Relation:** 6, 6
00290302,00153263,_hypernym,**Predicted Relation:** 1, 1
00634472,09178999,_derivationally_related_form,**Predicted Relation:** 2, 2
01759326,09184975,_derivationally_related_form,**Predicted Relation:** 11, 11
00540235,00367768,_derivationally_related_form,**Predicted Relation:** 2, 2
00086320,00081072,_hypernym,**Predicted Relation:** 1. _hypernym,_hypernym
06598445,05808794,_hypernym,**Predicted Relation:** 1, 1
02642814,01066881,_derivationally_related_form,**Predicted Relation:** 11, 11
00882961,02124748,_derivationally_related_form,**Predicted Relation:** 2, 2
08675145,08595720,_hypernym,**Predicted Relation:** 1, 1
02872752,03068707,_has_part,**Predicted Relation:** 7, 7
02613960,02614288,_member_meronym,**Predicted Relation:** 1, 1
10485440,00748155,_derivationally_related_form,Error: DataInspectionFailed,Parse Failed
00717358,02367363,_hypernym,**Predicted Relation:** 1. _hypernym,_hypernym
00998399,03924069,_derivationally_related_form,**Predicted Relation:** 2, 2
01774426,07503430,_derivationally_related_form,**Predicted Relation:** 11, 11
11608885,15098161,_hypernym,**Predicted Relation:** 1, 1
13311368,13310230,_hypernym,**Predicted Relation:** 1, 1
06721949,01040707,_derivationally_related_form,**Predicted Relation:** 4, 4
00870312,00869583,_hypernym,**Predicted Relation:** 1, 1
10257221,09608709,_hypernym,**Predicted Relation:** 1, 1
11313507,10672908,_instance_hypernym,**Predicted Relation:** 3, 3
11447851,01874875,_derivationally_related_form,**Predicted Relation:** 11, 11
02748927,03169390,_derivationally_related_form,**Predicted Relation:** 2, 2
04850996,04850589,_hypernym,**Predicted Relation:** 1, 1
07531536,07531255,_hypernym,**Predicted Relation:** 1, 1
11880218,11575425,_hypernym,**Predicted Relation:** 1. _hypernym,_hypernym
01419160,01418667,_hypernym,**Predicted Relation:** 1. _hypernym,_hypernym
12701901,11585340,_hypernym,**Predicted Relation:** 1, 1
00996485,00993014,_hypernym,**Predicted Relation:** 10. _verb_group,_verb_group
00764902,13971561,_derivationally_related_form,**Predicted Relation:** 10, 10
01371756,00136329,_derivationally_related_form,**Predicted Relation:** 2, 2
08780881,09542541,_member_of_domain_region,**Predicted Relation:** 9, 9
02117369,01864707,_hypernym,**Predicted Relation:** 1, 1
07086323,07083732,_hypernym,**Predicted Relation:** 5, 5
02621901,13431722,_derivationally_related_form,**Predicted Relation:** 2, 2
01068380,10003283,_derivationally_related_form,**Predicted Relation:** 2, 2
13421462,05898568,_hypernym,**Predicted Relation:** 1, 1
01706129,09809925,_derivationally_related_form,**Predicted Relation:** _member_of_domain_usage,_member_of_domain_usage
01819147,07542675,_derivationally_related_form,**Predicted Relation:** 2, 2
06674542,00970732,_derivationally_related_form,**Predicted Relation:** 2, 2
01044084,01028655,_hypernym,**Predicted Relation:** 1, 1
03975232,01152670,_derivationally_related_form,**Predicted Relation:** 2, 2
05823054,00896803,_derivationally_related_form,**Predicted Relation:** 11, 11
09095751,09096498,_has_part,**Predicted Relation:** 7, 7
04863358,01743909,_derivationally_related_form,**Predicted Relation:** 2, 2
05413241,05407119,_hypernym,**Predicted Relation:** 1, 1
12513426,11585340,_hypernym,**Predicted Relation:** 1, 1
02540670,10582154,_derivationally_related_form,**Predicted Relation:** 2, 2
01443871,01443021,_hypernym,**Predicted Relation:** 1, 1
02494356,00328327,_derivationally_related_form,**Predicted Relation:** 2, 2
00495998,10785333,_derivationally_related_form,**Predicted Relation:** 2, 2
07546125,01463965,_derivationally_related_form,**Predicted Relation:** 2, 2
15178841,15218663,_has_part,**Predicted Relation:** 5, 5
00226379,00224901,_hypernym,**Predicted Relation:** 1, 1
00527695,00428270,_hypernym,**Predicted Relation:** 1. _hypernym,_hypernym
02410313,02410702,_member_meronym,**Predicted Relation:** 1, 1
00006802,00007012,_hypernym,**Predicted Relation:** 1, 1
02579447,00272713,_derivationally_related_form,**Predicted Relation:** 1, 1
06453324,06429590,_instance_hypernym,**Predicted Relation:** _hypernym,_hypernym
02878222,01951276,_derivationally_related_form,**Predicted Relation:** 8, 8
06798750,01275762,_derivationally_related_form,**Predicted Relation:** 11, 11
06744154,06169050,_synset_domain_topic_of,**Predicted Relation:** 1. _hypernym,_hypernym
07334490,01656458,_derivationally_related_form,**Predicted Relation:** 11, 11
10048218,09605289,_hypernym,**Predicted Relation:** 1. _hypernym,_hypernym
13727333,13609507,_hypernym,**Predicted Relation:** 1, 1
00363110,02680814,_hypernym,**Predicted Relation:** 10, 10
00240754,00240184,_hypernym,**Predicted Relation:** 1, 1
05968450,05996646,_hypernym,**Predicted Relation:** 1, 1
01313093,02315309,_member_meronym,**Predicted Relation:** 1, 1
07171785,07170753,_hypernym,**Predicted Relation:** 1, 1
09221070,09444100,_hypernym,**Predicted Relation:** 7, 7
02803129,04073669,_hypernym,**Predicted Relation:** 1, 1
07137950,07138085,_hypernym,**Predicted Relation:** 1, 1
02333225,00841628,_derivationally_related_form,**Predicted Relation:** 2, 2
00115803,01566916,_derivationally_related_form,**Predicted Relation:** 2, 2
08949093,08950907,_has_part,**Predicted Relation:** 7, 7
01963136,01939598,_hypernym,**Predicted Relation:** 1, 1
05288091,05267548,_hypernym,**Predicted Relation:** 1. _hypernym,_hypernym
01775535,05813229,_derivationally_related_form,**Predicted Relation:** 1, 1
00060185,01430447,_verb_group,**Predicted Relation:** 2, 2
14806176,14805899,_hypernym,**Predicted Relation:** 5, 5
14056280,14060256,_has_part,**Predicted Relation:** 7, 7
02067689,07405893,_derivationally_related_form,**Predicted Relation:** 2, 2
08336188,08329453,_hypernym,**Predicted Relation:** 1, 1
09071690,09325395,_has_part,**Predicted Relation:** 7, 7
04590746,01392237,_derivationally_related_form,**Predicted Relation:** 2, 2
09994943,00358431,_derivationally_related_form,**Predicted Relation:** 10, 10
10404426,10703692,_hypernym,**Predicted Relation:** 1, 1
01483188,01485073,_member_meronym,**Predicted Relation:** 4, 4
01648993,01626600,_hypernym,**Predicted Relation:** 3, 3
01868258,00348571,_derivationally_related_form,**Predicted Relation:** 1, 1
13548531,13453160,_hypernym,**Predicted Relation:** 1, 1
11770013,11567411,_hypernym,**Predicted Relation:** 1, 1
03325941,03497657,_hypernym,**Predicted Relation:** 1, 1
07384898,01053771,_derivationally_related_form,**Predicted Relation:** 2, 2
05015463,00369864,_derivationally_related_form,**Predicted Relation:** 2, 2
02170269,02170400,_member_meronym,**Predicted Relation:** 1, 1
01835496,01994442,_also_see,**Predicted Relation:** 10, 10
00469637,00208836,_hypernym,**Predicted Relation:** 11, 11
00268011,00205046,_hypernym,**Predicted Relation:** 10, 10
02336449,00106456,_also_see,**Predicted Relation:** 11, 11
12792638,12793015,_member_meronym,**Predicted Relation:** 1, 1
01129532,01128984,_hypernym,**Predicted Relation:** 1, 1
03705379,00399788,_derivationally_related_form,**Predicted Relation:** 2, 2
03478907,04105893,_hypernym,**Predicted Relation:** 1, 1
15140405,15143477,_has_part,**Predicted Relation:** 7, 7
06070929,06037666,_hypernym,**Predicted Relation:** 1, 1
03228016,02817799,_hypernym,**Predicted Relation:** _hypernym,_hypernym
01931398,01921887,_hypernym,**Predicted Relation:** 1, 1
13123431,13122985,_hypernym,**Predicted Relation:** 1, 1
05560787,05573602,_has_part,**Predicted Relation:** 7, 7
07262108,07258332,_hypernym,**Predicted Relation:** 1. _hypernym,_hypernym
04362821,04231693,_hypernym,**Predicted Relation:** 1, 1
09503282,09483738,_hypernym,**Predicted Relation:** 1. _hypernym,_hypernym
01015104,10760763,_derivationally_related_form,**Predicted Relation:** 2, 2
10012484,07560903,_derivationally_related_form,**Predicted Relation:** 6, 6
01311103,01282545,_hypernym,**Predicted Relation:** 10, 10
00236592,00808182,_derivationally_related_form,**Predicted Relation:** 2, 2
05461179,05254795,_has_part,**Predicted Relation:** 5, 5
04437953,03482523,_has_part,**Predicted Relation:** 7, 7
10835022,10030277,_instance_hypernym,**Predicted Relation:** 3, 3
05034473,05190804,_hypernym,**Predicted Relation:** 1, 1
13145250,13144794,_hypernym,**Predicted Relation:** 1, 1
03767459,01695459,_derivationally_related_form,**Predicted Relation:** _derivationally_related_form,_derivationally_related_form
04618070,00618878,_derivationally_related_form,**Predicted Relation:** 2, 2
05514717,05513302,_hypernym,**Predicted Relation:** 1, 1
00118523,15133621,_derivationally_related_form,**Predicted Relation:** 2, 2
00103419,00103140,_hypernym,**Predicted Relation:** 1. _hypernym,_hypernym
05979595,05978812,_hypernym,**Predicted Relation:** 11, 11
12485811,11567411,_hypernym,**Predicted Relation:** 1. _hypernym,_hypernym
09753498,00007846,_hypernym,**Predicted Relation:** 1, 1
00529101,00528667,_synset_domain_topic_of,**Predicted Relation:** 1, 1
01309701,01313923,_also_see,**Predicted Relation:** 2, 2
09252970,02025009,_derivationally_related_form,**Predicted Relation:** 11, 11
02320621,02316038,_hypernym,**Predicted Relation:** 1, 1
02394662,10005721,_derivationally_related_form,**Predicted Relation:** 11, 11
02194913,07503260,_derivationally_related_form,**Predicted Relation:** 2, 2
10929886,09920283,_instance_hypernym,**Predicted Relation:** 3, 3
09930876,02566227,_derivationally_related_form,**Predicted Relation:** 4, 4
15049594,14940100,_hypernym,**Predicted Relation:** 1. _hypernym,_hypernym
00893955,00100044,_derivationally_related_form,**Predicted Relation:** 2, 2
00396325,00394813,_hypernym,**Predicted Relation:** 11, 11
10294139,08199025,_synset_domain_topic_of,**Predicted Relation:** 5, 5
13365698,02215506,_derivationally_related_form,**Predicted Relation:** 11, 11
09883947,10254965,_hypernym,**Predicted Relation:** 1, 1
04419073,04365484,_hypernym,**Predicted Relation:** 1, 1
00645771,00152727,_derivationally_related_form,**Predicted Relation:** 2, 2
03514974,02718259,_hypernym,**Predicted Relation:** 1, 1
00500280,00565302,_hypernym,**Predicted Relation:** 1. _hypernym,_hypernym
10325243,00475819,_derivationally_related_form,**Predicted Relation:** 2, 2
12731202,12731401,_member_meronym,**Predicted Relation:** 2, 2
01460421,01244410,_also_see,**Predicted Relation:** 11, 11
00383390,01579813,_derivationally_related_form,**Predicted Relation:** 2, 2
09292751,00031264,_instance_hypernym,**Predicted Relation:** 1, 1
03181501,01351601,_derivationally_related_form,**Predicted Relation:** 2, 2
01632103,01631534,_hypernym,**Predicted Relation:** 1, 1
02525866,02526121,_member_meronym,**Predicted Relation:** 1, 1
08558155,10231515,_derivationally_related_form,**Predicted Relation:** 2, 2
00396029,00451648,_derivationally_related_form,**Predicted Relation:** 2, 2
13903387,02710673,_derivationally_related_form,**Predicted Relation:** 2, 2
06677974,09949946,_derivationally_related_form,**Predicted Relation:** 2, 2
00509039,03082979,_synset_domain_topic_of,**Predicted Relation:** 6, 6
10215623,09617867,_hypernym,**Predicted Relation:** 1. _hypernym,_hypernym
01822773,01823610,_member_meronym,**Predicted Relation:** 1, 1
00112628,05783940,_derivationally_related_form,**Predicted Relation:** 2, 2
04294879,03322570,_hypernym,**Predicted Relation:** 1. _hypernym,_hypernym
09143649,08524735,_instance_hypernym,**Predicted Relation:** _hypernym,_hypernym
02681795,00235918,_also_see,"**Predicted Relation:** 10. _verb_group 

Wait, after reconsidering, the initial thought process might have an error. Let me re-express:

Head's def: maintain, keep in state/activity. Tail's def: number (to limit the number of). 

Are these verbs in a verb_group? Verb_group typically includes synonyms or closely related verbs. ""Maintain"" and ""limit"" are not synonyms. 

Earlier thought that ""limit the number"" is a type of maintain might be stretching. Alternatively, maybe ""number"" here is more about assigning a number rather than limiting. The Tail's def says ""place a limit on the number of"", which is more about imposing a numerical restriction. 

Perhaps the correct relation is none of the above, but given the options, maybe ""similar_to"" (11) if they can both involve control. But the strictest fit might be ""verb_group"" if they can co-occur in similar contexts. Alternatively, ""has_part"" (7) if ""numbering"" involves ""keeping track,"" but not sure. 

Alternatively, perhaps there's no direct relation, but since the user says ""select the correct,"" and given that ""keep"" can sometimes mean to restrict (as in ""keep it under 10""), which aligns with Tail's ""limit the number,"" maybe ""similar_to"" (11) is better. 

However, the Tail's primary definition is ""to limit the number,"" which is a specific action, while Head's is a broader concept. If ""limit the number"" is a specific instance of ""maintain"" (keeping within a number limit), then Hypernym (1) would be correct. 

But perhaps ""maintain"" isn't a hypernym for ""limiting number."" Maybe ""limit"" is a hypernym, but Tail's def is more specific. 

Hmm. Given the options and the definitions, the most plausible is ""verb_group"" (10) if they are related in meaning but not hierarchy. Alternatively, since there's no direct path and no clear hierarchy, perhaps the answer is ""similar_to"" (11). 

Wait, the initial answer I thought was 1, but upon re-evaluating, perhaps ""verb_group"" is better. Or maybe ""derivationally_related_form"" (2) if ""number"" and ""keep"" share a root, but they don't. 

Alternatively, since there's no direct path and no clear relation, maybe ""also_see"" (4) is acceptable. But the instructions say ""select the correct relation."" Given the ambiguity, perhaps the best fit is ""verb_group"" (10). 

But I'm not entirely certain. However, based on the first analysis where ""limit the number"" is a type of maintaining a state (within limits), the hypernym (1) might still be the intended answer. 

Final decision: _hypernym (1) is the best fit. 

**Predicted Relation:** 1. _hypernym",_verb_group
13391118,13388245,_hypernym,**Predicted Relation:** 1, 1
02640242,02638596,_hypernym,**Predicted Relation:** 1. _hypernym,_hypernym
00757544,00685683,_hypernym,**Predicted Relation:** 10, 10
10122300,01316619,_derivationally_related_form,**Predicted Relation:** 2, 2
10328782,10640620,_hypernym,**Predicted Relation:** 7, 7
08709038,08756202,_has_part,**Predicted Relation:** 7, 7
05481870,05486510,_hypernym,**Predicted Relation:** 5, 5
08947319,08698379,_instance_hypernym,**Predicted Relation:** 3, 3
02436514,02436645,_member_meronym,**Predicted Relation:** 1, 1
12299988,11562747,_hypernym,**Predicted Relation:** 1. _hypernym,_hypernym
13259917,01100145,_derivationally_related_form,**Predicted Relation:** 2, 2
15180528,00033615,_hypernym,**Predicted Relation:** 4, 4
00981944,07125958,_derivationally_related_form,**Predicted Relation:** 2, 2
11418460,01468097,_derivationally_related_form,**Predicted Relation:** 2, 2
02586382,02587761,_member_meronym,**Predicted Relation:** 1, 1
10401639,02294179,_derivationally_related_form,**Predicted Relation:** 2, 2
06630017,00897241,_derivationally_related_form,**Predicted Relation:** 2, 2
00281101,00274707,_derivationally_related_form,**Predicted Relation:** 2, 2
02151700,02150948,_hypernym,**Predicted Relation:** 1. _hypernym,_hypernym
00180413,02236124,_derivationally_related_form,**Predicted Relation:** 1. _hypernym,_hypernym
03931044,04076846,_hypernym,**Predicted Relation:** 1. _hypernym,_hypernym
01476685,06037666,_synset_domain_topic_of,**Predicted Relation:** 6, 6
03147509,03094503,_hypernym,**Predicted Relation:** 1. _hypernym,_hypernym
09148970,09152401,_has_part,**Predicted Relation:** 7, 7
08030711,08392137,_instance_hypernym,**Predicted Relation:** 3, 3
08349681,08337324,_hypernym,**Predicted Relation:** 1. _hypernym,_hypernym
10648237,02394662,_derivationally_related_form,**Predicted Relation:** 2, 2
02647503,02647660,_member_meronym,**Predicted Relation:** 1, 1
12508077,11585340,_hypernym,**Predicted Relation:** 1, 1
10522759,00007846,_hypernym,**Predicted Relation:** 1, 1
02000036,01759182,_hypernym,**Predicted Relation:** 1, 1
14800277,14682133,_hypernym,**Predicted Relation:** 1, 1
04935528,01220885,_derivationally_related_form,**Predicted Relation:** 11, 11
03692379,03051540,_hypernym,**Predicted Relation:** 1. _hypernym,_hypernym
00234423,02535896,_derivationally_related_form,**Predicted Relation:** 2, 2
04913839,02457233,_derivationally_related_form,**Predicted Relation:** 2, 2
01981137,01762525,_hypernym,**Predicted Relation:** 1, 1
05773049,00772640,_derivationally_related_form,**Predicted Relation:** 2, 2
12039743,12073410,_member_meronym,**Predicted Relation:** 1, 1
06021247,06018465,_synset_domain_topic_of,**Predicted Relation:** 1, 1
12393086,12205694,_hypernym,**Predicted Relation:** _hypernym,_hypernym
05921868,00692718,_derivationally_related_form,**Predicted Relation:** 2, 2
08359949,08189659,_hypernym,**Predicted Relation:** 1, 1
04754440,00684480,_derivationally_related_form,**Predicted Relation:** 11, 11
04401088,04402580,_has_part,**Predicted Relation:** 7, 7
01240188,01239862,_hypernym,**Predicted Relation:** 3, 3
03065516,05971394,_derivationally_related_form,**Predicted Relation:** 2, 2
00057486,00053913,_hypernym,**Predicted Relation:** 1, 1
01121948,10038929,_derivationally_related_form,**Predicted Relation:** 2, 2
08893223,08893492,_has_part,**Predicted Relation:** 7, 7
02440705,02448754,_member_meronym,**Predicted Relation:** 1, 1
02001428,02007721,_member_meronym,**Predicted Relation:** 1, 1
02326355,01315333,_verb_group,**Predicted Relation:** 11, 11
00955601,06742173,_derivationally_related_form,**Predicted Relation:** 11, 11
08766988,08769329,_has_part,**Predicted Relation:** 7, 7
02713218,05578442,_derivationally_related_form,**Predicted Relation:** 4, 4
04994824,04992163,_hypernym,**Predicted Relation:** 1. _hypernym,_hypernym
13068073,11592146,_hypernym,**Predicted Relation:** 1, 1
03029133,10851599,_derivationally_related_form,**Predicted Relation:** 2, 2
03331244,03309808,_hypernym,**Predicted Relation:** 7, 7
05018103,05009170,_hypernym,**Predicted Relation:** 1. _hypernym,_hypernym
00103875,14290534,_derivationally_related_form,**Predicted Relation:** 2, 2
00225150,00220023,_hypernym,**Predicted Relation:** 1, 1
02866578,01131902,_derivationally_related_form,**Predicted Relation:** 2, 2
00457327,00380994,_derivationally_related_form,**Predicted Relation:** 2, 2
09179776,00770437,_derivationally_related_form,**Predicted Relation:** 11, 11
11911591,11925140,_member_meronym,**Predicted Relation:** 1, 1
02950826,09811852,_derivationally_related_form,**Predicted Relation:** 8, 8
00296263,02691156,_synset_domain_topic_of,**Predicted Relation:** 8, 8
01543123,01984902,_also_see,**Predicted Relation:** 10, 10
04700642,01265989,_derivationally_related_form,**Predicted Relation:** 2, 2
09960688,09878275,_hypernym,**Predicted Relation:** 1, 1
00181258,11683556,_derivationally_related_form,**Predicted Relation:** 2, 2
10741152,09631463,_hypernym,**Predicted Relation:** 1, 1
01013971,01012712,_hypernym,**Predicted Relation:** 1, 1
04985198,04983122,_hypernym,**Predicted Relation:** 1. _hypernym,_hypernym
01682761,01675963,_hypernym,**Predicted Relation:** 1, 1
14450691,14449126,_hypernym,**Predicted Relation:** 1, 1
02573704,02554730,_hypernym,**Predicted Relation:** 1, 1
02529293,01428580,_hypernym,**Predicted Relation:** 1. _hypernym,_hypernym
13081050,11592146,_hypernym,**Predicted Relation:** 1, 1
07491981,01820302,_derivationally_related_form,**Predicted Relation:** 2, 2
02249365,01759182,_hypernym,**Predicted Relation:** 1, 1
02600255,08223263,_derivationally_related_form,**Predicted Relation:** 2, 2
00084107,00698609,_derivationally_related_form,**Predicted Relation:** 2, 2
01621127,01053221,_derivationally_related_form,**Predicted Relation:** 2. _derivationally_related_form,_derivationally_related_form
13506587,02071837,_derivationally_related_form,**Predicted Relation:** 2, 2
00411312,08111783,_derivationally_related_form,**Predicted Relation:** 2, 2
00968211,10483138,_derivationally_related_form,**Predicted Relation:** 2, 2
01404129,01404813,_member_meronym,**Predicted Relation:** 7, 7
00201407,01068184,_derivationally_related_form,**Predicted Relation:** 1, 1
00168217,00364787,_derivationally_related_form,**Predicted Relation:** 2, 2
13624509,13624190,_has_part,**Predicted Relation:** 1, 1
00260648,04083468,_derivationally_related_form,**Predicted Relation:** 10, 10
00344174,13512036,_derivationally_related_form,**Predicted Relation:** 2, 2
02233767,02233943,_member_meronym,**Predicted Relation:** 1, 1
02103925,01850315,_hypernym,**Predicted Relation:** 10, 10
00195569,00191142,_hypernym,**Predicted Relation:** 1, 1
01628450,01635659,_member_meronym,**Predicted Relation:** 1. _hypernym,_hypernym
11841529,11850748,_member_meronym,**Predicted Relation:** 7, 7
03731695,01232272,_derivationally_related_form,**Predicted Relation:** 1, 1
06680002,10266486,_derivationally_related_form,**Predicted Relation:** 2, 2
01637982,00043195,_derivationally_related_form,**Predicted Relation:** 2, 2
02774630,01454246,_derivationally_related_form,**Predicted Relation:** 2, 2
06845599,04527808,_member_of_domain_usage,**Predicted Relation:** 8, 8
02371811,00621627,_derivationally_related_form,**Predicted Relation:** 2, 2
00431117,00357906,_derivationally_related_form,**Predicted Relation:** 2. _derivationally_related_form,_derivationally_related_form
02162434,02168555,_hypernym,**Predicted Relation:** 11, 11
01778017,05924519,_derivationally_related_form,**Predicted Relation:** 2, 2
11296139,10020890,_instance_hypernym,**Predicted Relation:** 3, 3
12740514,12743680,_member_meronym,**Predicted Relation:** 1, 1
10629020,01501347,_derivationally_related_form,**Predicted Relation:** 2, 2
01521912,01212230,_hypernym,"**Predicted Relation:** 10. _verb_group

Wait, hold on. Let me re-express this. The assistant initially thought hypernym (1) but the final answer here is conflicting. Let me reassess. 

The Tail's definition includes ""pass through,"" which is exactly what the Head's action (threading a needle) is. So ""thread"" (the verb) is a specific instance of the more general ""run"" (as in passing through). Therefore, the Head is a hyponym of the Tail, so the hypernym relation (1) would mean Tail is the hypernym. So the correct relation is _hypernym (1). The initial thought process had some confusion but the correct answer should be 1.

**Predicted Relation:** 1. _hypernym",_verb_group
09051235,08574314,_instance_hypernym,**Predicted Relation:** 1, 1
14545045,03054551,_derivationally_related_form,**Predicted Relation:** 2, 2
08962951,08524735,_instance_hypernym,**Predicted Relation:** 3, 3
12476510,13121104,_hypernym,**Predicted Relation:** 1, 1
03800933,01707925,_derivationally_related_form,**Predicted Relation:** 2, 2
03157582,02720725,_hypernym,**Predicted Relation:** 3, 3
08766988,08772307,_has_part,**Predicted Relation:** 7, 7
00181258,00394803,_derivationally_related_form,**Predicted Relation:** 1, 1
01837744,00914421,_also_see,**Predicted Relation:** 11, 11
10235549,13928388,_derivationally_related_form,**Predicted Relation:** 2, 2
11013876,10022111,_instance_hypernym,**Predicted Relation:** 3, 3
08289089,08288753,_hypernym,**Predicted Relation:** 1, 1
09239740,00019128,_hypernym,**Predicted Relation:** 1, 1
01185304,07575076,_derivationally_related_form,**Predicted Relation:** 1, 1
04211528,02449340,_derivationally_related_form,**Predicted Relation:** 2, 2
08514865,08512736,_hypernym,**Predicted Relation:** 1. _hypernym,_hypernym
08955626,08956140,_has_part,**Predicted Relation:** 7, 7
07241837,07238694,_hypernym,**Predicted Relation:** 2, 2
01700076,01342529,_hypernym,**Predicted Relation:** 1, 1
08941681,01271107,_member_of_domain_region,**Predicted Relation:** 9, 9
00201058,00550546,_derivationally_related_form,**Predicted Relation:** 2, 2
07419599,07357388,_hypernym,**Predicted Relation:** 1. _hypernym,_hypernym
06780882,06776138,_hypernym,**Predicted Relation:** 1, 1
14521954,14521648,_hypernym,**Predicted Relation:** 1. _hypernym,_hypernym
13925550,00461493,_derivationally_related_form,**Predicted Relation:** 2, 2
01891638,01891249,_hypernym,**Predicted Relation:** 1. _hypernym,_hypernym
01917244,14549937,_derivationally_related_form,**Predicted Relation:** 2, 2
11772408,12205694,_hypernym,**Predicted Relation:** 1, 1
08487504,08896092,_member_meronym,**Predicted Relation:** 5, 5
01344293,10737431,_derivationally_related_form,**Predicted Relation:** 2, 2
07555647,00857923,_derivationally_related_form,**Predicted Relation:** 11, 11
02362601,02339413,_hypernym,**Predicted Relation:** 1, 1
00055010,00104868,_hypernym,**Predicted Relation:** 1. _hypernym,_hypernym
11647703,11647306,_hypernym,**Predicted Relation:** 1, 1
01614769,01507175,_hypernym,**Predicted Relation:** 1. _hypernym,_hypernym
12250413,11565385,_hypernym,**Predicted Relation:** 1, 1
07229530,00883226,_derivationally_related_form,**Predicted Relation:** 1, 1
10421956,00101609,_derivationally_related_form,**Predicted Relation:** 11, 11
07985223,01292885,_derivationally_related_form,**Predicted Relation:** 1, 1
01583656,01583494,_verb_group,"**Predicted Relation:** 10. _verb_group

Wait, actually after rethinking, maybe the two definitions are different senses of the same verb. Since ""circumscribe"" can mean both the general act of drawing around and the specific geometric action. In WordNet, different senses of the same word are linked via _verb_group. So the correct relation might be _verb_group (10). Alternatively, if they are synonyms, _similar_to (11). But _verb_group is for verbs that are the same predicate. Hmm, perhaps I made a mistake earlier. Let me check again. The Head's definition is a specific case of the Tail's. So Head is a hyponym of Tail. So the hypernym relation (1) would be correct. So I think the first thought was right. So I'll go with 1.

Wait, but the Tail's definition says ""draw a line around"" which is more general, while Head is about drawing a geometric figure around another figure. So the Head is a specific instance of Tail's action. So Head is a hypernym of Tail? No, hypernym is the broader term. Wait, no. If Tail is the broader sense (any drawing around), then Head is a specific type of Tail. So Head is a hyponym of Tail. So the relation from Head to Tail is hypernym (Tail is the hypernym). So the correct relation is _hypernym (1). So the answer is 1. But initially I thought 10. Hmm. Maybe the answer is 1. Let me confirm:

Rule A says _hypernym is when Head is a type of Tail. Here, Head's definition is a specific case of Tail's definition, so Head is a type of Tail. So yes, 1. So I'll go with 1.

**Predicted Relation:** 1. _hypernym",_verb_group
05249636,02358034,_derivationally_related_form,**Predicted Relation:** 2, 2
00299580,00123170,_hypernym,**Predicted Relation:** 10, 10
00617095,00690614,_hypernym,**Predicted Relation:** 10, 10
03473966,00049102,_derivationally_related_form,**Predicted Relation:** 4, 4
07689003,07687789,_hypernym,**Predicted Relation:** _hypernym,_hypernym
09130076,09130714,_has_part,**Predicted Relation:** 5, 5
03328650,02707683,_hypernym,**Predicted Relation:** 1. _hypernym,_hypernym
10555679,01761706,_derivationally_related_form,**Predicted Relation:** 2, 2
04737568,04735929,_hypernym,**Predicted Relation:** 1, 1
01961862,01939598,_hypernym,**Predicted Relation:** 1, 1
08191987,08193854,_has_part,**Predicted Relation:** 7, 7
02654609,01432517,_hypernym,**Predicted Relation:** 1. _hypernym,_hypernym
14448200,14475661,_hypernym,**Predicted Relation:** 1, 1
00381680,02622234,_derivationally_related_form,**Predicted Relation:** 2, 2
01051082,01048912,_hypernym,**Predicted Relation:** 1, 1
01901133,01904930,_hypernym,**Predicted Relation:** 1, 1
00156101,02373785,_derivationally_related_form,**Predicted Relation:** 2, 2
01834896,01834485,_hypernym,**Predicted Relation:** _similar_to,_similar_to
00658913,00658052,_hypernym,**Predicted Relation:** 1, 1
02631238,01639369,_derivationally_related_form,**Predicted Relation:** 2, 2
02164531,06877381,_derivationally_related_form,**Predicted Relation:** 2, 2
00639556,05798569,_has_part,**Predicted Relation:** 7, 7
02483564,13737480,_derivationally_related_form,**Predicted Relation:** 2, 2
06879180,06873252,_hypernym,**Predicted Relation:** 1. _hypernym,_hypernym
13714184,13608598,_hypernym,**Predicted Relation:** 1. _hypernym,_hypernym
10722385,10363913,_hypernym,**Predicted Relation:** 1, 1
02307547,02306462,_hypernym,**Predicted Relation:** 1. _hypernym,_hypernym
08101410,02329578,_derivationally_related_form,**Predicted Relation:** 1. _hypernym,_hypernym
08860123,00292386,_member_of_domain_region,**Predicted Relation:** 9, 9
01069190,00145218,_derivationally_related_form,**Predicted Relation:** 11, 11
08308497,00876665,_derivationally_related_form,**Predicted Relation:** 2, 2
00493703,00805524,_derivationally_related_form,**Predicted Relation:** 2, 2
00430099,00429060,_hypernym,**Predicted Relation:** 10, 10
01512465,00105164,_derivationally_related_form,**Predicted Relation:** 2, 2
04663763,04662951,_hypernym,**Predicted Relation:** 1, 1
01350855,01355326,_hypernym,**Predicted Relation:** 1, 1
09748889,03068473,_derivationally_related_form,**Predicted Relation:** 2, 2
04561548,01375637,_derivationally_related_form,**Predicted Relation:** _member_of_domain_usage,_member_of_domain_usage
12513426,12513613,_member_meronym,**Predicted Relation:** 1, 1
00657604,00153105,_has_part,**Predicted Relation:** 7, 7
02526934,15291199,_derivationally_related_form,**Predicted Relation:** 2, 2
01360712,01360937,_member_meronym,**Predicted Relation:** 1, 1
06309383,07997703,_hypernym,**Predicted Relation:** 1. _hypernym,_hypernym
07907161,07906284,_hypernym,**Predicted Relation:** _hypernym,_hypernym
02179429,02180233,_member_meronym,**Predicted Relation:** 1, 1
04262161,04080454,_hypernym,**Predicted Relation:** _member_meronym,_member_meronym
00960961,06420781,_derivationally_related_form,**Predicted Relation:** 2, 2
03142912,03081021,_hypernym,**Predicted Relation:** 1. _hypernym,_hypernym
01230965,02486932,_derivationally_related_form,**Predicted Relation:** 1, 1
08282696,08276720,_hypernym,**Predicted Relation:** 1, 1
05769833,00930368,_derivationally_related_form,**Predicted Relation:** 2, 2
01457489,01555742,_hypernym,**Predicted Relation:** 10, 10
14915622,01208400,_derivationally_related_form,**Predicted Relation:** 1, 1
11790624,11790788,_member_meronym,**Predicted Relation:** 1, 1
01376245,01377032,_hypernym,**Predicted Relation:** 10. _verb_group,_verb_group
13196545,13167078,_hypernym,**Predicted Relation:** 1, 1
01523656,01543731,_derivationally_related_form,**Predicted Relation:** 2, 2
00373766,14289590,_derivationally_related_form,**Predicted Relation:** 2, 2
01251928,01249724,_hypernym,**Predicted Relation:** 10, 10
12522188,13104059,_hypernym,**Predicted Relation:** 1, 1
00414627,01855606,_hypernym,**Predicted Relation:** 1, 1
00363260,00156601,_derivationally_related_form,**Predicted Relation:** 2, 2
02344060,02199590,_hypernym,"**Predicted Relation:** 10. _verb_group

Wait, hold on. Wait, in my thought process I initially thought hypernym, but maybe I made a mistake. Let me re-express:

The Tail (give) is the general action, and the Head (requite) is a specific instance where you give in return. So ""requite"" is a type of ""give"", making ""give"" a hypernym of ""requite"". Therefore the correct relation from Head to Tail is _hypernym (ID 1). 

But I initially thought verb group. Hmm. Wait, verb group is for verbs that are part of the same semantic field but not necessarily in a hierarchy. For example, ""buy"" and ""sell"" might be verb groups. But here, requite is a specific type of give, so hypernym is better. So the correct answer should be 1. _hypernym.

Wait, but maybe the direction matters. The question says ""Head is a type of Tail"". The Head is 02344060 (requite), Tail is 02199590 (give). So if requite is a type of give, then the hypernym relation would be from requite to give. So the correct relation is _hypernym (Tail is hypernym, so Head has a hypernym relation to Tail). So the answer should be 1.

But the system's answer might be different. Alternatively, maybe ""requite"" is not a direct hyponym of ""give"". Let me think again: ""requite"" means to repay, which involves giving back. But ""give"" can be any transfer. So requite is a specific case of giving. So yes, hypernym.

Therefore, the correct ID is 1. 

Wait, but in my initial final line I had written 10. That was a mistake. The correct answer is 1. So I need to correct that.

**Predicted Relation:** 1. _hypernym

Wait, but the user's instruction says to output the number. The options are numbered 1-11. The first option is _hypernym (1). So I should write 1.

But let me double-check the definitions again:

Head (requite): ""make repayment for or return something"". Tail (give): ""transfer possession of something..."". So requiting is a form of giving, but with the intent of repaying. So yes, hypernym. Therefore, the answer is 1.

But why did I initially think verb group? Maybe confusion. The correct answer is 1. So the final answer is:

**Predicted Relation:** 1

Wait, but the user's output format says to put the relation ID, which is the number. So the answer is 1.
</think>

**Predicted Relation:** 1",_verb_group
11158982,10650162,_instance_hypernym,**Predicted Relation:** 3, 3
00656292,00654625,_hypernym,**Predicted Relation:** 10. _verb_group,_verb_group
00061933,00083809,_hypernym,**Predicted Relation:** 1. _hypernym,_hypernym
01066542,02466134,_derivationally_related_form,**Predicted Relation:** 2, 2
11065345,10030277,_instance_hypernym,**Predicted Relation:** 3, 3
01949218,00815801,_synset_domain_topic_of,**Predicted Relation:** 7, 7
00007328,10803193,_derivationally_related_form,**Predicted Relation:** 2, 2
05333467,05287882,_hypernym,**Predicted Relation:** 5, 5
07363346,01970826,_derivationally_related_form,**Predicted Relation:** 2, 2
01189427,01069980,_derivationally_related_form,**Predicted Relation:** 2, 2
05667613,00981083,_derivationally_related_form,**Predicted Relation:** 2, 2
00093327,00068617,_derivationally_related_form,**Predicted Relation:** 2, 2
14852450,14580897,_hypernym,**Predicted Relation:** 1, 1
01708113,09809925,_derivationally_related_form,**Predicted Relation:** 2, 2
14959644,14991927,_hypernym,**Predicted Relation:** 1, 1
03450516,00106592,_derivationally_related_form,**Predicted Relation:** 1, 1
02348568,00240184,_derivationally_related_form,**Predicted Relation:** 3, 3
00229934,00478217,_derivationally_related_form,**Predicted Relation:** 1, 1
00203342,00685683,_derivationally_related_form,**Predicted Relation:** 2. _derivationally_related_form,_derivationally_related_form
02913152,04587648,_has_part,**Predicted Relation:** 7, 7
01628197,03433877,_derivationally_related_form,**Predicted Relation:** 2, 2
13743605,01465218,_derivationally_related_form,**Predicted Relation:** 1, 1
09722399,09634494,_hypernym,**Predicted Relation:** 1, 1
00289175,00288970,_hypernym,**Predicted Relation:** 11, 11
09999135,00847870,_derivationally_related_form,**Predicted Relation:** 2, 2
05148699,02495922,_derivationally_related_form,**Predicted Relation:** 2, 2
09044862,09356320,_has_part,**Predicted Relation:** 7, 7
10017422,01955127,_derivationally_related_form,**Predicted Relation:** 2, 2
07358060,00477665,_derivationally_related_form,**Predicted Relation:** 2, 2
04871720,00763901,_derivationally_related_form,**Predicted Relation:** 11, 11
08153102,10250527,_member_meronym,**Predicted Relation:** 1, 1
02255942,02200686,_hypernym,**Predicted Relation:** 10, 10
00774107,00774796,_hypernym,**Predicted Relation:** 1, 1
08672562,08574314,_hypernym,**Predicted Relation:** 1, 1
12501745,12571194,_member_meronym,**Predicted Relation:** 1, 1
01812720,01761706,_hypernym,**Predicted Relation:** 10, 10
05725378,05721180,_hypernym,**Predicted Relation:** 1. _hypernym,_hypernym
02228031,02222318,_hypernym,**Predicted Relation:** 10, 10
01316949,00015388,_hypernym,**Predicted Relation:** 1. _hypernym,_hypernym
14837364,14877585,_hypernym,**Predicted Relation:** 1. _hypernym,_hypernym
04955160,01246095,_derivationally_related_form,**Predicted Relation:** 2, 2
05395690,05508943,_has_part,**Predicted Relation:** 7, 7
02072849,01992503,_hypernym,**Predicted Relation:** 11, 11
01767661,01905661,_hypernym,**Predicted Relation:** 1. _hypernym,_hypernym
01854047,01854223,_member_meronym,**Predicted Relation:** 5, 5
02245592,02252039,_member_meronym,**Predicted Relation:** 1, 1
02409412,10054657,_derivationally_related_form,**Predicted Relation:** _derivationally_related_form,_derivationally_related_form
08898187,08633957,_instance_hypernym,**Predicted Relation:** 3, 3
10524413,00717358,_derivationally_related_form,**Predicted Relation:** 2, 2
09069862,09070233,_has_part,**Predicted Relation:** 7, 7
12884260,11669921,_hypernym,**Predicted Relation:** 7, 7
00976224,00975902,_hypernym,**Predicted Relation:** 1, 1
07441619,01522276,_derivationally_related_form,**Predicted Relation:** 11, 11
09838370,10273064,_hypernym,**Predicted Relation:** 1. _hypernym,_hypernym
00421691,00426958,_hypernym,**Predicted Relation:** 10, 10
05010062,00006336,_derivationally_related_form,**Predicted Relation:** 2. _derivationally_related_form,_derivationally_related_form
06037298,06000400,_hypernym,**Predicted Relation:** 1. _hypernym,_hypernym
15160579,15209413,_hypernym,**Predicted Relation:** 7, 7
03804744,03501288,_has_part,**Predicted Relation:** _has_part,_has_part
00810226,00809654,_hypernym,**Predicted Relation:** 1, 1
00245059,00151689,_hypernym,**Predicted Relation:** 1, 1
10876798,10072708,_instance_hypernym,**Predicted Relation:** 3, 3
02544348,00802962,_derivationally_related_form,**Predicted Relation:** 2, 2
06709533,06598915,_hypernym,**Predicted Relation:** 3, 3
00864535,00859001,_hypernym,**Predicted Relation:** 1. _hypernym,_hypernym
00361641,00126264,_hypernym,"**Predicted Relation:** 10. _verb_group

Wait, hold on. Let me double-check. Earlier reasoning suggested hypernym, but maybe I made a mistake. Let me think again. 

The verb ""demist"" is a specific action that involves modifying (changing) the state of a surface by removing mist. So ""demist"" is a type of ""modify"", which would make ""modify"" a hypernym of ""demist"". Therefore, the correct relation should be _hypernym (ID 1). 

But the initial incorrect thought process had 10. Maybe I confused verb_group with hypernym. The verb_group relation typically connects verbs that are semantically related but not in a hypernym-hyponym relationship. Since demist is a specific instance of modifying (changing) something, hypernym is better. 

So the correct answer is **1. _hypernym**. But in my first draft, I had 10. That was a mistake. The correct answer must be 1. 

Wait, but let me check the options again. The candidate relations list includes option 10 as _verb_group. If ""verb_group"" is for verbs that are part of the same semantic field but not in hierarchy, then perhaps that's possible. However, the key here is that demist is a specific type of modify, so hypernym is more accurate. 

Therefore, the correct relation ID is **1**.
</think>

**Predicted Relation:** 10. _verb_group

Wait, no. The confusion arises here. Let me clarify. The hypernym relation would be if ""modify"" is the superordinate term. Since ""demist"" is a specific way to modify (alter) something, the correct relation is hypernym. The system might have a predefined structure where _verb_group connects related verbs in meaning but not strict hierarchy. But according to the given rules (Rule A and B), hypernym fits. Since ""modify"" is a broader term encompassing ""demist"" as a specific case, the answer should be _hypernym (1). The initial mistake was due to uncertainty but upon rechecking, hypernym is correct.

**Final Answer:**
**Predicted Relation:** 1. _hypernym",_verb_group
01665081,07695965,_derivationally_related_form,**Predicted Relation:** 2, 2
10363913,00345761,_derivationally_related_form,**Predicted Relation:** 4. _also_see,_also_see
01825237,04945057,_derivationally_related_form,**Predicted Relation:** 11, 11
01695259,01725240,_member_meronym,**Predicted Relation:** 1, 1
09307902,09345932,_has_part,**Predicted Relation:** 1, 1
08227214,08049401,_hypernym,**Predicted Relation:** 1, 1
09356080,09411430,_instance_hypernym,**Predicted Relation:** 3, 3
03446268,03501614,_hypernym,**Predicted Relation:** 1, 1
08524735,08543625,_has_part,**Predicted Relation:** 7, 7
07201804,00987071,_derivationally_related_form,**Predicted Relation:** 2, 2
07624466,07557434,_hypernym,**Predicted Relation:** 1, 1
02557461,02557591,_member_meronym,**Predicted Relation:** 1, 1
07518468,00202934,_derivationally_related_form,**Predicted Relation:** 2, 2
00351963,07291312,_derivationally_related_form,**Predicted Relation:** 2, 2
01075164,00235435,_derivationally_related_form,**Predicted Relation:** 1, 1
01100145,07354731,_derivationally_related_form,**Predicted Relation:** 2. _derivationally_related_form,_derivationally_related_form
04399537,03905540,_hypernym,**Predicted Relation:** 1, 1
05538625,05600637,_has_part,**Predicted Relation:** 7, 7
00594836,09931640,_derivationally_related_form,**Predicted Relation:** 2, 2
12137120,12135898,_hypernym,**Predicted Relation:** 1, 1
05461816,05295381,_has_part,**Predicted Relation:** 5, 5
09873348,00774344,_derivationally_related_form,**Predicted Relation:** 11, 11
00925372,07525555,_derivationally_related_form,**Predicted Relation:** 2, 2
03305135,03304730,_hypernym,**Predicted Relation:** 1. _hypernym,_hypernym
14042423,01569181,_derivationally_related_form,**Predicted Relation:** 2, 2
09189411,08995862,_has_part,**Predicted Relation:** 7, 7
08723006,09350524,_has_part,**Predicted Relation:** 7, 7
08820121,09420030,_has_part,**Predicted Relation:** 7, 7
13631687,13631037,_has_part,**Predicted Relation:** 7, 7
09788237,08441203,_synset_domain_topic_of,**Predicted Relation:** 6, 6
09505418,00693401,_derivationally_related_form,**Predicted Relation:** 2, 2
02138921,02140970,_member_meronym,**Predicted Relation:** 1, 1
10102506,10756433,_hypernym,**Predicted Relation:** 1, 1
00028651,08502171,_has_part,**Predicted Relation:** 5, 5
00800421,00798245,_hypernym,**Predicted Relation:** 1. _hypernym,_hypernym
11411501,11410625,_hypernym,**Predicted Relation:** 1, 1
03257877,03093574,_hypernym,**Predicted Relation:** 1. _hypernym,_hypernym
08378356,08377806,_hypernym,**Predicted Relation:** 1, 1
01155354,02106761,_also_see,**Predicted Relation:** 11, 11
00376715,01573515,_derivationally_related_form,**Predicted Relation:** 10, 10
02915055,05407119,_derivationally_related_form,**Predicted Relation:** 1, 1
06845599,03197804,_member_of_domain_usage,**Predicted Relation:** 1, 1
03049457,04190052,_has_part,**Predicted Relation:** 7, 7
02587239,10735298,_derivationally_related_form,**Predicted Relation:** 2, 2
01130455,07159791,_derivationally_related_form,**Predicted Relation:** 1, 1
01721556,07014029,_derivationally_related_form,**Predicted Relation:** 2, 2
01243661,01226215,_hypernym,**Predicted Relation:** 1. _hypernym,_hypernym
10213652,02591736,_derivationally_related_form,**Predicted Relation:** 11, 11
11538582,11537665,_hypernym,**Predicted Relation:** 11, 11
02429810,00792471,_verb_group,**Predicted Relation:** 10, 10
08083599,08085824,_has_part,**Predicted Relation:** 7, 7
02622234,14419164,_derivationally_related_form,**Predicted Relation:** 2, 2
06071934,01567888,_derivationally_related_form,**Predicted Relation:** 2, 2
00155727,00433232,_hypernym,**Predicted Relation:** 10, 10
02616713,10681194,_derivationally_related_form,**Predicted Relation:** 2, 2
09850642,10667187,_hypernym,**Predicted Relation:** 1, 1
03925226,02838592,_derivationally_related_form,**Predicted Relation:** 6, 6
14213512,14213199,_hypernym,**Predicted Relation:** 1, 1
05573602,05293944,_has_part,**Predicted Relation:** 7, 7
02006510,02006827,_member_meronym,**Predicted Relation:** 7, 7
01153861,01123598,_hypernym,**Predicted Relation:** 1. _hypernym,_hypernym
12245695,13112664,_hypernym,**Predicted Relation:** 1, 1
13945102,01096497,_derivationally_related_form,**Predicted Relation:** 2, 2
13140535,13144303,_member_meronym,**Predicted Relation:** 1, 1
00583239,00346991,_also_see,**Predicted Relation:** 1, 1
12258663,12259316,_member_meronym,**Predicted Relation:** 1, 1
00207761,02499312,_derivationally_related_form,**Predicted Relation:** 2, 2
01233156,02487573,_derivationally_related_form,**Predicted Relation:** 2, 2
01575401,01574045,_hypernym,**Predicted Relation:** 1. _hypernym,_hypernym
01111458,01111028,_hypernym,**Predicted Relation:** 1, 1
15084999,14621446,_hypernym,**Predicted Relation:** 1. _hypernym,_hypernym
07412310,02763609,_derivationally_related_form,**Predicted Relation:** 11, 11
14641397,00520881,_derivationally_related_form,**Predicted Relation:** 2, 2
09246883,06084469,_synset_domain_topic_of,**Predicted Relation:** 6, 6
02116777,02116568,_verb_group,**Predicted Relation:** 10, 10
03806381,03808977,_hypernym,**Predicted Relation:** 1. _hypernym,_hypernym
01940488,01955463,_member_meronym,**Predicted Relation:** 1, 1
00823129,08081668,_synset_domain_topic_of,**Predicted Relation:** 6, 6
15155220,15154774,_hypernym,**Predicted Relation:** 1, 1
01741446,01235355,_verb_group,**Predicted Relation:** 11, 11
06619428,06619065,_hypernym,**Predicted Relation:** 1, 1
09918554,00007846,_hypernym,**Predicted Relation:** 1, 1
13441812,00060185,_derivationally_related_form,**Predicted Relation:** 2, 2
05504532,05505131,_has_part,**Predicted Relation:** 5, 5
01244178,04367480,_derivationally_related_form,**Predicted Relation:** 2, 2
01581070,02957586,_derivationally_related_form,**Predicted Relation:** 2. _derivationally_related_form,_derivationally_related_form
05638606,10294953,_derivationally_related_form,**Predicted Relation:** 2, 2
01052853,01494310,_derivationally_related_form,**Predicted Relation:** 2, 2
02002410,02002720,_hypernym,**Predicted Relation:** 10, 10
00559102,01046984,_derivationally_related_form,**Predicted Relation:** 2, 2
02248147,02250464,_member_meronym,**Predicted Relation:** 7, 7
11963755,11963932,_member_meronym,**Predicted Relation:** 1, 1
03420440,03169390,_hypernym,**Predicted Relation:** 1, 1
01732713,03495258,_derivationally_related_form,**Predicted Relation:** 2, 2
12039743,12074205,_member_meronym,**Predicted Relation:** 1, 1
02012344,01850315,_hypernym,**Predicted Relation:** 1. _hypernym,_hypernym
02531625,05799212,_derivationally_related_form,**Predicted Relation:** 2, 2
10287213,05220306,_has_part,**Predicted Relation:** 7, 7
03428805,01330822,_derivationally_related_form,**Predicted Relation:** 2, 2
02921884,03003730,_hypernym,**Predicted Relation:** 1, 1
07557434,01180351,_derivationally_related_form,**Predicted Relation:** 2, 2
02236044,02232951,_hypernym,**Predicted Relation:** 1. _hypernym,_hypernym
00521085,00521209,_hypernym,**Predicted Relation:** 1, 1
01209220,02549392,_derivationally_related_form,**Predicted Relation:** 11, 11
09813696,10338707,_hypernym,**Predicted Relation:** 1, 1
10526096,02491383,_derivationally_related_form,**Predicted Relation:** 11, 11
00546192,15109745,_derivationally_related_form,**Predicted Relation:** 2, 2
08735705,09319604,_instance_hypernym,**Predicted Relation:** 3, 3
02556537,01218084,_verb_group,**Predicted Relation:** 10, 10
03446268,04444345,_has_part,**Predicted Relation:** 7, 7
08731057,08524735,_instance_hypernym,**Predicted Relation:** _instance_hypernym,_instance_hypernym
06721949,00941990,_derivationally_related_form,**Predicted Relation:** 1, 1
05483388,05296775,_hypernym,**Predicted Relation:** 1, 1
00644372,01688271,_also_see,**Predicted Relation:** 11, 11
00470701,01323958,_hypernym,**Predicted Relation:** 10, 10
09023321,09026204,_has_part,**Predicted Relation:** 7, 7
01458973,00140123,_hypernym,**Predicted Relation:** 1, 1
08860123,03415252,_member_of_domain_region,**Predicted Relation:** 9, 9
03820318,03442756,_hypernym,**Predicted Relation:** 5, 5
01635056,01634424,_hypernym,**Predicted Relation:** 1, 1
10298912,10371741,_hypernym,**Predicted Relation:** 1. _hypernym,_hypernym
00189189,00187526,_hypernym,**Predicted Relation:** 1, 1
07751004,13138308,_hypernym,**Predicted Relation:** 1. _hypernym,_hypernym
06961557,03130073,_derivationally_related_form,**Predicted Relation:** 2, 2
10179069,09786585,_hypernym,**Predicted Relation:** 1, 1
10902591,10467395,_instance_hypernym,**Predicted Relation:** 3, 3
10119953,09626238,_hypernym,**Predicted Relation:** 3, 3
00190682,00126264,_hypernym,**Predicted Relation:** 10, 10
08130712,08337324,_hypernym,**Predicted Relation:** 3, 3
10583387,10314952,_hypernym,**Predicted Relation:** 1. _hypernym,_hypernym
00032981,00034288,_hypernym,**Predicted Relation:** 1, 1
02642430,01429349,_hypernym,**Predicted Relation:** 1, 1
00417413,00418110,_similar_to,**Predicted Relation:** 2, 2
07321517,06236802,_synset_domain_topic_of,**Predicted Relation:** 5, 5
09147964,09148662,_has_part,**Predicted Relation:** 7, 7
02235575,02235761,_member_meronym,**Predicted Relation:** 1, 1
01437805,01444520,_member_meronym,**Predicted Relation:** 7, 7
00555447,00196084,_derivationally_related_form,**Predicted Relation:** 11, 11
02473431,00776059,_hypernym,**Predicted Relation:** 10, 10
12667582,07763483,_has_part,**Predicted Relation:** 7, 7
11918631,11579418,_hypernym,**Predicted Relation:** 1, 1
10150940,02384940,_derivationally_related_form,**Predicted Relation:** 2, 2
11879722,11878283,_hypernym,**Predicted Relation:** 1, 1
09843956,00471613,_synset_domain_topic_of,**Predicted Relation:** _member_meronym,_member_meronym
00594580,10259527,_derivationally_related_form,**Predicted Relation:** 2, 2
01551871,10566072,_derivationally_related_form,**Predicted Relation:** 2, 2
14960090,14686352,_hypernym,**Predicted Relation:** 1. _hypernym,_hypernym
00722232,00628491,_hypernym,**Predicted Relation:** 10, 10
02259829,13253751,_derivationally_related_form,**Predicted Relation:** 11, 11
15275598,15272029,_hypernym,**Predicted Relation:** 11, 11
09137869,09388318,_has_part,**Predicted Relation:** 7, 7
00060201,00058743,_hypernym,**Predicted Relation:** 1, 1
07121157,07109847,_hypernym,**Predicted Relation:** 1, 1
01424948,01425348,_verb_group,**Predicted Relation:** 10, 10
00860620,01218932,_derivationally_related_form,**Predicted Relation:** 2, 2
10259780,08199025,_synset_domain_topic_of,**Predicted Relation:** 5, 5
02150039,06043075,_synset_domain_topic_of,**Predicted Relation:** 8, 8
02510337,02422663,_hypernym,**Predicted Relation:** 10, 10
03008207,14855724,_derivationally_related_form,**Predicted Relation:** 2, 2
02763714,03489162,_hypernym,**Predicted Relation:** 1, 1
02463141,00183505,_derivationally_related_form,**Predicted Relation:** 1. _hypernym,_hypernym
02080577,01183573,_derivationally_related_form,**Predicted Relation:** 2, 2
11723655,11571907,_hypernym,**Predicted Relation:** 1, 1
01799629,01803003,_hypernym,**Predicted Relation:** 11, 11
02308325,01762525,_hypernym,**Predicted Relation:** 1, 1
12685214,12685431,_member_meronym,**Predicted Relation:** 1, 1
06022291,06021499,_hypernym,**Predicted Relation:** 1, 1
12646397,12638556,_hypernym,**Predicted Relation:** 1, 1
05846355,05846054,_hypernym,**Predicted Relation:** 1. _hypernym,_hypernym
00812149,00203753,_derivationally_related_form,**Predicted Relation:** 1, 1
10659571,10349243,_hypernym,**Predicted Relation:** 1, 1
14944888,14682133,_hypernym,**Predicted Relation:** 1, 1
01946118,01938850,_hypernym,**Predicted Relation:** 1. _hypernym,_hypernym
02170427,05853636,_derivationally_related_form,**Predicted Relation:** 2, 2
00806314,10670668,_derivationally_related_form,**Predicted Relation:** 2, 2
09144323,08524735,_instance_hypernym,**Predicted Relation:** 3, 3
02830157,02035919,_derivationally_related_form,**Predicted Relation:** 2, 2
11375087,10650162,_instance_hypernym,**Predicted Relation:** 3, 3
05275466,05269901,_hypernym,**Predicted Relation:** 1. _hypernym,_hypernym
00661213,13855627,_derivationally_related_form,**Predicted Relation:** 2, 2
03338287,06047430,_synset_domain_topic_of,**Predicted Relation:** 6, 6
00837293,00007328,_derivationally_related_form,**Predicted Relation:** 2, 2
10196845,10008716,_hypernym,**Predicted Relation:** 1. _hypernym,_hypernym
10597505,09610660,_hypernym,**Predicted Relation:** 1. _hypernym,_hypernym
06218459,10619176,_derivationally_related_form,**Predicted Relation:** 2, 2
02887209,01219706,_derivationally_related_form,**Predicted Relation:** 2, 2
02260770,02260362,_hypernym,**Predicted Relation:** 10, 10
04117216,04313220,_hypernym,**Predicted Relation:** 1, 1
04159058,01356582,_derivationally_related_form,**Predicted Relation:** 2, 2
00068333,00204585,_derivationally_related_form,**Predicted Relation:** 1, 1
01165112,01163779,_hypernym,**Predicted Relation:** 1, 1
01539573,01524359,_hypernym,**Predicted Relation:** 1, 1
01527194,01525720,_hypernym,**Predicted Relation:** 1. _hypernym,_hypernym
12958921,13167078,_hypernym,**Predicted Relation:** 1, 1
04446162,03051540,_hypernym,**Predicted Relation:** 1, 1
09112857,08524735,_instance_hypernym,**Predicted Relation:** 3, 3
02645143,01432517,_hypernym,**Predicted Relation:** 1, 1
00733454,05951566,_derivationally_related_form,**Predicted Relation:** 2, 2
06720371,08441203,_synset_domain_topic_of,**Predicted Relation:** 6, 6
10553805,02551602,_derivationally_related_form,**Predicted Relation:** 2, 2
01925469,01926090,_member_meronym,**Predicted Relation:** 1, 1
02137538,07487695,_derivationally_related_form,**Predicted Relation:** 2, 2
14712036,00265094,_derivationally_related_form,**Predicted Relation:** 2, 2
01838038,01503061,_hypernym,**Predicted Relation:** 1, 1
08766988,08772137,_has_part,**Predicted Relation:** 7, 7
01435380,01142519,_derivationally_related_form,**Predicted Relation:** 8, 8
03461385,04190052,_has_part,**Predicted Relation:** 7, 7
