Head,Tail,Head_Name,Tail_Name,True_Relation,Model_Raw_Output
/m/010xjr,/m/01c92g,Richard_Harris,Grammy_Award_for_Best_Male_Pop_Vocal_Performance,/award/award_nominee/award_nominations./award/award_nomination/award,nominated for
/m/060c4,/m/05g76,President,New_York_Mets,/business/job_title/people_with_this_title./business/employment_tenure/company,"""fan of"""
/m/0ggbfwf,/m/02h40lc,Salmon_Fishing_in_the_Yemen,English_Language,/film/film/language,"The most likely relationship between ""Salmon_Fishing_in_the_Yemen"" and ""English_Language"" in the context of a Knowledge Graph like Freebase is ""language""."
/m/04jwjq,/m/02l7c8,Veer-Zaara,Romance_Film,/film/film/genre,"""genre"""
/m/027r8p,/m/04ztj,Maura_Tierney,Marriage,/people/person/spouse_s./people/marriage/type_of_union,"""spouse"""
/m/03ftmg,/m/08mbj5d,Anthony_Horowitz,Official_Website,/common/topic/webpage./common/webpage/category,"""official website"""
/m/01pq4w,/m/029b9k,Vanderbilt_University,Dinah_Shore,/education/educational_institution/students_graduates./education/education/student,"""alumni"""
/m/09txzv,/m/033smt,Where_the_Wild_Things_Are,Technical_Director,/film/film/other_crew./film/film_crew_gig/film_crew_role,"The most likely relationship between ""Where_the_Wild_Things_Are"" and ""Technical_Director"" in the context of a Knowledge Graph like Freebase would be ""film crew role""."
/m/09146g,/m/04gzd,Kung_Fu_Panda,Lithuania,/film/film/release_date_s./film/film_regional_release_date/film_release_region,"""filming location"""
/m/02g839,/m/03mszl,Berklee_College_of_Music,Gillian_Welch,/education/educational_institution/students_graduates./education/education/student,"""alumni"""
/m/01k23t,/m/08mbj5d,Annie_Lennox,Official_Website,/common/topic/webpage./common/webpage/category,Official website.
/m/0p9sw,/m/073hd1,Academy_Award_for_Best_Sound_Mixing,63rd_Academy_Awards,/award/award_category/winners./award/award_honor/ceremony,"""award ceremony"""
/m/0123qq,/m/0fdjb,Angel,Supernatural,/tv/tv_program/genre,"""appears in"""
/m/0257__,/m/0gpjbt,Grammy_Award_for_Best_Classical_Contemporary_Composition,49th_Annual_Grammy_Awards,/award/award_category/winners./award/award_honor/ceremony,"""award presented at"""
/m/0d060g,/m/01f1jy,Canada,1972_Winter_Olympics,/olympics/olympic_participating_country/medals_won./olympics/olympic_medal_honor/olympics,"""participated in"""
/m/02x2jl_,/m/02qfv5d,State_of_Play,Political_thriller,/film/film/genre,Genre
/m/0gqy2,/m/04j13sx,Academy_Award_for_Best_Actor_in_a_Supporting_Role,Network,/award/award_category/nominees./award/award_nomination/nominated_for,"""award winner"""
/m/085h1,/m/04wgh,World_Trade_Organization,Morocco,/user/ktrueman/default_domain/international_organization/member_states,member_of
/m/02qwg,/m/02sgy,Eric_Clapton,Electric_guitar,/music/artist/track_contributions./music/track_contribution/role,"""instrument"""
/m/099tbz,/m/020bv3,Broadcast_Film_Critics_Association_Award_for_Best_Cast,Love_Actually,/award/award_category/nominees./award/award_nomination/nominated_for,"""award winner"""
/m/05kjlr,/m/05fg2,AIA_Gold_Medal,Norman_Foster,/award/award_category/winners./award/award_honor/award_winner,"""award winner"""
/m/02q56mk,/m/09zzb8,Wonder_Boys,Makeup_Artist-GB,/film/film/other_crew./film/film_crew_gig/film_crew_role,makeup artist
/m/01vmv_,/m/016xk5,Queen's_University_Belfast,Simon_Callow,/education/educational_institution/students_graduates./education/education/student,"""alumni"""
/m/063_t,/m/02hrh1q,Peter_Sellers,Actor-GB,/people/person/profession,"""profession"""
/m/02b9g4,/m/0ckd1,Ryan_Seacrest,Executive_Producer,/tv/tv_producer/programs_produced./tv/tv_producer_term/producer_type,"""profession"""
/m/011j5x,/m/0l8g0,Post-punk,The_Flaming_Lips,/music/genre/artists,genre
/m/027ydt,/m/0325pb,Eastern_Kentucky_University,Alpha_Delta_Pi,/education/university/fraternities_and_sororities,"""fraternity_sorority"""
/m/09v42sf,/m/0vgkd,Kaboom,Black_comedy,/film/film/genre,genre
/m/05zvj3m,/m/065zlr,MTV_Movie_Award_for_Best_Comedic_Performance,Nutty_Professor_II:_The_Klumps,/award/award_category/nominees./award/award_nomination/nominated_for,"""award_winner"""
/m/0k5g9,/m/02cqbx,Vertigo,Edith_Head,/film/film/costume_design_by,costume designer
/m/05bt6j,/m/044mfr,Pop_rock,Adam_Levine,/music/genre/artists,"""genre"""
/m/04ztj,/m/0843m,Marriage,Windsor,/people/marriage_union_type/unions_of_this_type./people/marriage/location_of_ceremony,"""location of"""
/m/035w2k,/m/0ch6mp2,Mission:_Impossible,Sound_Mixer,/film/film/other_crew./film/film_crew_gig/film_crew_role,soundtrack_contributor
/m/05kfs,/m/05f4m9q,Oliver_Stone,Razzie_Award_for_Worst_Director,/award/award_nominee/award_nominations./award/award_nomination/award,nominated for
/m/01kf5lf,/m/02kdv5l,Goldfinger,Action_Film,/film/film/genre,"""genre"""
/m/057bc6m,/m/01wb95,Ray_Moyer,The_Greatest_Story_Ever_Told,/award/award_nominee/award_nominations./award/award_nomination/nominated_for,"""production designer"""
/m/0pmhf,/m/076zy_g,Denzel_Washington,Unstoppable,/film/actor/film./film/performance/film,acted in
/m/05cl8y,/m/02vxn,Koch_Entertainment,Film,/business/business_operation/industry,"""distributes"""
/m/04f6df0,/m/029j_,Into_the_Storm,DVD,/film/film/release_date_s./film/film_regional_release_date/film_release_distribution_medium,"""format"""
/m/02kcz,/m/0b6css,Equatorial_Guinea,African_Development_Bank,/organization/organization_member/member_of./organization/organization_membership/organization,"""member of"""
/m/01qdmh,/m/09c7w0,Spy_Game,United_States_of_America,/film/film/country,"The most likely relationship between ""Spy_Game"" and ""United_States_of_America"" in the context of a Knowledge Graph like Freebase is ""country of origin""."
/m/05mv4,/m/0fdys,Oberlin_College,English_Literature,/education/educational_institution/students_graduates./education/education/major_field_of_study,"The most likely relationship between ""Oberlin_College"" and ""English_Literature"" in the context of a Knowledge Graph like Freebase is ""offers academic program in""."
/m/01f85k,/m/05r4w,In_the_Mood_for_Love,Portugal,/film/film/release_date_s./film/film_regional_release_date/film_release_region,Filming location
/m/065ym0c,/m/01rbb,Detective_Dee:_Mystery_of_the_Phantom_Flame,Crime,/film/film/genre,Genre
/m/03wjb7,/m/0l15bq,Robyn_Hitchcock,handclaps,/music/artist/contribution./music/recording_contribution/performance_role,"""musical contribution"""
/m/0symg,/m/0m2l9,Dead_Man,Neil_Young,/film/film/music,"""performed by"""
/m/022fj_,/m/05fyss,Florida_International_University,Dennis_Lehane,/education/educational_institution/students_graduates./education/education/student,"""alumni"""
/m/05lb65,/m/030znt,Brenda_Strong,Alfre_Woodard,/award/award_nominee/award_nominations./award/award_nomination/award_nominee,"Both Brenda Strong and Alfre Woodard are actresses, so the most likely relationship between them in the context of a Knowledge Graph like Freebase would be ""co-starred in"" or ""acted in the same project""."
/m/0gnbw,/m/07cbcy,Michael_Caine,Razzie_Award_for_Worst_Actor,/award/award_nominee/award_nominations./award/award_nomination/award,"""nominated for"""
/m/033tf_,/m/06s6hs,Irish_American,Kate_Walsh,/people/ethnicity/people,"""ethnicity"""
/m/03vrv9,/m/02ntb8,Fred_Williamson,Starsky_&_Hutch,/film/actor/film./film/performance/film,acted in
/m/028tv0,/m/0394y,Lead_guitar,Grateful_Dead,/music/performance_role/regular_performances./music/group_membership/group,"The most likely relationship between ""Lead_guitar"" and ""Grateful_Dead"" in the context of a Knowledge Graph like Freebase is ""instrument played in""."
/m/02snj9,/m/018vs,Programming,Bass_guitar,/music/performance_role/regular_performances./music/group_membership/role,"The most likely relationship between ""Programming"" and ""Bass_guitar"" in the context of a Knowledge Graph like Freebase could be ""topic of interest"" or ""subject matter""."
/m/01vtmw6,/m/01bgqh,Harry_Nilsson,Grammy_Award_for_Record_of_the_Year,/award/award_nominee/award_nominations./award/award_nomination/award,"""award received"""
/m/0mpbx,/m/02hcv8,Arlington_County,Eastern_Time_Zone,/location/location/time_zones,time zone
/m/02wtp6,/m/07ssc,The_Dreamers,United_Kingdom,/film/film/release_date_s./film/film_regional_release_date/film_release_region,"""country of origin"""
/m/02ldmw,/m/05qjc,North_Carolina_School_of_the_Arts,Performing_arts,/education/educational_institution/students_graduates./education/education/major_field_of_study,Field of study
/m/0736qr,/m/04ztj,Ray_Wise,Marriage,/people/person/spouse_s./people/marriage/type_of_union,"""spouse"""
/m/0bkj86,/m/037fqp,Master_of_Arts,Marquette_University,/education/educational_degree/people_with_this_degree./education/education/institution,"""offered by"""
/m/019f4v,/m/04cj79,Golden_Globe_Award_for_Best_Director_-_Motion_Picture,Closer,/award/award_category/nominees./award/award_nomination/nominated_for,"""award winner"""
/m/0k611,/m/02jxbw,Academy_Award_for_Best_Film_Editing,Glory,/award/award_category/nominees./award/award_nomination/nominated_for,"""award winner"""
/m/01gzm2,/m/0d8qb,Nora_Ephron,Journalist-GB,/people/person/profession,Profession
/m/0407yfx,/m/047yc,Brave,Kuwait,/film/film/release_date_s./film/film_regional_release_date/film_release_region,"""filming location"""
/m/069_0y,/m/02jknp,Andrew_Lau,Film_Director,/people/person/profession,"""profession"""
/m/04ztj,/m/0d1y7,Marriage,Clark_County,/people/marriage_union_type/unions_of_this_type./people/marriage/location_of_ceremony,"""location"""
/m/02nzb8,/m/07sqbl,Midfielder,Gaziantepspor,/sports/sports_position/players./sports/sports_team_roster/team,"""played for"""
/m/07qg8v,/m/0d05w3,8_Women,China,/film/film/release_date_s./film/film_regional_release_date/film_release_region,"""filming location"""
/m/063_j5,/m/0dxtw,Kiss_Kiss_Bang_Bang,Special_Effects,/film/film/other_crew./film/film_crew_gig/film_crew_role,"The most likely relationship between ""Kiss_Kiss_Bang_Bang"" and ""Special_Effects"" in the context of a Knowledge Graph like Freebase is ""featured special effects""."
/m/03xq0f,/m/02f6g5,FilmFlex,50_First_Dates,/film/film_distributor/films_distributed./film/film_film_distributor_relationship/film,"""distributed"""
/m/025mb_,/m/0cqgl9,Betty_White,Screen_Actors_Guild_Award_for_Outstanding_Performance_by_a_Female_Actor_in_a_Miniseries_or_Television_Movie,/award/award_nominee/award_nominations./award/award_nomination/award,"""award won"""
/m/01cwm1,/m/083jv,Stoke_City_F.C.,White,/sports/sports_team/colors,Team color.
/m/0blq0z,/m/0279c15,Jeremy_Renner,Chicago_Film_Critics_Association_Award_for_Best_Actor,/award/award_nominee/award_nominations./award/award_nomination/award,"""award won"""
/m/03q0r1,/m/0jgd,Cars,Argentina,/film/film/release_date_s./film/film_regional_release_date/film_release_region,"""manufactured in"""
/m/014mlp,/m/027ydt,Bachelor_of_Arts,Eastern_Kentucky_University,/education/educational_degree/people_with_this_degree./education/education/institution,"""offered by"""
/m/02x1dht,/m/017z49,Satellite_Award_for_Best_Original_Screenplay,Memento,/award/award_category/nominees./award/award_nomination/nominated_for,award_winner
/m/0bl60p,/m/05zppz,Max_Casella,Male,/people/person/gender,Gender
/m/07szy,/m/037mh8,University_of_Michigan,Philosophy,/education/educational_institution/students_graduates./education/education/major_field_of_study,"""academic program"""
/m/02p65p,/m/02x8n1n,Don_Cheadle,Independent_Spirit_Award_for_Best_Supporting_Male,/award/award_nominee/award_nominations./award/award_nomination/award,"""award received"""
/m/06jcc,/m/0hky,Ray_Bradbury,Aldous_Huxley,/influence/influence_node/influenced_by,influenced by
/m/0jdx,/m/018wl5,Albania,Parliamentary_system,/location/country/form_of_government,"""form of government"""
/m/060c4,/m/02cttt,President,"University_at_Buffalo,_The_State_University_of_New_York",/organization/role/leaders./organization/leadership/organization,"""education"""
/m/03yvf2,/m/03h64,Fight_Club,Hong_Kong,/film/film/release_date_s./film/film_regional_release_date/film_release_region,"""filming location"""
/m/0gvvf4j,/m/03h64,Piranha_DD,Hong_Kong,/film/film/release_date_s./film/film_regional_release_date/film_release_region,"The most likely relationship between ""Piranha_DD"" and ""Hong_Kong"" in the context of a Knowledge Graph like Freebase is ""location of""."
/m/0jz9f,/m/0f4_l,Miramax_Films,Pulp_Fiction,/film/film_distributor/films_distributed./film/film_film_distributor_relationship/film,"""produced"""
/m/04_j5s,/m/09nqf,New_York_University_School_of_Law,United_States_Dollar,/education/university/local_tuition./measurement_unit/dated_money_value/currency,"The most likely relationship between ""New_York_University_School_of_Law"" and ""United_States_Dollar"" in the context of a Knowledge Graph like Freebase is ""tuition currency""."
/m/01f1r4,/m/04rjg,"University_of_California,_Santa_Barbara",Mathematics,/education/educational_institution/students_graduates./education/education/major_field_of_study,"""academic program"""
/m/01shy7,/m/09zzb8,Zoolander,Makeup_Artist-GB,/film/film/other_crew./film/film_crew_gig/film_crew_role,"""makeup artist"""
/m/06x76,/m/01g5v,St._Louis_Rams,Blue,/sports/sports_team/colors,Team color
/m/019v9k,/m/02lp1,Bachelor's_degree,Electrical_engineering,/education/educational_degree/people_with_this_degree./education/education/major_field_of_study,Field of study
/m/06g2d1,/m/09c7w0,Terrence_Howard,United_States_of_America,/people/person/nationality,"""nationality"""
/m/0qcr0,/m/02wb6d,Cancer,Franz_Waxman,/people/cause_of_death/people,"The most likely relationship between ""Cancer"" and ""Franz_Waxman"" in the context of a Knowledge Graph like Freebase is ""cause of death""."
/m/01yhvv,/m/016xh5,Elisha_Cuthbert,Hugh_Grant,/award/award_nominee/award_nominations./award/award_nomination/award_nominee,"There is no direct, well-documented relationship between Elisha Cuthbert and Hugh Grant in the context of a Knowledge Graph like Freebase. If they were to be connected, it might be through a shared attribute such as ""acted in"" if"
/m/03fbb6,/m/02wwmhc,Giovanni_Ribisi,The_Rum_Diary,/film/actor/film./film/performance/film,acted in
/m/05q4y12,/m/01znc_,Away_We_Go,Turkey,/film/film/release_date_s./film/film_regional_release_date/film_release_region,"""filming location"""
/m/015xp4,/m/04ztj,Etta_James,Marriage,/people/person/spouse_s./people/marriage/type_of_union,"""spouse"""
/m/01w_10,/m/02zsn,Katie_Couric,Female,/people/person/gender,Gender
/m/03krj,/m/087vz,Handball,Yugoslavia,/olympics/olympic_sport/athletes./olympics/olympic_athlete_affiliation/country,"""originated in"""
/m/04qr6d,/m/01c72t,Vishal_Bharadwaj,Composer,/people/person/profession,"""profession"""
/m/03y5ky,/m/01l849,Valparaiso_University,Gold,/education/educational_institution/colors,"The most likely relationship between ""Valparaiso_University"" and ""Gold"" in the context of a Knowledge Graph like Freebase is ""school colors""."
/m/04xvlr,/m/04yg13l,Period_piece,Ironclad,/media_common/netflix_genre/titles,"""topic of"""
/m/0vkl2,/m/07tf8,"SOAS,_University_of_London",University,/education/educational_institution/school_type,"""type of"""
/m/06gn7r,/m/05zppz,Utpal_Dutt,Male,/people/person/gender,Gender
/m/01w9wwg,/m/056xkh,Will.i.am,Be_Cool,/film/actor/film./film/performance/film,acted in
/m/0cqt90,/m/04ztj,Donald_Trump,Marriage,/people/person/spouse_s./people/marriage/type_of_union,"""spouse"""
/m/05bpg3,/m/0b7l4x,Jeremy_Piven,Smokin'_Aces,/film/actor/film./film/performance/film,acted in
/m/05cv8,/m/07lp1,Neal_Stephenson,Thomas_Pynchon,/influence/influence_node/influenced_by,influenced by
/m/0kftt,/m/0bdwft,Julie_Andrews,Primetime_Emmy_Award_for_Outstanding_Lead_Actress_-_Miniseries_or_a_Movie,/award/award_nominee/award_nominations./award/award_nomination/award,"""award nomination"""
/m/027gy0k,/m/03ktjq,Speed_Racer,Joel_Silver,/film/film/produced_by,"""produced by"""
/m/01fsv9,/m/055c8,Jackson_State_University,Morgan_Freeman,/education/educational_institution/students_graduates./education/education/student,"""alumni"""
/m/0kz10,/m/07gxw,Intelligent_dance_music,Techno,/music/genre/parent_genre,"""genre of"""
/m/02ppm4q,/m/0gmgwnv,BAFTA_Award_for_Best_Actress_in_a_Supporting_Role,Lincoln,/award/award_category/nominees./award/award_nomination/nominated_for,"""award won for"""
/m/04fjzv,/m/07ssc,The_Shining,United_Kingdom,/film/film/release_date_s./film/film_regional_release_date/film_release_region,"""filming location"""
/m/05zksls,/m/063ykwt,67th_Golden_Globe_Awards,The_Good_Wife,/award/award_ceremony/awards_presented./award/award_honor/honored_for,"""nominated work"""
/m/044mfr,/m/042v_gx,Adam_Levine,Acoustic_guitar,/music/artist/track_contributions./music/track_contribution/role,"""plays"""
/m/019ltg,/m/02vx4,Botafogo_de_Futebol_e_Regatas,Football,/sports/sports_team/sport,"""sport"""
/m/0fq9zcx,/m/089j8p,British_Independent_Film_Award_for_Best_Supporting_Actress,Mrs_Henderson_Presents,/award/award_category/nominees./award/award_nomination/nominated_for,"""award won for"""
/m/01bgqh,/m/02rjjll,Grammy_Award_for_Record_of_the_Year,50th_Annual_Grammy_Awards-US,/award/award_category/winners./award/award_honor/ceremony,"""award ceremony"""
/m/01nbq4,/m/015cjr,Jeremy_Clarkson,Presenter-GB,/people/person/profession,"""profession"""
/m/08qnnv,/m/029g_vk,Indiana_University,Telecommunications,/education/educational_institution/students_graduates./education/education/major_field_of_study,"The most likely relationship between ""Indiana_University"" and ""Telecommunications"" in the context of a Knowledge Graph like Freebase is ""offers program in"" or ""field of study""."
/m/0f8j13,/m/05p553,Fear_and_Loathing_in_Las_Vegas,Comedy-GB,/film/film/genre,"""genre"""
/m/03hl6lc,/m/047d21r,Writers_Guild_of_America_Award_for_Best_Original_Screenplay,The_Fighter,/award/award_category/nominees./award/award_nomination/nominated_for,"""award nominee"""
/m/06w2sn5,/m/0661m4p,Justin_Bieber,Men_in_Black_3,/film/actor/film./film/performance/film,"""featured in soundtrack"""
/m/06fvc,/m/019sc,Red,Black,/dataworld/gardening_hint/split_to,"The most likely relationship between ""Red"" and ""Black"" in the context of a Knowledge Graph like Freebase could be ""color category"" or ""related color""."
/m/03l2n,/m/0jbk9,Houston,United_States_Department_of_Housing_and_Urban_Development,/location/hud_foreclosure_area/estimated_number_of_mortgages./measurement_unit/dated_integer/source,"""served by"""
/m/085h1,/m/034m8,World_Trade_Organization,Guyana,/user/ktrueman/default_domain/international_organization/member_states,"""member"""
/m/031x_3,/m/09jwl,Jessye_Norman,Musician-GB,/people/person/profession,"""profession"""
/m/01hmnh,/m/0gj8nq2,Fantasy,Abraham_Lincoln:_Vampire_Hunter,/media_common/netflix_genre/titles,Genre
/m/0gffmn8,/m/0bjv6,The_Expendables_2,Republic_of_Macedonia,/film/film/release_date_s./film/film_regional_release_date/film_release_region,filming location
/m/028k57,/m/01xvjb,Eugene_Levy,Splash,/film/actor/film./film/performance/film,acted in
/m/0fkzq,/m/03v1s,Lieutenant_Governor,Indiana,/government/government_office_category/officeholders./government/government_position_held/jurisdiction_of_office,"""office held"""
/m/0kjrx,/m/05p09zm,Uma_Thurman,Razzie_Award_for_Worst_Screen_Couple/Ensemble,/award/award_nominee/award_nominations./award/award_nomination/award,"""award nominee"""
/m/01rwcgb,/m/0dz3r,Yuvan_Shankar_Raja,Record_producer-GB,/people/person/profession,"""profession"""
/m/0gs9p,/m/049xgc,Academy_Award_for_Best_Director,The_Aviator,/award/award_category/nominees./award/award_nomination/nominated_for,"""award won"""
/m/05qbbfb,/m/02kdv5l,The_Last_Airbender,Action_Film,/film/film/genre,Genre
/m/01chpn,/m/02h40lc,Adaptation,English_Language,/film/film/language,"The most likely relationship between ""Adaptation"" and ""English_Language"" in the context of a Knowledge Graph like Freebase is ""language of work or name""."
/m/01dvbd,/m/029j_,"Lock,_Stock_and_Two_Smoking_Barrels",DVD,/film/film/release_date_s./film/film_regional_release_date/film_release_distribution_medium,"""format"""
/m/0l2lk,/m/09nqf,Monterey_County,United_States_Dollar,/location/statistical_region/rent50_2./measurement_unit/dated_money_value/currency,"""currency used"""
/m/0f4x7,/m/011ypx,Academy_Award_for_Best_Actor,Good_Will_Hunting,/award/award_category/nominees./award/award_nomination/nominated_for,"""award won by"""
/m/0h3y,/m/02llzg,Algeria,Central_European_Time_Zone-US,/location/location/time_zones,time zone
/m/0pdp8,/m/01pvkk,This_Is_Spinal_Tap,Sound_Editor-GB,/film/film/other_crew./film/film_crew_gig/film_crew_role,sound crew
/m/0dgq80b,/m/02h40lc,Ghost_Rider:_Spirit_of_Vengeance,English_Language,/film/film/language,"The most likely relationship between ""Ghost_Rider:_Spirit_of_Vengeance"" and ""English_Language"" in the context of a Knowledge Graph like Freebase is ""language""."
/m/02knxx,/m/012c6x,Natural_causes,Jackie_Cooper,/people/cause_of_death/people,Cause of death
/m/02bj6k,/m/0180mw,Stanley_Tucci,ER,/award/award_nominee/award_nominations./award/award_nomination/nominated_for,acted in
/m/065ym0c,/m/029j_,Detective_Dee:_Mystery_of_the_Phantom_Flame,DVD,/film/film/release_date_s./film/film_regional_release_date/film_release_distribution_medium,release format
/m/02bn_p,/m/081yw,106th_United_States_Congress,Washington,/government/legislative_session/members./government/government_position_held/district_represented,"""location"""
/m/038723,/m/01wk7b7,Greek_American,John_Stamos,/people/ethnicity/people,"""ethnicity"""
/m/0275_pj,/m/02q1tc5,Stephen_Demorest,Daytime_Emmy_Award_for_Outstanding_Drama_Series_Writing_Team,/award/award_nominee/award_nominations./award/award_nomination/award,"""award nomination"""
/m/06jnvs,/m/039cq4,Greg_Daniels,Saturday_Night_Live,/tv/tv_writer/tv_programs./tv/tv_program_writer_relationship/tv_program,"""worked on"""
/m/0fsm8c,/m/08052t3,Paul_Dano,Knight_and_Day,/film/actor/film./film/performance/film,acted in
/m/0crd8q6,/m/01vx2h,Horrible_Bosses,Visual_Effects,/film/film/other_crew./film/film_crew_gig/film_crew_role,"The most likely relationship between ""Horrible_Bosses"" and ""Visual_Effects"" in the context of a Knowledge Graph like Freebase would be ""film production role""."
/m/01l03w2,/m/09jwl,Ralph_Stanley,Musician-GB,/people/person/profession,profession
/m/01dyk8,/m/04x_3,ETH_Zurich,Mechanical_Engineering,/education/educational_institution/students_graduates./education/education/major_field_of_study,"""offers academic program in"""
/m/01c4_6,/m/0137g1,Grammy_Award_for_Best_Alternative_Music_Album,Beck_Hansen,/award/award_category/winners./award/award_honor/award_winner,"""award winner"""
/m/04bs3j,/m/09qvf4,Sarah_Silverman,Primetime_Emmy_Award_for_Outstanding_Guest_Actress_-_Comedy_Series,/award/award_nominee/award_nominations./award/award_nomination/award,"""award won"""
/m/06ch55,/m/04zwjd,Jazz_piano,Lalo_Schifrin,/music/instrument/instrumentalists,"""instrument played"""
/m/01mpwj,/m/0bwx3,Harvard_College,Henry_David_Thoreau,/education/educational_institution/students_graduates./education/education/student,"""alumnus"""
/m/04x56,/m/0g5ff,Michael_Moorcock,Jack_Vance,/influence/influence_node/influenced_by,influenced by
/m/05tbn,/m/013ksx,Pennsylvania,Bethlehem,/location/location/contains,"""contains"""
/m/02bh8z,/m/01pctb,Warner_Music_Group,Heidi_Klum,/music/record_label/artist,"""record label"""
/m/01q0kg,/m/019sc,San_Diego_State_University,Black,/education/educational_institution/colors,"The most likely relationship between ""San_Diego_State_University"" and ""Black"" in the context of a Knowledge Graph like Freebase is ""school colors""."
/m/015bpl,/m/03ft8,Star_Trek_VI:_The_Undiscovered_Country,Gene_Roddenberry,/film/film/written_by,"""created by"""
/m/01vvb4m,/m/07bdd_,Nicolas_Cage,Razzie_Award_for_Worst_Picture,/award/award_nominee/award_nominations./award/award_nomination/award,"""nominated for"""
/m/0lcx,/m/032l1,Albert_Camus,Fyodor_Dostoyevsky,/influence/influence_node/influenced_by,influenced by
/m/0gq_d,/m/02yvhx,Academy_Award_for_Best_Short_Film_(Animated),74th_Academy_Awards,/award/award_category/winners./award/award_honor/ceremony,"""award presented at"""
/m/05fjf,/m/0xr0t,New_Jersey,Morristown,/location/location/contains,"""contains"""
/m/079yb,/m/08mbj5d,Siena,Official_Website,/common/topic/webpage./common/webpage/category,official website
/m/0lgxj,/m/05v8c,1952_Summer_Olympics,Philippines,/olympics/olympic_games/participating_countries,participating country
/m/01pgk0,/m/016z4k,Jennifer_Love_Hewitt,Singer-songwriter-GB,/people/person/profession,Profession
/m/05p09zm,/m/03cmsqb,Razzie_Award_for_Worst_Screen_Couple/Ensemble,All_About_Steve,/award/award_category/nominees./award/award_nomination/nominated_for,"""award winner"""
/m/02z0dfh,/m/02r858_,National_Society_of_Film_Critics_Award_for_Best_Supporting_Actress,The_Sweet_Hereafter,/award/award_category/nominees./award/award_nomination/nominated_for,"""award_winning_work"""
/m/03hl6lc,/m/06fpsx,Writers_Guild_of_America_Award_for_Best_Original_Screenplay,The_40-Year-Old_Virgin,/award/award_category/nominees./award/award_nomination/nominated_for,"""award winner"""
/m/02n9nmz,/m/025rxjq,"BAFTA_Award_for_Best_Screenplay,_Adapted",High_Fidelity,/award/award_category/nominees./award/award_nomination/nominated_for,"""award winner"""
/m/0g8_vp,/m/09c7w0,Canadian-American,United_States_of_America,/people/ethnicity/geographic_distribution,"""nationality"""
/m/02cbhg,/m/09zzb8,Cold_Mountain,Makeup_Artist-GB,/film/film/other_crew./film/film_crew_gig/film_crew_role,"""makeup artist"""
/m/07dzf,/m/04n6k,Tanzania,Library_of_Congress_Classification,/user/tsegaran/random/taxonomy_subject/entry./user/tsegaran/random/taxonomy_entry/taxonomy,classification system used
/m/04ztj,/m/02hvkf,Marriage,City_of_Winchester,/people/marriage_union_type/unions_of_this_type./people/marriage/location_of_ceremony,Place of marriage.
/m/019n9w,/m/019n9w,Pomona_College,Pomona_College,/education/educational_institution/campuses,"The most likely relationship between Pomona_College and Pomona_College in the context of a Knowledge Graph like Freebase would be ""same as"" or ""identity"", indicating that they are the same entity."
/m/01y8cr,/m/01_d4,Karl_Malden,Chicago,/people/person/place_of_birth,Place of birth
/m/0bqxw,/m/01l849,Emory_University,Gold,/education/educational_institution/colors,"The most likely relationship between Emory University and Gold in the context of a Knowledge Graph like Freebase could be ""research focus"" or ""study subject,"" as universities often conduct research on various topics, including materials like gold."
/m/03gqgt3,/m/05b4w,War_on_Terrorism,Norway,/military/military_conflict/combatants./military/military_combatant_group/combatants,participant in
/m/0dzf_,/m/02hrh1q,Robin_Williams,Actor-GB,/people/person/profession,"""profession"""
/m/0ggq0m,/m/0459z,Classical_music,Johannes_Brahms,/music/genre/artists,"""notable composer"""
/m/04nnpw,/m/09nqf,The_Others,United_States_Dollar,/film/film/estimated_budget./measurement_unit/dated_money_value/currency,"""box office currency"""
/m/04cw0j,/m/012t_z,Roger_Berlind,Businessperson-GB,/people/person/profession,"""profession"""
/m/0drtv8,/m/013pk3,64th_Golden_Globe_Awards,Hugh_Laurie,/award/award_ceremony/awards_presented./award/award_honor/award_winner,"""award winner"""
/m/03vrv9,/m/029k4p,Fred_Williamson,From_Dusk_till_Dawn,/film/actor/film./film/performance/film,acted in
/m/0gpprt,/m/02x4sn8,Thomas_McCarthy,Independent_Spirit_Award_for_Best_Screenplay,/award/award_nominee/award_nominations./award/award_nomination/award,"""award received"""
/m/027c95y,/m/015np0,National_Board_of_Review_Award_for_Best_Actor,Ralph_Richardson,/award/award_category/winners./award/award_honor/award_winner,"""award winner"""
/m/01pr_j6,/m/04ztj,Himesh_Reshammiya,Marriage,/people/person/spouse_s./people/marriage/type_of_union,"""topic of"""
/m/03339m,/m/01516r,Experimental_metal,Melvins,/music/genre/artists,genre
/m/020qr4,/m/025s89p,Sonic_X,Animated_series,/tv/tv_program/genre,"""genre"""
/m/04180vy,/m/089fss,When_in_Rome,Set_decorator-GB,/film/film/other_crew./film/film_crew_gig/film_crew_role,"""production designer"""
/m/02lg3y,/m/01l1sq,Drea_de_Matteo,Steven_Van_Zandt,/award/award_nominee/award_nominations./award/award_nomination/award_nominee,"""acted in"" (both appeared in ""The Sopranos"")"
/m/099jhq,/m/02rx2m5,Broadcast_Film_Critics_Association_Award_for_Best_Supporting_Actor,Into_the_Wild,/award/award_category/nominees./award/award_nomination/nominated_for,"""award winner"""
/m/0gh8zks,/m/07t21,Shame,Ukraine,/film/film/release_date_s./film/film_regional_release_date/film_release_region,"The most likely relationship between ""Shame"" and ""Ukraine"" in the context of a Knowledge Graph like Freebase could be ""filming location""."
/m/01vsy9_,/m/05zppz,Bing_Crosby,Male,/people/person/gender,Gender
/m/0dr31,/m/08mbj5d,Darmstadt,Official_Website,/common/topic/webpage./common/webpage/category,"The most likely relationship between ""Darmstadt"" and ""Official_Website"" in the context of a Knowledge Graph like Freebase is ""official website""."
/m/011yrp,/m/0f8l9c,Life_Is_Beautiful,France,/film/film/release_date_s./film/film_regional_release_date/film_release_region,"""filming location"""
/m/04xbq3,/m/0p_47,American_Masters,Steve_Martin,/film/film/personal_appearances./film/personal_film_appearance/person,"""subject of"""
/m/04y0yc,/m/02hrh1q,Urmila_Matondkar,Actor-GB,/people/person/profession,"""profession"""
/m/02pqp12,/m/02vqsll,BAFTA_Award_for_Best_Direction,Frost/Nixon,/award/award_category/nominees./award/award_nomination/nominated_for,"""award winner"""
/m/03_c8p,/m/02h40lc,Sony_Computer_Entertainment,English_Language,/base/schemastaging/organization_extra/phone_number./base/schemastaging/phone_sandbox/service_language,"The most likely relationship between ""Sony_Computer_Entertainment"" and ""English_Language"" in the context of a Knowledge Graph like Freebase is ""official language""."
/m/07cn2c,/m/03902,Stephanie_Morgenstern,Geneva,/people/person/place_of_birth,place of birth
/m/0jm3b,/m/01jsn5,Brooklyn_Nets,University_of_Connecticut,/sports/professional_sports_team/draft_picks./sports/sports_league_draft_pick/school,"""drafted player from"""
/m/0807ml,/m/02hrh1q,Giancarlo_Esposito,Actor-GB,/people/person/profession,"""nationality"""
/m/03w6sj,/m/088q1s,Western_Desert_Campaign,Kingdom_of_Greece,/military/military_conflict/combatants./military/military_combatant_group/combatants,"""participant in"""
/m/019fz,/m/02079p,Benjamin_Franklin,Speaker,/government/politician/government_positions_held./government/government_position_held/basic_title,"""notable type"""
/m/034ls,/m/04ztj,George_H._W._Bush,Marriage,/people/person/spouse_s./people/marriage/type_of_union,"""spouse"""
/m/011yhm,/m/0vgkd,Fargo,Black_comedy,/film/film/genre,Genre
/m/06dn58,/m/0789_m,Bobby_Cannavale,Tony_Award_for_Best_Actor_in_a_Play,/award/award_nominee/award_nominations./award/award_nomination/award,"""award won"""
/m/07gghl,/m/046b0s,Showtime,Village_Roadshow_Pictures,/film/film/production_companies,"""distributor"""
/m/01j4ls,/m/02f73b,Chris_Isaak,MTV_Video_Music_Award_for_Best_Editing,/award/award_nominee/award_nominations./award/award_nomination/award,"""award nomination"""
/m/01qwb5,/m/08mbj5d,Tuskegee_University,Official_Website,/common/topic/webpage./common/webpage/category,"""website"""
/m/0k8z,/m/07c1v,Apple_Inc.,Technology,/business/business_operation/industry,"""industry"""
/m/023l9y,/m/0l14j_,Bill_Nelson,Flute,/music/artist/track_contributions./music/track_contribution/role,"""instrument"""
/m/012dr7,/m/0r3tq,William_Powell,Palm_Springs,/people/deceased_person/place_of_death,"""place of death"""
/m/01z4y,/m/02q7fl9,Comedy-GB,Primary_Colors,/media_common/netflix_genre/titles,"The most likely relationship between ""Comedy-GB"" and ""Primary_Colors"" in the context of a Knowledge Graph like Freebase is ""genre""."
/m/05148p4,/m/07n68,Keyboard,The_Damned,/music/performance_role/regular_performances./music/group_membership/group,"""instrument"""
/m/098n_m,/m/02qcr,Todd_Field,Eyes_Wide_Shut,/film/actor/film./film/performance/film,"""acted in"""
/m/02bh8z,/m/01w7nwm,Warner_Music_Group,Common,/music/record_label/artist,"""record label"""
/m/0gy7bj4,/m/03rjj,Anna_Karenina,Italy,/film/film/release_date_s./film/film_regional_release_date/film_release_region,"""setting"""
/m/06qgvf,/m/04tqtl,Carla_Gugino,Sin_City,/film/actor/film./film/performance/film,acted in
/m/0bq_mx,/m/05lfwd,Writers_Guild_of_America_Awards_2005,Grey's_Anatomy,/award/award_ceremony/awards_presented./award/award_honor/honored_for,"""nominated work"""
/m/035zr0,/m/03gj2,Young_Adam,Hungary,/film/film/release_date_s./film/film_regional_release_date/film_release_region,"""filming location"""
/m/02qggqc,/m/05zppz,Chris_Lebenzon,Male,/people/person/gender,gender
/m/017d77,/m/01z4y,Hampshire_College,Comedy-GB,/education/educational_institution/students_graduates./education/education/major_field_of_study,"The most likely relationship between Hampshire_College and Comedy-GB in the context of a Knowledge Graph like Freebase would be ""alma mater of""."
/m/01hb1t,/m/01hb1t,School_of_Visual_Arts,School_of_Visual_Arts,/education/educational_institution/campuses,"The most likely relationship between the entity ""School_of_Visual_Arts"" and itself in the context of a Knowledge Graph like Freebase is ""same as"" or ""identity"". This indicates that both entities refer to the same institution."
/m/01xq8v,/m/060__y,Bram_Stoker's_Dracula,Film_adaptation,/film/film/genre,"""adapted into"""
/m/01y8cr,/m/0bdw6t,Karl_Malden,Primetime_Emmy_Award_for_Outstanding_Lead_Actor_-_Drama_Series,/award/award_nominee/award_nominations./award/award_nomination/award,"""award won"""
/m/03h4fq7,/m/05p553,Dinner_for_Schmucks,Comedy-GB,/film/film/genre,genre
/m/0n08r,/m/059j2,Heaven's_Gate,Netherlands,/film/film/release_date_s./film/film_regional_release_date/film_release_region,"The most likely relationship between ""Heaven's Gate"" and ""Netherlands"" in the context of a Knowledge Graph like Freebase would be ""filming location""."
/m/027n06w,/m/0cj2nl,Writers_Guild_of_America_Awards_2006,Lee_Eisenberg,/award/award_ceremony/awards_presented./award/award_honor/award_winner,"""nominee"""
/m/013b2h,/m/01vd7hn,44th_Annual_Grammy_Awards,Stuart_Duncan,/award/award_ceremony/awards_presented./award/award_honor/award_winner,"""award nominee"""
/m/02zd2b,/m/08mbj5d,Western_Illinois_University,Official_Website,/common/topic/webpage./common/webpage/category,official website
/m/02d02,/m/01j_cy,Detroit_Tigers,Michigan_State_University,/sports/professional_sports_team/draft_picks./sports/sports_league_draft_pick/school,"The most likely relationship between ""Detroit_Tigers"" and ""Michigan_State_University"" in the context of a Knowledge Graph like Freebase is ""sports team location"" or ""located in""."
/m/01by1l,/m/0pkyh,Grammy_Award_for_Album_of_the_Year,Robert_Plant,/award/award_category/winners./award/award_honor/award_winner,"""award winner"""
/m/0jz9f,/m/07tj4c,Miramax_Films,Emma,/film/film_distributor/films_distributed./film/film_film_distributor_relationship/film,"""produced"""
/m/07lp1,/m/0hcvy,Thomas_Pynchon,Graham_Greene,/influence/influence_node/influenced_by,influenced by
/m/02hp70,/m/035tlh,University_of_New_Hampshire,Alpha_Sigma_Phi,/education/university/fraternities_and_sororities,"""fraternity"""
/m/0m32_,/m/09c7w0,Jonathan_Frakes,United_States_of_America,/people/person/nationality,"""nationality"""
/m/02wr6r,/m/04ztj,Jack_Warden,Marriage,/people/person/spouse_s./people/marriage/type_of_union,"""spouse"""
/m/03xn3s2,/m/09c7w0,Marcia_Wallace,United_States_of_America,/people/person/nationality,"""nationality"""
/m/02j490,/m/09c7w0,Ray_Liotta,United_States_of_America,/people/person/nationality,"""nationality"""
/m/03mgx6z,/m/029j_,Taken,DVD,/film/film/release_date_s./film/film_regional_release_date/film_release_distribution_medium,"The most likely relationship between ""Taken"" (Entity 1) and ""DVD"" (Entity 2) in the context of a Knowledge Graph like Freebase is ""release format""."
/m/01by1l,/m/01kd57,Grammy_Award_for_Album_of_the_Year,Daniel_Lanois,/award/award_category/winners./award/award_honor/award_winner,producer
/m/0571m,/m/09nqf,Mulholland_Drive,United_States_Dollar,/film/film/estimated_budget./measurement_unit/dated_money_value/currency,"The most likely relationship between ""Mulholland_Drive"" and ""United_States_Dollar"" in the context of a Knowledge Graph like Freebase would be ""production budget currency""."
/m/0gr51,/m/073hmq,Academy_Award_for_Best_Original_Screenplay,60th_Academy_Awards,/award/award_category/winners./award/award_honor/ceremony,"""award ceremony"""
/m/04snp2,/m/03gjzk,Jeph_Loeb,Television_producer-GB,/people/person/profession,"""profession"""
/m/0c0zq,/m/0bmj62v,American_Beauty,2010_Toronto_International_Film_Festival,/film/film/film_festivals,"""featured at"""
/m/0lbd9,/m/02lq5w,1960_Summer_Olympics,Silver_medal,/olympics/olympic_games/medals_awarded./olympics/olympic_medal_honor/medal,"""medals awarded"""
/m/02vxq9m,/m/07f1x,Skyfall,Thailand,/film/film/release_date_s./film/film_regional_release_date/film_release_region,"""filming location"""
/m/02_l96,/m/02tf1y,Marlon_Wayans,Damon_Wayans,/people/person/sibling_s./people/sibling_relationship/sibling,sibling
/m/0168t,/m/02h40lc,British_Virgin_Islands,English_Language,/location/country/official_language,official language
/m/07sbbz2,/m/03h_fk5,Rock_and_roll,Johnny_Cash,/music/genre/artists,"""genre"""
/m/0djb3vw,/m/02l7c8,Restless,Romance_Film,/film/film/genre,"The most likely relationship between ""Restless"" and ""Romance_Film"" in the context of a Knowledge Graph like Freebase is ""genre""."
/m/02y6fz,/m/06wpc,General_Manager,Seattle_Mariners,/business/job_title/people_with_this_title./business/employment_tenure/company,"""team"""
/m/013y1f,/m/01p95y0,Organ,Brian_Jones,/music/instrument/instrumentalists,"""played"""
/m/01wyz92,/m/03t5kl,Lil'_Kim,Grammy_Award_for_Best_Rap/Sung_Collaboration,/award/award_nominee/award_nominations./award/award_nomination/award,nominated for
/m/0dlngsd,/m/05qhw,Sherlock_Holmes:_A_Game_of_Shadows,Poland,/film/film/release_date_s./film/film_regional_release_date/film_release_region,Filming location
/m/023p29,/m/09c7w0,Rick_Rubin,United_States_of_America,/people/person/nationality,"""nationality"""
/m/0x0d,/m/01jq0j,Arizona_Diamondbacks,Florida_State_University,/sports/professional_sports_team/draft_picks./sports/sports_league_draft_pick/school,"""alumni"""
/m/065y4w7,/m/01l849,University_of_Southern_California,Gold,/education/educational_institution/colors,"The most likely relationship between ""University_of_Southern_California"" and ""Gold"" in the context of a Knowledge Graph like Freebase could be ""school color""."
/m/016ppr,/m/03t5kl,Destiny's_Child,Grammy_Award_for_Best_Rap/Sung_Collaboration,/award/award_nominee/award_nominations./award/award_nomination/award,"""award won"""
/m/02kbtf,/m/01_srz,Hamilton_College,Mixed-sex_education,/education/educational_institution/school_type,"""gender admission policy"""
/m/075wx7_,/m/02ynfr,Eclipse,Art_Director,/film/film/other_crew./film/film_crew_gig/film_crew_role,"""art director of"""
/m/04bbpm,/m/01x3g,Indiana_University_of_Pennsylvania,Criminology,/education/educational_institution/students_graduates./education/education/major_field_of_study,"""offers program in"""
/m/02zjd,/m/0c8wxp,F._Scott_Fitzgerald,Catholicism,/people/person/religion,Religion
/m/059rby,/m/0f4zv,New_York,Erie_County,/location/location/contains,"""located in"""
/m/03hr1p,/m/0f8l9c,Road_cycling,France,/olympics/olympic_sport/athletes./olympics/olympic_athlete_affiliation/country,"""popular in"""
/m/02x8m,/m/01vxlbm,Funk,Kelis,/music/genre/artists,"""genre"""
/m/0184tc,/m/0d060g,Labyrinth,Canada,/film/film/release_date_s./film/film_regional_release_date/film_release_region,"""filming location"""
/m/035yn8,/m/04306rv,The_Exorcist,German_Language,/film/film/language,Language
/m/0315w4,/m/06n90,The_Cell,Science_Fiction,/film/film/genre,"The most likely relationship between ""The_Cell"" and ""Science_Fiction"" in the context of a Knowledge Graph like Freebase is ""genre""."
/m/0209hj,/m/027986c,Gandhi,Los_Angeles_Film_Critics_Association_Award_for_Best_Actor,/award/award_winning_work/awards_won./award/award_honor/award,"""award received"""
/m/0181dw,/m/025ldg,RCA_Records,Kelly_Clarkson,/music/record_label/artist,signed to
/m/04xvlr,/m/0ywrc,Period_piece,The_Last_Emperor,/media_common/netflix_genre/titles,"""film genre"""
/m/048n7,/m/07t65,Korean_War,United_Nations,/military/military_conflict/combatants./military/military_combatant_group/combatants,"""supported by"""
/m/018n6m,/m/03t5kl,Missy_Elliott,Grammy_Award_for_Best_Rap/Sung_Collaboration,/award/award_nominee/award_nominations./award/award_nomination/award,"""award received"""
/m/09gkdln,/m/026c1,14th_Satellite_Awards,Drew_Barrymore,/award/award_ceremony/awards_presented./award/award_honor/award_winner,"""nominee"""
/m/0f8l9c,/m/024pcx,France,Kingdom_of_England,/military/military_combatant/military_conflicts./military/military_combatant_group/combatants,"""historical conflict"""
/m/092_25,/m/016tb7,6th_Screen_Actors_Guild_Awards,Lisa_Kudrow,/award/award_ceremony/awards_presented./award/award_honor/award_winner,"""award winner"""
/m/066yfh,/m/027km64,Clive_A._Smith,Susan_Blu,/award/award_nominee/award_nominations./award/award_nomination/award_nominee,"""directed"""
/m/016t_3,/m/04sylm,Master's_Degree,Manhattan_School_of_Music,/education/educational_degree/people_with_this_degree./education/education/institution,"""offered by"""
/m/0cv0r,/m/0dn8b,Baltimore_County,Anne_Arundel_County,/location/location/adjoin_s./location/adjoining_relationship/adjoins,adjacent to
/m/093h7p,/m/0jjy0,Walt_Disney_Studios_Home_Entertainment,Signs,/film/film_distributor/films_distributed./film/film_film_distributor_relationship/film,"""distributed"""
/m/01rr_d,/m/01n4w_,Bachelor_of_Laws,Washington_and_Lee_University,/education/educational_degree/people_with_this_degree./education/education/institution,"""offered by"""
/m/01lyv,/m/06rgq,Country,Sheryl_Crow,/music/genre/artists,"""nationality"""
/m/02d6n_,/m/01f8hf,Michael_Biehn,Aliens,/film/actor/film./film/performance/film,acted in
/m/017s11,/m/016dj8,Columbia_Pictures,Men_in_Black,/film/film_distributor/films_distributed./film/film_film_distributor_relationship/film,"The most likely relationship between Columbia_Pictures and Men_in_Black in the context of a Knowledge Graph is ""produced""."
/m/05rwpb,/m/09prnq,Indie,Alain_Johannes,/music/genre/artists,"""genre"""
/m/0hzlz,/m/0581vn8,South_Africa,District_9,/film/film_subject/films,"""filming location"""
/m/0x335,/m/08mbj5d,Missoula,Official_Website,/common/topic/webpage./common/webpage/category,"The most likely relationship between ""Missoula"" and ""Official_Website"" in the context of a Knowledge Graph like Freebase is ""official website""."
/m/024mpp,/m/0d0kn,Hulk,Georgia,/film/film/release_date_s./film/film_regional_release_date/film_release_region,"""place of birth"""
/m/07kjk7c,/m/0hn821n,"Primetime_Emmy_Award_for_Outstanding_Writing_-_Miniseries,_Movie_or_Dramatic_Special",64th_Primetime_Emmy_Awards,/award/award_category/winners./award/award_honor/ceremony,"""award presented at"""
/m/0gr4k,/m/0bj25,Academy_Award_for_Best_Writing_Adapted_Screenplay,All_About_Eve,/award/award_category/nominees./award/award_nomination/nominated_for,"""award winner"""
/m/0l8v5,/m/01g63y,Neve_Campbell,Domestic_partnership,/people/person/spouse_s./people/marriage/type_of_union,"""relationship type"""
/m/072twv,/m/02cft,Cedric_Gibbons,Dublin,/people/person/place_of_birth,Place of birth
/m/07j8kh,/m/09c7w0,Elliot_Goldenthal,United_States_of_America,/people/person/nationality,"""nationality"""
/m/01lb14,/m/03rk0,Road_running,India,/olympics/olympic_sport/athletes./olympics/olympic_athlete_affiliation/country,"""popular in"""
/m/02bh_v,/m/02rh_0,Argentina_national_football_team,S.L._Benfica,/base/x2010fifaworldcupsouthafrica/world_cup_squad/current_world_cup_squad./base/x2010fifaworldcupsouthafrica/current_world_cup_squad/current_club,"""players who have played for"""
/m/023slg,/m/09c7w0,Tony_Levin,United_States_of_America,/people/person/nationality,nationality
/m/0h99n,/m/0fgg4,Attention_deficit_hyperactivity_disorder,Jennifer_Connelly,/medicine/disease/notable_people_with_this_condition,"There is no direct or commonly known relationship between ""Attention_deficit_hyperactivity_disorder"" and ""Jennifer_Connelly"" in the context of a Knowledge Graph like Freebase. If a relationship exists, it might be something less direct or not"
/m/04180vy,/m/02nxhr,When_in_Rome,Blu-ray_disc,/film/film/distributors./film/film_film_distributor_relationship/film_distribution_medium,"The most likely relationship between ""When_in_Rome"" and ""Blu-ray_disc"" in the context of a Knowledge Graph like Freebase would be ""release format""."
/m/0b76d_m,/m/02vzc,Anonymous,Finland,/film/film/release_date_s./film/film_regional_release_date/film_release_region,"""operating region"""
/m/03pp73,/m/02q0v8n,Michael_Moriarty,Along_Came_a_Spider,/film/actor/film./film/performance/film,acted in
/m/01vsqvs,/m/07yg2,Nico,The_Velvet_Underground,/music/group_member/membership./music/group_membership/group,"""member of"""
/m/02ddq4,/m/0jzphpx,Grammy_Award_for_Best_Contemporary_Folk_Album,36th_Annual_Grammy_Awards,/award/award_category/winners./award/award_honor/ceremony,"""award presented at"""
/m/02c6pq,/m/04ztj,Simon_Baker,Marriage,/people/person/spouse_s./people/marriage/type_of_union,"""spouse"""
/m/05c26ss,/m/06bnz,Madagascar_3:_Europe's_Most_Wanted,Russia,/film/film/release_date_s./film/film_regional_release_date/film_release_region,"""filming location"""
/m/01p8r8,/m/013q0p,Mike_Judge,Austin_Powers:_International_Man_of_Mystery,/film/actor/film./film/performance/film,"""voice actor in"""
/m/03s9b,/m/0gr51,Ingmar_Bergman,Academy_Award_for_Best_Original_Screenplay,/award/award_nominee/award_nominations./award/award_nomination/award,nominated for
/m/0210hf,/m/05zppz,Anthony_Edwards,Male,/people/person/gender,Gender
/m/05nrg,/m/0283sdr,Oceania,University_of_Otago,/location/location/contains,"""location of"""
/m/095b70,/m/04ztj,Isaiah_Washington,Marriage,/people/person/spouse_s./people/marriage/type_of_union,"""spouse"""
/m/02p72j,/m/09ggk,University_of_Kiel,Purple,/education/educational_institution/colors,"The most likely relationship between ""University_of_Kiel"" and ""Purple"" in the context of a Knowledge Graph like Freebase could be ""school color""."
/m/0gr0m,/m/059x66,Academy_Award_for_Best_Cinematography,67th_Academy_Awards,/award/award_category/winners./award/award_honor/ceremony,"""award ceremony"""
/m/05kwx2,/m/031786,Timothy_Spall,Harry_Potter_and_the_Goblet_of_Fire,/film/actor/film./film/performance/film,acted in
/m/023n39,/m/09c7w0,Crispin_Glover,United_States_of_America,/people/person/nationality,"""nationality"""
/m/01wbsdz,/m/09c7w0,Bow_Wow,United_States_of_America,/people/person/nationality,nationality
/m/060c4,/m/02y9bj,President,University_of_Memphis,/organization/role/leaders./organization/leadership/organization,"""alma mater"""
/m/07gyv,/m/09pmkv,Taekwondo,Malaysia,/olympics/olympic_sport/athletes./olympics/olympic_athlete_affiliation/country,"""practiced in"""
/m/01tfck,/m/02ny6g,Benjamin_Bratt,Demolition_Man,/film/actor/film./film/performance/film,acted in
/m/019kyn,/m/081nh,Pinocchio,Walt_Disney,/film/film/produced_by,"""created by"""
/m/02vxq9m,/m/05l8y,Skyfall,Oman,/film/film/release_date_s./film/film_regional_release_date/film_release_region,"""filming location"""
/m/03xq0f,/m/047msdk,FilmFlex,(500)_Days_of_Summer,/film/film_distributor/films_distributed./film/film_film_distributor_relationship/film,distribution_company
/m/0f_nbyh,/m/09gb_4p,Producers_Guild_of_America_Award_for_Best_Theatrical_Motion_Picture,127_Hours,/award/award_category/nominees./award/award_nomination/nominated_for,"""award winner"""
/m/064t9,/m/01k3qj,Pop_music,Hikaru_Utada,/music/genre/artists,"The most likely relationship between ""Pop_music"" and ""Hikaru_Utada"" in the context of a Knowledge Graph like Freebase is ""genre""."
/m/0fhzwl,/m/0lsxr,Dexter,Crime_Fiction,/tv/tv_program/genre,genre
/m/0194xc,/m/02glc4,Ted_Kennedy,99th_United_States_Congress,/government/politician/government_positions_held./government/government_position_held/legislative_sessions,"""member of"""
/m/0154j,/m/07ssc,Belgium,United_Kingdom,/military/military_combatant/military_conflicts./military/military_combatant_group/combatants,"""shares border with"""
/m/02y0js,/m/02_01w,Stroke,Glenn_Ford,/people/cause_of_death/people,Cause of death
/m/05bt6j,/m/01vrwfv,Pop_rock,Chicago,/music/genre/artists,"The most likely relationship between ""Pop_rock"" and ""Chicago"" in the context of a Knowledge Graph like Freebase is ""origin"". Chicago is known for being a significant city in the development and popularization of various music genres, including pop rock"
/m/048q6x,/m/0bs0bh,Robert_Morse,Tony_Award_for_Best_Featured_Actor_in_a_Play,/award/award_nominee/award_nominations./award/award_nomination/award,"""award received"""
/m/04bpm6,/m/04rzd,Jon_Brion,Mandolin,/music/artist/track_contributions./music/track_contribution/role,instrument
/m/04180vy,/m/02jxmr,When_in_Rome,James_Newton_Howard,/film/film/music,composer
/m/0401sg,/m/047yc,Resident_Evil,Kuwait,/film/film/release_date_s./film/film_regional_release_date/film_release_region,"""filming location"""
/m/01jrbb,/m/0154j,Finding_Nemo,Belgium,/film/film/release_date_s./film/film_regional_release_date/film_release_region,"""filming location"""
/m/06f41,/m/04w58,Rowing,Monaco,/olympics/olympic_sport/athletes./olympics/olympic_athlete_affiliation/country,"""host city"""
/m/01j2xj,/m/0gs9p,Sam_Mendes,Academy_Award_for_Best_Director,/award/award_nominee/award_nominations./award/award_nomination/award,"""award received"""
/m/0fj45,/m/0bq0p9,Governor-General,British_Raj,/government/government_office_category/officeholders./government/government_position_held/jurisdiction_of_office,"The most likely relationship between ""Governor-General"" and ""British_Raj"" in the context of a Knowledge Graph like Freebase is ""position held""."
/m/0psss,/m/02jx1,Charlotte_Gainsbourg,England,/people/person/nationality,"""place of birth"""
/m/0175zz,/m/01243b,Dream_pop,Indie_rock,/music/genre/parent_genre,Genre of
/m/05148p4,/m/01lvcs1,Keyboard,Marcus_Miller,/music/instrument/instrumentalists,"""instrument played"""
/m/01y8cr,/m/0bmhn,Karl_Malden,On_the_Waterfront,/award/award_nominee/award_nominations./award/award_nomination/nominated_for,acted in
/m/02h40lc,/m/0d05w3,English_Language,China,/language/human_language/countries_spoken_in,"""official language of"""
/m/0gz5hs,/m/0np9r,Seth_Green,Voice_Actor,/people/person/profession,"""profession"""
/m/04vh83,/m/0dxtw,Richard_III,Special_Effects,/film/film/other_crew./film/film_crew_gig/film_crew_role,No direct relationship
/m/02bg55,/m/0ch6mp2,The_Butterfly_Effect,Sound_Mixer,/film/film/other_crew./film/film_crew_gig/film_crew_role,"""film crew role"""
/m/02q3fdr,/m/0bj8m2,Ponyo,Family,/film/film/genre,"""character in"""
/m/02x258x,/m/06gb1w,Satellite_Award_for_Best_Cinematography,X-Men:_The_Last_Stand,/award/award_category/nominees./award/award_nomination/nominated_for,nominated work
/m/02d413,/m/04353,Philadelphia,Jonathan_Demme,/film/film/produced_by,"""filmed in"""
/m/027b9k6,/m/01jmv8,London_Film_Critics_Circle_Award_for_Actress_of_the_Year,Judy_Davis,/award/award_category/winners./award/award_honor/award_winner,"""award winner"""
/m/0cx7f,/m/01p0w_,Art_rock,Thom_Yorke,/music/genre/artists,genre
/m/02khs,/m/06cx9,Eritrea,Republic,/location/country/form_of_government,"""form of government"""
/m/0gtsxr4,/m/0jgd,ParaNorman,Argentina,/film/film/release_date_s./film/film_regional_release_date/film_release_region,"""filming location"""
/m/0296vv,/m/029j_,Legally_Blonde,DVD,/film/film/release_date_s./film/film_regional_release_date/film_release_distribution_medium,"The most likely relationship between ""Legally_Blonde"" and ""DVD"" in the context of a Knowledge Graph like Freebase is ""release format""."
/m/017jd9,/m/07s9rl0,The_Lord_of_the_Rings:_The_Return_of_the_King,Drama,/film/film/genre,Genre
/m/01_x6v,/m/09jwl,Trey_Parker,Musician-GB,/people/person/profession,"""profession"""
/m/01lyv,/m/01c8v0,Country,Mark_Knopfler,/music/genre/artists,"""nationality"""
/m/03x9yr,/m/06lxn,Beggars_Banquet_Records,Ramones,/music/record_label/artist,"""record label"""
/m/05w3f,/m/0kj34,Psychedelic_rock,Yusuf_Islam,/music/genre/artists,"The most likely relationship between ""Psychedelic_rock"" and ""Yusuf_Islam"" in the context of a Knowledge Graph like Freebase is ""musical genre""."
/m/07ghq,/m/05glt,The_Terminator,National_Film_Registry,/award/ranked_item/appears_in_ranked_lists./award/ranking/list,"""preserved in"""
/m/0pqc5,/m/0nqph,Mayor,Arlington,/government/government_office_category/officeholders./government/government_position_held/jurisdiction_of_office,"""position held"""
/m/0trv,/m/0g4gr,Arizona_State_University,Marketing-GB,/education/educational_institution/students_graduates./education/education/major_field_of_study,"""academic program"""
/m/09p7fh,/m/07s9rl0,The_French_Lieutenant's_Woman,Drama,/film/film/genre,Genre
/m/015pkc,/m/029_l,Tobey_Maguire,Delroy_Lindo,/award/award_nominee/award_nominations./award/award_nomination/award_nominee,"""acted in"""
/m/05z_kps,/m/09nqf,Fish_Tank,United_States_Dollar,/film/film/estimated_budget./measurement_unit/dated_money_value/currency,"""cost"""
/m/05zksls,/m/04954,67th_Golden_Globe_Awards,Kevin_Bacon,/award/award_ceremony/awards_presented./award/award_honor/award_winner,"""nominated for"""
/m/08720,/m/07t90,WarGames,University_of_Washington,/film/film/featured_film_locations,"""filming location"""
/m/0275n3y,/m/042fgh,11th_Satellite_Awards,Superman_II,/award/award_ceremony/awards_presented./award/award_honor/honored_for,"""nominated for"""
/m/05dbyt,/m/05_5rjx,Bob_Gunton,Midnight_in_the_Garden_of_Good_and_Evil,/film/actor/film./film/performance/film,acted in
/m/06by7,/m/05crg7,Rock_music,Santana,/music/genre/artists,"""genre"""
/m/01nrq5,/m/02hrh1q,Don_Knotts,Actor-GB,/people/person/profession,"""nationality"""
/m/0gx1bnj,/m/0dxtw,Seeking_a_Friend_for_the_End_of_the_World,Special_Effects,/film/film/other_crew./film/film_crew_gig/film_crew_role,"""film subject"""
/m/02wkmx,/m/02vyw,Palme_d'Or,Francis_Ford_Coppola,/award/award_category/winners./award/award_honor/award_winner,"""award received by"""
/m/02_286,/m/0lkm,New_York_City,April,/travel/travel_destination/climate./travel/travel_destination_monthly_climate/month,"The most likely relationship between ""New_York_City"" and ""April"" in the context of a Knowledge Graph like Freebase is ""event occurs in""."
/m/03yvf2,/m/02k54,Fight_Club,Egypt,/film/film/release_date_s./film/film_regional_release_date/film_release_region,"""filming location"""
/m/0cj8x,/m/04v89z,Henry_Fonda,The_Longest_Day,/film/actor/film./film/performance/film,acted in
/m/03548,/m/01d9r3,Gabon,Presidential_system,/location/country/form_of_government,"""form of government"""
/m/0b_6qj,/m/02pqcfz,1989_NCAA_Men's_Division_I_Basketball_Tournament,UCLA_Bruins_men's_basketball,/base/marchmadness/ncaa_basketball_tournament/seeds./base/marchmadness/ncaa_tournament_seed/team,"""participant"""
/m/04rwx,/m/01540,Massachusetts_Institute_of_Technology,Biology,/education/educational_institution/students_graduates./education/education/major_field_of_study,"""academic program"""
/m/01m7f5r,/m/05zppz,Edward_Shearmur,Male,/people/person/gender,Gender
/m/02hnl,/m/04qmr,Drums,Linkin_Park,/music/performance_role/regular_performances./music/group_membership/group,"""instrument played by"""
/m/0nk3g,/m/019f9z,Doo-wop,Patti_LaBelle,/music/genre/artists,"""musical genre"""
/m/0m7d0,/m/02hcv8,Allegheny_County,Eastern_Time_Zone,/location/location/time_zones,"""time zone"""
/m/02t901,/m/04ztj,Robert_Englund,Marriage,/people/person/spouse_s./people/marriage/type_of_union,"""spouse"""
/m/09sdmz,/m/011yn5,Screen_Actors_Guild_Award_for_Outstanding_Performance_by_a_Male_Actor_in_a_Supporting_Role,As_Good_as_It_Gets,/award/award_category/nominees./award/award_nomination/nominated_for,"""award won for"""
/m/0dj75,/m/0g5gq,Onion,Methionine,/food/food/nutrients./food/nutrition_fact/nutrient,Contains nutrient
/m/02ld6x,/m/03hl6lc,Wes_Anderson,Writers_Guild_of_America_Award_for_Best_Original_Screenplay,/award/award_nominee/award_nominations./award/award_nomination/award,"""award won"""
/m/011k1h,/m/0cfgd,EMI,Deep_Purple,/music/record_label/artist,record_label
/m/0165b,/m/06sks6,Bermuda,2012_Summer_Olympics,/olympics/olympic_participating_country/athletes./olympics/olympic_athlete_affiliation/olympics,participated in
/m/099t8j,/m/0fh694,Broadcast_Film_Critics_Association_Award_for_Best_Supporting_Actress,Michael_Clayton,/award/award_category/nominees./award/award_nomination/nominated_for,"""award winner"""
/m/037n97,/m/06j6l,Smooth_jazz,Rhythm_and_blues,/music/genre/parent_genre,"The most likely relationship between ""Smooth_jazz"" and ""Rhythm_and_blues"" in the context of a Knowledge Graph like Freebase is ""genre influenced by"" or ""derived from""."
/m/0gs9p,/m/0bcndz,Academy_Award_for_Best_Director,The_King_and_I,/award/award_category/nominees./award/award_nomination/nominated_for,"""award winner"""
/m/03902,/m/05cw8,Geneva,November,/travel/travel_destination/climate./travel/travel_destination_monthly_climate/month,"The most likely relationship between ""Geneva"" and ""November"" in the context of a Knowledge Graph like Freebase could be ""event location"" or ""hosted event in"". Geneva is known for hosting various international events and conferences, some of which"
/m/03rwng,/m/02zsn,Jean_Smart,Female,/people/person/gender,Gender
/m/02q636,/m/03z19,St._Lawrence_University,Internal_Revenue_Service,/organization/non_profit_organization/registered_with./organization/non_profit_registration/registering_agency,"""subject to"""
/m/0c4hx0,/m/0cq7kw,37th_Academy_Awards,My_Fair_Lady,/award/award_ceremony/awards_presented./award/award_honor/honored_for,"""award winner"""
/m/03bnb,/m/01pd60,General_Electric,Fortune_500,/award/ranked_item/appears_in_ranked_lists./award/ranking/list,"""ranking"""
/m/01pq4w,/m/04gb7,Vanderbilt_University,Law,/education/educational_institution/students_graduates./education/education/major_field_of_study,"""offers program in"""
/m/0b3wk,/m/024tcq,United_States_House_of_Representatives,108th_United_States_Congress,/government/governmental_body/members./government/government_position_held/legislative_sessions,"""part of"""
/m/02ctzb,/m/083q7,Caucasian_race,Woodrow_Wilson,/people/ethnicity/people,Ethnicity
/m/078mgh,/m/05zppz,Jeremy_Davies,Male,/people/person/gender,Gender
/m/01wdtv,/m/03f0fnk,MGM_Records,Lou_Reed,/music/record_label/artist,record_label
/m/03rz2b,/m/03q4nz,Monsoon_Wedding,World_cinema,/film/film/genre,"""genre"""
/m/063fh9,/m/09zzb8,The_Chronicles_of_Narnia:_Prince_Caspian,Makeup_Artist-GB,/film/film/other_crew./film/film_crew_gig/film_crew_role,Makeup artist
/m/02hnl,/m/046p9,Drums,Jamiroquai,/music/performance_role/regular_performances./music/group_membership/group,"""instrument played"""
/m/09qvc0,/m/03ln8b,Primetime_Emmy_Award_for_Outstanding_Guest_Actor_-_Comedy_Series,Desperate_Housewives,/award/award_category/nominees./award/award_nomination/nominated_for,"""award winner"""
/m/02g3v6,/m/027fwmt,Saturn_Award_for_Best_Costume,The_Wiz,/award/award_category/nominees./award/award_nomination/nominated_for,"""award nominee"""
/m/06yxd,/m/01lp8,South_Carolina,Christianity,/location/statistical_region/religions./location/religion_percentage/religion,"""major religion"""
/m/0gywn,/m/01qgry,Soul_music,Booker_T._Jones,/music/genre/artists,genre of artist
/m/03hkv_r,/m/0fpv_3_,Writers_Guild_of_America_Award_for_Best_Adapted_Screenplay,Life_of_Pi,/award/award_category/nominees./award/award_nomination/nominated_for,"""award winner"""
/m/01ljpm,/m/02j62,Vassar_College,Economics,/education/educational_institution/students_graduates./education/education/major_field_of_study,"""offers program in"""
/m/0c3kw,/m/05zppz,Greg_Bear,Male,/people/person/gender,gender
/m/0dq3c,/m/0jdd,Vice_President-GB,Afghanistan,/government/government_office_category/officeholders./government/government_position_held/jurisdiction_of_office,"""visited"""
/m/0770cd,/m/025m8l,James_Poyser,"Grammy_Award_for_Best_Song_Written_for_a_Motion_Picture,_Television_or_Other_Visual_Media",/award/award_nominee/award_nominations./award/award_nomination/award,"""award won"""
/m/07y9ts,/m/01j7mr,57th_Primetime_Emmy_Awards,The_Daily_Show,/award/award_ceremony/awards_presented./award/award_honor/honored_for,"""award winner"""
/m/06cmp,/m/06c62,Roman_Empire,Rome,/location/country/capital,capital of
/m/0h1cdwq,/m/04rlf,Alvin_and_the_Chipmunks:_Chipwrecked,Music,/film/film/genre,"""soundtrack"""
/m/067ghz,/m/05v8c,Alien,Philippines,/film/film/release_date_s./film/film_regional_release_date/film_release_region,"""Filming location"""
/m/0c3ybss,/m/0jgd,Insidious,Argentina,/film/film/release_date_s./film/film_regional_release_date/film_release_region,"""filming location"""
/m/01pllx,/m/07h9gp,Charlie_Sheen,Scary_Movie_4,/film/actor/film./film/performance/film,acted in
/m/03dpqd,/m/05fcbk7,Miriam_Margolyes,Legend_of_the_Guardians:_The_Owls_of_Ga'Hoole,/film/actor/film./film/performance/film,acted in
/m/01cgz,/m/027nb,Boxing,Dominica,/olympics/olympic_sport/athletes./olympics/olympic_athlete_affiliation/country,"""nationality"""
/m/07tgn,/m/0l5mz,University_of_Oxford,International_relations,/education/educational_institution/students_graduates./education/education/major_field_of_study,"""field of study"""
/m/0bymv,/m/0vmt,John_McCain,Arizona,/people/person/places_lived./people/place_lived/location,represented in
/m/0c0nhgv,/m/01p1v,Moneyball,Chile,/film/film/release_date_s./film/film_regional_release_date/film_release_region,"""filming location"""
/m/0770cd,/m/05148p4,James_Poyser,Keyboard,/music/artist/track_contributions./music/track_contribution/role,"""instrument"""
/m/01tzm9,/m/059rby,Dawn_French,New_York,/people/person/places_lived./people/place_lived/location,"""visited"""
/m/0n85g,/m/01vv7sc,Virgin_Records,Moby,/music/record_label/artist,signed to
/m/0bkj86,/m/02kzfw,Master_of_Arts,London_Business_School,/education/educational_degree/people_with_this_degree./education/education/institution,"""offered by"""
/m/062z7,/m/012gx2,Political_Science,Joe_Biden,/education/field_of_study/students_majoring./education/education/student,"""field of study"""
/m/06sff,/m/02bjrlw,San_Marino,Italian_Language,/location/country/official_language,"The most likely relationship between San_Marino and Italian_Language in the context of a Knowledge Graph like Freebase is ""official language""."
/m/015882,/m/09c7w0,Linda_Ronstadt,United_States_of_America,/people/person/nationality,nationality
/m/024tcq,/m/0vmt,108th_United_States_Congress,Arizona,/government/legislative_session/members./government/government_position_held/district_represented,"""represents"""
/m/02qyntr,/m/05znxx,BAFTA_Award_for_Best_Editing,The_Fugitive,/award/award_category/nominees./award/award_nomination/nominated_for,"""award winner"""
/m/01xqw,/m/03bx0bm,Cello,Lead_vocalist-GB,/music/performance_role/regular_performances./music/group_membership/role,"""instrument"""
/m/03q91d,/m/0prrm,Diedrich_Bader,Jay_and_Silent_Bob_Strike_Back,/film/actor/film./film/performance/film,acted in
/m/03n69x,/m/013yq,Deion_Sanders,Atlanta,/people/person/places_lived./people/place_lived/location,"""played for"""
/m/0h0yt,/m/04mqgr,Stephen_Fry,Tony_Award_for_Best_Book_of_a_Musical,/award/award_nominee/award_nominations./award/award_nomination/award,"""nominated for"""
/m/0fy6bh,/m/0gqrb,29th_Academy_Awards,Yul_Brynner,/award/award_ceremony/awards_presented./award/award_honor/award_winner,"""award winner"""
/m/02zmh5,/m/0412f5y,Max_Martin,Kuk_Harrell,/award/award_nominee/award_nominations./award/award_nomination/award_nominee,collaborated with
/m/02q_4ph,/m/09nqf,South_Pacific,United_States_Dollar,/film/film/estimated_budget./measurement_unit/dated_money_value/currency,currency
/m/0cqhk0,/m/058m5m4,Screen_Actors_Guild_Award_for_Outstanding_Performance_by_an_Ensemble_in_a_Comedy_Series,15th_Screen_Actors_Guild_Awards,/award/award_category/winners./award/award_honor/ceremony,"""part of event"""
/m/0b25vg,/m/05ztrmj,Amy_Adams,MTV_Movie_Award_for_Best_Fight,/award/award_nominee/award_nominations./award/award_nomination/award,Nominated for
/m/04hpck,/m/01tlmw,Treat_Williams,Norwalk,/people/person/places_lived./people/place_lived/location,Place of birth
/m/06srk,/m/0b6css,Senegal,African_Development_Bank,/organization/organization_member/member_of./organization/organization_membership/organization,"""member of"""
/m/05qbckf,/m/03_3d,Iron_Man_2,Japan,/film/film/release_date_s./film/film_regional_release_date/film_release_region,"""filming location"""
/m/01gsvb,/m/07_f2,18th_United_States_Congress,Vermont,/government/legislative_session/members./government/government_position_held/district_represented,"""represented state"""
/m/0191h5,/m/05zppz,John_Frusciante,Male,/people/person/gender,Gender
/m/01kb2j,/m/099t8j,Julianne_Moore,Broadcast_Film_Critics_Association_Award_for_Best_Supporting_Actress,/award/award_nominee/award_nominations./award/award_nomination/award,"""award received"""
/m/035qgm,/m/0j46b,Greece_national_football_team,Celtic_F.C.,/base/x2010fifaworldcupsouthafrica/world_cup_squad/current_world_cup_squad./base/x2010fifaworldcupsouthafrica/current_world_cup_squad/current_club,"""notable club"""
/m/02gf_l,/m/0k54q,Frank_Welker,The_Transformers:_The_Movie,/film/actor/film./film/performance/film,"""acted in"""
/m/033tf_,/m/09c7w0,Irish_American,United_States_of_America,/people/ethnicity/geographic_distribution,ethnicity in country
/m/065y4w7,/m/0_jm,University_of_Southern_California,Accountancy,/education/educational_institution/students_graduates./education/education/major_field_of_study,"The most likely relationship between ""University_of_Southern_California"" and ""Accountancy"" in the context of a Knowledge Graph like Freebase is ""offers academic program."""
/m/028pzq,/m/04ztj,Asia_Argento,Marriage,/people/person/spouse_s./people/marriage/type_of_union,"""topic of"""
/m/034b6k,/m/05prs8,The_Mask_of_Zorro,Walter_F._Parkes,/film/film/executive_produced_by,producer
/m/01v3bn,/m/02h40lc,Robert_Taylor,English_Language,/people/person/languages,"""language spoken"""
/m/04hhv,/m/02vk52z,Laos,World_Bank,/organization/organization_member/member_of./organization/organization_membership/organization,"""member of"""
/m/01rzqj,/m/03_1pg,Kiefer_Sutherland,Mary_Lynn_Rajskub,/award/award_nominee/award_nominations./award/award_nomination/award_nominee,"""acted with"""
/m/022769,/m/02hrh1q,Judd_Nelson,Actor-GB,/people/person/profession,"""profession"""
/m/01g23m,/m/02qgqt,Kate_Hudson,Philip_Seymour_Hoffman,/award/award_nominee/award_nominations./award/award_nomination/award_nominee,"""acted in"" (both actors appeared in the film ""Almost Famous"")."
/m/022_lg,/m/05zppz,William_Friedkin,Male,/people/person/gender,Gender
/m/02js9p,/m/09c7w0,Mary_McDonnell,United_States_of_America,/people/person/nationality,"""nationality"""
/m/01nvmd_,/m/0cqhb3,Mandy_Patinkin,Screen_Actors_Guild_Award_for_Outstanding_Performance_by_a_Male_Actor_in_a_Drama_Series,/award/award_nominee/award_nominations./award/award_nomination/award,"""award nominee"""
/m/03q0r1,/m/0880p,Cars,Yiddish_Language,/film/film/language,"The most likely relationship between ""Cars"" and ""Yiddish_Language"" in the context of a Knowledge Graph like Freebase could be ""topic of"". This suggests that there might be content or discussions about cars available in the Yiddish language."
/m/0gztl,/m/07b_l,Southwest_Airlines,Texas,/organization/organization/headquarters./location/mailing_address/state_province_region,headquarters location
/m/0k89p,/m/095nx,Naismith_Memorial_Basketball_Hall_of_Fame,Magic_Johnson,/award/hall_of_fame/inductees./award/hall_of_fame_induction/inductee,"""inductee"""
/m/0n85g,/m/01vrkdt,Virgin_Records,Wendy_Melvoin,/music/record_label/artist,record_label
/m/04bs3j,/m/02zsn,Sarah_Silverman,Female,/people/person/gender,Gender
/m/02gjrc,/m/07ssc,Jesus_of_Nazareth,United_Kingdom,/tv/tv_program/country_of_origin,"The most likely relationship between ""Jesus_of_Nazareth"" and ""United_Kingdom"" in the context of a Knowledge Graph like Freebase would be ""topic of interest"" or ""subject of study,"" as Jesus of Nazareth is a significant"
/m/0f502,/m/04ztj,John_Travolta,Marriage,/people/person/spouse_s./people/marriage/type_of_union,"""spouse"""
/m/0gbwp,/m/01ckbq,Janet_Jackson,Grammy_Award_for_Best_Female_Rock_Vocal_Performance,/award/award_nominee/award_nominations./award/award_nomination/award,Notable nomination
/m/0jz9f,/m/02pw_n,Miramax_Films,Garden_State,/film/film_distributor/films_distributed./film/film_film_distributor_relationship/film,"""produced"""
/m/0lmm3,/m/06fvc,Watford_F.C.,Red,/sports/sports_team/colors,Team color
/m/017ht,/m/08mbj5d,Bhangra,Official_Website,/common/topic/webpage./common/webpage/category,"""official website"""
/m/01gbcf,/m/08jyyk,Math_rock,Experimental_rock,/music/genre/parent_genre,Genre of
/m/01vrx3g,/m/02_286,Levon_Helm,New_York_City,/people/deceased_person/place_of_death,"""place of death"""
/m/09gkx35,/m/0735l,The_Guard,Streaming_media,/film/film/distributors./film/film_film_distributor_relationship/film_distribution_medium,"""available on"""
/m/07nnp_,/m/09blyk,Color_of_Night,Psychological_thriller,/film/film/genre,Genre
/m/09d11,/m/0217g,Meningitis,Chemotherapy,/medicine/disease/risk_factors,"""treatment"""
/m/033jj1,/m/03tbg6,Sean_Hayes,Cats_&_Dogs,/film/actor/film./film/performance/film,Acted in
/m/02g87m,/m/06mmb,Jason_Biggs,Shannon_Elizabeth,/award/award_winner/awards_won./award/award_honor/award_winner,"""acted in"" (both appeared in the film ""American Pie"")"
/m/01chc7,/m/01ycbq,Paul_Bettany,Christopher_Plummer,/award/award_nominee/award_nominations./award/award_nomination/award_nominee,"""acted in"" (both actors appeared in the same film)"
/m/0k525,/m/05q96q6,Max_von_Sydow,Robin_Hood,/film/actor/film./film/performance/film,acted in
/m/016h4r,/m/0r5y9,Kris_Kristofferson,San_Mateo,/people/person/places_lived./people/place_lived/location,"""place of birth"""
/m/014pg1,/m/08mbj5d,Oingo_Boingo,Official_Website,/common/topic/webpage./common/webpage/category,"""official website"""
/m/02rlj20,/m/0ckd1,Bury_My_Heart_at_Wounded_Knee,Executive_Producer,/tv/tv_program/tv_producer./tv/tv_producer_term/producer_type,"""produced by"""
/m/03txms,/m/070m6c,Donald_M._Payne,111th_United_States_Congress,/government/politician/government_positions_held./government/government_position_held/legislative_sessions,"""member of"""
/m/01cl2y,/m/01fl3,Reprise_Records,The_Beach_Boys,/music/record_label/artist,"""record label"""
/m/0170qf,/m/0f4x7,Ralph_Fiennes,Academy_Award_for_Best_Actor,/award/award_nominee/award_nominations./award/award_nomination/award,"""nominated for"""
/m/04qr6d,/m/0b6k___,Vishal_Bharadwaj,Filmfare_Award_for_Best_Director,/award/award_nominee/award_nominations./award/award_nomination/award,"""award received"""
/m/09sdmz,/m/09g90vz,Screen_Actors_Guild_Award_for_Outstanding_Performance_by_a_Male_Actor_in_a_Supporting_Role,16th_Screen_Actors_Guild_Awards,/award/award_category/winners./award/award_honor/ceremony,"""part of"""
/m/07s2s,/m/0661m4p,Time_travel,Men_in_Black_3,/film/film_subject/films,"""topic of"""
/m/02r22gf,/m/09tkzy,BAFTA_Award_for_Best_Sound,A_Room_with_a_View,/award/award_category/nominees./award/award_nomination/nominated_for,"""award winner"""
/m/03jsvl,/m/01c8v0,Roots_rock,Mark_Knopfler,/music/genre/artists,"""genre of"""
/m/07qg8v,/m/0d0vqn,8_Women,Sweden,/film/film/release_date_s./film/film_regional_release_date/film_release_region,"""filming location"""
/m/027kmrb,/m/09c7w0,Steve_Tisch,United_States_of_America,/people/person/nationality,"""nationality"""
/m/04fzfj,/m/01drsx,Godzilla,Disaster_Film,/film/film/genre,"""genre"""
/m/02hblj,/m/09c7w0,Carlos_Alazraqui,United_States_of_America,/people/person/nationality,"""nationality"""
/m/05fjf,/m/0xrz2,New_Jersey,Passaic,/location/location/contains,"""contains"""
/m/0bh8tgs,/m/05sb1,Battleship,Pakistan,/film/film/release_date_s./film/film_regional_release_date/film_release_region,"""military equipment used by"""
/m/019m9h,/m/04mkbj,Fluminense_FC,Maroon,/sports/sports_team/colors,Team color.
/m/0k2m6,/m/06l3bl,Ran,Epic_film,/film/film/genre,"The most likely relationship between ""Ran"" and ""Epic_film"" in the context of a Knowledge Graph like Freebase is ""genre""."
/m/01bcq,/m/03tps5,Blythe_Danner,Meet_the_Fockers,/film/actor/film./film/performance/film,acted in
/m/099c8n,/m/0dr_4,Broadcast_Film_Critics_Association_Award_for_Best_Film,Titanic,/award/award_category/nominees./award/award_nomination/nominated_for,"""award winner"""
/m/015qq1,/m/018mmw,Paul_Winfield,Forest_Lawn_Memorial_Park,/people/deceased_person/place_of_burial,"""place of burial"""
/m/01gn36,/m/018gz8,Jonathan_Winters,Comedian,/people/person/profession,Profession
/m/0jqn5,/m/03k9fj,E.T._the_Extra-Terrestrial,Adventure_Film,/film/film/genre,Genre
/m/0cw67g,/m/09c7w0,Richard_A._Baker,United_States_of_America,/people/person/nationality,"""nationality"""
/m/02vp1f_,/m/04xvh5,Quest_for_Fire,Costume_drama,/film/film/genre,"The most likely relationship between ""Quest_for_Fire"" and ""Costume_drama"" in the context of a Knowledge Graph like Freebase is ""genre""."
/m/072x7s,/m/04v3q,Munich,Malta,/film/film/featured_film_locations,"There is no direct or commonly known relationship between ""Munich"" and ""Malta"" in a typical knowledge graph context like Freebase. They are both geographical entities, with Munich being a city in Germany and Malta being a country. Therefore, a"
/m/02bbyw,/m/05qjt,University_of_Pisa,Physics,/education/educational_institution/students_graduates./education/education/major_field_of_study,"""department"""
/m/04wddl,/m/064_8sq,Sabrina,French_Language,/film/film/language,"""language spoken"""
/m/022_q8,/m/02x1dht,Mike_Leigh,Satellite_Award_for_Best_Original_Screenplay,/award/award_nominee/award_nominations./award/award_nomination/award,"""award won"""
/m/03x400,/m/09sb52,Peter_Sarsgaard,Screen_Actors_Guild_Award_for_Outstanding_Performance_by_a_Cast_in_a_Motion_Picture,/award/award_nominee/award_nominations./award/award_nomination/award,nominated for
/m/07pd_j,/m/05r4w,American_Pie,Portugal,/film/film/release_date_s./film/film_regional_release_date/film_release_region,"The most likely relationship between ""American_Pie"" and ""Portugal"" in the context of a Knowledge Graph like Freebase is ""filming location""."
/m/0pd64,/m/03_3d,The_French_Connection,Japan,/film/film/release_date_s./film/film_regional_release_date/film_release_region,"""filming location"""
/m/017jd9,/m/077qn,The_Lord_of_the_Rings:_The_Return_of_the_King,Serbia,/film/film/release_date_s./film/film_regional_release_date/film_release_region,Filming location
/m/04svwx,/m/07s9rl0,My-HiME,Drama,/film/film/genre,"""genre"""
/m/028tv0,/m/0150jk,Lead_guitar,Nickelback,/music/performance_role/regular_performances./music/group_membership/group,"""instrument"""
/m/050f0s,/m/07ssc,The_Simpsons_Movie,United_Kingdom,/film/film/distributors./film/film_film_distributor_relationship/region,"""country of release"""
/m/059kh,/m/01dq9q,New_Wave,Eurythmics,/music/genre/artists,genre
/m/064r9cb,/m/01s7ns,Universal_Republic_Records,Enrique_Iglesias,/music/record_label/artist,record_label
/m/036hv,/m/01mr2g6,Geology,Greg_Graffin,/education/field_of_study/students_majoring./education/education/student,"""profession"""
/m/0br1xn,/m/02pqcfz,2007_NCAA_Men's_Division_I_Basketball_Tournament,UCLA_Bruins_men's_basketball,/base/marchmadness/ncaa_basketball_tournament/seeds./base/marchmadness/ncaa_tournament_seed/team,"""participant"""
/m/0mm1q,/m/02jknp,Guy_Ritchie,Film_Director,/people/person/profession,"""profession"""
/m/030s5g,/m/0k049,Jerry_Wald,Beverly_Hills,/people/deceased_person/place_of_death,place of death
/m/0pgjm,/m/02_286,Michael_McKean,New_York_City,/people/person/place_of_birth,"""place of birth"""
/m/0g2c8,/m/0ddkf,Rock_and_Roll_Hall_of_Fame,Paul_Simon,/award/hall_of_fame/inductees./award/hall_of_fame_induction/inductee,"""inductee"""
/m/026l37,/m/0dxtg,Joe_Mantegna,Screenwriter,/people/person/profession,"""profession"""
/m/02mjs7,/m/07wrz,Law_degree,University_of_Chicago,/education/educational_degree/people_with_this_degree./education/education/institution,"""offered by"""
/m/01hc9_,/m/042v2,Haruki_Murakami,John_Irving,/influence/influence_node/influenced_by,"The most likely relationship between Haruki Murakami and John Irving in the context of a Knowledge Graph like Freebase is ""influenced by"" or ""influenced"". Both are renowned authors, and it is common for authors to be influenced"
/m/01_d4,/m/08mbj5d,Chicago,Official_Website,/common/topic/webpage./common/webpage/category,"""official website"""
/m/025m98,/m/01mh_q,Grammy_Award_for_Best_Instrumental_Composition,39th_Annual_Grammy_Awards,/award/award_category/winners./award/award_honor/ceremony,"""award presented at"""
/m/04t969,/m/0824r,Peter_Weller,Wisconsin,/people/person/places_lived./people/place_lived/location,place of birth
/m/01dq0z,/m/02hcv8,Carleton_University,Eastern_Time_Zone,/location/location/time_zones,time zone
/m/01vwllw,/m/05p09zm,Susan_Sarandon,Razzie_Award_for_Worst_Screen_Couple/Ensemble,/award/award_nominee/award_nominations./award/award_nomination/award,nominated for
/m/08d6bd,/m/02hrh1q,Vinod_Khanna,Actor-GB,/people/person/profession,"""profession"""
/m/01v1ln,/m/07ssc,Tomorrow_Never_Dies,United_Kingdom,/film/film/country,"""country of origin"""
/m/0bmfnjs,/m/035qy,Jane_Eyre,Greece,/film/film/release_date_s./film/film_regional_release_date/film_release_region,"""setting"""
/m/01yc02,/m/03v52f,Chief_Operating_Officer,General_Growth_Properties,/business/job_title/people_with_this_title./business/employment_tenure/company,"""employer"""
/m/03m_k0,/m/03hl6lc,Alan_Ball,Writers_Guild_of_America_Award_for_Best_Original_Screenplay,/award/award_nominee/award_nominations./award/award_nomination/award,award won
/m/0194zl,/m/02h40lc,Iris,English_Language,/film/film/language,"The most likely relationship between ""Iris"" and ""English_Language"" in the context of a Knowledge Graph like Freebase is ""written in""."
/m/020trj,/m/013q0p,Mimi_Rogers,Austin_Powers:_International_Man_of_Mystery,/film/actor/film./film/performance/film,acted in
/m/030b93,/m/0bfvw2,Christine_Lahti,Primetime_Emmy_Award_for_Outstanding_Supporting_Actress_-_Miniseries_or_a_Movie,/award/award_nominee/award_nominations./award/award_nomination/award,"""award received"""
/m/0mk59,/m/09nqf,Park_County,United_States_Dollar,/location/statistical_region/rent50_2./measurement_unit/dated_money_value/currency,"The most likely relationship between ""Park_County"" and ""United_States_Dollar"" in the context of a Knowledge Graph like Freebase is ""currency used""."
/m/0cv3w,/m/0127s7,Las_Vegas,Christina_Aguilera,/base/popstra/location/vacationers./base/popstra/vacation_choice/vacationer,performed at
/m/0bwfwpj,/m/07f1x,Super_8,Thailand,/film/film/release_date_s./film/film_regional_release_date/film_release_region,"""filmed in"""
/m/064t9,/m/01k98nm,Pop_music,Christopher_Cross,/music/genre/artists,"""genre"""
/m/0c9t0y,/m/01585b,Psycho,Slasher,/film/film/genre,"""genre"""
/m/01pfr3,/m/02f73b,Garbage,MTV_Video_Music_Award_for_Best_Editing,/award/award_nominee/award_nominations./award/award_nomination/award,"""award nomination"""
/m/0gs96,/m/08xvpn,Academy_Award_for_Best_Costume_Design,The_Color_Purple,/award/award_category/nominees./award/award_nomination/nominated_for,"""nominated work"""
/m/0284b56,/m/0d060g,Before_the_Devil_Knows_You're_Dead,Canada,/film/film/release_date_s./film/film_regional_release_date/film_release_region,"""filming location"""
/m/01chc7,/m/076xkps,Paul_Bettany,Priest,/film/actor/film./film/performance/film,acted in
/m/0bt3j9,/m/0jgd,Hairspray,Argentina,/film/film/release_date_s./film/film_regional_release_date/film_release_region,"""filming location"""
/m/015fr,/m/01mk6,Brazil,Czechoslovakia,/military/military_combatant/military_conflicts./military/military_combatant_group/combatants,diplomatic relation
/m/0djb3vw,/m/05qhw,Restless,Poland,/film/film/release_date_s./film/film_regional_release_date/film_release_region,"""filming location"""
/m/01lvcs1,/m/026t6,Marcus_Miller,Drum,/music/artist/track_contributions./music/track_contribution/role,"""instrument"""
/m/03tn9w,/m/015qqg,50th_Academy_Awards,Julia,/award/award_ceremony/awards_presented./award/award_honor/honored_for,"The most likely relationship between ""50th_Academy_Awards"" and ""Julia"" in the context of a Knowledge Graph like Freebase is ""nominated for"" or ""won"". ""Julia"" is a film that was nominated for and"
/m/0171cm,/m/02mt51,Tom_Wilkinson,Eternal_Sunshine_of_the_Spotless_Mind,/film/actor/film./film/performance/film,acted in
/m/087wc7n,/m/016wzw,The_Lorax,Peru,/film/film/release_date_s./film/film_regional_release_date/film_release_region,"""filming location"""
/m/0cc8q3,/m/02jp2w,2009_NCAA_Men's_Division_I_Basketball_Tournament,NCAA_Men's_Division_I_Basketball_Championship,/time/event/instance_of_recurring_event,"""part of"""
/m/0c3xw46,/m/06mkj,Friends_with_Benefits,Spain,/film/film/release_date_s./film/film_regional_release_date/film_release_region,"""filming location"""
/m/01w40h,/m/06m61,Mercury_Records,Roy_Orbison,/music/record_label/artist,"""record label"""
/m/0cc5mcj,/m/01vx2h,Cowboys_&_Aliens,Visual_Effects,/film/film/other_crew./film/film_crew_gig/film_crew_role,"""special effects"""
/m/0gwlfnb,/m/03_3d,G.I._Joe:_Retaliation,Japan,/film/film/release_date_s./film/film_regional_release_date/film_release_region,filming location
/m/01j5sd,/m/0kyk,Gabriel_Byrne,Author-GB,/people/person/profession,"""written by"""
/m/0c1ps1,/m/04ztj,Joseph_R._Gannascoli,Marriage,/people/person/spouse_s./people/marriage/type_of_union,"""topic of"""
/m/0d02km,/m/05zppz,Zachary_Quinto,Male,/people/person/gender,Gender
/m/01y20v,/m/062z7,Wheaton_College,Political_Science,/education/educational_institution/students_graduates./education/education/major_field_of_study,"""offers program in"""
/m/0dwxr,/m/03_3d,Modern_pentathlon,Japan,/olympics/olympic_sport/athletes./olympics/olympic_athlete_affiliation/country,"""participated in"""
/m/03_dj,/m/05z96,Jonathan_Swift,Poet,/people/person/profession,profession
/m/01fyzy,/m/018gz8,Rob_Schneider,Comedian,/people/person/profession,Profession
/m/0f4x7,/m/06t6dz,Academy_Award_for_Best_Actor,Hustle_&_Flow,/award/award_category/nominees./award/award_nomination/nominated_for,"""award won by"""
/m/01w5gg6,/m/03qbh5,Joe_Strummer,Grammy_Award_for_Best_Pop_Collaboration_with_Vocals,/award/award_nominee/award_nominations./award/award_nomination/award,"""nominated for"""
/m/0glqh5_,/m/03ryn,Contraband,Indonesia,/film/film/release_date_s./film/film_regional_release_date/film_release_region,"""filming location"""
/m/04kj2v,/m/05zppz,Ken_Adam,Male,/people/person/gender,gender
/m/05f3q,/m/08849,Nobel_Peace_Prize,Yasser_Arafat,/award/award_category/winners./award/award_honor/award_winner,"""award winner"""
/m/05842k,/m/05ljv7,Percussion,omnichord,/music/performance_role/track_performances./music/track_contribution/role,instrument type
/m/07y_p6,/m/023kzp,55th_Primetime_Emmy_Awards,William_H._Macy,/award/award_ceremony/awards_presented./award/award_honor/award_winner,"""award nominee"""
/m/018p4y,/m/03gh4,Pierce_Brosnan,Hawaii,/people/person/places_lived./people/place_lived/location,Place of birth.
/m/01fmys,/m/0h7x,Home_Alone,Austria,/film/film/release_date_s./film/film_regional_release_date/film_release_region,"""filming location"""
/m/09qycb,/m/029j_,Catch-22,DVD,/film/film/release_date_s./film/film_regional_release_date/film_release_distribution_medium,"""format"""
/m/03gr7w,/m/0r0m6,Brad_Paisley,Malibu,/people/person/places_lived./people/place_lived/location,"""place of residence"""
/m/0c0nhgv,/m/09zzb8,Moneyball,Makeup_Artist-GB,/film/film/other_crew./film/film_crew_gig/film_crew_role,makeup artist
/m/0gv40,/m/0gq9h,William_Wyler,Academy_Award_for_Best_Picture,/award/award_nominee/award_nominations./award/award_nomination/award,"""directed"""
/m/0dj75,/m/041r51,Onion,Monounsaturated_fat,/food/food/nutrients./food/nutrition_fact/nutrient,"""nutrient content"""
/m/02t1dv,/m/02z9hqn,Kotono_Mitsuishi,Evangelion:_2.0_You_Can_(Not)_Advance,/film/actor/film./film/performance/film,acted in
/m/01k165,/m/01r32,Stephen_Harper,Calgary,/people/person/places_lived./people/place_lived/location,"""place of residence"""
/m/03lmzl,/m/07mgr,Keith_Carradine,Turin,/people/person/spouse_s./people/marriage/location_of_ceremony,"""place of death"""
/m/0680x0,/m/03gvt,String,Hammond_organ,/music/performance_role/track_performances./music/track_contribution/role,"""instrument"""
/m/085h1,/m/09lxtg,World_Trade_Organization,Trinidad_and_Tobago,/user/ktrueman/default_domain/international_organization/member_states,"""member"""
/m/01p4r3,/m/04x4nv,Lloyd_Bridges,Tucker:_The_Man_and_His_Dream,/film/actor/film./film/performance/film,acted in
/m/0hm4q,/m/02_jjm,Rector,Saint_Petersburg_State_University,/organization/role/leaders./organization/leadership/organization,"""position held"""
/m/02c6d,/m/07s9rl0,Dressed_to_Kill,Drama,/film/film/genre,"""genre"""
/m/0f13b,/m/0lgw7,Leonard_Nimoy,Photographer,/people/person/profession,profession
/m/014mlp,/m/02301,Bachelor_of_Arts,City_College_of_New_York,/education/educational_degree/people_with_this_degree./education/education/institution,"""offered by"""
/m/01_p6t,/m/0372kf,Toni_Collette,Jeff_Daniels,/award/award_nominee/award_nominations./award/award_nomination/award_nominee,"The most likely relationship between Toni Collette and Jeff Daniels in the context of a Knowledge Graph like Freebase is ""co-starred in""."
/m/0340hj,/m/030qb3t,Spider-Man_3,Los_Angeles,/film/film/featured_film_locations,"""filming location"""
/m/02y0js,/m/015np0,Stroke,Ralph_Richardson,/people/cause_of_death/people,Cause of death
/m/02hp70,/m/01g5v,University_of_New_Hampshire,Blue,/education/educational_institution/colors,school colors
/m/031ldd,/m/0lsxr,Infernal_Affairs_III,Crime_Fiction,/film/film/genre,"""genre"""
/m/03mdt,/m/02h40lc,HBO,English_Language,/base/schemastaging/organization_extra/phone_number./base/schemastaging/phone_sandbox/service_language,"""language of broadcast"""
/m/063t3j,/m/02f705,James_Blunt,MTV_Video_Music_Award_for_Artist_to_Watch,/award/award_nominee/award_nominations./award/award_nomination/award,"""nominated for"""
/m/0bmfnjs,/m/07ssc,Jane_Eyre,United_Kingdom,/film/film/country,"""place of publication"""
/m/014zcr,/m/0gr51,George_Clooney,Academy_Award_for_Best_Original_Screenplay,/award/award_nominee/award_nominations./award/award_nomination/award,"""nominated for"""
/m/0d075m,/m/02mjmr,Democratic_Party,Barack_Obama,/government/political_party/politicians_in_this_party./government/political_party_tenure/politician,"""political affiliation"""
/m/02vz6dn,/m/02vzc,Mr._Nobody,Finland,/film/film/release_date_s./film/film_regional_release_date/film_release_region,"""filming location"""
/m/0181hw,/m/01vvybv,Music_Corporation_of_America,Meat_Loaf,/music/record_label/artist,represented by
/m/0c0k1,/m/0ddjy,Harrison_Ford,Star_Wars_Episode_VI:_Return_of_the_Jedi,/film/actor/film./film/performance/film,acted in
/m/01vw20h,/m/0dz3r,Jay-Z,Record_producer-GB,/people/person/profession,profession
/m/07_fj54,/m/09vw2b7,Marmaduke,Special_Effects_Supervisor,/film/film/other_crew./film/film_crew_gig/film_crew_role,"The most likely relationship between ""Marmaduke"" and ""Special_Effects_Supervisor"" in the context of a Knowledge Graph like Freebase would be ""film crew role""."
/m/0crfwmx,/m/02vzc,Tinker_Bell:_Secret_of_the_Wings,Finland,/film/film/release_date_s./film/film_regional_release_date/film_release_region,"""filming location"""
/m/05j12n,/m/0fk98,Suresh_Gopi,Thiruvananthapuram,/people/person/places_lived./people/place_lived/location,"""place of birth"""
/m/02lyx4,/m/02hrh1q,Angie_Dickinson,Actor-GB,/people/person/profession,"""nationality"""
/m/01nrq5,/m/09c7w0,Don_Knotts,United_States_of_America,/people/person/nationality,"""nationality"""
/m/019bk0,/m/01l03w2,45th_Annual_Grammy_Awards,Ralph_Stanley,/award/award_ceremony/awards_presented./award/award_honor/award_winner,award winner
/m/01qcx_,/m/02hcv8,Astoria,Eastern_Time_Zone,/location/location/time_zones,time zone
/m/05hf_5,/m/03g3w,University_of_Ghana,History,/education/educational_institution/students_graduates./education/education/major_field_of_study,academic_programs_offered
/m/05y5fw,/m/0fbtbt,David_Benioff,Primetime_Emmy_Award_for_Outstanding_Drama_Series,/award/award_nominee/award_nominations./award/award_nomination/award,"""award won"""
/m/0gvt53w,/m/03spz,The_Master,Israel,/film/film/release_date_s./film/film_regional_release_date/film_release_region,"""filming location"""
/m/01vrncs,/m/039v1,Bob_Dylan,Guitarist-GB,/people/person/profession,"""profession"""
/m/0378zn,/m/02825nf,Gary_Cole,Pineapple_Express,/film/actor/film./film/performance/film,acted in
/m/084w8,/m/032l1,William_Faulkner,Fyodor_Dostoyevsky,/influence/influence_node/influenced_by,influenced by
/m/02m30v,/m/0d35y,Joan_Bennett,Phoenix,/people/person/spouse_s./people/marriage/location_of_ceremony,"""place of death"""
/m/07c52,/m/016zfm,Television,Happy_Days,/media_common/netflix_genre/titles,"The most likely relationship between ""Television"" and ""Happy_Days"" in the context of a Knowledge Graph like Freebase is ""genre of""."
/m/07t90,/m/03g3w,University_of_Washington,History,/education/educational_institution/students_graduates./education/education/major_field_of_study,"""academic program"""
/m/03ryks,/m/0l14qv,Yann_Tiersen,Synthesizer,/music/artist/track_contributions./music/track_contribution/role,"""instrument"""
/m/06gb2q,/m/0np9r,Larry_Miller,Voice_Actor,/people/person/profession,"""profession"""
/m/0vrmb,/m/09c7w0,Dearborn,United_States_of_America,/base/biblioness/bibs_location/country,"""location within"""
/m/0c_zj,/m/02lfwp,"Downing_College,_Cambridge",Michael_Apted,/education/educational_institution/students_graduates./education/education/student,"""alumnus"""
/m/02x6dqb,/m/03rjj,Annie,Italy,/film/film/release_date_s./film/film_regional_release_date/film_release_region,"""place of death"""
/m/0cv3w,/m/022q32,Las_Vegas,Nicole_Richie,/base/popstra/location/vacationers./base/popstra/vacation_choice/vacationer,"""place of marriage"""
/m/02897w,/m/01l849,Willamette_University,Gold,/education/educational_institution/colors,"The most likely relationship between ""Willamette_University"" and ""Gold"" in the context of a Knowledge Graph like Freebase could be ""school colors""."
/m/0gr36,/m/0c8wxp,Alec_Guinness,Catholicism,/people/person/religion,religion
/m/07xzm,/m/01k_yf,Ukulele,Modest_Mouse,/music/performance_role/regular_performances./music/group_membership/group,"""instrument used by"""
/m/0dfjb8,/m/03k50,Nassar,Hindi_Language,/people/person/languages,"""speaks"""
/m/0l8sx,/m/09c7w0,Time_Warner,United_States_of_America,/base/schemastaging/organization_extra/phone_number./base/schemastaging/phone_sandbox/service_location,"""country"""
/m/06c1y,/m/0l998,Romania,1968_Summer_Olympics,/olympics/olympic_participating_country/medals_won./olympics/olympic_medal_honor/olympics,participated in
/m/02zrv7,/m/04cppj,Andy_Dick,Road_Trip,/film/actor/film./film/performance/film,acted in
/m/023slg,/m/02hnl,Tony_Levin,Drums,/music/artist/track_contributions./music/track_contribution/role,"""instrument"""
/m/0f4x7,/m/0g68zt,Academy_Award_for_Best_Actor,Equus,/award/award_category/nominees./award/award_nomination/nominated_for,"""award for"""
/m/06cm5,/m/09nqf,Raging_Bull,United_States_Dollar,/film/film/estimated_budget./measurement_unit/dated_money_value/currency,currency
/m/024030,/m/0674cw,Padma_Vibhushan,Hrishikesh_Mukherjee,/award/award_category/winners./award/award_honor/award_winner,"""award received"""
/m/01yx7f,/m/01ptsx,Bank_of_America_Corporation,Fortune_1000,/award/ranked_item/appears_in_ranked_lists./award/ranking/list,"""ranked in"""
/m/02q8ms8,/m/05p553,The_Brothers_Bloom,Comedy-GB,/film/film/genre,"The most likely relationship between ""The_Brothers_Bloom"" and ""Comedy-GB"" in the context of a Knowledge Graph like Freebase is ""genre""."
/m/06lht1,/m/01jzyf,Richard_Jenkins,The_Man_Who_Wasn't_There,/film/actor/film./film/performance/film,acted in
/m/068g3p,/m/02jknp,Daniel_Roebuck,Film_Director,/people/person/profession,"""profession"""
/m/06w38l,/m/05zppz,Philip_Yordan,Male,/people/person/gender,gender
/m/02vjp3,/m/02rchht,Sky_Captain_and_the_World_of_Tomorrow,Jon_Avnet,/film/film/produced_by,"""producer"""
/m/027n06w,/m/0bczgm,Writers_Guild_of_America_Awards_2006,Michael_Schur,/award/award_ceremony/awards_presented./award/award_honor/award_winner,"""nominated for"""
/m/03_8r,/m/0ctw_b,Judo,New_Zealand,/olympics/olympic_sport/athletes./olympics/olympic_athlete_affiliation/country,"""practiced in"""
/m/01n8gr,/m/0lgw7,Kenny_Rogers,Photographer,/people/person/profession,Profession
/m/0n6f8,/m/05jbn,Reese_Witherspoon,Nashville,/people/person/places_lived./people/place_lived/location,place of birth
/m/027qgy,/m/03p5xs,My_Big_Fat_Greek_Wedding,Comedy_of_manners,/film/film/genre,"""genre"""
/m/06mn7,/m/03_gx,Stanley_Kubrick,Judaism-GB,/people/person/religion,religion
/m/04kxsb,/m/016xh5,BAFTA_Award_for_Best_Actor_in_a_Leading_Role,Hugh_Grant,/award/award_category/winners./award/award_honor/award_winner,"""award winner"""
/m/07wrz,/m/02_7t,University_of_Chicago,Finance,/education/educational_institution/students_graduates./education/education/major_field_of_study,"""field of study"""
/m/0jmfv,/m/09f2j,Memphis_Grizzlies,"University_of_California,_Los_Angeles",/sports/professional_sports_team/draft_picks./sports/sports_league_draft_pick/school,"""notable alumni"""
/m/086nl7,/m/09c7w0,Bill_Hader,United_States_of_America,/people/person/nationality,"""nationality"""
/m/04rrd,/m/0cc1v,Maryland,Prince_George's_County,/location/location/contains,"""contains"""
/m/01nwwl,/m/02w9sd7,Jim_Broadbent,National_Society_of_Film_Critics_Award_for_Best_Actor,/award/award_nominee/award_nominations./award/award_nomination/award,"""award received"""
/m/014mlp,/m/0778p,Bachelor_of_Arts,Seattle_University,/education/educational_degree/people_with_this_degree./education/education/institution,"""offered by"""
/m/015rkw,/m/01g63y,Michael_Gambon,Domestic_partnership,/people/person/spouse_s./people/marriage/type_of_union,"""relationship"""
/m/0gl02yg,/m/0chghy,A_Simple_Life,Australia,/film/film/release_date_s./film/film_regional_release_date/film_release_region,"""filming location"""
/m/0blbxk,/m/099t8j,Taraji_P._Henson,Broadcast_Film_Critics_Association_Award_for_Best_Supporting_Actress,/award/award_nominee/award_nominations./award/award_nomination/award,"""award received"""
/m/037xlx,/m/059lwy,Cliffhanger,Over_the_Top,/award/award_winning_work/awards_won./award/award_honor/honored_for,"The most likely relationship between ""Cliffhanger"" and ""Over_the_Top"" in the context of a Knowledge Graph like Freebase is ""directed by,"" as both are films directed by Renny Harlin."
/m/07s363,/m/01v27pl,SM_Entertainment,SMTOWN,/music/record_label/artist,"The most likely relationship between SM_Entertainment and SMTOWN in the context of a Knowledge Graph is ""owns""."
/m/0ql36,/m/0dz3r,George_Clinton,Record_producer-GB,/people/person/profession,profession
/m/03k9fj,/m/05szq8z,Adventure_Film,Clash_of_the_Titans,/media_common/netflix_genre/titles,"The most likely relationship between ""Adventure_Film"" and ""Clash_of_the_Titans"" in the context of a Knowledge Graph like Freebase is ""genre""."
/m/0gy0n,/m/05prs8,The_Ring,Walter_F._Parkes,/film/film/produced_by,"""produced by"""
/m/0fj52s,/m/014d7f,Carrot,Fluoride,/food/food/nutrients./food/nutrition_fact/nutrient,"""contains"""
/m/0k57l,/m/05zppz,Roscoe_Arbuckle,Male,/people/person/gender,Gender
/m/09swkk,/m/0dz3r,Gustavo_Santaolalla,Record_producer-GB,/people/person/profession,"""profession"""
/m/064t9,/m/02wwwv5,Pop_music,The-Dream,/music/genre/artists,"""genre"""
/m/0fz0c2,/m/081nh,14th_Academy_Awards,Walt_Disney,/award/award_ceremony/awards_presented./award/award_honor/award_winner,"""award winner"""
/m/07cyl,/m/077qn,The_Silence_of_the_Lambs,Serbia,/film/film/release_date_s./film/film_regional_release_date/film_release_region,"""filming location"""
/m/062zm5h,/m/04gzd,The_Avengers,Lithuania,/film/film/release_date_s./film/film_regional_release_date/film_release_region,"""filming location"""
/m/0c53zb,/m/0fmqp6,26th_Academy_Awards,Edward_Carfagno,/award/award_ceremony/awards_presented./award/award_honor/award_winner,"""award winner"""
/m/032zq6,/m/0ch6mp2,What_Dreams_May_Come,Sound_Mixer,/film/film/other_crew./film/film_crew_gig/film_crew_role,sound_mixers
/m/0dckvs,/m/0cj16,Election_2,35_mm_film,/film/film/film_format,"There is no direct or typical relationship between ""Election_2"" and ""35_mm_film"" in the context of a Knowledge Graph like Freebase. However, if ""Election_2"" refers to a film, a possible relationship could be """
/m/06dv3,/m/02q0k7v,Russell_Crowe,Body_of_Lies,/film/actor/film./film/performance/film,acted in
/m/01nn79,/m/064_8sq,Samsung_Electronics,French_Language,/base/schemastaging/organization_extra/phone_number./base/schemastaging/phone_sandbox/service_language,"""uses language"""
/m/09tcg4,/m/0ctw_b,Angela's_Ashes,New_Zealand,/film/film/release_date_s./film/film_regional_release_date/film_release_region,"""filming location"""
/m/041738,/m/06by7,Alternative_dance,Rock_music,/music/genre/parent_genre,Genre
/m/051wwp,/m/02krf9,Bob_Balaban,Television_Director,/people/person/profession,"""profession"""
/m/0fg04,/m/01jfsb,Sleepy_Hollow,Thriller,/film/film/genre,"The most likely relationship between ""Sleepy_Hollow"" and ""Thriller"" in the context of a Knowledge Graph like Freebase is ""genre""."
/m/02psqkz,/m/06c62,Kingdom_of_Italy,Rome,/location/country/capital,Capital of
/m/021_z5,/m/0gywn,New_jack_swing,Soul_music,/music/genre/parent_genre,"""genre influenced by"""
/m/07y_p6,/m/03c6vl,55th_Primetime_Emmy_Awards,Thomas_Schlamme,/award/award_ceremony/awards_presented./award/award_honor/award_winner,"""award winner"""
/m/03m6zs,/m/08mbj5d,FC_Zenit_Saint_Petersburg,Official_Website,/common/topic/webpage./common/webpage/category,Official website.
/m/07wtc,/m/05qjt,Durham_University,Physics,/education/educational_institution/students_graduates./education/education/major_field_of_study,"The most likely relationship between Durham University and Physics in the context of a Knowledge Graph like Freebase is ""offers academic program in."""
/m/039crh,/m/06hwzy,Shannen_Doherty,Dancing_with_the_Stars,/tv/tv_personality/tv_regular_appearances./tv/tv_regular_personal_appearance/program,"""participated in"""
/m/0gt1k,/m/02vzc,Ninotchka,Finland,/film/film/release_date_s./film/film_regional_release_date/film_release_region,filming location
/m/0276g40,/m/05zppz,Alok_Nath,Male,/people/person/gender,Gender
/m/03ckfl9,/m/0283d,Experimental_music,Drum_and_bass,/music/genre/parent_genre,genre of
/m/06cqb,/m/01s1zk,Reggae,Wyclef_Jean,/music/genre/artists,"""musical genre"""
/m/0b90_r,/m/0lk8j,Mexico,1932_Summer_Olympics,/olympics/olympic_participating_country/medals_won./olympics/olympic_medal_honor/olympics,participated in
/m/0127m7,/m/09c7w0,Kevin_Costner,United_States_of_America,/people/person/nationality,nationality
/m/02k_kn,/m/02s6sh,Soft_rock,Andrew_Gold,/music/genre/artists,"The most likely relationship between ""Soft_rock"" and ""Andrew_Gold"" in the context of a Knowledge Graph like Freebase is ""genre"". Andrew Gold is known for his work in the soft rock genre."
/m/01fszq,/m/09c7w0,The_Golden_Girls,United_States_of_America,/tv/tv_program/country_of_origin,"""country of origin"""
/m/0h3y,/m/02lq67,Algeria,Bronze_medal,/olympics/olympic_participating_country/medals_won./olympics/olympic_medal_honor/medal,"""won medal"""
/m/0c3ybss,/m/029j_,Insidious,DVD,/film/film/release_date_s./film/film_regional_release_date/film_release_distribution_medium,"""release format"""
/m/0415ggl,/m/0d060g,Amelia,Canada,/film/film/country,"""nationality"""
/m/0272_vz,/m/06cvj,Mamma_Mia!,Romantic_comedy,/film/film/genre,Genre
/m/015w8_,/m/02wrhj,Tiny_Toon_Adventures,Maurice_LaMarche,/tv/tv_program/regular_cast./tv/regular_tv_appearance/actor,"""voice actor"""
/m/09byk,/m/03s6l2,Rutger_Hauer,Confessions_of_a_Dangerous_Mind,/film/actor/film./film/performance/film,"""acted in"""
/m/09v7wsg,/m/0d68qy,Primetime_Emmy_Award_for_Outstanding_Costumes_for_a_Series,30_Rock,/award/award_category/nominees./award/award_nomination/nominated_for,"""award winner"""
/m/07y8l9,/m/02vyyl8,John_Michael_Higgins,Yes_Man,/film/actor/film./film/performance/film,acted in
/m/0hhggmy,/m/09nqf,Taken_2,United_States_Dollar,/film/film/estimated_budget./measurement_unit/dated_money_value/currency,currency used
/m/02r1c18,/m/03sb38,A_Serious_Man,StudioCanal,/film/film/production_companies,distributed by
/m/024qqx,/m/04yc76,Blockbuster,Wedding_Crashers,/media_common/netflix_genre/titles,"""distributed by"""
/m/04b7xr,/m/0nbcg,Michael_Sembello,Songwriter-GB,/people/person/profession,"""profession"""
/m/07fpm3,/m/0d6_s,Iain_Glen,Lara_Croft:_Tomb_Raider,/film/actor/film./film/performance/film,acted in
/m/027r7k,/m/09c7w0,Murder_by_Decree,United_States_of_America,/film/film/release_date_s./film/film_regional_release_date/film_release_region,"""country of origin"""
/m/07z4fy,/m/02hrh0_,Cyril_J._Mockridge,Honolulu,/people/deceased_person/place_of_death,Place of birth.
/m/07h1h5,/m/0k6nt,Kasper_Schmeichel,Denmark-GB,/people/person/nationality,"""nationality"""
/m/03j1p2n,/m/08mbj5d,William_Orbit,Official_Website,/common/topic/webpage./common/webpage/category,"""official website"""
/m/03c7ln,/m/039v1,Jay_Bennett,Guitarist-GB,/people/person/profession,Profession
/m/02825nf,/m/07ylj,Pineapple_Express,Venezuela,/film/film/release_date_s./film/film_regional_release_date/film_release_region,"The most likely relationship between ""Pineapple_Express"" and ""Venezuela"" in the context of a Knowledge Graph like Freebase would be ""filming location""."
/m/05qm9f,/m/06kbb6,In_the_Heat_of_the_Night,Stirling_Silliphant,/award/award_winning_work/awards_won./award/award_honor/award_winner,"""written by"""
/m/07vjm,/m/05jxkf,"University_of_California,_San_Diego",Public_university,/education/educational_institution/school_type,"""type of institution"""
/m/0jvt9,/m/02sj1x,How_the_West_Was_Won,Alfred_Newman,/film/film/music,composer
/m/0p_pd,/m/018gz8,Bill_Murray,Comedian,/people/person/profession,"""profession"""
/m/047vnkj,/m/09pmkv,2012,Malaysia,/film/film/release_date_s./film/film_regional_release_date/film_release_region,"""hosted event"" (referring to Malaysia hosting an event in 2012, such as the Formula 1 Grand Prix or other international gatherings)."
/m/0f1jhc,/m/09c7w0,Andy_Heyward,United_States_of_America,/people/person/nationality,citizen of
/m/01w40h,/m/01k3qj,Mercury_Records,Hikaru_Utada,/music/record_label/artist,record_label
/m/01l3wr,/m/02vx4,Germany_national_football_team,Football,/sports/sports_team/sport,"The most likely relationship between ""Germany_national_football_team"" and ""Football"" in the context of a Knowledge Graph like Freebase is ""sport""."
/m/04svwx,/m/01htzx,My-HiME,Action,/tv/tv_program/genre,Genre
/m/0161h5,/m/0_7w6,Angela_Lansbury,Beauty_and_the_Beast,/film/actor/film./film/performance/film,acted in
/m/05l71,/m/07w0v,Oakland_Raiders,University_of_Texas_at_Austin,/sports/professional_sports_team/draft_picks./sports/sports_league_draft_pick/school,"""alumnus"""
/m/049g_xj,/m/047p798,Ellen_Page,Whip_It!,/film/actor/film./film/performance/film,acted in
/m/0n5gq,/m/02hcv8,Essex_County,Eastern_Time_Zone,/location/location/time_zones,"The most likely relationship between ""Essex_County"" and ""Eastern_Time_Zone"" in the context of a Knowledge Graph like Freebase is ""located in time zone""."
/m/0gr4k,/m/03cw411,Academy_Award_for_Best_Writing_Adapted_Screenplay,The_Reader,/award/award_category/nominees./award/award_nomination/nominated_for,"""award winner"""
/m/0crc2cp,/m/09zzb8,The_Three_Musketeers,Makeup_Artist-GB,/film/film/other_crew./film/film_crew_gig/film_crew_role,"The most likely relationship between ""The_Three_Musketeers"" and ""Makeup_Artist-GB"" in the context of a Knowledge Graph like Freebase would be ""makeup artist for""."
/m/016cjb,/m/0147jt,Gospel_music,Michael_W._Smith,/music/genre/artists,genre
/m/04vg8,/m/01fpfn,Martinique,Unitary_state,/location/country/form_of_government,"""form of government"""
/m/05q96q6,/m/03k9fj,Robin_Hood,Adventure_Film,/film/film/genre,"""genre"""
/m/07vyf,/m/01t6b4,University_of_Arizona,Jerry_Bruckheimer,/education/educational_institution/students_graduates./education/education/student,"""alma mater"""
/m/054knh,/m/026kq4q,Golden_Globe_Award_for_Best_Foreign_Language_Film,37th_Golden_Globe_Awards,/award/award_category/winners./award/award_honor/ceremony,"""award ceremony"""
/m/0f4x7,/m/0_b3d,Academy_Award_for_Best_Actor,In_the_Name_of_the_Father,/award/award_category/nominees./award/award_nomination/nominated_for,"""award for"""
/m/032xky,/m/01jfsb,It,Thriller,/film/film/genre,"""genre"""
/m/06tpmy,/m/03h64,16_Blocks,Hong_Kong,/film/film/release_date_s./film/film_regional_release_date/film_release_region,"""filming location"""
/m/027kp3,/m/01g5v,Fordham_University,Blue,/education/educational_institution/colors,"The most likely relationship between ""Fordham University"" and ""Blue"" in the context of a Knowledge Graph like Freebase is ""school colors""."
/m/088q4,/m/07t65,Zimbabwe,United_Nations,/organization/organization_member/member_of./organization/organization_membership/organization,member of
/m/0jmj7,/m/02yr3z,Golden_State_Warriors,La_Salle_University,/sports/professional_sports_team/draft_picks./sports/sports_league_draft_pick/school,"""alumni"""
/m/0130sy,/m/05zppz,Jon_Anderson,Male,/people/person/gender,Gender
/m/026g4l_,/m/05sxg2,Frederick_M._Zollo,Theatrical_producer,/people/person/profession,"""profession"""
/m/0gj9tn5,/m/0f8l9c,Ted,France,/film/film/release_date_s./film/film_regional_release_date/film_release_region,"""travel destination"""
/m/0gyv0b4,/m/054_mz,Kill_Bill_Volume_2,Lawrence_Bender,/film/film/produced_by,"""producer"""
/m/032_wv,/m/0219x_,Election,Indie_film,/film/film/genre,"""topic of"""
/m/014zfs,/m/09qrn4,Bill_Cosby,Primetime_Emmy_Award_for_Outstanding_Lead_Actor_-_Comedy_Series,/award/award_nominee/award_nominations./award/award_nomination/award,"""award received"""
/m/07c52,/m/03l6q0,Television,Scary_Movie_3,/film/film_subject/films,"""includes television program"""
/m/0mhfr,/m/0p8h0,Country_rock,The_Byrds,/music/genre/artists,"""genre of"""
/m/016clz,/m/0cbm64,Alternative_rock,Jonas_Brothers,/music/genre/artists,"""genre"""
/m/05ldxl,/m/0lsxr,A_Clockwork_Orange,Crime_Fiction,/film/film/genre,Genre
/m/0jpdn,/m/0dxtg,Frank_Miller,Screenwriter,/people/person/profession,profession
/m/0l14md,/m/0fcsd,Percussion,Asia,/music/performance_role/regular_performances./music/group_membership/group,"""origin"""
/m/03bdkd,/m/03mqtr,Wilson,Political_drama,/film/film/genre,"The most likely relationship between ""Wilson"" and ""Political_drama"" in the context of a Knowledge Graph like Freebase is ""subject of""."
/m/026390q,/m/02z1nbg,Thelma_&_Louise,National_Board_of_Review_Award_for_Best_Actress,/award/award_winning_work/awards_won./award/award_honor/award,award won
/m/0f13b,/m/0872p_c,Leonard_Nimoy,Transformers:_Dark_of_the_Moon,/film/actor/film./film/performance/film,"""acted in"""
/m/01x1fq,/m/01vdm0,Angelo_Badalamenti,Electronic_keyboard,/music/artist/track_contributions./music/track_contribution/role,instrument
/m/0ldd,/m/0kyk,Agatha_Christie,Author-GB,/people/person/profession,"""nationality"""
/m/02f6ym,/m/0dl567,MTV_Video_Music_Award_for_Best_Female_Video,Taylor_Swift,/award/award_category/winners./award/award_honor/award_winner,"""award winner"""
/m/02h758,/m/0ckh4k,Seven_Network,Neighbours,/tv/tv_network/programs./tv/tv_network_duration/program,"""broadcasted by"""
/m/0llcx,/m/0k611,Witness,Academy_Award_for_Best_Film_Editing,/award/award_winning_work/awards_won./award/award_honor/award,"""award won"""
/m/0gqwc,/m/073hgx,Academy_Award_for_Best_Actress,62nd_Academy_Awards,/award/award_category/winners./award/award_honor/ceremony,part of event
/m/04qw17,/m/027571b,Vera_Drake,Los_Angeles_Film_Critics_Association_Award_for_Best_Actress,/award/award_winning_work/awards_won./award/award_honor/award,"""award won"""
/m/0fpv_3_,/m/094hwz,Life_of_Pi,Animation_Director,/film/film/other_crew./film/film_crew_gig/film_crew_role,"""film crew role"""
/m/04j53,/m/02lpp7,Liechtenstein,Gold_medal,/olympics/olympic_participating_country/medals_won./olympics/olympic_medal_honor/medal,"""has won"""
/m/018vs,/m/01t_xp_,Bass_guitar,Rush,/music/performance_role/regular_performances./music/group_membership/group,"""instrument"""
/m/0cbn7c,/m/0d6lp,The_Maltese_Falcon,San_Francisco,/film/film/featured_film_locations,"""filming location"""
/m/03mkk4,/m/0bwfn,Master_of_Fine_Arts,New_York_University,/education/educational_degree/people_with_this_degree./education/education/institution,"""offered by"""
/m/02frhbc,/m/07jdr,Portland,Train,/travel/travel_destination/how_to_get_here./travel/transportation/mode_of_transportation,"""has transport"""
/m/0gr51,/m/02yv_b,Academy_Award_for_Best_Original_Screenplay,73rd_Academy_Awards,/award/award_category/winners./award/award_honor/ceremony,"""award ceremony"""
/m/089j8p,/m/05p553,Mrs_Henderson_Presents,Comedy-GB,/film/film/genre,Genre
/m/02r1ysd,/m/08mbj5d,Pushing_Daisies,Official_Website,/common/topic/webpage./common/webpage/category,official website
/m/02yvct,/m/03rjj,Inglourious_Basterds,Italy,/film/film/release_date_s./film/film_regional_release_date/film_release_region,filming location
/m/0hgnl3t,/m/02vzc,Flight,Finland,/film/film/release_date_s./film/film_regional_release_date/film_release_region,"""destination"""
/m/02cpp,/m/08mbj5d,Depeche_Mode,Official_Website,/common/topic/webpage./common/webpage/category,"""official website"""
/m/02ndbd,/m/0ckd1,Garry_Marshall,Executive_Producer,/tv/tv_producer/programs_produced./tv/tv_producer_term/producer_type,profession
/m/02mt4k,/m/02x4sn8,Charlie_Kaufman,Independent_Spirit_Award_for_Best_Screenplay,/award/award_nominee/award_nominations./award/award_nomination/award,"""award won"""
/m/02h4rq6,/m/02zd2b,Bachelor_of_Science,Western_Illinois_University,/education/educational_degree/people_with_this_degree./education/education/institution,"""offered by"""
/m/051vz,/m/047dpm0,Milwaukee_Brewers,1995_Major_League_Baseball_Draft,/sports/professional_sports_team/draft_picks./sports/sports_league_draft_pick/draft,drafted_players
/m/07f_7h,/m/07f1x,Silent_Hill,Thailand,/film/film/release_date_s./film/film_regional_release_date/film_release_region,"The most likely relationship between ""Silent_Hill"" and ""Thailand"" in the context of a Knowledge Graph like Freebase could be ""filming location""."
/m/0783m_,/m/08mbj5d,Matthew_Morrison,Official_Website,/common/topic/webpage./common/webpage/category,"The most likely relationship between ""Matthew_Morrison"" and ""Official_Website"" in the context of a Knowledge Graph like Freebase is ""official website""."
/m/09c7w0,/m/0mwx6,United_States_of_America,Cambria_County,/location/country/second_level_divisions,"""contains"""
/m/0hhtgcw,/m/06mt91,38th_People's_Choice_Awards,Rihanna,/award/award_ceremony/awards_presented./award/award_honor/award_winner,"""award winner"""
/m/01xllf,/m/04ztj,Danny_Trejo,Marriage,/people/person/spouse_s./people/marriage/type_of_union,"""spouse"""
/m/0k4kk,/m/0gr42,The_Ten_Commandments,Academy_Award_for_Best_Visual_Effects,/award/award_winning_work/awards_won./award/award_honor/award,"""award won"""
/m/0g4vmj8,/m/02vzc,Drive,Finland,/film/film/release_date_s./film/film_regional_release_date/film_release_region,"""filming location"""
/m/0bkj86,/m/0kz2w,Master_of_Arts,Brandeis_University,/education/educational_degree/people_with_this_degree./education/education/institution,"""offered by"""
/m/01wdl3,/m/0325pb,University_of_Alabama,Alpha_Delta_Pi,/education/university/fraternities_and_sororities,"""has fraternity/sorority"""
/m/0fpj9pm,/m/039v1,Ben_Gibbard,Guitarist-GB,/people/person/profession,profession
/m/09y6pb,/m/014kq6,The_Next_Best_Thing,Die_Another_Day,/award/award_nominated_work/award_nominations./award/award_nomination/nominated_for,"The most likely relationship between ""The_Next_Best_Thing"" and ""Die_Another_Day"" in the context of a Knowledge Graph like Freebase is ""soundtrack""."
/m/016tt2,/m/072r5v,20th_Century_Fox,Apocalypto,/film/film_distributor/films_distributed./film/film_film_distributor_relationship/film,"""distributor"""
/m/07zl6m,/m/02bv9,2K_Games,Dutch_Language,/base/schemastaging/organization_extra/phone_number./base/schemastaging/phone_sandbox/service_language,"The most likely relationship between ""2K Games"" and ""Dutch Language"" in the context of a Knowledge Graph like Freebase would be ""supported language""."
/m/06w87,/m/03qjg,Steel_guitar,Harmonica,/music/performance_role/regular_performances./music/group_membership/role,"The most likely relationship between ""Steel_guitar"" and ""Harmonica"" in the context of a Knowledge Graph like Freebase would be ""instrument type"" or ""musical instrument category,"" as both are types of musical instruments."
/m/01chpn,/m/01t_vv,Adaptation,Comedy-drama,/film/film/genre,genre
/m/02w9sd7,/m/01cj6y,National_Society_of_Film_Critics_Award_for_Best_Actor,Adrien_Brody,/award/award_category/winners./award/award_honor/award_winner,"""award winner"""
/m/05t0zfv,/m/0hcr,Bleach:_Fade_to_Black,Animation,/film/film/genre,"The most likely relationship between ""Bleach: Fade to Black"" and ""Animation"" in the context of a Knowledge Graph like Freebase is ""genre""."
/m/07vn_9,/m/08mbj5d,Zodiac,Official_Website,/common/topic/webpage./common/webpage/category,official_website
/m/0645k5,/m/0345h,V_for_Vendetta,Germany,/film/film/country,"The most likely relationship between ""V_for_Vendetta"" and ""Germany"" in the context of a Knowledge Graph like Freebase is ""filming location""."
/m/072hx4,/m/05qhw,March_of_the_Penguins,Poland,/film/film/release_date_s./film/film_regional_release_date/film_release_region,"""filming location"""
/m/023rwm,/m/08mbj5d,Roadrunner_Records,Official_Website,/common/topic/webpage./common/webpage/category,official website
/m/0lbj1,/m/02f6xy,Sting,MTV_Video_Music_Award_for_Best_Male_Video,/award/award_nominee/award_nominations./award/award_nomination/award,"""award won"""
/m/0vbk,/m/01y0s9,Arkansas,Nondenominational_Christianity,/location/statistical_region/religions./location/religion_percentage/religion,"""religion in"""
/m/03bw6,/m/02jknp,George_Cukor,Film_Director,/people/person/profession,Profession
/m/050f0s,/m/0ch6mp2,The_Simpsons_Movie,Sound_Mixer,/film/film/other_crew./film/film_crew_gig/film_crew_role,sound_mixing
/m/02jxk,/m/03rjj,European_Union_Member_States,Italy,/user/ktrueman/default_domain/international_organization/member_states,member of
/m/0_7w6,/m/06qd3,Beauty_and_the_Beast,South_Korea,/film/film/release_date_s./film/film_regional_release_date/film_release_region,"""country of release"""
/m/05148p4,/m/0jg77,Keyboard,Nine_Inch_Nails,/music/performance_role/regular_performances./music/group_membership/group,"""instrument played"""
/m/04k9y6,/m/05prs8,Lemony_Snicket's_A_Series_of_Unfortunate_Events,Walter_F._Parkes,/film/film/produced_by,produced by
/m/0dnw1,/m/01t_vv,Breakfast_at_Tiffany's,Comedy-drama,/film/film/genre,Genre
/m/09_94,/m/018ctl,Nordic_combined,2010_Winter_Olympics,/olympics/olympic_sport/athletes./olympics/olympic_athlete_affiliation/olympics,"""event"""
/m/0dy04,/m/062z7,University_of_Vienna,Political_Science,/education/educational_institution/students_graduates./education/education/major_field_of_study,"The most likely relationship between ""University_of_Vienna"" and ""Political_Science"" in the context of a Knowledge Graph like Freebase is ""offers academic program in""."
/m/02ylg6,/m/03_3d,Punch-Drunk_Love,Japan,/film/film/release_date_s./film/film_regional_release_date/film_release_region,"The most likely relationship between ""Punch-Drunk Love"" and ""Japan"" in the context of a Knowledge Graph like Freebase is ""filming location""."
/m/01trhmt,/m/04ztj,Usher,Marriage,/people/person/spouse_s./people/marriage/type_of_union,"""spouse"""
/m/08jcfy,/m/01v2xl,Principal,Aberystwyth_University,/business/job_title/people_with_this_title./business/employment_tenure/company,"""educational institution"""
/m/04q01mn,/m/09nqf,Gran_Torino,United_States_Dollar,/film/film/estimated_budget./measurement_unit/dated_money_value/currency,"The most likely relationship between ""Gran_Torino"" and ""United_States_Dollar"" in the context of a Knowledge Graph like Freebase is ""box office revenue currency""."
/m/01hkhq,/m/05fcbk7,Helen_Mirren,Legend_of_the_Guardians:_The_Owls_of_Ga'Hoole,/film/actor/film./film/performance/film,Voiced in
/m/05p7tx,/m/02llzg,Milan_Conservatory,Central_European_Time_Zone-US,/location/location/time_zones,"""time zone"""
/m/015qy1,/m/09c7w0,Mobile_Suit_Gundam:_Char's_Counterattack,United_States_of_America,/film/film/release_date_s./film/film_regional_release_date/film_release_region,"""country of origin"""
/m/01lz4tf,/m/09c7w0,Dave_Navarro,United_States_of_America,/people/person/nationality,nationality
/m/01vz80y,/m/01c72t,Joss_Whedon,Composer,/people/person/profession,"""collaborated with"""
/m/03zrc_,/m/03d0d7,South_Africa_national_football_team,FC_Twente,/base/x2010fifaworldcupsouthafrica/world_cup_squad/current_world_cup_squad./base/x2010fifaworldcupsouthafrica/current_world_cup_squad/current_club,"The most likely relationship between the South Africa national football team and FC Twente in the context of a Knowledge Graph like Freebase would be ""players who have played for both""."
/m/03c_cxn,/m/09zzb8,Happy-Go-Lucky,Makeup_Artist-GB,/film/film/other_crew./film/film_crew_gig/film_crew_role,"""makeup artist"""
/m/054ks3,/m/07tw_b,Golden_Globe_Award_for_Best_Original_Song,The_Producers,/award/award_category/nominees./award/award_nomination/nominated_for,"""award winner"""
/m/0gs96,/m/0qmd5,Academy_Award_for_Best_Costume_Design,The_Elephant_Man,/award/award_category/nominees./award/award_nomination/nominated_for,nominated for
/m/017gm7,/m/02xlf,The_Lord_of_the_Rings:_The_Two_Towers,Fiction,/film/film/genre,Genre
/m/0dgrmp,/m/02b14q,Goalkeeper,Cheltenham_Town_F.C.,/sports/sports_position/players./sports/sports_team_roster/team,"""plays for"""
/m/0d05w3,/m/027jk,China,Djibouti,/location/statistical_region/places_exported_to./location/imports_and_exports/exported_to,military presence
/m/0ff0x,/m/02hcv8,Steuben_County,Eastern_Time_Zone,/location/location/time_zones,"""time zone"""
/m/019z7q,/m/0cc56,Norman_Mailer,Manhattan,/people/deceased_person/place_of_death,"""place of residence"""
/m/01slc,/m/09s5q8,Chicago_White_Sox,University_of_South_Florida,/sports/professional_sports_team/draft_picks./sports/sports_league_draft_pick/school,"The most likely relationship between ""Chicago_White_Sox"" and ""University_of_South_Florida"" in the context of a Knowledge Graph like Freebase would be ""alumni"" or ""attended"". This implies that a player or staff"
/m/06z8gn,/m/011ycb,Christopher_McDonald,Quiz_Show,/film/actor/film./film/performance/film,acted in
/m/025sc50,/m/0pyg6,Contemporary_R&B,Vanessa_L._Williams,/music/genre/artists,"""genre"""
/m/073hkh,/m/0k2cb,61st_Academy_Awards,Dangerous_Liaisons,/award/award_ceremony/awards_presented./award/award_honor/honored_for,"""award winner"""
/m/01fsz,/m/03bxh,Baroque_music,George_Frideric_Handel,/music/genre/artists,"""composer of"""
/m/0gqz2,/m/0c53vt,Academy_Award_for_Best_Original_Song,27th_Academy_Awards,/award/award_category/winners./award/award_honor/ceremony,"""award ceremony"""
/m/06q8qh,/m/02_340,A_Prairie_Home_Companion,Fisher_Stevens,/film/film/executive_produced_by,"""acted in"""
/m/01xk7r,/m/03_1pg,San_Francisco_Art_Institute,Mary_Lynn_Rajskub,/education/educational_institution/students_graduates./education/education/student,"""education"""
/m/01c22t,/m/0154j,"Monsters,_Inc.",Belgium,/film/film/release_date_s./film/film_regional_release_date/film_release_region,"""filming location"""
/m/039crh,/m/064_8sq,Shannen_Doherty,French_Language,/people/person/languages,"""speaks"""
/m/0b66qd,/m/01ggbx,Suhasini_Mani_Ratnam,Mani_Ratnam,/people/person/spouse_s./people/marriage/spouse,spouse
/m/01vtg4q,/m/01pb34,Bo_Diddley,Cameo_appearance,/film/actor/film./film/performance/special_performance_type,"""appeared in"""
/m/01520h,/m/01d_h8,Richard_Dreyfuss,Film_Producer-GB,/people/person/profession,"""profession"""
/m/016clz,/m/01vs14j,Alternative_rock,"Larry_Mullen,_Jr.",/music/genre/artists,"""genre of"""
/m/053yx,/m/0nbcg,Miles_Davis,Songwriter-GB,/people/person/profession,"""profession"""
/m/02fqxm,/m/0f8l9c,Basic_Instinct,France,/film/film/country,"""filming location"""
/m/02z3r8t,/m/01t_vv,"New_York,_I_Love_You",Comedy-drama,/film/film/genre,Genre
/m/0fx2s,/m/01jw67,Tragedy,The_Rose,/film/film_subject/films,"The most likely relationship between ""Tragedy"" and ""The_Rose"" in the context of a Knowledge Graph like Freebase is ""genre."""
/m/013pk3,/m/02hrh1q,Hugh_Laurie,Actor-GB,/people/person/profession,"""profession"""
/m/064_8sq,/m/01n6c,French_Language,Comoros,/language/human_language/countries_spoken_in,Official language of
/m/0cks1m,/m/08mbj5d,Sailor_Moon_Super_S:_The_Movie,Official_Website,/common/topic/webpage./common/webpage/category,official_website
/m/019vgs,/m/014zfs,Tim_Allen,Bill_Cosby,/influence/influence_node/influenced_by,"The most likely relationship between Tim Allen and Bill Cosby in the context of a Knowledge Graph like Freebase would be ""professionally related to"" or ""peer in the entertainment industry,"" as both are well-known comedians and actors."
/m/0x67,/m/0hcs3,African_American,Rickey_Henderson,/people/ethnicity/people,"""ethnicity"""
/m/09p5mwg,/m/07ssc,Saw_VII,United_Kingdom,/film/film/distributors./film/film_film_distributor_relationship/region,"The most likely relationship between ""Saw_VII"" and ""United_Kingdom"" in the context of a Knowledge Graph like Freebase is ""filming location""."
/m/016kb7,/m/0b4lkx,F._Murray_Abraham,All_the_President's_Men,/film/actor/film./film/performance/film,"""acted in"""
/m/01gst9,/m/0498y,15th_United_States_Congress,Kentucky,/government/legislative_session/members./government/government_position_held/district_represented,"""has jurisdiction over"""
/m/06c53w,/m/0c8tk,Ajith_Kumar,Chennai-GB,/people/person/spouse_s./people/marriage/location_of_ceremony,"""place of birth"""
/m/078mm1,/m/03rjj,The_Cassandra_Crossing,Italy,/film/film/release_date_s./film/film_regional_release_date/film_release_region,filming location
/m/015ynm,/m/06n90,Lilo_&_Stitch,Science_Fiction,/film/film/genre,Genre
/m/01vsksr,/m/07mvp,Bill_Wyman,The_Rolling_Stones,/music/group_member/membership./music/group_membership/group,member of
/m/0sg4x,/m/02fqwt,Moline,Central_Time_Zone,/location/location/time_zones,time zone
/m/0g83dv,/m/09vw2b7,Breaking_and_Entering,Special_Effects_Supervisor,/film/film/other_crew./film/film_crew_gig/film_crew_role,"The most likely relationship between ""Breaking_and_Entering"" and ""Special_Effects_Supervisor"" in the context of a Knowledge Graph like Freebase would be ""special effects supervisor of""."
/m/053yx,/m/029bkp,Miles_Davis,Bandleader,/people/person/profession,Profession
/m/01vs_v8,/m/09c7w0,Madonna,United_States_of_America,/people/person/nationality,nationality
/m/02r3cn,/m/05zppz,Joel_Madden,Male,/people/person/gender,Gender
/m/089j8p,/m/04rlf,Mrs_Henderson_Presents,Music,/film/film/genre,"The most likely relationship between ""Mrs_Henderson_Presents"" and ""Music"" in the context of a Knowledge Graph like Freebase is ""soundtrack""."
/m/01n5309,/m/02hrh1q,Jimmy_Fallon,Actor-GB,/people/person/profession,"""profession"""
/m/0jgd,/m/04n6k,Argentina,Library_of_Congress_Classification,/user/tsegaran/random/taxonomy_subject/entry./user/tsegaran/random/taxonomy_entry/taxonomy,"The most likely relationship between ""Argentina"" and ""Library_of_Congress_Classification"" in the context of a Knowledge Graph like Freebase would be ""subject classification""."
/m/03ncb2,/m/056878,Grammy_Award_for_Best_Contemporary_Jazz_Album,47th_Annual_Grammy_Awards,/award/award_category/winners./award/award_honor/ceremony,"""award presented at"""
/m/02rqxc,/m/023fb,Portugal_national_football_team,Chelsea_F.C.,/base/x2010fifaworldcupsouthafrica/world_cup_squad/current_world_cup_squad./base/x2010fifaworldcupsouthafrica/current_world_cup_squad/current_club,"""players"""
/m/0p9tm,/m/07s9rl0,Butch_Cassidy_and_the_Sundance_Kid,Drama,/film/film/genre,"The most likely relationship between ""Butch_Cassidy_and_the_Sundance_Kid"" and ""Drama"" in the context of a Knowledge Graph like Freebase is ""genre""."
/m/02404v,/m/05zppz,Christopher_Doyle,Male,/people/person/gender,Gender
/m/015l4k,/m/02lq67,1968_Winter_Olympics,Bronze_medal,/olympics/olympic_games/medals_awarded./olympics/olympic_medal_honor/medal,"""medal type"""
/m/03ys48,/m/0kq9l,Slovenia_national_football_team,Sparta_Rotterdam,/base/x2010fifaworldcupsouthafrica/world_cup_squad/current_world_cup_squad./base/x2010fifaworldcupsouthafrica/current_world_cup_squad/current_club,"""played against"""
/m/047csmy,/m/013ksx,Transformers:_Revenge_of_the_Fallen,Bethlehem,/film/film/featured_film_locations,"""filming location"""
/m/09pl3f,/m/01d_h8,Alex_Kurtzman,Film_Producer-GB,/people/person/profession,"""profession"""
/m/0267wwv,/m/03gj2,Jesus_Christ_Superstar,Hungary,/film/film/release_date_s./film/film_regional_release_date/film_release_region,"""performed in"""
/m/01pcq3,/m/0ck27z,Anna_Paquin,Screen_Actors_Guild_Award_for_Outstanding_Performance_by_an_Ensemble_in_a_Drama_Series,/award/award_nominee/award_nominations./award/award_nomination/award,"""award nominee"""
/m/03s0w,/m/09nqf,Iowa,United_States_Dollar,/location/statistical_region/gdp_nominal./measurement_unit/dated_money_value/currency,currency
/m/092j54,/m/02q253,2003_NFL_Draft,Marshall_University,/sports/sports_league_draft/picks./sports/sports_league_draft_pick/school,"""school attended"""
/m/04w8f,/m/0hzc9wc,Mongolia,Sovereign_state,/base/aareas/schema/administrative_area/administrative_area_type,"""country"""
/m/07ddz9,/m/02x73k6,Paul_Dooley,National_Society_of_Film_Critics_Award_for_Best_Supporting_Actor,/award/award_nominee/award_nominations./award/award_nomination/award,award nominee
/m/035hm,/m/01q20,Gibraltar,Constitutional_monarchy,/location/country/form_of_government,"""form of government"""
/m/03swmf,/m/01d_h8,Ron_Silver,Film_Producer-GB,/people/person/profession,"""profession"""
/m/0f4x7,/m/0fy59t,Academy_Award_for_Best_Actor,13th_Academy_Awards,/award/award_category/winners./award/award_honor/ceremony,"""award ceremony"""
/m/0j8hd,/m/02kmx6,Breast_cancer,Mary-Ellis_Bunim,/people/cause_of_death/people,"""cause of death"""
/m/01dpdh,/m/01s695,Grammy_Award_for_Best_Male_Country_Vocal_Performance,42nd_Annual_Grammy_Awards,/award/award_category/winners./award/award_honor/ceremony,"""award presented at"""
/m/0dx_q,/m/01g63y,Joan_Collins,Domestic_partnership,/people/person/spouse_s./people/marriage/type_of_union,"""relationship type"""
/m/02c4s,/m/05zppz,"Arthur_Wellesley,_1st_Duke_of_Wellington",Male,/people/person/gender,gender
/m/0cdbq,/m/06b_j,Russian_Empire,Russian_Language,/location/country/official_language,official language
/m/01fs_4,/m/0161h5,Bea_Arthur,Angela_Lansbury,/base/popstra/celebrity/friendship./base/popstra/friendship/participant,Co-starred in
/m/0dvqq,/m/02wh75,Green_Day,Grammy_Award_for_Best_Rock_Song,/award/award_nominee/award_nominations./award/award_nomination/award,"""award won"""
/m/09c7w0,/m/02j416,United_States_of_America,Georgia_State_University,/location/location/contains,"""location"""
/m/03_nq,/m/01gkgk,John_Quincy_Adams,Member_of_Congress,/government/politician/government_positions_held./government/government_position_held/basic_title,"""position held"""
/m/0c6cwg,/m/0jdd,Taliban_insurgency,Afghanistan,/time/event/locations,"""conflict_location"""
/m/075npt,/m/04ztj,Dan_Green,Marriage,/people/person/spouse_s./people/marriage/type_of_union,"""spouse"""
/m/0253b6,/m/04ztj,Tia_Carrere,Marriage,/people/person/spouse_s./people/marriage/type_of_union,"""spouse"""
/m/09sb52,/m/03cvvlg,Screen_Actors_Guild_Award_for_Outstanding_Performance_by_a_Cast_in_a_Motion_Picture,Doubt,/award/award_category/nominees./award/award_nomination/nominated_for,"""award winner"""
/m/017mbb,/m/02f77l,Def_Leppard,MTV_Video_Music_Award_for_Best_Rock_Video,/award/award_nominee/award_nominations./award/award_nomination/award,"""award won"""
/m/0cnl09,/m/01_d4,Leslie_David_Baker,Chicago,/people/person/place_of_birth,place of birth
/m/0gs96,/m/05qb8vx,Academy_Award_for_Best_Costume_Design,82nd_Academy_Awards,/award/award_category/winners./award/award_honor/ceremony,"""award presented at"""
/m/03bx2lk,/m/08mbj5d,G-Force,Official_Website,/common/topic/webpage./common/webpage/category,"""official website"""
/m/04z0g,/m/0kq2,Milton_Friedman,Agnosticism,/people/person/religion,"The most likely relationship between Milton Friedman and Agnosticism in the context of a Knowledge Graph like Freebase is ""religious views""."
/m/01mylz,/m/01dc0c,R._Lee_Ermey,Seven,/film/actor/film./film/performance/film,acted in
/m/0fz2y7,/m/01938t,31st_Academy_Awards,Susan_Hayward,/award/award_ceremony/awards_presented./award/award_honor/award_winner,"The most likely relationship between ""31st_Academy_Awards"" and ""Susan_Hayward"" is ""award winner""."
/m/0mb8c,/m/029j_,A_Better_Tomorrow,DVD,/film/film/release_date_s./film/film_regional_release_date/film_release_distribution_medium,"""format"""
/m/08yx9q,/m/04ztj,Eric_Dane,Marriage,/people/person/spouse_s./people/marriage/type_of_union,"""spouse"""
/m/0jnrk,/m/0jc_p,San_Jose_Sharks,Orange,/sports/sports_team/colors,"The most likely relationship between ""San_Jose_Sharks"" and ""Orange"" in the context of a Knowledge Graph like Freebase is ""team color""."
/m/02w59b,/m/06fvc,C.D._Guadalajara,Red,/sports/sports_team/colors,Team color
/m/01dhmw,/m/05mph,Joe_Haldeman,Oklahoma,/people/person/places_lived./people/place_lived/location,"""place of birth"""
/m/0pvms,/m/0f3zsq,The_Wonders,Tak_Fujimoto,/film/film/cinematography,cinematography
/m/060c4,/m/0p7tb,President,Mount_Holyoke_College,/organization/role/leaders./organization/leadership/organization,"""alma mater"""
/m/07z31v,/m/01j7mr,56th_Primetime_Emmy_Awards,The_Daily_Show,/award/award_ceremony/awards_presented./award/award_honor/honored_for,"""award winner"""
/m/06fcqw,/m/02r96rf,Bolt,Visual_Effects_Supervisor,/film/film/other_crew./film/film_crew_gig/film_crew_role,"""visual effects supervisor"""
/m/01713c,/m/05zppz,Javier_Bardem,Male,/people/person/gender,gender
/m/01gglm,/m/02_n3z,Any_Given_Sunday,Dialogue_Editor,/film/film/other_crew./film/film_crew_gig/film_crew_role,edited by
/m/01h7xx,/m/07h34,30th_United_States_Congress,Tennessee,/government/legislative_session/members./government/government_position_held/district_represented,representative_of
/m/018w0j,/m/079dy,Gulf_War,Saddam_Hussein,/base/culturalevent/event/entity_involved,leader during
/m/03rjj,/m/0hb37,Italy,Monza,/location/location/contains,"""location within"""
/m/05148p4,/m/01wv9xn,Keyboard,Pink_Floyd,/music/performance_role/regular_performances./music/group_membership/group,"""instrument played by"""
/m/01v1d8,/m/0k60,Sampler,Aphex_Twin,/music/instrument/instrumentalists,"""used by"""
/m/0gr0m,/m/0b_5d,Academy_Award_for_Best_Cinematography,The_Apartment,/award/award_category/nominees./award/award_nomination/nominated_for,"""award winner"""
/m/03q45x,/m/0c422z4,Amy_Poehler,MTV_Movie_Award_for_Best_WTF_Moment,/award/award_nominee/award_nominations./award/award_nomination/award,"""award nominee"""
/m/014mlp,/m/03_nq,Bachelor_of_Arts,John_Quincy_Adams,/education/educational_degree/people_with_this_degree./education/education/student,"""degree obtained"""
/m/02r22gf,/m/02ll45,BAFTA_Award_for_Best_Sound,The_Mission,/award/award_category/nominees./award/award_nomination/nominated_for,"""award winner"""
/m/0fvt2,/m/01yz0x,Stephen_Baxter,Hugo_Award_for_Best_Novel,/award/award_nominee/award_nominations./award/award_nomination/award,nominated for
/m/0nm3n,/m/0n5_t,York_County,Carroll_County,/location/location/adjoin_s./location/adjoining_relationship/adjoins,Adjacent county.
/m/064t9,/m/017l4,Pop_music,Benny_Andersson,/music/genre/artists,"""genre of"""
/m/01vvpjj,/m/0nbcg,Enya,Songwriter-GB,/people/person/profession,Profession
/m/03w9sgh,/m/02krf9,James_D._Parriott,Television_Director,/people/person/profession,Profession
/m/0106dv,/m/0106dv,Waco,Waco,/location/hud_county_place/place,"The most likely relationship between ""Waco"" and ""Waco"" in the context of a Knowledge Graph like Freebase would be ""same as"" or ""identity"", indicating that they refer to the same entity."
/m/0h0wc,/m/01pgzn_,Meryl_Streep,Lindsay_Lohan,/award/award_nominee/award_nominations./award/award_nomination/award_nominee,"The most likely relationship between Meryl Streep and Lindsay Lohan in the context of a Knowledge Graph like Freebase would be ""acted in"". They both acted in the film ""A Prairie Home Companion""."
/m/064t9,/m/0lbj1,Pop_music,Sting,/music/genre/artists,"""genre"""
/m/04fhxp,/m/018gz8,Steve_Zahn,Comedian,/people/person/profession,Profession
/m/014g9y,/m/0dxtg,Julie_Delpy,Screenwriter,/people/person/profession,profession
/m/06f32,/m/02j71,Taiwan,Earth,/base/aareas/schema/administrative_area/administrative_parent,"""location on"""
/m/0gd0c7x,/m/0b90_r,Prometheus,Mexico,/film/film/release_date_s./film/film_regional_release_date/film_release_region,"""filming location"""
/m/02bkdn,/m/071ynp,Allison_Janney,Shirley_Henderson,/award/award_nominee/award_nominations./award/award_nomination/award_nominee,"""acted in"" (both actresses appeared in the film ""Trolls World Tour"")."
/m/07jjt,/m/0kbvb,Track_cycling,2004_Summer_Olympics,/olympics/olympic_sport/athletes./olympics/olympic_athlete_affiliation/olympics,"""event"""
/m/0gvbw,/m/07ssc,Pfizer,United_Kingdom,/base/schemastaging/organization_extra/phone_number./base/schemastaging/phone_sandbox/service_location,"""location of headquarters"""
/m/0736qr,/m/02d4ct,Ray_Wise,Patricia_Clarkson,/award/award_nominee/award_nominations./award/award_nomination/award_nominee,"""acted with"""
/m/021vwt,/m/049xgc,Edward_Herrmann,The_Aviator,/film/actor/film./film/performance/film,acted in
/m/02tjl3,/m/029j_,Shattered_Glass,DVD,/film/film/release_date_s./film/film_regional_release_date/film_release_distribution_medium,"""release format"""
/m/04swx,/m/04w58,Mediterranean_Sea,Monaco,/location/location/adjoin_s./location/adjoining_relationship/adjoins,"""borders"""
/m/0fq7dv_,/m/0d060g,Saw,Canada,/film/film/release_date_s./film/film_regional_release_date/film_release_region,"""filming location"""
/m/02wwmhc,/m/0fpjyd,The_Rum_Diary,Christopher_Young,/film/film/music,composer
/m/095zvfg,/m/07cyl,Tom_Fleischman,The_Silence_of_the_Lambs,/award/award_nominee/award_nominations./award/award_nomination/nominated_for,sound department
/m/0b3n61,/m/09nqf,Madagascar:_Escape_2_Africa,United_States_Dollar,/film/film/estimated_budget./measurement_unit/dated_money_value/currency,currency
/m/0971v,/m/0838f,Beef,Water,/food/food/nutrients./food/nutrition_fact/nutrient,"""ingredient in production"""
/m/0fpzwf,/m/02fqwt,Minneapolis,Central_Time_Zone,/location/location/time_zones,"""located in"""
/m/04v3q,/m/02jxk,Malta,European_Union_Member_States,/organization/organization_member/member_of./organization/organization_membership/organization,"""member of"""
/m/0f4x7,/m/02p86pb,Academy_Award_for_Best_Actor,Born_on_the_Fourth_of_July,/award/award_category/nominees./award/award_nomination/nominated_for,"""award for"""
/m/06bc59,/m/082gq,Hannibal_Rising,War_film,/film/film/genre,"""genre"""
/m/050t68,/m/02p7_k,Fyvush_Finkel,Powers_Boothe,/award/award_nominee/award_nominations./award/award_nomination/award_nominee,"Both Fyvush Finkel and Powers Boothe were actors, so the most likely relationship between them in the context of a Knowledge Graph like Freebase would be ""profession"" or ""occupation,"" indicating that they shared the same profession. However, without"
/m/06f5j,/m/05zppz,Robert_E._Lee,Male,/people/person/gender,Gender
/m/0gq9h,/m/0h3k3f,Academy_Award_for_Best_Picture,The_Country_Girl,/award/award_category/nominees./award/award_nomination/nominated_for,"""award winner"""
/m/0d060g,/m/0pmp2,Canada,Quebec_City,/location/location/contains,"""contains"""
/m/09ftwr,/m/019f4v,Bob_Rafelson,Golden_Globe_Award_for_Best_Director_-_Motion_Picture,/award/award_nominee/award_nominations./award/award_nomination/award,Nominated for
/m/0fhp9,/m/05lf_,Vienna,October,/travel/travel_destination/climate./travel/travel_destination_monthly_climate/month,"The most likely relationship between ""Vienna"" and ""October"" in the context of a Knowledge Graph like Freebase could be ""event held in""."
/m/07jjt,/m/09lxtg,Track_cycling,Trinidad_and_Tobago,/olympics/olympic_sport/athletes./olympics/olympic_athlete_affiliation/country,"""nationality"""
/m/0jyb4,/m/04jpl,Jaws,London,/film/film/release_date_s./film/film_regional_release_date/film_regional_debut_venue,"""Filming location"""
/m/0n6nl,/m/09nqf,Nye_County,United_States_Dollar,/location/statistical_region/rent50_2./measurement_unit/dated_money_value/currency,"The most likely relationship between Nye_County and United_States_Dollar in the context of a Knowledge Graph like Freebase is ""currency used""."
/m/05p3738,/m/09vw2b7,Centurion,Special_Effects_Supervisor,/film/film/other_crew./film/film_crew_gig/film_crew_role,"""special effects supervisor"""
/m/01mjq,/m/02llzg,Czech_Republic,Central_European_Time_Zone-US,/location/location/time_zones,"""time zone"""
/m/02wkmx,/m/0gpx6,Palme_d'Or,All_About_My_Mother,/award/award_category/nominees./award/award_nomination/nominated_for,"""award winner"""
/m/057lbk,/m/029j_,Fantastic_Four,DVD,/film/film/release_date_s./film/film_regional_release_date/film_release_distribution_medium,"""release format"""
/m/0gx_st,/m/0hz55,58th_Primetime_Emmy_Awards,24,/award/award_ceremony/awards_presented./award/award_honor/honored_for,award number
/m/026l37,/m/0_816,Joe_Mantegna,Bugsy,/film/actor/film./film/performance/film,acted in
/m/02mhfy,/m/0291ck,Teri_Garr,Young_Frankenstein,/film/actor/film./film/performance/film,acted in
/m/018_lb,/m/0d04z6,Kathleen_Turner,Cuba,/people/person/places_lived./people/place_lived/location,"""visited"""
/m/022fdt,/m/032f6,Armenians,Persian_Language,/people/ethnicity/languages_spoken,"""language spoken"""
/m/02c8d7,/m/09z1lg,Urban_contemporary,Calle_13,/music/genre/artists,genre
/m/023zsh,/m/0crd8q6,Ioan_Gruffudd,Horrible_Bosses,/film/actor/film./film/performance/film,acted in
/m/023p33,/m/09nqf,Cinderella,United_States_Dollar,/film/film/estimated_budget./measurement_unit/dated_money_value/currency,currency
/m/043tvp3,/m/02k54,Terminator_Salvation,Egypt,/film/film/release_date_s./film/film_regional_release_date/film_release_region,"""filming location"""
/m/04gnbv1,/m/02f9wb,Maria_Jacquemetton,Marti_Noxon,/award/award_winner/awards_won./award/award_honor/award_winner,collaborated_with
/m/01q_ph,/m/02qyp19,Owen_Wilson,BAFTA_Award_for_Best_Original_Screenplay,/award/award_nominee/award_nominations./award/award_nomination/award,nominated for
/m/017j69,/m/01xdf5,Northwestern_University,Stephen_Colbert,/education/educational_institution/students_graduates./education/education/student,"""alma mater"""
/m/035yn8,/m/05b4w,The_Exorcist,Norway,/film/film/release_date_s./film/film_regional_release_date/film_release_region,"""filming location"""
/m/060c4,/m/06nvzg,President,American_Council_of_Learned_Societies,/organization/role/leaders./organization/leadership/organization,member_of
/m/0bkj86,/m/01r4k,Master_of_Arts,Civil_Engineering,/education/educational_degree/people_with_this_degree./education/education/major_field_of_study,"""field of study"""
/m/01cf93,/m/0132k4,Elektra_Records,Jaco_Pastorius,/music/record_label/artist,record_label
/m/0xxc,/m/01lj9,Acadia_University,Chemistry,/education/educational_institution/students_graduates./education/education/major_field_of_study,"The most likely relationship between Acadia University and Chemistry in the context of a Knowledge Graph like Freebase is ""offers program in"" or ""academic program""."
/m/02_xgp2,/m/0lfgr,Doctorate,Tufts_University,/education/educational_degree/people_with_this_degree./education/education/institution,"""offered by"""
/m/0jmwg,/m/012ycy,Hardcore_punk,Ian_MacKaye,/music/genre/artists,"The most likely relationship between ""Hardcore_punk"" and ""Ian_MacKaye"" in the context of a Knowledge Graph like Freebase is ""musical genre associated with""."
/m/047hpm,/m/02z3r8t,Rachel_Bilson,"New_York,_I_Love_You",/film/actor/film./film/performance/film,acted in
/m/0k269,/m/03mh94,Ewan_McGregor,Robots,/film/actor/film./film/performance/film,"""acted in"""
/m/0f4vx0,/m/01jszm,2007_NBA_draft,Providence_College,/sports/sports_league_draft/picks./sports/sports_league_draft_pick/school,"""college attended"""
/m/06k5_,/m/01vs_v8,Rajasthan,Madonna,/base/popstra/location/vacationers./base/popstra/vacation_choice/vacationer,"There is no direct or likely relationship between ""Rajasthan"" and ""Madonna"" in the context of a Knowledge Graph like Freebase, as one is a geographical region in India and the other is a globally recognized pop singer and entertainer. If forced"
/m/0x25q,/m/06n90,The_Matrix_Reloaded,Science_Fiction,/film/film/genre,Genre
/m/0fv4v,/m/06cx9,Côte_d’Ivoire,Republic,/location/country/form_of_government,"""form of government"""
/m/02nx2k,/m/02r96rf,Van_Helsing,Visual_Effects_Supervisor,/film/film/other_crew./film/film_crew_gig/film_crew_role,"""visual effects"""
/m/0kv238,/m/09zzb8,The_Wolfman,Makeup_Artist-GB,/film/film/other_crew./film/film_crew_gig/film_crew_role,makeup artist
/m/042d1,/m/0g0vx,James_Monroe,Farmer-GB,/people/person/profession,occupation
/m/04nm0n0,/m/03_3d,Good,Japan,/film/film/release_date_s./film/film_regional_release_date/film_release_region,"The most likely relationship between ""Good"" and ""Japan"" in the context of a Knowledge Graph like Freebase could be ""produced in"" or ""manufactured in,"" as Japan is known for producing high-quality goods."
/m/095z4q,/m/02r96rf,The_Longest_Yard,Visual_Effects_Supervisor,/film/film/other_crew./film/film_crew_gig/film_crew_role,"""visual effects"""
/m/02h4rq6,/m/017v3q,Bachelor_of_Science,College_of_William_and_Mary,/education/educational_degree/people_with_this_degree./education/education/institution,"""offered by"""
/m/019v9k,/m/01pl14,Bachelor's_degree,Louisiana_State_University,/education/educational_degree/people_with_this_degree./education/education/institution,"""academic institution"""
/m/01yf85,/m/0wq36,Jessica_Alba,Biloxi,/people/person/places_lived./people/place_lived/location,Place of birth.
/m/02qk3fk,/m/0d0vqn,"PS,_I_Love_You",Sweden,/film/film/release_date_s./film/film_regional_release_date/film_release_region,"The most likely relationship between ""PS, I Love You"" and ""Sweden"" in the context of a Knowledge Graph like Freebase would be ""filming location""."
/m/0ldqf,/m/06z6r,1956_Summer_Olympics,Swimming,/user/jg/default_domain/olympic_games/sports,"""event discipline"""
/m/028cg00,/m/01pvkk,The_Mummy_-_Tomb_of_the_Dragon_Emperor,Sound_Editor-GB,/film/film/other_crew./film/film_crew_gig/film_crew_role,sound_editing
/m/05b4w,/m/01q20,Norway,Constitutional_monarchy,/location/country/form_of_government,form of government
/m/02rdyk7,/m/05mrf_p,National_Society_of_Film_Critics_Award_for_Best_Director,The_Ghost_Writer,/award/award_category/nominees./award/award_nomination/nominated_for,award_winner
/m/03975z,/m/05zppz,George_Fenton,Male,/people/person/gender,gender
/m/0cfywh,/m/02hrh1q,Jagdeep,Actor-GB,/people/person/profession,"""profession"""
/m/0ddjy,/m/08mbj5d,Star_Wars_Episode_VI:_Return_of_the_Jedi,Official_Website,/common/topic/webpage./common/webpage/category,"The most likely relationship between ""Star_Wars_Episode_VI:_Return_of_the_Jedi"" and ""Official_Website"" in the context of a Knowledge Graph like Freebase is ""official website""."
/m/012mzw,/m/08mbj5d,University_of_Notre_Dame,Official_Website,/common/topic/webpage./common/webpage/category,"""website"""
/m/0fpzt5,/m/05z96,Orson_Scott_Card,Poet,/people/person/profession,profession
/m/033qdy,/m/02nxhr,Red_Dragon,Blu-ray_disc,/film/film/distributors./film/film_film_distributor_relationship/film_distribution_medium,"The most likely relationship between ""Red_Dragon"" and ""Blu-ray_disc"" in the context of a Knowledge Graph like Freebase is ""release format""."
/m/01jzyx,/m/0g4gr,St._John's_University,Marketing-GB,/education/educational_institution/students_graduates./education/education/major_field_of_study,"The most likely relationship between ""St._John's_University"" and ""Marketing-GB"" in the context of a Knowledge Graph like Freebase would be ""offered program"" or ""academic program""."
/m/03xmy1,/m/05q5t0b,Brigitte_Nielsen,Razzie_Award_for_Worst_New_Star,/award/award_nominee/award_nominations./award/award_nomination/award,"""award received"""
/m/0gywn,/m/016cjb,Soul_music,Gospel_music,/music/genre/parent_genre,"The most likely relationship between ""Soul_music"" and ""Gospel_music"" in the context of a Knowledge Graph like Freebase is ""influenced by""."
/m/033rq,/m/06c62,Federico_Fellini,Rome,/people/deceased_person/place_of_death,"""place of death"""
/m/03k1vm,/m/09c7w0,Pinto_Colvig,United_States_of_America,/people/person/nationality,"""nationality"""
/m/01b3bp,/m/02krf9,Jason_Marsden,Television_Director,/people/person/profession,"""profession"""
/m/01tzfz,/m/0m0bj,Lancaster_University,Lancaster,/organization/organization/headquarters./location/mailing_address/citytown,location
/m/019v9k,/m/07x4c,Bachelor's_degree,United_States_Military_Academy,/education/educational_degree/people_with_this_degree./education/education/institution,"""offered by"""
/m/01w5m,/m/05drq5,Columbia_University,Robert_Benton,/education/educational_institution/students_graduates./education/education/student,"""alma mater"""
/m/03qsdpk,/m/04pp9s,Theatre,Loretta_Devine,/education/field_of_study/students_majoring./education/education/student,"""acted in"""
/m/01sgl,/m/0nbjq,Cycling,1924_Summer_Olympics,/olympics/olympic_sport/athletes./olympics/olympic_athlete_affiliation/olympics,"""event"""
/m/0g56t9t,/m/015fr,Frankenweenie,Brazil,/film/film/release_date_s./film/film_regional_release_date/film_release_region,"""filming location"""
/m/0h7x,/m/018qb4,Austria,1908_Summer_Olympics,/olympics/olympic_participating_country/medals_won./olympics/olympic_medal_honor/olympics,participated in
/m/0crlz,/m/0d060g,Water_polo,Canada,/olympics/olympic_sport/athletes./olympics/olympic_athlete_affiliation/country,"""national team"""
/m/03hjv97,/m/01znc_,The_Merry_Widow,Turkey,/film/film/release_date_s./film/film_regional_release_date/film_release_region,"The most likely relationship between ""The_Merry_Widow"" and ""Turkey"" in the context of a Knowledge Graph like Freebase is ""performed in""."
/m/06pj8,/m/08nvyr,Steven_Spielberg,Babel,/award/award_nominee/award_nominations./award/award_nomination/nominated_for,"The most likely relationship between Steven Spielberg and Babel in the context of a Knowledge Graph like Freebase is ""producer of"". Steven Spielberg was an executive producer for the film Babel."
/m/07tg4,/m/04_tv,University_of_Cambridge,Management,/education/educational_institution/students_graduates./education/education/major_field_of_study,"""field of study"""
/m/07c52,/m/0qmk5,Television,Oz,/media_common/netflix_genre/titles,"The most likely relationship between ""Television"" and ""Oz"" in the context of a Knowledge Graph like Freebase is ""television series""."
/m/064lsn,/m/06t8v,The_Pianist,Slovenia,/film/film/release_date_s./film/film_regional_release_date/film_release_region,"""filming location"""
/m/05vsxz,/m/06mmb,Chiwetel_Ejiofor,Shannon_Elizabeth,/award/award_nominee/award_nominations./award/award_nomination/award_nominee,"There is no direct relationship between Chiwetel Ejiofor and Shannon Elizabeth in the context of a Knowledge Graph like Freebase. They are both actors, so a possible indirect relationship could be ""profession"" or ""acted in"" if they appeared in"
/m/0993r,/m/09c7w0,Denise_Richards,United_States_of_America,/people/person/nationality,"""nationality"""
/m/027b43,/m/05jxkf,University_of_North_Dakota,Public_university,/education/educational_institution/school_type,type_of_institution
/m/025j1t,/m/035s95,Tom_Sizemore,The_Newton_Boys,/film/actor/film./film/performance/film,acted in
/m/05_5_22,/m/09nqf,Get_Him_to_the_Greek,United_States_Dollar,/film/film/estimated_budget./measurement_unit/dated_money_value/currency,"The most likely relationship between ""Get_Him_to_the_Greek"" and ""United_States_Dollar"" in the context of a Knowledge Graph like Freebase is ""budget""."
/m/0h3xztt,/m/06mkj,The_Best_Exotic_Marigold_Hotel,Spain,/film/film/release_date_s./film/film_regional_release_date/film_release_region,filming location
/m/06cv1,/m/0693l,Robert_Rodriguez,Quentin_Tarantino,/base/popstra/celebrity/friendship./base/popstra/friendship/participant,"""collaborated with"""
/m/0524b41,/m/0g8st4,Game_of_Thrones,Stephen_Dillane,/tv/tv_program/regular_cast./tv/regular_tv_appearance/actor,acted in
/m/0btpm6,/m/0ctw_b,The_Dark_Knight,New_Zealand,/film/film/release_date_s./film/film_regional_release_date/film_release_region,Filming location.
/m/047p7fr,/m/0dxtw,I_Love_You_Phillip_Morris,Special_Effects,/film/film/other_crew./film/film_crew_gig/film_crew_role,"The most likely relationship between ""I_Love_You_Phillip_Morris"" and ""Special_Effects"" in the context of a Knowledge Graph like Freebase is ""film_special_effects""."
/m/02h4rq6,/m/01pq4w,Bachelor_of_Science,Vanderbilt_University,/education/educational_degree/people_with_this_degree./education/education/institution,"""offered by"""
/m/0f61tk,/m/03k9fj,The_Rocketeer,Adventure_Film,/film/film/genre,"The most likely relationship between ""The_Rocketeer"" and ""Adventure_Film"" in the context of a Knowledge Graph like Freebase is ""genre""."
/m/015fr,/m/06wm0z,Brazil,Zac_Efron,/base/popstra/location/vacationers./base/popstra/vacation_choice/vacationer,"""visited"""
/m/089pg7,/m/02f6yz,Panic!_at_the_Disco,MTV_Video_Music_Award_for_Best_Group_Video,/award/award_nominee/award_nominations./award/award_nomination/award,"""award won"""
/m/0p8r1,/m/08mbj5d,John_Ratzenberger,Official_Website,/common/topic/webpage./common/webpage/category,"""official website"""
/m/026fd,/m/08433,David_Cronenberg,William_S._Burroughs,/influence/influence_node/influenced_by,"""collaborated with"""
/m/0fq27fp,/m/029j_,Wuthering_Heights,DVD,/film/film/release_date_s./film/film_regional_release_date/film_release_distribution_medium,"""media_format"""
/m/0mmd6,/m/02vx4,Everton_F.C.,Football,/sports/sports_team/sport,"""sport"""
/m/0g9zcgx,/m/09c7w0,Ve_Neill,United_States_of_America,/people/person/nationality,"""nationality"""
/m/0xhtw,/m/0fhxv,Hard_rock,Peter_Gabriel,/music/genre/artists,genre
/m/07bcn,/m/02lcqs,Sacramento,Pacific_Time_Zone,/location/location/time_zones,time zone
/m/01nm8w,/m/08mbj5d,Ghent_University,Official_Website,/common/topic/webpage./common/webpage/category,"The most likely relationship between ""Ghent_University"" and ""Official_Website"" in the context of a Knowledge Graph like Freebase is ""website""."
/m/02301,/m/036hv,City_College_of_New_York,Geology,/education/educational_institution/students_graduates./education/education/major_field_of_study,"""academic_program"""
/m/0yz30,/m/0yz30,Steubenville,Steubenville,/location/hud_county_place/place,"The most likely relationship between ""Steubenville"" and ""Steubenville"" in the context of a Knowledge Graph like Freebase would be ""same as"" or ""identity"", indicating that they refer to the same entity."
/m/017cy9,/m/07tf8,University_of_British_Columbia,University,/education/educational_institution/school_type,type_of
/m/05lwjc,/m/0glt670,Hip_hop_soul,Hip_hop_music,/music/genre/parent_genre,"""genre of"""
/m/07s9rl0,/m/09gq0x5,Drama,The_King's_Speech,/media_common/netflix_genre/titles,"The most likely relationship between ""Drama"" and ""The_King's_Speech"" in the context of a Knowledge Graph like Freebase is ""genre""."
/m/03jl0_,/m/095sx6,ABS-CBN,Eat_Bulaga!,/tv/tv_network/programs./tv/tv_network_duration/program,broadcasted_by
/m/0c_md_,/m/0v9qg,Gerald_Ford,Grand_Rapids,/people/person/places_lived./people/place_lived/location,place of birth
/m/014mlp,/m/037s9x,Bachelor_of_Arts,Washington_&_Jefferson_College,/education/educational_degree/people_with_this_degree./education/education/institution,"""degree offered by"""
/m/09z1lg,/m/08mbj5d,Calle_13,Official_Website,/common/topic/webpage./common/webpage/category,Official website.
/m/0p3sf,/m/01vdm0,Sun_Ra,Electronic_keyboard,/music/artist/track_contributions./music/track_contribution/role,"""instrument"""
/m/0345_,/m/02fqwt,Guatemala,Central_Time_Zone,/location/location/time_zones,time zone
/m/05fyss,/m/05k7sb,Dennis_Lehane,Massachusetts,/people/person/places_lived./people/place_lived/location,place of birth
/m/01vsn38,/m/0gjk1d,Jack_Black,Dead_Man_Walking,/film/actor/film./film/performance/film,acted in
/m/06lpmt,/m/02l7c8,Deconstructing_Harry,Romance_Film,/film/film/genre,genre
/m/0p9sw,/m/0298n7,Academy_Award_for_Best_Sound_Mixing,Seabiscuit,/award/award_category/nominees./award/award_nomination/nominated_for,"""award winner"""
/m/02y_rq5,/m/01jw67,National_Society_of_Film_Critics_Award_for_Best_Actress,The_Rose,/award/award_category/nominees./award/award_nomination/nominated_for,"""award winner"""
/m/078g3l,/m/0rh6k,John_Heard,"Washington,_D.C.",/people/person/place_of_birth,Place of birth.
/m/0453t,/m/07dnx,Joseph_Campbell,Thomas_Mann,/influence/influence_node/influenced_by,influenced by
/m/048cl,/m/039n1,Karl_Marx,Georg_Wilhelm_Friedrich_Hegel,/influence/influence_node/influenced_by,influenced by
/m/01vttb9,/m/01bgqh,Henry_Mancini,Grammy_Award_for_Record_of_the_Year,/award/award_nominee/award_nominations./award/award_nomination/award,won
/m/06szd3,/m/01kkx2,Television_Hall_of_Fame,Carroll_O'Connor,/award/hall_of_fame/inductees./award/hall_of_fame_induction/inductee,inductee
/m/0sxfd,/m/01q415,Terms_of_Endearment,Larry_McMurtry,/film/film/story_by,written by
/m/0342h,/m/0979zs,Guitar,Wurlitzer_electric_piano,/music/performance_role/track_performances./music/track_contribution/role,instrument_type
/m/02pqp12,/m/0ggbhy7,BAFTA_Award_for_Best_Direction,"Tinker,_Tailor,_Soldier,_Spy",/award/award_category/nominees./award/award_nomination/nominated_for,"""award_winning_work"""
/m/09gkdln,/m/0416y94,14th_Satellite_Awards,Julie_&_Julia,/award/award_ceremony/awards_presented./award/award_honor/honored_for,nominated for
/m/02x8n1n,/m/0djlxb,Independent_Spirit_Award_for_Best_Supporting_Male,I'm_Not_There,/award/award_category/nominees./award/award_nomination/nominated_for,"""award_winning_work"""
/m/03bwzr4,/m/02d_zc,Master_of_Science,Colorado_State_University,/education/educational_degree/people_with_this_degree./education/education/institution,"""academic_institution"""
/m/010h9y,/m/08mbj5d,Ogden,Official_Website,/common/topic/webpage./common/webpage/category,"The most likely relationship between ""Ogden"" and ""Official_Website"" in the context of a Knowledge Graph like Freebase is ""website""."
/m/0gvvf4j,/m/02vzc,Piranha_DD,Finland,/film/film/release_date_s./film/film_regional_release_date/film_release_region,"""country of origin"""
/m/07hwkr,/m/01s21dg,White_American,John_Mayer,/people/ethnicity/people,"""ethnicity"""
/m/0gqxm,/m/0bzn6_,Academy_Award_for_Best_Makeup_and_Hairstyling,57th_Academy_Awards,/award/award_category/winners./award/award_honor/ceremony,"""award ceremony"""
/m/0ds11z,/m/04jpl,Sweeney_Todd:_The_Demon_Barber_of_Fleet_Street,London,/film/film/featured_film_locations,"""setting location"""
/m/02xs6_,/m/0bn3jg,Hannibal,Pietro_Scalia,/film/film/edited_by,edited by
/m/098z9w,/m/06ntj,WCW_WorldWide,Sports,/tv/tv_program/genre,genre
/m/01wdj_,/m/016vqk,Auburn_University,Lionel_Richie,/education/educational_institution/students_graduates./education/education/student,"""alma mater"""
/m/019rg5,/m/06cx9,Kenya,Republic,/location/country/form_of_government,"The most likely relationship between ""Kenya"" and ""Republic"" in the context of a Knowledge Graph like Freebase is ""form of government""."
/m/0g9yrw,/m/03jm6c,Howard_the_Duck,Steve_Gerber,/film/film/story_by,created_by
/m/0697s,/m/0jdk_,Qatar,2000_Summer_Olympics,/olympics/olympic_participating_country/medals_won./olympics/olympic_medal_honor/olympics,"""participated in"""
/m/0d9v9q,/m/0162v,Jonathan_Forte,Barbados,/people/person/nationality,"""nationality"""
/m/09b0xs,/m/0h6l4,Tom_Ruegger,Plainfield,/people/person/places_lived./people/place_lived/location,Place of birth.
/m/0g1x2_,/m/035xwd,Pedophilia,Sleepers,/film/film_subject/films,"The most likely relationship between ""Pedophilia"" and ""Sleepers"" in the context of a Knowledge Graph like Freebase is ""topic of""."
/m/06gjk9,/m/07ssc,Match_Point,United_Kingdom,/film/film/country,"The most likely relationship between ""Match_Point"" and ""United_Kingdom"" in the context of a Knowledge Graph like Freebase is ""filming location""."
/m/016cyt,/m/06cqb,Roots_reggae,Reggae,/music/genre/parent_genre,"The most likely relationship between ""Roots_reggae"" and ""Reggae"" in the context of a Knowledge Graph like Freebase is ""subgenre of""."
/m/0gs96,/m/0ftlkg,Academy_Award_for_Best_Costume_Design,34th_Academy_Awards,/award/award_category/winners./award/award_honor/ceremony,"""award ceremony"""
/m/07ssc,/m/01t21q,United_Kingdom,Chelsea,/location/location/contains,"""location of"""
/m/01wmgrf,/m/02ktrs,Faith_Hill,Jennifer_Hudson,/base/popstra/celebrity/friendship./base/popstra/friendship/participant,"Both Faith Hill and Jennifer Hudson are renowned singers and performers, so the most likely relationship between them in the context of a Knowledge Graph like Freebase would be ""collaborated with"" or ""performed with,"" especially if they have worked together on a"
/m/01x4sb,/m/0psxp,Elizabeth_McGovern,Evanston,/people/person/places_lived./people/place_lived/location,place of birth
/m/0jfqp,/m/026xxv_,Chapel_Hill,North_Carolina_Tar_Heels_men's_basketball,/sports/sports_team_location/teams,"""location of"""
/m/0btyf5z,/m/0345h,Rise_of_the_Planet_of_the_Apes,Germany,/film/film/release_date_s./film/film_regional_release_date/film_release_region,"""filming location"""
/m/01jqr_5,/m/01445t,Paul_Robeson,Athlete,/people/person/profession,Profession
/m/049n3s,/m/0dgrmp,Ascoli_Calcio_1898,Goalkeeper,/soccer/football_team/current_roster./sports/sports_team_roster/position,"The most likely relationship between ""Ascoli_Calcio_1898"" and ""Goalkeeper"" in the context of a Knowledge Graph like Freebase is ""position""."
/m/014cw2,/m/0l15bq,Billy_Bragg,handclaps,/music/artist/track_contributions./music/track_contribution/role,instrument
/m/03hpr,/m/02664f,Harlan_Ellison,Nebula_Award_for_Best_Short_Story,/award/award_nominee/award_nominations./award/award_nomination/award,"""award won"""
/m/01wgfp6,/m/0nbcg,MC_Hammer,Songwriter-GB,/people/person/profession,profession
/m/0fh2v5,/m/06nm1,Children_of_Men,Spanish_Language,/film/film/language,"The most likely relationship between ""Children_of_Men"" and ""Spanish_Language"" in the context of a Knowledge Graph like Freebase is ""language""."
/m/02_xgp2,/m/05bnp0,Doctorate,James_Franco,/education/educational_degree/people_with_this_degree./education/education/student,"""education"""
/m/0661ql3,/m/02g3ft,Inception,Saturn_Award_for_Best_Director,/award/award_winning_work/awards_won./award/award_honor/award,"""award won"""
/m/05b4rcb,/m/05zppz,Marvin_March,Male,/people/person/gender,Gender
/m/033tf_,/m/02g8h,Irish_American,Denis_Leary,/people/ethnicity/people,"""ethnicity"""
/m/01dbns,/m/05qjt,University_of_Adelaide,Physics,/education/educational_institution/students_graduates./education/education/major_field_of_study,field of study
/m/0bwfn,/m/02lnhv,New_York_University,Bai_Ling,/education/educational_institution/students_graduates./education/education/student,"""education"""
/m/06j0md,/m/03gjzk,James_Burrows,Television_producer-GB,/people/person/profession,"""profession"""
/m/02bqm0,/m/0488g,104th_United_States_Congress,Kansas,/government/legislative_session/members./government/government_position_held/district_represented,"""represented by"""
/m/043hg,/m/04dn09n,John_Sayles,Golden_Globe_Award_for_Best_Screenplay_-_Motion_Picture,/award/award_nominee/award_nominations./award/award_nomination/award,Nominated for
/m/06rq2l,/m/07bdd_,Allen_Covert,Razzie_Award_for_Worst_Picture,/award/award_nominee/award_nominations./award/award_nomination/award,"""nominated for"""
/m/08s_lw,/m/030qb3t,Chris_Bauer,Los_Angeles,/people/person/place_of_birth,"""place of residence"""
/m/0gvrws1,/m/01jfsb,Total_Recall,Thriller,/film/film/genre,"The most likely relationship between ""Total_Recall"" and ""Thriller"" in the context of a Knowledge Graph like Freebase is ""genre""."
/m/0cd25,/m/04n6k,Surgery,Library_of_Congress_Classification,/user/tsegaran/random/taxonomy_subject/entry./user/tsegaran/random/taxonomy_entry/taxonomy,"""topic classification"""
/m/0gq9h,/m/09306z,Academy_Award_for_Best_Picture,58th_Academy_Awards,/award/award_category/winners./award/award_honor/ceremony,"""award ceremony"""
/m/01gvr1,/m/02_286,Cicely_Tyson,New_York_City,/people/person/places_lived./people/place_lived/location,"""place of death"""
/m/042ly5,/m/0f502,James_Marsden,John_Travolta,/award/award_nominee/award_nominations./award/award_nomination/award_nominee,"""acted in"" (both are actors and may have appeared in the same film or project)."
/m/09306z,/m/0k2m6,58th_Academy_Awards,Ran,/award/award_ceremony/awards_presented./award/award_honor/honored_for,"""award winner"""
/m/01q24l,/m/0r4z7,Councillor,Escondido,/government/government_office_category/officeholders./government/government_position_held/jurisdiction_of_office,"""position held"""
/m/01r9md,/m/08mbj5d,Lucy_Lawless,Official_Website,/common/topic/webpage./common/webpage/category,official_website
/m/0k3p,/m/040fv,Amsterdam,July,/travel/travel_destination/climate./travel/travel_destination_monthly_climate/month,"The most likely relationship between ""Amsterdam"" and ""July"" in the context of a Knowledge Graph like Freebase could be ""event date"" or ""festival month,"" as Amsterdam hosts various events and festivals in July."
/m/0969fd,/m/04ztj,Edward_Said,Marriage,/people/person/spouse_s./people/marriage/type_of_union,"""spouse"""
/m/025y9fn,/m/0kfv9,David_Nutter,The_Sopranos,/award/award_nominee/award_nominations./award/award_nomination/nominated_for,"""directed"""
/m/0hv8w,/m/0345h,American_Graffiti,Germany,/film/film/release_date_s./film/film_regional_release_date/film_release_region,"""filming location"""
/m/0fpgp26,/m/0345_,Ice_Age:_Continental_Drift,Guatemala,/film/film/release_date_s./film/film_regional_release_date/film_release_region,"""filming location"""
/m/02z0dfh,/m/04b_jc,National_Society_of_Film_Critics_Award_for_Best_Supporting_Actress,The_Station_Agent,/award/award_category/nominees./award/award_nomination/nominated_for,"""award_winning_work"""
/m/0778_3,/m/01_njt,National_Theatre_School_of_Canada,Sandra_Oh,/education/educational_institution/students_graduates./education/education/student,"""alumni"""
/m/04v68c,/m/04ztj,Roy_Carroll,Marriage,/people/person/spouse_s./people/marriage/type_of_union,spouse
/m/0gwlfnb,/m/03qcfvw,G.I._Joe:_Retaliation,G.I._Joe:_The_Rise_of_Cobra,/film/film/prequel,"""sequel to"""
/m/07s9rl0,/m/02vp1f_,Drama,Quest_for_Fire,/media_common/netflix_genre/titles,"The most likely relationship between ""Drama"" and ""Quest_for_Fire"" in the context of a Knowledge Graph like Freebase is ""genre""."
/m/032t2z,/m/01wv9xn,Richard_Wright,Pink_Floyd,/music/group_member/membership./music/group_membership/group,member of
/m/0cc5qkt,/m/01j1n2,War_Horse,Coming_of_age,/film/film/genre,"The most likely relationship between ""War_Horse"" and ""Coming_of_age"" in the context of a Knowledge Graph like Freebase is ""genre""."
/m/042v_gx,/m/0kr_t,Acoustic_guitar,Coldplay,/music/performance_role/regular_performances./music/group_membership/group,"""instrument used by"""
/m/0hc8h,/m/0cv5l,Gloucester,Gloucestershire,/base/aareas/schema/administrative_area/administrative_parent,capital of
/m/064lsn,/m/03spz,The_Pianist,Israel,/film/film/release_date_s./film/film_regional_release_date/film_release_region,"""filming location"""
/m/064p92m,/m/02jknp,Tinnu_Anand,Film_Director,/people/person/profession,profession
/m/01ffx4,/m/059j2,The_Red_Violin,Netherlands,/film/film/release_date_s./film/film_regional_release_date/film_release_region,Filming location
/m/0__wm,/m/08mbj5d,Irving,Official_Website,/common/topic/webpage./common/webpage/category,official_website
/m/02vrr,/m/04jvt,Epilepsy,Leon_Trotsky,/medicine/disease/notable_people_with_this_condition,"""cause of death"""
/m/0pgjm,/m/07tw_b,Michael_McKean,The_Producers,/film/actor/film./film/performance/film,acted in
/m/01dpdh,/m/01mhwk,Grammy_Award_for_Best_Male_Country_Vocal_Performance,38th_Annual_Grammy_Awards,/award/award_category/winners./award/award_honor/ceremony,"""award presented at"""
/m/04n32,/m/04ztj,Louis_Armstrong,Marriage,/people/person/spouse_s./people/marriage/type_of_union,"""spouse"""
/m/06t8b,/m/0dgd_,Steven_Soderbergh,Cinematographer-GB,/people/person/profession,profession
/m/099jhq,/m/09tqkv2,Broadcast_Film_Critics_Association_Award_for_Best_Supporting_Actor,The_Kids_Are_All_Right,/award/award_category/nominees./award/award_nomination/nominated_for,nominated for
/m/01bx35,/m/06rgq,43rd_Annual_Grammy_Awards,Sheryl_Crow,/award/award_ceremony/awards_presented./award/award_honor/award_winner,"""award winner"""
/m/01vrncs,/m/0kyk,Bob_Dylan,Author-GB,/people/person/profession,"""nationality"""
/m/09v0p2c,/m/0d68qy,Writers_Guild_of_America_Awards_2009,30_Rock,/award/award_ceremony/awards_presented./award/award_honor/honored_for,"""nominated work"""
/m/01twdk,/m/02jknp,Jon_Favreau,Film_Director,/people/person/profession,profession
/m/0bksh,/m/0d1pc,Cameron_Diaz,Model,/people/person/profession,Profession
/m/019v9k,/m/06pwq,Bachelor's_degree,Stanford_University,/education/educational_degree/people_with_this_degree./education/education/institution,"""offered by"""
/m/06t8b,/m/05zppz,Steven_Soderbergh,Male,/people/person/gender,Gender
/m/02glmx,/m/0sz28,76th_Academy_Awards,Sean_Penn,/award/award_ceremony/awards_presented./award/award_honor/award_winner,"""award winner"""
/m/064jjy,/m/0gkr9q,Peter_Berg,Primetime_Emmy_Award_for_Outstanding_Directing_-_Drama_Series,/award/award_nominee/award_nominations./award/award_nomination/award,nominated for
/m/01gw4f,/m/0gqyl,Talia_Shire,Academy_Award_for_Best_Actress_in_a_Supporting_Role,/award/award_nominee/award_nominations./award/award_nomination/award,"""nominated for"""
/m/027l4q,/m/09c7w0,Pacific_Palisades,United_States_of_America,/base/biblioness/bibs_location/country,"""located in"""
/m/0c_mvb,/m/0kyk,Jules_Bass,Author-GB,/people/person/profession,"""profession"""
/m/01hq1,/m/0lsxr,Batman_Returns,Crime_Fiction,/film/film/genre,Genre
/m/0f7hc,/m/04ztj,Eddie_Murphy,Marriage,/people/person/spouse_s./people/marriage/type_of_union,"""spouse"""
/m/04gfy7,/m/02hxcvy,Indian_American,Urdu_Language,/people/ethnicity/languages_spoken,"""languages spoken"""
/m/0gq9h,/m/051zy_b,Academy_Award_for_Best_Picture,A_Few_Good_Men,/award/award_category/nominees./award/award_nomination/nominated_for,"""nominated for"""
/m/012_53,/m/0c8wxp,Melissa_Joan_Hart,Catholicism,/people/person/religion,religion
/m/0bxy67,/m/05zppz,Boman_Irani,Male,/people/person/gender,gender
/m/0fngy,/m/0gsrz4,Kampala,East_Africa_Time_Zone-US,/location/location/time_zones,"The most likely relationship between ""Kampala"" and ""East_Africa_Time_Zone-US"" in the context of a Knowledge Graph like Freebase is ""time zone""."
/m/02bn_p,/m/04gp1d,106th_United_States_Congress,92nd_United_States_Congress,/government/legislative_session/members./government/government_position_held/legislative_sessions,"""preceded by"""
/m/02cg41,/m/01htxr,46th_Annual_Grammy_Awards,Tony_Bennett,/award/award_ceremony/awards_presented./award/award_honor/award_winner,"""award winner"""
/m/0gbtbm,/m/03pzf,The_Path_to_9/11,Hamilton,/film/film/featured_film_locations,"""director"""
/m/030_1m,/m/02vxn,TriStar_Pictures,Film,/business/business_operation/industry,"""produced"""
/m/0ggq0m,/m/031x_3,Classical_music,Jessye_Norman,/music/genre/artists,"""performer"""
/m/07ss8_,/m/01d38g,Chris_Brown,Grammy_Award_for_Best_R&B_Performance_by_a_Duo_or_Group_with_Vocals,/award/award_nominee/award_nominations./award/award_nomination/award,"""award nomination"""
/m/0cmc26r,/m/012wgb,A_Dangerous_Method,Ireland,/film/film/release_date_s./film/film_regional_release_date/film_release_region,filming location
/m/0f2v0,/m/0km5c,Miami,German_Shepherd_Dog,/base/petbreeds/city_with_dogs/top_breeds./base/petbreeds/dog_city_relationship/dog_breed,"""notable for"""
/m/01vj9c,/m/017_hq,Bass,The_B-52's,/music/performance_role/regular_performances./music/group_membership/group,"""instrument"""
/m/040b5k,/m/01pvkk,House_of_Flying_Daggers,Sound_Editor-GB,/film/film/other_crew./film/film_crew_gig/film_crew_role,"""sound editor"""
/m/02h48,/m/04ztj,Danny_Kaye,Marriage,/people/person/spouse_s./people/marriage/type_of_union,"""spouse"""
/m/057bc6m,/m/01wb95,Ray_Moyer,The_Greatest_Story_Ever_Told,/film/film_set_designer/film_sets_designed,"""production designer"""
/m/04shbh,/m/02hrh1q,Daniel_Craig,Actor-GB,/people/person/profession,"""profession"""
/m/0gq_v,/m/02jxrw,Academy_Award_for_Best_Production_Design,Frida,/award/award_category/nominees./award/award_nomination/nominated_for,"""award winner"""
/m/09c7w0,/m/06fq2,United_States_of_America,Rice_University,/location/location/contains,"""location"""
/m/0gy0l_,/m/082gq,Letters_from_Iwo_Jima,War_film,/film/film/genre,Genre
/m/0151w_,/m/02j69w,Ben_Affleck,Dazed_and_Confused,/film/actor/film./film/performance/film,acted in
/m/06jcc,/m/03j0d,Ray_Bradbury,H._P._Lovecraft,/influence/influence_node/influenced_by,influenced by
/m/0kzy0,/m/05148p4,Brian_Wilson,Keyboard,/music/group_member/membership./music/group_membership/role,"""instrument"""
/m/072hv,/m/0c58k,Sinusitis,Diabetes_mellitus,/medicine/disease/risk_factors,"The most likely relationship between ""Sinusitis"" and ""Diabetes_mellitus"" in the context of a Knowledge Graph like Freebase would be ""risk factor"" or ""comorbidity""."
/m/0137hn,/m/07_hy,Robin_Gibb,Veganism,/base/eating/practicer_of_diet/diet,"The most likely relationship between Robin Gibb and Veganism in the context of a Knowledge Graph like Freebase would be ""diet""."
/m/02k6hp,/m/0c5vh,Cardiovascular_disease,Mel_Blanc,/people/cause_of_death/people,cause of death
/m/01lqnff,/m/0gl2ny2,Vinnie_Jones,Football_player,/people/person/profession,"""profession"""
/m/02r251z,/m/03gjzk,Jack_Giarraputo,Television_producer-GB,/people/person/profession,profession
/m/01zmpg,/m/05zppz,Jermaine_Jackson,Male,/people/person/gender,Gender
/m/07j8r,/m/03rjj,The_Crying_Game,Italy,/film/film/release_date_s./film/film_regional_release_date/film_release_region,"""filming location"""
/m/0257__,/m/0jzphpx,Grammy_Award_for_Best_Classical_Contemporary_Composition,36th_Annual_Grammy_Awards,/award/award_category/winners./award/award_honor/ceremony,"""award presented at"""
/m/01skxk,/m/06by7,Jangle_pop,Rock_music,/music/genre/parent_genre,Genre
/m/03twd6,/m/07ssc,The_Bourne_Identity,United_Kingdom,/film/film/release_date_s./film/film_regional_release_date/film_release_region,"""filming location"""
/m/0dclg,/m/07jdr,Philadelphia,Train,/travel/travel_destination/how_to_get_here./travel/transportation/mode_of_transportation,"""transportation hub"""
/m/02mg7n,/m/0170qf,Chelsea_College_of_Art_and_Design,Ralph_Fiennes,/education/educational_institution/students_graduates./education/education/student,"""educated at"""
/m/026390q,/m/04228s,Thelma_&_Louise,Road_movie,/film/film/genre,Genre
/m/0pd64,/m/02kdv5l,The_French_Connection,Action_Film,/film/film/genre,Genre
/m/02tfl8,/m/0h1wz,Abdominal_pain,Pancreatitis,/medicine/symptom/symptom_of,symptom_of
/m/01cj6y,/m/03wy8t,Adrien_Brody,New_York_Stories,/film/actor/film./film/performance/film,acted in
/m/0137n0,/m/05jbn,Willie_Nelson,Nashville,/people/person/places_lived./people/place_lived/location,"""place of residence"""
/m/017jv5,/m/0hv27,United_Artists,The_African_Queen,/film/film_distributor/films_distributed./film/film_film_distributor_relationship/film,"""distributor"""
/m/05kwx2,/m/031hcx,Timothy_Spall,Harry_Potter_and_the_Order_of_the_Phoenix,/film/actor/film./film/performance/film,acted in
/m/085h1,/m/035dk,World_Trade_Organization,Ghana,/user/ktrueman/default_domain/international_organization/member_states,member of
/m/050z2,/m/0dwsp,Mike_Oldfield,Marimba,/music/artist/track_contributions./music/track_contribution/role,instrument
/m/03m6t5,/m/02f6s3,Rich_Little,Walter_Brennan,/base/americancomedy/celebrity_impressionist/celebrities_impersonated,"The most likely relationship between Rich Little and Walter Brennan in the context of a Knowledge Graph like Freebase would be ""influenced by"" or ""inspired by,"" as Rich Little is known for his impersonations of famous actors, including Walter Brennan"
/m/0cjyzs,/m/05zr0xl,Primetime_Emmy_Award_for_Outstanding_Comedy_Series,Modern_Family,/award/award_category/nominees./award/award_nomination/nominated_for,"""award winner"""
/m/036dyy,/m/02xj3rw,Zach_Braff,Independent_Spirit_Award_for_Best_First_Screenplay,/award/award_nominee/award_nominations./award/award_nomination/award,"""award won"""
/m/01lyv,/m/015cxv,Country,Los_Lobos,/music/genre/artists,"""origin"""
/m/01jbx1,/m/0d2ww,Tyra_Banks,Supermodel,/people/person/profession,"""profession"""
/m/026lgs,/m/047yc,Contact,Kuwait,/film/film/release_date_s./film/film_regional_release_date/film_release_region,"""filming location"""
/m/042v_gx,/m/0myk8,Acoustic_guitar,Oud,/music/performance_role/track_performances./music/track_contribution/role,"The most likely relationship between ""Acoustic_guitar"" and ""Oud"" in the context of a Knowledge Graph like Freebase is ""instrument type"" or ""related instrument""."
/m/09rvcvl,/m/02z2xdf,Made_in_Dagenham,Christine_Langan,/film/film/executive_produced_by,produced by
/m/01bzr4,/m/0dclg,Leon_Schlesinger,Philadelphia,/people/person/place_of_birth,place of birth
/m/016clz,/m/01wl38s,Alternative_rock,Nick_Cave,/music/genre/artists,"The most likely relationship between ""Alternative_rock"" and ""Nick_Cave"" in the context of a Knowledge Graph like Freebase is ""genre""."
/m/05tjm3,/m/01_d4,Norman_Taurog,Chicago,/people/person/place_of_birth,"""place of birth"""
/m/053y0s,/m/0106dv,Bill_Payne,Waco,/people/person/place_of_birth,"""place of birth"""
/m/053rxgm,/m/03h64,The_Expendables,Hong_Kong,/film/film/release_date_s./film/film_regional_release_date/film_release_region,"""filming location"""
/m/0qf2t,/m/04pyp5,Trainspotting,Hairdresser-GB,/film/film/other_crew./film/film_crew_gig/film_crew_role,"The most likely relationship between ""Trainspotting"" and ""Hairdresser-GB"" in the context of a Knowledge Graph like Freebase is ""featured in"". ""Hairdresser-GB"" is a song by the band Sleeper, which is featured"
/m/023n39,/m/030qb3t,Crispin_Glover,Los_Angeles,/people/person/places_lived./people/place_lived/location,"""place of residence"""
/m/065mm1,/m/09c7w0,Edie_McClurg,United_States_of_America,/people/person/nationality,Place of birth.
/m/0gq_v,/m/02z0f6l,Academy_Award_for_Best_Production_Design,The_Young_Victoria,/award/award_category/nominees./award/award_nomination/nominated_for,"""award winner"""
/m/0bmfnjs,/m/06t2t,Jane_Eyre,Singapore,/film/film/release_date_s./film/film_regional_release_date/film_release_region,"""Filming location"""
/m/016yr0,/m/069ld1,Edward_James_Olmos,Desmond_Harrington,/award/award_nominee/award_nominations./award/award_nomination/award_nominee,acted in
/m/0785v8,/m/0pmhf,John_Hawkes,Denzel_Washington,/award/award_nominee/award_nominations./award/award_nomination/award_nominee,"Both John Hawkes and Denzel Washington are actors, so the most likely relationship between them in the context of a Knowledge Graph like Freebase would be ""co-starred with"" if they appeared in the same film or project. However, without specific"
/m/03j1p2n,/m/09jwl,William_Orbit,Musician-GB,/people/person/profession,profession
/m/02y6fz,/m/0jmnl,General_Manager,Seattle_Supersonics,/business/job_title/people_with_this_title./business/employment_tenure/company,"""team"""
/m/0jsf6,/m/05glt,The_Godfather_Part_II,National_Film_Registry,/award/ranked_item/appears_in_ranked_lists./award/ranking/list,"""preserved in"""
/m/048lv,/m/02w9sd7,Kevin_Spacey,National_Society_of_Film_Critics_Award_for_Best_Actor,/award/award_nominee/award_nominations./award/award_nomination/award,"""award won"""
/m/02r0csl,/m/0ch26b_,BAFTA_Award_for_Best_Makeup_&_Hair,Hugo,/award/award_category/nominees./award/award_nomination/nominated_for,"""winner"""
/m/01nyl,/m/0gkjy,Central_African_Republic,African_Union,/organization/organization_member/member_of./organization/organization_membership/organization,member of
/m/03yj_0n,/m/06dn58,Shea_Whigham,Bobby_Cannavale,/award/award_nominee/award_nominations./award/award_nomination/award_nominee,"""acted in"""
/m/0glt670,/m/01vxlbm,Hip_hop_music,Kelis,/music/genre/artists,"The most likely relationship between ""Hip_hop_music"" and ""Kelis"" in the context of a Knowledge Graph like Freebase is ""genre""."
/m/0g56t9t,/m/02h40lc,Frankenweenie,English_Language,/film/film/language,Language
/m/01ft2l,/m/0c57yj,Ted_Danson,Mumford,/film/actor/film./film/performance/film,"""acted in"""
/m/0cv9fc,/m/07bdd_,Walter_Hill,Razzie_Award_for_Worst_Picture,/award/award_nominee/award_nominations./award/award_nomination/award,nominated for
/m/0cxn2,/m/014d7f,Ice_cream,Fluoride,/food/food/nutrients./food/nutrition_fact/nutrient,"There is no direct or likely relationship between ""Ice_cream"" and ""Fluoride"" in the context of a Knowledge Graph like Freebase, as they belong to entirely different categories. Ice cream is a food product, while fluoride is a chemical"
/m/02z9hqn,/m/03_9r,Evangelion:_2.0_You_Can_(Not)_Advance,Japanese_Language,/film/film/language,Language
/m/06q6jz,/m/0c73z,Art_song,Franz_Schubert,/music/genre/artists,"""composer"""
/m/01771z,/m/069q4f,Cobra,Stop!_Or_My_Mom_Will_Shoot,/award/award_winning_work/awards_won./award/award_honor/honored_for,"The most likely relationship between ""Cobra"" and ""Stop! Or My Mom Will Shoot"" in the context of a Knowledge Graph like Freebase is ""starring"". Both are films starring Sylvester Stallone."
/m/02qkt,/m/0d0kn,Eurasia,Georgia,/location/location/contains,"""location within"""
/m/0htcn,/m/04ztj,King_Vidor,Marriage,/people/person/spouse_s./people/marriage/type_of_union,"The most likely relationship between King Vidor and Marriage in the context of a Knowledge Graph like Freebase is ""spouse""."
/m/07g_0c,/m/027kmrb,The_Weather_Man,Steve_Tisch,/film/film/produced_by,"""producer"""
/m/02k_kn,/m/02jqjm,Soft_rock,Toto,/music/genre/artists,Genre
/m/058nh2,/m/0dxtg,Bryan_Forbes,Screenwriter,/people/person/profession,"""profession"""
/m/05ch98,/m/09c7w0,The_Jacket,United_States_of_America,/film/film/country,"""country of origin"""
/m/06182p,/m/01p1z_,American_Academy_of_Dramatic_Arts,John_Cassavetes,/education/educational_institution/students_graduates./education/education/student,"""educated at"""
/m/0mlyw,/m/02lcqs,Skagit_County,Pacific_Time_Zone,/location/location/time_zones,time zone
/m/01f8f7,/m/03_9r,2046,Japanese_Language,/film/film/language,"The most likely relationship between ""2046"" and ""Japanese_Language"" in the context of a Knowledge Graph like Freebase is ""language"". This suggests that the film ""2046"" has content or dialogue in the Japanese language."
/m/0f4x7,/m/09gb_4p,Academy_Award_for_Best_Actor,127_Hours,/award/award_category/nominees./award/award_nomination/nominated_for,"""award won by"""
/m/0fn5bx,/m/02h40lc,Jayma_Mays,English_Language,/people/person/languages,"""languages spoken"""
/m/0fxmbn,/m/03k9fj,The_Man_with_the_Golden_Gun,Adventure_Film,/film/film/genre,Genre
/m/016clz,/m/01k_yf,Alternative_rock,Modest_Mouse,/music/genre/artists,Genre
/m/06gbnc,/m/05b2f_k,Welsh_people,Leslie_Dilley,/people/ethnicity/people,nationality
/m/078jt5,/m/02jknp,Gregory_Hoblit,Film_Director,/people/person/profession,profession
/m/0ccvx,/m/01qcx_,Queens,Astoria,/location/location/contains,"""contains"""
/m/01wxdn3,/m/07ssc,David_J,United_Kingdom,/people/person/nationality,nationality
/m/05nlx4,/m/09vw2b7,Pirates_of_the_Caribbean:_At_World's_End,Special_Effects_Supervisor,/film/film/other_crew./film/film_crew_gig/film_crew_role,special_effects_supervisor
/m/01p7x7,/m/08mbj5d,Cooper_Union,Official_Website,/common/topic/webpage./common/webpage/category,"The most likely relationship between ""Cooper_Union"" and ""Official_Website"" in the context of a Knowledge Graph like Freebase is ""website""."
/m/0n5yh,/m/0jbk9,Hillsborough_County,United_States_Department_of_Housing_and_Urban_Development,/location/hud_foreclosure_area/estimated_number_of_mortgages./measurement_unit/dated_integer/source,"The most likely relationship between Hillsborough County and the United States Department of Housing and Urban Development in the context of a Knowledge Graph like Freebase would be ""jurisdiction of""."
/m/016t_3,/m/0bsnm,Master's_Degree,Concordia_University,/education/educational_degree/people_with_this_degree./education/education/institution,"""educational institution"""
/m/0dr_9t7,/m/07ssc,Bernie,United_Kingdom,/film/film/release_date_s./film/film_regional_release_date/film_release_region,"""place of residence"""
/m/01s0ps,/m/026t6,Electric_piano,Drum,/music/performance_role/track_performances./music/track_contribution/role,"The most likely relationship between ""Electric_piano"" and ""Drum"" in the context of a Knowledge Graph like Freebase would be ""instrument type""."
/m/047xyn,/m/02y49,World_Fantasy_Award_for_Life_Achievement,Fritz_Leiber,/award/award_category/winners./award/award_honor/award_winner,award_winner
/m/04w58,/m/01rz1,Monaco,Council_of_Europe,/organization/organization_member/member_of./organization/organization_membership/organization,member of
/m/058cm,/m/058cm,Mobile,Mobile,/location/hud_county_place/place,"The most likely relationship between ""Mobile"" and ""Mobile"" in the context of a Knowledge Graph like Freebase could be ""related term"" or ""synonym,"" as they are the same term. However, without additional context, it's challenging to specify"
/m/05wkw,/m/02k21g,Photography,Maya_Rudolph,/education/field_of_study/students_majoring./education/education/student,"""profession"""
/m/02z0dfh,/m/06fpsx,National_Society_of_Film_Critics_Award_for_Best_Supporting_Actress,The_40-Year-Old_Virgin,/award/award_category/nominees./award/award_nomination/nominated_for,"""award won"""
/m/0bp_b2,/m/063ykwt,Primetime_Emmy_Award_for_Outstanding_Guest_Actor_-_Drama_Series,The_Good_Wife,/award/award_category/nominees./award/award_nomination/nominated_for,"""award winner"""
/m/01vtj38,/m/0gkvb7,Cher,Primetime_Emmy_Award_for_Individual_Performance_-_Variety_Or_Music_Program,/award/award_nominee/award_nominations./award/award_nomination/award,"""award won"""
/m/0kz2w,/m/05qfh,Brandeis_University,Psychology,/education/educational_institution/students_graduates./education/education/major_field_of_study,"The most likely relationship between Brandeis University and Psychology in the context of a Knowledge Graph like Freebase is ""academic program."""
/m/0fhpv4,/m/0g4vmj8,BFCA_Critics'_Choice_Award_for_Best_Composer,Drive,/award/award_category/nominees./award/award_nomination/nominated_for,"""award winner"""
/m/03fyrh,/m/05b4w,Greco-Roman_wrestling,Norway,/olympics/olympic_sport/athletes./olympics/olympic_athlete_affiliation/country,"The most likely relationship between ""Greco-Roman_wrestling"" and ""Norway"" in the context of a Knowledge Graph like Freebase is ""sport practiced in""."
/m/03fts,/m/02kdv5l,Galaxy_Quest,Action_Film,/film/film/genre,"The most likely relationship between ""Galaxy_Quest"" and ""Action_Film"" in the context of a Knowledge Graph like Freebase is ""genre""."
/m/06mmb,/m/03l2n,Shannon_Elizabeth,Houston,/people/person/place_of_birth,"""place of birth"""
/m/01cwkq,/m/02zsn,Amanda_Bynes,Female,/people/person/gender,Gender
/m/01vh08,/m/02h40lc,Richard_Chamberlain,English_Language,/people/person/languages,"""languages spoken"""
/m/0hw1j,/m/09c7w0,Robert_Towne,United_States_of_America,/people/person/nationality,nationality
/m/01vj9c,/m/04k05,Bass,Led_Zeppelin,/music/performance_role/regular_performances./music/group_membership/group,"""instrument played"""
/m/0gywn,/m/01l1b90,Soul_music,Tyrese_Gibson,/music/genre/artists,genre
/m/04mby,/m/0kyk,L._Frank_Baum,Author-GB,/people/person/profession,"The most likely relationship between L. Frank Baum and Author-GB in the context of a Knowledge Graph like Freebase is ""profession""."
/m/0512p,/m/01q0kg,Minnesota_Twins,San_Diego_State_University,/sports/professional_sports_team/draft_picks./sports/sports_league_draft_pick/school,"""alumnus"""
/m/0d3k14,/m/01cx_,John_F._Kennedy,Boston,/people/person/places_lived./people/place_lived/location,Place of birth.
/m/01kvqc,/m/09jwl,Branford_Marsalis,Musician-GB,/people/person/profession,profession
/m/0170pk,/m/04z4j2,Geoffrey_Rush,Ned_Kelly,/film/actor/film./film/performance/film,"""acted in"""
/m/02_qt,/m/09nqf,Final_Fantasy:_The_Spirits_Within,United_States_Dollar,/film/film/estimated_budget./measurement_unit/dated_money_value/currency,budget
/m/01w58n3,/m/06nm1,Gloria_Estefan,Spanish_Language,/people/person/languages,"""speaks"""
/m/05lnk0,/m/0cbd2,Tom_DeFalco,Writer-GB,/people/person/profession,"""profession"""
/m/03tp4,/m/08959,Infectious_disease,Zachary_Taylor,/people/cause_of_death/people,Cause of death
/m/01k5y0,/m/02h40lc,Victor_Victoria,English_Language,/film/film/language,"The most likely relationship between ""Victor_Victoria"" and ""English_Language"" in the context of a Knowledge Graph like Freebase is ""language""."
/m/06by7,/m/0152cw,Rock_music,Jewel,/music/genre/artists,"The most likely relationship between ""Rock_music"" and ""Jewel"" in the context of a Knowledge Graph like Freebase is ""genre."" Jewel is a singer-songwriter known for her work in the rock music genre."
/m/0j5ym,/m/01k31p,Second_Sino-Japanese_War,Peng_Dehuai,/base/culturalevent/event/entity_involved,military commander
/m/05myd2,/m/05zppz,Michael_Rapaport,Male,/people/person/gender,Gender
/m/06j6l,/m/0gs6vr,Rhythm_and_blues,Selena_Gomez,/music/genre/artists,"The most likely relationship between ""Rhythm_and_blues"" and ""Selena_Gomez"" in the context of a Knowledge Graph like Freebase would be ""genre""."
/m/02k84w,/m/01cblr,Pedal_steel_guitar,Counting_Crows,/music/performance_role/regular_performances./music/group_membership/group,"""instrument used by"""
/m/0j2pg,/m/0dgrmp,Brighton_&_Hove_Albion_F.C.,Goalkeeper,/soccer/football_team/current_roster./sports/sports_team_roster/position,"The most likely relationship between ""Brighton & Hove Albion F.C."" and ""Goalkeeper"" in the context of a Knowledge Graph like Freebase is ""position played""."
/m/0byq0v,/m/02vx4,FC_Lorient,Football,/sports/sports_team/sport,"The most likely relationship between FC_Lorient and Football in the context of a Knowledge Graph like Freebase is ""sport""."
/m/088gzp,/m/0ddfph,National_School_of_Drama,Himani_Shivpuri,/education/educational_institution/students_graduates./education/education/student,"""alumni"""
/m/09glbnt,/m/059rby,E1_Entertainment,New_York,/organization/organization/headquarters./location/mailing_address/state_province_region,"""location"""
/m/099ck7,/m/08zrbl,Broadcast_Film_Critics_Association_Award_for_Best_Actor,There_Will_Be_Blood,/award/award_category/nominees./award/award_nomination/nominated_for,"""award winner"""
/m/07jdr,/m/0c_j9x,Train,Murder_on_the_Orient_Express,/film/film_subject/films,"""featured in"""
/m/02z1nbg,/m/0chw_,National_Board_of_Review_Award_for_Best_Actress,Jodie_Foster,/award/award_category/winners./award/award_honor/award_winner,award winner
/m/02g8h,/m/02hrh1q,Denis_Leary,Actor-GB,/people/person/profession,"""profession"""
/m/016wvy,/m/01c72t,John_Cale,Composer,/people/person/profession,profession
/m/08phg9,/m/033smt,Star_Trek,Technical_Director,/film/film/other_crew./film/film_crew_gig/film_crew_role,"""crew role"""
/m/0gxtknx,/m/09zzb8,Seven_Psychopaths,Makeup_Artist-GB,/film/film/other_crew./film/film_crew_gig/film_crew_role,makeup artist
/m/06rqw,/m/01w5gg6,Ska,Joe_Strummer,/music/genre/artists,genre
/m/0j1yf,/m/0j862,Justin_Timberlake,Tenor-GB,/music/group_member/membership./music/group_membership/role,"""voice type"""
/m/0cmf0m0,/m/0dxtw,Puss_in_Boots,Special_Effects,/film/film/other_crew./film/film_crew_gig/film_crew_role,"""used in"""
/m/04ztj,/m/0yyh,Marriage,Andhra_Pradesh,/people/marriage_union_type/unions_of_this_type./people/marriage/location_of_ceremony,"""place of occurrence"""
/m/07x4qr,/m/03ryn,The_Smurfs,Indonesia,/film/film/release_date_s./film/film_regional_release_date/film_release_region,"""broadcast area"""
/m/06z6r,/m/035yg,Swimming,Grenada,/olympics/olympic_sport/athletes./olympics/olympic_athlete_affiliation/country,"""participated in"""
/m/0c4hgj,/m/030qb3t,40th_Academy_Awards,Los_Angeles,/time/event/locations,location
/m/0gs96,/m/01k5y0,Academy_Award_for_Best_Costume_Design,Victor_Victoria,/award/award_category/nominees./award/award_nomination/nominated_for,"""award winner"""
/m/01vvycq,/m/09nqf,Prince,United_States_Dollar,/base/schemastaging/person_extra/net_worth./measurement_unit/dated_money_value/currency,"""currency used in transaction"""
/m/02hnl,/m/01shhf,Drums,Dir_En_Grey,/music/performance_role/regular_performances./music/group_membership/group,"""instrument played"""
/m/011ycb,/m/07ssc,Quiz_Show,United_Kingdom,/film/film/release_date_s./film/film_regional_release_date/film_release_region,"""country of origin"""
/m/01hkck,/m/09c7w0,Janet_Leigh,United_States_of_America,/people/person/nationality,"""nationality"""
/m/02h4rq6,/m/0b1xl,Bachelor_of_Science,Loyola_University_Chicago,/education/educational_degree/people_with_this_degree./education/education/institution,"""degree offered by"""
/m/06ybb1,/m/09c7w0,Rhinestone,United_States_of_America,/film/film/release_date_s./film/film_regional_release_date/film_release_region,"""country of origin"""
/m/0cwx_,/m/03cvv4,Carnegie_Mellon_University,Blair_Underwood,/education/educational_institution/students_graduates./education/education/student,alumni
/m/02bkg,/m/07ssc,Diving,United_Kingdom,/olympics/olympic_sport/athletes./olympics/olympic_athlete_affiliation/country,"""popular sport in"""
/m/032clf,/m/03h64,Dirty_Dancing,Hong_Kong,/film/film/release_date_s./film/film_regional_release_date/film_release_region,Filming location
/m/05148p4,/m/07_3qd,Keyboard,Graham_Gouldman,/music/instrument/instrumentalists,"""instrument played by"""
/m/037hgm,/m/039v1,Peter_Buck,Guitarist-GB,/people/person/profession,profession
/m/014zcr,/m/0gs9p,George_Clooney,Academy_Award_for_Best_Director,/award/award_nominee/award_nominations./award/award_nomination/award,nominated for
/m/03pc89,/m/02h40lc,MASH,English_Language,/film/film/language,"The most likely relationship between ""MASH"" and ""English_Language"" in the context of a Knowledge Graph like Freebase is ""language""."
/m/09qvf4,/m/0gcf2r,Primetime_Emmy_Award_for_Outstanding_Guest_Actress_-_Comedy_Series,Primetime_Emmy_Award,/award/award_category/category_of,award category
/m/07b_l,/m/013m43,Texas,Garland,/location/location/contains,"""contains"" (Garland is a city within the state of Texas)."
/m/01lxd4,/m/0p3sf,Avant-garde_jazz,Sun_Ra,/music/genre/artists,"The most likely relationship between ""Avant-garde_jazz"" and ""Sun_Ra"" in the context of a Knowledge Graph like Freebase is ""genre"". Sun Ra is a prominent figure associated with the avant-garde jazz genre."
/m/027gs1_,/m/07y_p6,Primetime_Emmy_Award_for_Outstanding_Directing_-_Comedy_Series,55th_Primetime_Emmy_Awards,/award/award_category/winners./award/award_honor/ceremony,"""award presented at"""
/m/0x25q,/m/01vx2h,The_Matrix_Reloaded,Visual_Effects,/film/film/other_crew./film/film_crew_gig/film_crew_role,"""featured visual effects"""
/m/01900g,/m/05zppz,Chris_Tucker,Male,/people/person/gender,Gender
/m/02qny_,/m/09c7w0,Landon_Donovan,United_States_of_America,/people/person/nationality,"""nationality"""
/m/02lnbg,/m/01k3qj,Dance-pop,Hikaru_Utada,/music/genre/artists,genre
/m/0gq9h,/m/0n0bp,Academy_Award_for_Best_Picture,Judgment_at_Nuremberg,/award/award_category/nominees./award/award_nomination/nominated_for,"""award winner"""
/m/08qvhv,/m/02krf9,Gene_Reynolds,Television_Director,/people/person/profession,"""profession"""
/m/0fxrk,/m/08mbj5d,Hokkaido,Official_Website,/common/topic/webpage./common/webpage/category,"""official website"""
/m/04n1q6,/m/04rwx,Provost,Massachusetts_Institute_of_Technology,/business/job_title/people_with_this_title./business/employment_tenure/company,"""position at"""
/m/01vsxdm,/m/0l14qv,Marilyn_Manson,Synthesizer,/music/artist/track_contributions./music/track_contribution/role,"""instrument"""
/m/0342h,/m/018ndc,Guitar,Dixie_Chicks,/music/performance_role/regular_performances./music/group_membership/group,"""instrument played"""
/m/016clz,/m/04b7xr,Alternative_rock,Michael_Sembello,/music/genre/artists,genre
/m/01309x,/m/09c7w0,James_Taylor,United_States_of_America,/people/person/nationality,"""nationality"""
/m/0l14md,/m/01s560x,Percussion,Oasis,/music/performance_role/regular_performances./music/group_membership/group,"""instrument"""
/m/03f1d47,/m/02f6ym,Macy_Gray,MTV_Video_Music_Award_for_Best_Female_Video,/award/award_nominee/award_nominations./award/award_nomination/award,Nominated for
/m/019l68,/m/0bdwft,Shelley_Winters,Primetime_Emmy_Award_for_Outstanding_Lead_Actress_-_Miniseries_or_a_Movie,/award/award_nominee/award_nominations./award/award_nomination/award,"""award received"""
/m/04gqr,/m/0b6css,Libya,African_Development_Bank,/organization/organization_member/member_of./organization/organization_membership/organization,member of
/m/01kwh5j,/m/05pyrb,Houko_Kuwashima,Naruto_the_Movie:_Legend_of_the_Stone_of_Gelel,/film/actor/film./film/performance/film,acted in
/m/0fphgb,/m/09zzb8,Lucky_Numbers,Makeup_Artist-GB,/film/film/other_crew./film/film_crew_gig/film_crew_role,"There is no direct or likely relationship between ""Lucky_Numbers"" and ""Makeup_Artist-GB"" in the context of a Knowledge Graph like Freebase, as they belong to unrelated domains."
/m/029jpy,/m/07_f2,New_England,Vermont,/location/location/contains,"""contains"""
/m/02z6l5f,/m/04g2jz2,David_M._Thompson,Primetime_Emmy_Award_for_Outstanding_Television_Movie,/award/award_nominee/award_nominations./award/award_nomination/award,"""award received"""
/m/0mws3,/m/09nqf,Delaware_County,United_States_Dollar,/location/statistical_region/rent50_2./measurement_unit/dated_money_value/currency,"The most likely relationship between Delaware_County and United_States_Dollar in the context of a Knowledge Graph like Freebase is ""currency used""."
/m/016cjb,/m/01vrncs,Gospel_music,Bob_Dylan,/music/genre/artists,"""genre influenced"""
/m/06nvzg,/m/02_286,American_Council_of_Learned_Societies,New_York_City,/organization/organization/headquarters./location/mailing_address/citytown,headquarters location
/m/0sz28,/m/07cbcy,Sean_Penn,Razzie_Award_for_Worst_Actor,/award/award_nominee/award_nominations./award/award_nomination/award,nominated for
/m/05pcn59,/m/02ylg6,MTV_Movie_Award_for_Best_Kiss,Punch-Drunk_Love,/award/award_category/nominees./award/award_nomination/nominated_for,nominated for
/m/0g56t9t,/m/01znc_,Frankenweenie,Turkey,/film/film/release_date_s./film/film_regional_release_date/film_release_region,"""filming location"""
/m/05p1tzf,/m/07f1x,The_Hangover,Thailand,/film/film/release_date_s./film/film_regional_release_date/film_release_region,"""filming location"""
/m/05w3f,/m/0134wr,Psychedelic_rock,Bee_Gees,/music/genre/artists,genre
/m/05c1t6z,/m/0828jw,61st_Primetime_Emmy_Awards,Lost,/award/award_ceremony/awards_presented./award/award_honor/honored_for,"""award winner"""
/m/0c921,/m/05zppz,Billy_Wilder,Male,/people/person/gender,gender
/m/023l9y,/m/05zppz,Bill_Nelson,Male,/people/person/gender,Gender
/m/029h45,/m/025352,Dorothy_Fields,Lyricist,/people/person/profession,Profession
/m/0hwqz,/m/09td7p,Jamie_Lee_Curtis,Screen_Actors_Guild_Award_for_Outstanding_Performance_by_a_Female_Actor_in_a_Supporting_Role,/award/award_nominee/award_nominations./award/award_nomination/award,"""award nominee"""
/m/094qd5,/m/0cvkv5,BAFTA_Award_for_Best_Actress_in_a_Leading_Role,Volver,/award/award_category/nominees./award/award_nomination/nominated_for,"""award_winning_work"""
/m/017371,/m/01p9hgt,Rockabilly,Albert_Lee,/music/genre/artists,genre
/m/042fgh,/m/0btmb,Superman_II,Superhero,/film/film/genre,Genre
/m/0gwjw0c,/m/01p1v,Django_Unchained,Chile,/film/film/release_date_s./film/film_regional_release_date/film_release_region,"The most likely relationship between ""Django_Unchained"" and ""Chile"" in the context of a Knowledge Graph like Freebase is ""filming location""."
/m/055c8,/m/0287477,Morgan_Freeman,Wanted,/film/actor/film./film/performance/film,acted in
/m/02784z,/m/04ztj,Herbert_Lom,Marriage,/people/person/spouse_s./people/marriage/type_of_union,"""spouse"""
/m/0125xq,/m/03k9fj,The_Fifth_Element,Adventure_Film,/film/film/genre,"The most likely relationship between ""The_Fifth_Element"" and ""Adventure_Film"" in the context of a Knowledge Graph like Freebase is ""genre""."
/m/01wk7ql,/m/05c9zr,Joss_Stone,Eragon,/film/actor/film./film/performance/film,"""acted in"""
/m/023mdt,/m/02h40lc,Maggie_Gyllenhaal,English_Language,/people/person/languages,"""languages spoken"""
/m/06rq2l,/m/0dxtg,Allen_Covert,Screenwriter,/people/person/profession,profession
/m/07tl0,/m/0c9c0,"Christ's_College,_Cambridge",Sacha_Baron_Cohen,/education/educational_institution/students_graduates./education/education/student,"""educated at"""
/m/0h96g,/m/0bsjcw,Sigourney_Weaver,Tony_Award_for_Best_Featured_Actress_in_a_Play,/award/award_nominee/award_nominations./award/award_nomination/award,"""award nominee"""
/m/047cqr,/m/01xndd,Brian_K._Vaughan,J.J._Abrams,/award/award_nominee/award_nominations./award/award_nomination/award_nominee,"The most likely relationship between Brian K. Vaughan and J.J. Abrams in the context of a Knowledge Graph like Freebase is ""collaborated with"". They have worked together on projects such as the TV series ""Lost""."
/m/047vnfs,/m/04_tv,Manager,Management,/people/profession/specialization_of,profession
/m/01q_ph,/m/0gr51,Owen_Wilson,Academy_Award_for_Best_Original_Screenplay,/award/award_nominee/award_nominations./award/award_nomination/award,Nominated for
/m/016t_3,/m/021996,Master's_Degree,San_José_State_University,/education/educational_degree/people_with_this_degree./education/education/institution,"""offered by"""
/m/05m_jsg,/m/02l7c8,Killers,Romance_Film,/film/film/genre,"The most likely relationship between ""Killers"" and ""Romance_Film"" in the context of a Knowledge Graph like Freebase is ""genre""."
/m/0dzlbx,/m/047yc,Iron_Man,Kuwait,/film/film/release_date_s./film/film_regional_release_date/film_release_region,"""filming location"""
/m/02h22,/m/06qd3,Das_Boot,South_Korea,/film/film/release_date_s./film/film_regional_release_date/film_release_region,"""filming location"""
/m/038nv6,/m/09c7w0,Adam_Baldwin,United_States_of_America,/people/person/nationality,nationality
/m/063_t,/m/0dxtg,Peter_Sellers,Screenwriter,/people/person/profession,Profession
/m/016nvh,/m/04ztj,Paul_Oakenfold,Marriage,/people/person/spouse_s./people/marriage/type_of_union,"The most likely relationship between ""Paul_Oakenfold"" and ""Marriage"" in the context of a Knowledge Graph like Freebase would be ""spouse""."
/m/09lxv9,/m/01hmnh,Mars_Attacks!,Fantasy,/film/film/genre,Genre
/m/041rx,/m/078jnn,Jewish_people,Rashida_Jones,/people/ethnicity/people,"The most likely relationship between ""Jewish_people"" and ""Rashida_Jones"" in the context of a Knowledge Graph like Freebase is ""ethnicity""."
/m/018p4y,/m/07s467s,Pierce_Brosnan,Environmentalist,/people/person/profession,"""profession"""
/m/07r4c,/m/0dxtg,Tori_Amos,Screenwriter,/people/person/profession,Profession
/m/048_p,/m/0262zm,Kim_Stanley_Robinson,Hugo_Award_for_Best_Short_Story,/award/award_nominee/award_nominations./award/award_nomination/award,"""award received"""
/m/042d1,/m/01grmk,James_Monroe,1st_United_States_Congress,/government/politician/government_positions_held./government/government_position_held/legislative_sessions,"""member of"""
/m/02hkv5,/m/02hrh1q,Mammootty,Actor-GB,/people/person/profession,"""profession"""
/m/0g768,/m/02qsjt,Atlantic_Records,Buddy_Guy,/music/record_label/artist,record_label
/m/0g60z,/m/05l4yg,The_West_Wing,Mary_McCormack,/tv/tv_program/regular_cast./tv/regular_tv_appearance/actor,acted in
/m/031786,/m/02r96rf,Harry_Potter_and_the_Goblet_of_Fire,Visual_Effects_Supervisor,/film/film/other_crew./film/film_crew_gig/film_crew_role,"""visual effects"""
/m/073h9x,/m/01zfzb,64th_Academy_Awards,City_Slickers,/award/award_ceremony/awards_presented./award/award_honor/honored_for,"""award won"""
/m/0f2sx4,/m/02r251z,I_Now_Pronounce_You_Chuck_and_Larry,Jack_Giarraputo,/film/film/produced_by,produced by
/m/02x2gy0,/m/07yvsn,Satellite_Award_for_Best_Costume_Design,Marie_Antoinette,/award/award_category/nominees./award/award_nomination/nominated_for,won
/m/057xs89,/m/02xs6_,MTV_Movie_Award_for_Best_Villain,Hannibal,/award/award_category/nominees./award/award_nomination/nominated_for,"""award winner"""
/m/0fq27fp,/m/0d05w3,Wuthering_Heights,China,/film/film/release_date_s./film/film_regional_release_date/film_release_region,"""Wuthering_Heights"" and ""China"" are unlikely to have a direct relationship in a Knowledge Graph like Freebase, as ""Wuthering Heights"" is a novel by Emily Brontë, and ""China"" is a country."
/m/0cm2xh,/m/0bx0l,World_War_I,Lawrence_of_Arabia,/film/film_subject/films,participated in
/m/01dy7j,/m/02x4x18,Edie_Falco,Independent_Spirit_Award_for_Best_Female_Lead,/award/award_nominee/award_nominations./award/award_nomination/award,"""award won"""
/m/01d259,/m/015fr,Lost_Highway,Brazil,/film/film/release_date_s./film/film_regional_release_date/film_release_region,"The most likely relationship between ""Lost_Highway"" and ""Brazil"" in the context of a Knowledge Graph like Freebase is ""filming location""."
/m/033hn8,/m/01wn718,Epic_Records,Lupe_Fiasco,/music/record_label/artist,record label
/m/016kv6,/m/01jfsb,Salvador,Thriller,/film/film/genre,"""acted in"""
/m/035gjq,/m/026zvx7,Nicollette_Sheridan,Lyndsy_Fonseca,/award/award_nominee/award_nominations./award/award_nomination/award_nominee,"""acted in"" (both Nicollette Sheridan and Lyndsy Fonseca acted in the TV series ""Desperate Housewives"")."
/m/01by1l,/m/02r4qs,Grammy_Award_for_Album_of_the_Year,Glen_Ballard,/award/award_category/winners./award/award_honor/award_winner,producer
/m/0n839,/m/05zppz,Richard_Branson,Male,/people/person/gender,gender
/m/07qy0b,/m/0hvvf,David_Newman,Bonnie_and_Clyde,/award/award_nominee/award_nominations./award/award_nomination/nominated_for,screenwriter of
/m/06c44,/m/04ztj,Richard_Wagner,Marriage,/people/person/spouse_s./people/marriage/type_of_union,"""spouse"""
/m/01q4qv,/m/05zppz,Costa-Gavras,Male,/people/person/gender,Gender
/m/02frhbc,/m/025t3bg,Portland,Air_travel,/travel/travel_destination/how_to_get_here./travel/transportation/mode_of_transportation,"""served by"""
/m/02gn8s,/m/0lkr7,Pasadena_City_College,Nick_Nolte,/education/educational_institution/students_graduates./education/education/student,"""alumni"""
/m/07l450,/m/01jfsb,The_Last_King_of_Scotland,Thriller,/film/film/genre,Genre
/m/06wm0z,/m/047bynf,Zac_Efron,Me_and_Orson_Welles,/film/actor/film./film/performance/film,acted in
/m/06cgy,/m/01_xtx,Robert_De_Niro,Bradley_Cooper,/award/award_nominee/award_nominations./award/award_nomination/award_nominee,"""acted in"""
/m/015v3r,/m/05pcn59,Ethan_Hawke,MTV_Movie_Award_for_Best_Kiss,/award/award_nominee/award_nominations./award/award_nomination/award,Nominated for
/m/01w1sx,/m/0q9sg,Cold_War,Rocky_IV,/film/film_subject/films,"""subject of"""
/m/09vc4s,/m/03yk8z,English_American,Jennifer_Ehle,/people/ethnicity/people,"""ethnicity"""
/m/03x6w8,/m/038hg,S.C._Braga,Green,/sports/sports_team/colors,Team color.
/m/07sbbz2,/m/01vwyqp,Rock_and_roll,Tina_Turner,/music/genre/artists,genre
/m/05fhy,/m/04pk9,Nebraska,Lutheranism,/location/statistical_region/religions./location/religion_percentage/religion,"""religion in"""
/m/0mnm2,/m/0mnm2,Lexington_city,Lexington_city,/location/hud_county_place/place,SameAs
/m/05cj4r,/m/02jx1,Eileen_Atkins,England,/people/person/nationality,place of birth
/m/06__m6,/m/07v4dm,Thank_You_for_Smoking,Rolfe_Kent,/film/film/music,composer
/m/019bk0,/m/01vx5w7,45th_Annual_Grammy_Awards,Kelly_Rowland,/award/award_ceremony/awards_presented./award/award_honor/award_winner,"""award nominee"""
/m/013q0p,/m/029j_,Austin_Powers:_International_Man_of_Mystery,DVD,/film/film/release_date_s./film/film_regional_release_date/film_release_distribution_medium,release format
/m/0g6ff,/m/01y665,Russian,Victor_Garber,/people/ethnicity/people,"The most likely relationship between ""Russian"" and ""Victor_Garber"" in the context of a Knowledge Graph like Freebase would be ""ethnicity"" or ""nationality"". However, since Victor Garber is a Canadian actor, there might not"
/m/01bkb,/m/0flw86,Bali,Islam,/location/statistical_region/religions./location/religion_percentage/religion,"""religion"""
/m/07b_l,/m/0104lr,Texas,Beaumont,/location/location/contains,location of
/m/050llt,/m/02h40lc,Aishwarya_Rai_Bachchan,English_Language,/people/person/languages,"""languages spoken"""
/m/01z4y,/m/01jft4,Comedy-GB,Bruce_Almighty,/media_common/netflix_genre/titles,"""genre"""
/m/03nt7j,/m/0160nk,2004_NFL_Draft,Tulane_University,/sports/sports_league_draft/picks./sports/sports_league_draft_pick/school,"""drafted from"""
/m/01z7dr,/m/01nqfh_,Video_game_music,Brian_Tyler,/music/genre/artists,composer
/m/02xfj0,/m/08mbj5d,George_Lopez,Official_Website,/common/topic/webpage./common/webpage/category,"The most likely relationship between George_Lopez and Official_Website in the context of a Knowledge Graph like Freebase is ""official website""."
/m/04gcyg,/m/09c7w0,2010,United_States_of_America,/film/film/country,"The most likely relationship between ""2010"" and ""United_States_of_America"" in the context of a Knowledge Graph like Freebase is ""year of event"" or ""year of occurrence,"" as 2010 could be associated with events"
/m/0b6tzs,/m/06nm1,No_Country_for_Old_Men,Spanish_Language,/film/film/language,language
/m/045gzq,/m/09c7w0,Tony_Todd,United_States_of_America,/people/person/nationality,place of birth
/m/0407yfx,/m/0k6nt,Brave,Denmark-GB,/film/film/release_date_s./film/film_regional_release_date/film_release_region,"""filming location"""
/m/0fdys,/m/060j8b,English_Literature,John_Krasinski,/education/field_of_study/students_majoring./education/education/student,"The most likely relationship between ""English_Literature"" and ""John_Krasinski"" in the context of a Knowledge Graph like Freebase would be ""studied at"" or ""education,"" as John Krasinski studied English literature at Brown University."
/m/09qrn4,/m/02r1ysd,Primetime_Emmy_Award_for_Outstanding_Lead_Actor_-_Comedy_Series,Pushing_Daisies,/award/award_category/nominees./award/award_nomination/nominated_for,"""award won by"""
/m/0hm4q,/m/09b_0m,Rector,National_and_Kapodistrian_University_of_Athens,/organization/role/leaders./organization/leadership/organization,"""position held"""
/m/060bp,/m/04vjh,Prime_minister-GB,Mauritania,/government/government_office_category/officeholders./government/government_position_held/jurisdiction_of_office,"""visited"""
/m/016zwt,/m/08hbxv,Nepal,Kosi_Zone,/location/location/contains,"""contains"""
/m/0gyh,/m/03x1s8,Alabama,Alabama_State_University,/location/location/contains,location of
/m/0fkvn,/m/01n4w,Governor-GB,Colorado,/government/government_office_category/officeholders./government/government_position_held/jurisdiction_of_office,"""position held"""
/m/04yg13l,/m/03ryn,Ironclad,Indonesia,/film/film/release_date_s./film/film_regional_release_date/film_release_region,"""filming location"""
/m/010t4v,/m/02lcqs,Tacoma,Pacific_Time_Zone,/location/location/time_zones,time zone
/m/0fpgp26,/m/06bnz,Ice_Age:_Continental_Drift,Russia,/film/film/release_date_s./film/film_regional_release_date/film_release_region,"The most likely relationship between ""Ice_Age:_Continental_Drift"" and ""Russia"" in the context of a Knowledge Graph like Freebase is ""filming location"" or ""release location""."
/m/01lqf49,/m/09c7w0,RuPaul,United_States_of_America,/people/person/nationality,"""nationality"""
/m/0168ls,/m/03h64,Spartacus,Hong_Kong,/film/film/release_date_s./film/film_regional_release_date/film_release_region,"There is no direct or likely relationship between ""Spartacus"" and ""Hong_Kong"" in the context of a Knowledge Graph like Freebase, as they pertain to vastly different domains—Spartacus being a historical figure and Hong Kong being"
/m/060c4,/m/037s9x,President,Washington_&_Jefferson_College,/organization/role/leaders./organization/leadership/organization,"""education"""
/m/055c8,/m/04ztj,Morgan_Freeman,Marriage,/people/person/spouse_s./people/marriage/type_of_union,"""has marriage"""
/m/04n52p6,/m/02r96rf,Sherlock_Holmes,Visual_Effects_Supervisor,/film/film/other_crew./film/film_crew_gig/film_crew_role,"The most likely relationship between ""Sherlock_Holmes"" and ""Visual_Effects_Supervisor"" in the context of a Knowledge Graph like Freebase would be ""depicted in"". This suggests that a Visual Effects Supervisor might have worked on a"
/m/03mp8k,/m/02k5sc,Sony_BMG_Music_Entertainment,Maroon_5,/music/record_label/artist,"""record label"""
/m/0crs0b8,/m/01jfsb,Brighton_Rock,Thriller,/film/film/genre,Genre
/m/07f8wg,/m/09bjv,Mario_Kassar,Beirut,/people/person/place_of_birth,place of birth
/m/02kcz,/m/02j71,Equatorial_Guinea,Earth,/base/aareas/schema/administrative_area/administrative_parent,"""location on"""
/m/02kxwk,/m/02q5g1z,Kathy_Bates,Revolutionary_Road,/film/actor/film./film/performance/film,acted in
/m/03bx0bm,/m/09z1lg,Lead_vocalist-GB,Calle_13,/music/performance_role/regular_performances./music/group_membership/group,"""member of"""
/m/05qgd9,/m/09gffmz,University_of_Virginia_School_of_Law,Andrew_Scheinman,/education/educational_institution/students_graduates./education/education/student,"""alma mater"""
/m/07wbk,/m/081t6,Republican_Party,Warren_G._Harding,/government/political_party/politicians_in_this_party./government/political_party_tenure/politician,"""political affiliation"""
/m/01n30p,/m/0d_skg,Ghost_World,Michael_Shamberg,/film/film/executive_produced_by,produced by
/m/0523v5y,/m/030qb3t,Van_Nest_Polglase,Los_Angeles,/people/deceased_person/place_of_death,"""place of death"""
/m/026p_bs,/m/02vzc,The_Prize,Finland,/film/film/release_date_s./film/film_regional_release_date/film_release_region,"""filming location"""
/m/0178kd,/m/01ckcd,INXS,Grammy_Award_for_Best_Rock_Performance_by_a_Duo_or_Group_with_Vocal,/award/award_nominee/award_nominations./award/award_nomination/award,Nominated for
/m/0dbb3,/m/0dclg,Billie_Holiday,Philadelphia,/people/person/place_of_birth,"""place of death"""
/m/0qf3p,/m/02f79n,Bryan_Ferry,MTV_Video_Music_Award_for_Best_Video_from_a_Film,/award/award_nominee/award_nominations./award/award_nomination/award,nominated for
/m/0292l3,/m/0dx8gj,Anupam_Kher,"Lust,_Caution",/film/actor/film./film/performance/film,"""acted in"""
/m/023kzp,/m/0d0x8,William_H._Macy,Georgia,/people/person/places_lived./people/place_lived/location,place of birth
/m/012vct,/m/05zppz,George_Stevens,Male,/people/person/gender,Gender
/m/0k345,/m/02whj,Avant-garde,Frank_Zappa,/music/genre/artists,"""genre"""
/m/03w94xt,/m/01vt5c_,Avant-garde_music,M.I.A.,/music/genre/artists,"""genre"""
/m/064t9,/m/0152cw,Pop_music,Jewel,/music/genre/artists,"""genre"""
/m/0g1rw,/m/06pyc2,Metro-Goldwyn-Mayer,Pat_Garrett_and_Billy_the_Kid,/film/film_distributor/films_distributed./film/film_film_distributor_relationship/film,"""produced"""
/m/0gr42,/m/073hgx,Academy_Award_for_Best_Visual_Effects,62nd_Academy_Awards,/award/award_category/winners./award/award_honor/ceremony,"""award presented at"""
/m/015njf,/m/0grd7,Ken_Russell,Southampton,/people/person/place_of_birth,Place of birth.
/m/039c26,/m/05w1vf,Deadwood,Stephen_Tobolowsky,/tv/tv_program/regular_cast./tv/regular_tv_appearance/actor,"""acted in"""
/m/0g768,/m/030155,Atlantic_Records,Anita_Baker,/music/record_label/artist,"""record label"""
/m/04gcyg,/m/03k9fj,2010,Adventure_Film,/film/film/genre,"The most likely relationship between ""2010"" and ""Adventure_Film"" in the context of a Knowledge Graph like Freebase is ""year of release""."
/m/0hmm7,/m/0cj16,The_Conversation,35_mm_film,/film/film/film_format,"""format"""
/m/02bqy,/m/05pcjw,Dartmouth_College,Private_university,/education/educational_institution/school_type,"""instance of"""
/m/014mlp,/m/01y9qr,Bachelor_of_Arts,University_of_Guelph,/education/educational_degree/people_with_this_degree./education/education/institution,"""offered by"""
/m/03_gd,/m/02hrh1q,James_Cameron,Actor-GB,/people/person/profession,"""profession"""
/m/03hl6lc,/m/03mz5b,Writers_Guild_of_America_Award_for_Best_Original_Screenplay,Antwone_Fisher,/award/award_category/nominees./award/award_nomination/nominated_for,"""award winner"""
/m/024tcq,/m/05fhy,108th_United_States_Congress,Nebraska,/government/legislative_session/members./government/government_position_held/district_represented,"""represents"""
/m/0gq9h,/m/05hmp6,Academy_Award_for_Best_Picture,25th_Academy_Awards,/award/award_category/winners./award/award_honor/ceremony,"""award ceremony"""
/m/0b_dy,/m/04kxsb,Albert_Finney,BAFTA_Award_for_Best_Actor_in_a_Leading_Role,/award/award_nominee/award_nominations./award/award_nomination/award,"""award received"""
/m/02v3yy,/m/0nbcg,Carole_Bayer_Sager,Songwriter-GB,/people/person/profession,Profession
/m/035gnh,/m/07fb8_,3000_Miles_to_Graceland,Super_35,/film/film/film_format,film_format
/m/03kts,/m/02qk3fk,"Harry_Connick,_Jr.","PS,_I_Love_You",/film/actor/film./film/performance/film,acted in
/m/02x1dht,/m/0gvt53w,Satellite_Award_for_Best_Original_Screenplay,The_Master,/award/award_category/nominees./award/award_nomination/nominated_for,"""award winner"""
/m/047qxs,/m/029j_,Timeline,DVD,/film/film/release_date_s./film/film_regional_release_date/film_release_distribution_medium,"""release format"""
/m/025t9b,/m/04jpl,Jason_Isaacs,London,/people/person/places_lived./people/place_lived/location,Place of birth.
/m/02w86hz,/m/05sb1,Endhiran,Pakistan,/film/film/release_date_s./film/film_regional_release_date/film_release_region,Notable locations in which the film was shot.
/m/027xx3,/m/05qjt,Santa_Clara_University,Physics,/education/educational_institution/students_graduates./education/education/major_field_of_study,"The most likely relationship between ""Santa_Clara_University"" and ""Physics"" in the context of a Knowledge Graph like Freebase is ""offers program in"" or ""academic program""."
/m/0ggx5q,/m/0840vq,Dance_music,David_Guetta,/music/genre/artists,"""genre of"""
/m/05zy2cy,/m/0jgd,Tron:_Legacy,Argentina,/film/film/runtime./film/film_cut/film_release_region,"""filming location"""
/m/01vsn38,/m/0830vk,Jack_Black,The_Holiday,/film/actor/film./film/performance/film,acted in
/m/01fmys,/m/04g5k,Home_Alone,Latvia,/film/film/release_date_s./film/film_regional_release_date/film_release_region,Filming location
/m/0pz7h,/m/03ccq3s,Tina_Fey,Primetime_Emmy_Award_for_Outstanding_Writing_-_Comedy_Series,/award/award_nominee/award_nominations./award/award_nomination/award,"""award won"""
/m/02633g,/m/09nqf,Martin_Lawrence,United_States_Dollar,/base/schemastaging/person_extra/net_worth./measurement_unit/dated_money_value/currency,salary_currency
/m/0d075m,/m/06bss,Democratic_Party,Robert_Byrd,/government/political_party/politicians_in_this_party./government/political_party_tenure/politician,"""political affiliation"""
/m/0jsf6,/m/0gq_v,The_Godfather_Part_II,Academy_Award_for_Best_Production_Design,/award/award_winning_work/awards_won./award/award_honor/award,"""award won"""
/m/0f61tk,/m/029j_,The_Rocketeer,DVD,/film/film/release_date_s./film/film_regional_release_date/film_release_distribution_medium,"The most likely relationship between ""The_Rocketeer"" and ""DVD"" in the context of a Knowledge Graph like Freebase is ""release format""."
/m/06by7,/m/07yg2,Rock_music,The_Velvet_Underground,/music/genre/artists,"""genre"""
/m/01cf93,/m/0259r0,Elektra_Records,Jason_Mraz,/music/record_label/artist,record label
/m/0gx_st,/m/05lfwd,58th_Primetime_Emmy_Awards,Grey's_Anatomy,/award/award_ceremony/awards_presented./award/award_honor/honored_for,"""nominated for"""
/m/01vs_v8,/m/0dz3r,Madonna,Record_producer-GB,/people/person/profession,profession
/m/02prwdh,/m/02h40lc,Breakfast_on_Pluto,English_Language,/film/film/language,"The most likely relationship between ""Breakfast_on_Pluto"" and ""English_Language"" in the context of a Knowledge Graph like Freebase is ""language""."
/m/0gcs9,/m/01vdm0,Bruce_Springsteen,Electronic_keyboard,/music/artist/track_contributions./music/track_contribution/role,instrument
/m/04ydr95,/m/01jfsb,The_Book_of_Eli,Thriller,/film/film/genre,Genre
/m/017drs,/m/049n7,Shortstop,Kansas_City_Royals,/sports/sports_position/players./sports/sports_team_roster/team,"""position played for"""
/m/08b0cj,/m/0fnc_,Mohamed_Kallon,Freetown,/people/person/spouse_s./people/marriage/location_of_ceremony,"""place of birth"""
/m/029qzx,/m/01yg9y,Oral_Roberts_University,Kathie_Lee_Gifford,/education/educational_institution/students_graduates./education/education/student,"""alumni"""
/m/01nm3s,/m/027l4q,John_Goodman,Pacific_Palisades,/people/person/places_lived./people/place_lived/location,"""place of residence"""
/m/0gqng,/m/0bzknt,Academy_Award_for_Best_Foreign_Language_Film,44th_Academy_Awards,/award/award_category/winners./award/award_honor/ceremony,"""award ceremony"""
/m/0lx2l,/m/07_jd,Jim_Carrey,Vegetarianism,/base/eating/practicer_of_diet/diet,"The most likely relationship between Jim Carrey and Vegetarianism in the context of a Knowledge Graph like Freebase would be ""dietary practice""."
/m/0kz2w,/m/02j62,Brandeis_University,Economics,/education/educational_institution/students_graduates./education/education/major_field_of_study,"""academic program"""
/m/0cqh57,/m/01cssf,Donald_McAlpine,Romeo_+_Juliet,/award/award_nominee/award_nominations./award/award_nomination/nominated_for,cinematographer of
/m/0ff2k,/m/0kyk,Roald_Dahl,Author-GB,/people/person/profession,Nationality
/m/06c62,/m/0ytc,Rome,A.S._Roma,/sports/sports_team_location/teams,"""location of"""
/m/0k2sk,/m/02kdv5l,Who_Framed_Roger_Rabbit,Action_Film,/film/film/genre,genre
/m/0bqytm,/m/0345h,Michael_Ballhaus,Germany,/people/person/nationality,place of birth
/m/0f2sx4,/m/074w86,I_Now_Pronounce_You_Chuck_and_Larry,Deuce_Bigalow:_European_Gigolo,/award/award_nominated_work/award_nominations./award/award_nomination/nominated_for,"The most likely relationship between ""I_Now_Pronounce_You_Chuck_and_Larry"" and ""Deuce_Bigalow:_European_Gigolo"" in the context of a Knowledge Graph like Freebase is ""shared director"" or """
/m/0fphf3v,/m/0k6nt,New_Year's_Eve,Denmark-GB,/film/film/release_date_s./film/film_regional_release_date/film_release_region,"The most likely relationship between ""New Year's Eve"" and ""Denmark-GB"" in the context of a Knowledge Graph like Freebase is ""celebrated in""."
/m/0dwz3t,/m/02vx4,Cardiff_City_F.C.,Football,/sports/sports_team/sport,"The most likely relationship between Cardiff_City_F.C. and Football in the context of a Knowledge Graph like Freebase is ""sport""."
/m/09qwmm,/m/0416y94,Screen_Actors_Guild_Award_for_Outstanding_Performance_by_a_Female_Actor_in_a_Leading_Role,Julie_&_Julia,/award/award_category/nominees./award/award_nomination/nominated_for,"""award won for"""
/m/0478__m,/m/0nbcg,Lady_Gaga,Songwriter-GB,/people/person/profession,profession
/m/02hct1,/m/01l9p,Arrested_Development,Charlize_Theron,/tv/tv_program/regular_cast./tv/regular_tv_appearance/actor,"""acted in"""
/m/0hgnl3t,/m/0ch6mp2,Flight,Sound_Mixer,/film/film/other_crew./film/film_crew_gig/film_crew_role,"""film crew role"""
/m/043sct5,/m/01mjq,"The_Good,_the_Bad,_the_Weird",Czech_Republic,/film/film/release_date_s./film/film_regional_release_date/film_release_region,"The most likely relationship between ""The_Good,_the_Bad,_the_Weird"" and ""Czech_Republic"" in the context of a Knowledge Graph like Freebase would be ""filming location""."
/m/01g5kv,/m/0dxtg,Amber_Benson,Screenwriter,/people/person/profession,profession
/m/0g2jl,/m/05qjt,Washington_University_in_St._Louis,Physics,/education/educational_institution/students_graduates./education/education/major_field_of_study,field of study
/m/01hkhq,/m/02hrh1q,Helen_Mirren,Actor-GB,/people/person/profession,"""profession"""
/m/04cppj,/m/0b90_r,Road_Trip,Mexico,/film/film/release_date_s./film/film_regional_release_date/film_release_region,"""destination"""
/m/041rx,/m/0mdyn,Jewish_people,Corey_Feldman,/people/ethnicity/people,"""ethnicity"""
/m/021q1c,/m/01k7xz,Research_Assistant,Radcliffe_College,/business/job_title/people_with_this_title./business/employment_tenure/company,"""educational institution"""
/m/0f25w9,/m/0g5gq,Chicken_meat,Methionine,/food/food/nutrients./food/nutrition_fact/nutrient,contains
/m/06w38l,/m/0gr4k,Philip_Yordan,Academy_Award_for_Best_Writing_Adapted_Screenplay,/award/award_nominee/award_nominations./award/award_nomination/award,"""award received"""
/m/02jx1,/m/01z28b,England,Watford,/location/location/contains,"""location of"""
/m/06pk8,/m/0dxtg,Spike_Jonze,Screenwriter,/people/person/profession,profession
/m/01mwsnc,/m/0dz3r,Ronnie_Wood,Record_producer-GB,/people/person/profession,"""profession"""
/m/09xvf7,/m/0gq9h,Robert_Z._Leonard,Academy_Award_for_Best_Picture,/award/award_nominee/award_nominations./award/award_nomination/award,nominated for
/m/01q460,/m/062z7,National_University_of_Singapore,Political_Science,/education/educational_institution/students_graduates./education/education/major_field_of_study,"The most likely relationship between ""National_University_of_Singapore"" and ""Political_Science"" in the context of a Knowledge Graph like Freebase is ""offers academic program in""."
/m/03hkv_r,/m/071nw5,Writers_Guild_of_America_Award_for_Best_Adapted_Screenplay,Little_Children,/award/award_category/nominees./award/award_nomination/nominated_for,"""award winner"""
/m/01trhmt,/m/08swgx,Usher,Joy_Bryant,/base/popstra/celebrity/canoodled./base/popstra/canoodled/participant,"""acted in"""
/m/0173b0,/m/0889x,Glam_metal,Yngwie_Malmsteen,/music/genre/artists,genre
/m/01ync,/m/09ggk,Colorado_Rockies,Purple,/sports/sports_team/colors,Team color
/m/0frq6,/m/075pwf,Pork,Decanoic_acid,/food/food/nutrients./food/nutrition_fact/nutrient,Contains ingredient
/m/05c26ss,/m/03ryn,Madagascar_3:_Europe's_Most_Wanted,Indonesia,/film/film/release_date_s./film/film_regional_release_date/film_release_region,"The most likely relationship between ""Madagascar_3:_Europe's_Most_Wanted"" and ""Indonesia"" in the context of a Knowledge Graph like Freebase would be ""filming location""."
/m/0bvn25,/m/030qb3t,Knocked_Up,Los_Angeles,/film/film/featured_film_locations,"""filming location"""
/m/0fbvqf,/m/0gvstc3,Primetime_Emmy_Award_for_Outstanding_Supporting_Actor_-_Drama_Series,63rd_Primetime_Emmy_Awards,/award/award_category/winners./award/award_honor/ceremony,"""award presented at"""
/m/014w_8,/m/01hbgs,Sepsis,Old_age,/medicine/disease/risk_factors,risk factor
/m/0f7hw,/m/02l7c8,Coming_to_America,Romance_Film,/film/film/genre,genre
/m/09p30_,/m/0l76z,60th_Golden_Globe_Awards,Sex_and_the_City,/award/award_ceremony/awards_presented./award/award_honor/honored_for,"""award winner"""
/m/0k345,/m/06br6t,Avant-garde,Animal_Collective,/music/genre/artists,genre
/m/03hl6lc,/m/08nvyr,Writers_Guild_of_America_Award_for_Best_Original_Screenplay,Babel,/award/award_category/nominees./award/award_nomination/nominated_for,"""award winner"""
/m/05z7c,/m/0k0rf,Psycho,Rope,/award/award_nominated_work/award_nominations./award/award_nomination/nominated_for,Directed by
/m/08815,/m/08mbj5d,Yale_University,Official_Website,/common/topic/webpage./common/webpage/category,"The most likely relationship between ""Yale_University"" and ""Official_Website"" in the context of a Knowledge Graph like Freebase is ""website""."
/m/0gh65c5,/m/06mkj,Cloud_Atlas,Spain,/film/film/release_date_s./film/film_regional_release_date/film_release_region,"""filming location"""
/m/01y_px,/m/0gr07,Jeff_Goldblum,Academy_Award_for_Best_Short_Film_(Live_Action),/award/award_nominee/award_nominations./award/award_nomination/award,"""nominated for"""
/m/03q5t,/m/025cbm,harpsichord,Clavinet,/music/performance_role/track_performances./music/track_contribution/role,instrument type
/m/04s934,/m/06fvc,Lowell_High_School,Red,/education/educational_institution/colors,School color
/m/02r0csl,/m/01mgw,BAFTA_Award_for_Best_Makeup_&_Hair,"Crouching_Tiger,_Hidden_Dragon",/award/award_category/nominees./award/award_nomination/nominated_for,"""award winner"""
/m/02773m2,/m/02krf9,John_Riggi,Television_Director,/people/person/profession,Profession
/m/0bmpm,/m/02h40lc,Going_My_Way,English_Language,/film/film/language,"The most likely relationship between ""Going_My_Way"" and ""English_Language"" in the context of a Knowledge Graph like Freebase is ""language""."
/m/02825cv,/m/0jgd,Walk_Hard:_The_Dewey_Cox_Story,Argentina,/film/film/release_date_s./film/film_regional_release_date/film_release_region,"The most likely relationship between ""Walk Hard: The Dewey Cox Story"" and ""Argentina"" in the context of a Knowledge Graph like Freebase is ""filming location""."
/m/035s95,/m/09vw2b7,The_Newton_Boys,Special_Effects_Supervisor,/film/film/other_crew./film/film_crew_gig/film_crew_role,"""special effects"""
/m/01ycck,/m/02jx1,Alan_Parker,England,/people/person/nationality,place of birth
/m/02gnmp,/m/016yr0,"California_State_University,_Los_Angeles",Edward_James_Olmos,/education/educational_institution/students_graduates./education/education/student,"""alma mater"""
/m/08fn5b,/m/01_d4,Flags_of_Our_Fathers,Chicago,/film/film/featured_film_locations,"The most likely relationship between ""Flags_of_Our_Fathers"" and ""Chicago"" in the context of a Knowledge Graph like Freebase is ""filming location""."
/m/0d060g,/m/04k4l,Canada,League_of_Nations,/organization/organization_member/member_of./organization/organization_membership/organization,member of
/m/0hdf8,/m/01mxt_,Progressive_metal,Steve_Vai,/music/genre/artists,"The most likely relationship between ""Progressive_metal"" and ""Steve_Vai"" in the context of a Knowledge Graph like Freebase is ""genre"". Steve Vai is known for his work in various music genres, including progressive metal."
/m/09sh8k,/m/02h40lc,Fantastic_Four:_Rise_of_the_Silver_Surfer,English_Language,/film/film/language,"The most likely relationship between ""Fantastic_Four:_Rise_of_the_Silver_Surfer"" and ""English_Language"" in the context of a Knowledge Graph like Freebase is ""language""."
/m/01d38g,/m/015bwt,Grammy_Award_for_Best_R&B_Performance_by_a_Duo_or_Group_with_Vocals,Boyz_II_Men,/award/award_category/winners./award/award_honor/award_winner,"""award winner"""
/m/0dkv90,/m/01vx2h,Red_Cliff,Visual_Effects,/film/film/other_crew./film/film_crew_gig/film_crew_role,"""special effects"""
/m/03mh_tp,/m/01m5m5b,Management,Mychael_Danna,/film/film/music,"""profession"""
/m/03bx0bm,/m/01xqw,Lead_vocalist-GB,Cello,/music/performance_role/regular_performances./music/group_membership/role,"The most likely relationship between ""Lead_vocalist-GB"" and ""Cello"" in the context of a Knowledge Graph like Freebase would be ""instrument""."
/m/04wlz2,/m/083jv,Hampton_University,White,/education/educational_institution/colors,"The most likely relationship between ""Hampton_University"" and ""White"" in the context of a Knowledge Graph like Freebase is ""ethnicity demographics"" or ""student demographics""."
/m/01jzyx,/m/0c1ps1,St._John's_University,Joseph_R._Gannascoli,/education/educational_institution/students_graduates./education/education/student,"""alma mater"""
/m/07nxnw,/m/029j_,Beowulf,DVD,/film/film/release_date_s./film/film_regional_release_date/film_release_distribution_medium,"""distribution format"""
/m/015vq_,/m/09sb52,Bob_Hoskins,Screen_Actors_Guild_Award_for_Outstanding_Performance_by_a_Cast_in_a_Motion_Picture,/award/award_nominee/award_nominations./award/award_nomination/award,nominated for
/m/01vwbts,/m/026t6,Dido,Drum,/music/artist/track_contributions./music/track_contribution/role,"""instrument"""
/m/03c_cxn,/m/03crcpt,Happy-Go-Lucky,Jim_Clark,/film/film/edited_by,directed by
/m/024n3z,/m/04ztj,Karl_Urban,Marriage,/people/person/spouse_s./people/marriage/type_of_union,"""spouse"""
/m/025vry,/m/04ztj,Erich_Wolfgang_Korngold,Marriage,/people/person/spouse_s./people/marriage/type_of_union,"""spouse"""
/m/0fkvn,/m/0498y,Governor-GB,Kentucky,/government/government_office_category/officeholders./government/government_position_held/jurisdiction_of_office,"""office held by politician"""
/m/017_cl,/m/0j2jr,Crewe,Crewe_Alexandra_F.C.,/sports/sports_team_location/teams,"""location of"""
/m/04b_46,/m/058ncz,Tisch_School_of_the_Arts,Jesse_Metcalfe,/education/educational_institution/students_graduates./education/education/student,"""alumni"""
/m/02tktw,/m/09nqf,What_Lies_Beneath,United_States_Dollar,/film/film/estimated_budget./measurement_unit/dated_money_value/currency,"The most likely relationship between ""What_Lies_Beneath"" and ""United_States_Dollar"" in the context of a Knowledge Graph like Freebase is ""box office revenue""."
/m/05v10,/m/06sks6,Paraguay,2012_Summer_Olympics,/olympics/olympic_participating_country/athletes./olympics/olympic_athlete_affiliation/olympics,participated in
/m/025rzfc,/m/02psqkz,Great_Patriotic_War,Kingdom_of_Italy,/military/military_conflict/combatants./military/military_combatant_group/combatants,participant in
/m/0m63c,/m/09pmkv,The_Lion_King,Malaysia,/film/film/release_date_s./film/film_regional_release_date/film_release_region,"""filming location"""
/m/0p9sw,/m/08720,Academy_Award_for_Best_Sound_Mixing,WarGames,/award/award_category/nominees./award/award_nomination/nominated_for,"""award winner"""
/m/07jq_,/m/02bvt,Terrorism,David_Angell,/people/cause_of_death/people,Victim of
/m/0btpm6,/m/02hvd,The_Dark_Knight,DC_Comics,/film/film/production_companies,publisher
/m/029ql,/m/09c7w0,Doris_Day,United_States_of_America,/people/person/nationality,"""nationality"""
/m/0h7h6,/m/0jmcb,Toronto,Toronto_Raptors,/sports/sports_team_location/teams,"""home venue"""
/m/04f0xq,/m/05fjf,Merck_&_Co.,New_Jersey,/organization/organization/headquarters./location/mailing_address/state_province_region,headquarters location
/m/01k3s2,/m/05jxkf,University_of_Alberta,Public_university,/education/educational_institution/school_type,type_of_institution
/m/0h3xztt,/m/01p8s,The_Best_Exotic_Marigold_Hotel,Costa_Rica,/film/film/release_date_s./film/film_regional_release_date/film_release_region,filming location
/m/0chghy,/m/0c8wxp,Australia,Catholicism,/location/statistical_region/religions./location/religion_percentage/religion,"""religion"""
/m/0gvbw,/m/0cr3d,Pfizer,Brooklyn,/organization/organization/place_founded,"""location of headquarters"""
/m/02pjc1h,/m/01t_vv,In_Bruges,Comedy-drama,/film/film/genre,Genre
/m/02js6_,/m/01zfzb,Jake_Gyllenhaal,City_Slickers,/film/actor/film./film/performance/film,"""acted in"""
/m/0181dw,/m/0892sx,RCA_Records,Mark_Ronson,/music/record_label/artist,"""record label"""
/m/081pw,/m/0bs4r,World_War_II,The_Bridge_on_the_River_Kwai,/film/film_subject/films,"""subject of"""
/m/07y_7,/m/0134wr,Violin,Bee_Gees,/music/performance_role/regular_performances./music/group_membership/group,"The most likely relationship between ""Violin"" and ""Bee_Gees"" in the context of a Knowledge Graph like Freebase would be ""instrument played""."
/m/027x7z5,/m/09vw2b7,Queen_of_the_Damned,Special_Effects_Supervisor,/film/film/other_crew./film/film_crew_gig/film_crew_role,"""special effects"""
/m/0cz_ym,/m/04rtpt,American_Gangster,Imagine_Entertainment,/film/film/production_companies,produced by
/m/060c4,/m/02bm1v,President,THQ,/business/job_title/people_with_this_title./business/employment_tenure/company,"""employer"""
/m/03n3gl,/m/0ch6mp2,Team_America:_World_Police,Sound_Mixer,/film/film/other_crew./film/film_crew_gig/film_crew_role,"""sound department"""
/m/043q4d,/m/0gps0z,Contestant,Nicole_Scherzinger,/tv/non_character_role/tv_regular_personal_appearances./tv/tv_regular_personal_appearance/person,"""participated in"""
/m/0sxdg,/m/06jplb,News_Corporation,New_World_Pictures,/organization/organization/child./organization/organization_relationship/child,"""owned by"""
/m/01z5tr,/m/09c7w0,Debra_Messing,United_States_of_America,/people/person/nationality,"""nationality"""
/m/01k60v,/m/06lbpz,Silkwood,Social_problem_film,/film/film/genre,"The most likely relationship between ""Silkwood"" and ""Social_problem_film"" in the context of a Knowledge Graph like Freebase is ""genre""."
/m/056878,/m/0p7h7,47th_Annual_Grammy_Awards,Jerry_Lee_Lewis,/award/award_ceremony/awards_presented./award/award_honor/award_winner,"""award nominee"""
/m/03z_g7,/m/05zppz,Nana_Patekar,Male,/people/person/gender,Gender
/m/01z7s_,/m/02hrh1q,Emilio_Estevez,Actor-GB,/people/person/profession,"""profession"""
/m/04mhl,/m/0kyk,Larry_Niven,Author-GB,/people/person/profession,"""nationality"""
/m/01f2w0,/m/0dl6fv,BBC_One,David_Copperfield-GB,/tv/tv_network/programs./tv/tv_network_duration/program,"""broadcasted"""
/m/01hb6v,/m/05wh0sh,Christopher_Hitchens,Vladimir_Lenin,/influence/influence_node/influenced_by,influenced by
/m/02yy88,/m/03lty,Sludge_metal,Heavy_metal,/music/genre/parent_genre,Genre.
/m/018mxj,/m/035qy,easyJet,Greece,/base/schemastaging/organization_extra/phone_number./base/schemastaging/phone_sandbox/service_location,operates in
/m/05r6t,/m/02t3ln,Punk_rock,Dropkick_Murphys,/music/genre/artists,genre
/m/011ycb,/m/05r4w,Quiz_Show,Portugal,/film/film/release_date_s./film/film_regional_release_date/film_release_region,"The most likely relationship between ""Quiz_Show"" and ""Portugal"" in the context of a Knowledge Graph like Freebase could be ""filming location""."
/m/06sy4c,/m/05zppz,John_Ruddy,Male,/people/person/gender,gender
/m/03_87,/m/04jwp,James_Joyce,George_Gordon_Byron,/influence/influence_node/influenced_by,influenced by
/m/0hwbd,/m/059rby,Faye_Dunaway,New_York,/people/person/places_lived./people/place_lived/location,"""place of residence"""
/m/0b_j2,/m/02v1m7,Billy_Joel,Grammy_Award_for_Best_Music_Video,/award/award_nominee/award_nominations./award/award_nomination/award,nominated for
/m/038c0q,/m/0225bv,2003_NBA_draft,University_of_Louisville,/sports/sports_league_draft/picks./sports/sports_league_draft_pick/school,"""drafted from"""
/m/025mbn,/m/01bx35,Grammy_Award_for_Best_Instrumental_Arrangement,43rd_Annual_Grammy_Awards,/award/award_category/winners./award/award_honor/ceremony,"""award presented at"""
/m/0dr_4,/m/02qt02v,Titanic,Japan_Academy_Prize_for_Outstanding_Foreign_Language_Film,/award/award_winning_work/awards_won./award/award_honor/award,"""award won"""
/m/02byfd,/m/04ztj,"Freddie_Prinze,_Jr.",Marriage,/people/person/spouse_s./people/marriage/type_of_union,"""spouse"""
/m/031b3h,/m/013b2h,Grammy_Award_for_Best_R&B_Album,44th_Annual_Grammy_Awards,/award/award_category/winners./award/award_honor/ceremony,"""award presented at"""
/m/017gm7,/m/09nqf,The_Lord_of_the_Rings:_The_Two_Towers,United_States_Dollar,/film/film/estimated_budget./measurement_unit/dated_money_value/currency,"""box office revenue"""
/m/0653m,/m/043n0v_,Standard_Mandarin,Ip_Man,/media_common/netflix_genre/titles,language spoken
/m/0853g,/m/0chghy,Wellington,Australia,/location/statistical_region/places_exported_to./location/imports_and_exports/exported_to,"""capital of"""
/m/01r3kd,/m/09c7w0,Girl_Scouts_of_the_USA,United_States_of_America,/organization/organization/headquarters./location/mailing_address/country,"""country"""
/m/05pbsry,/m/0bz5v2,Community,John_Oliver,/tv/tv_program/regular_cast./tv/regular_tv_appearance/actor,"""topic of"""
/m/029bkp,/m/028kk_,Bandleader,Music_Director,/people/profession/specialization_of,occupation
/m/014l7h,/m/06v99d,Newsreader-GB,GMA_Network,/business/job_title/people_with_this_title./business/employment_tenure/company,"""employer"""
/m/01lyv,/m/028hc2,Country,Lyle_Lovett,/music/genre/artists,"""nationality"""
/m/03w94xt,/m/0191h5,Avant-garde_music,John_Frusciante,/music/genre/artists,"""genre"""
/m/01pny5,/m/01g63y,Gary_Moore,Domestic_partnership,/people/person/spouse_s./people/marriage/type_of_union,No direct relationship.
/m/04_jsg,/m/05zppz,Thomas_DeLonge,Male,/people/person/gender,Gender
/m/0jrny,/m/07w8f,Christopher_Reeve,Unitarian_Universalism,/people/person/religion,"""religion"""
/m/07wm6,/m/05jxkf,University_of_Manitoba,Public_university,/education/educational_institution/school_type,type_of_institution
/m/02x73k6,/m/0blpg,National_Society_of_Film_Critics_Award_for_Best_Supporting_Actor,Everyone_Says_I_Love_You,/award/award_category/nominees./award/award_nomination/nominated_for,award_winning_work
/m/03f7xg,/m/09c7w0,Dead_Ringers,United_States_of_America,/film/film/country,"""country of origin"""
/m/0mbql,/m/0735l,The_Goonies,Streaming_media,/film/film/distributors./film/film_film_distributor_relationship/film_distribution_medium,Available on
/m/0ckm4x,/m/013d7t,Colleen_Clinkenbeard,Shreveport,/people/person/place_of_birth,Place of birth.
/m/0gdh5,/m/092bf5,Alanis_Morissette,Buddhism,/people/person/religion,"The most likely relationship between Alanis Morissette and Buddhism in the context of a Knowledge Graph like Freebase is ""practices"" or ""religion"". Alanis Morissette has been known to have an interest in Buddhism."
/m/013b2h,/m/01mskc3,44th_Annual_Grammy_Awards,Damian_Marley,/award/award_ceremony/awards_presented./award/award_honor/award_winner,"""award winner"""
/m/0404j37,/m/09vw2b7,The_Hurt_Locker,Special_Effects_Supervisor,/film/film/other_crew./film/film_crew_gig/film_crew_role,special effects supervisor
/m/01jpqb,/m/05qfh,"University_of_Nevada,_Las_Vegas",Psychology,/education/educational_institution/students_graduates./education/education/major_field_of_study,"""offers program in"""
/m/02fj8n,/m/01wgr,Blade_II,Czech_Language,/film/film/language,"The most likely relationship between ""Blade_II"" and ""Czech_Language"" in the context of a Knowledge Graph like Freebase is ""language""."
/m/02w7gg,/m/01v9724,English_people,Charles_Dickens,/people/ethnicity/people,"""notable person"""
/m/09f2j,/m/0g26h,"University_of_California,_Los_Angeles",Business_Administration,/education/educational_institution/students_graduates./education/education/major_field_of_study,"""offers academic program"""
/m/05p3738,/m/02kdv5l,Centurion,Action_Film,/film/film/genre,"""genre"""
/m/02r2j8,/m/09c7w0,Dune,United_States_of_America,/tv/tv_program/country_of_origin,"""country of origin"""
/m/014g91,/m/04ztj,Bill_Evans,Marriage,/people/person/spouse_s./people/marriage/type_of_union,"The most likely relationship between ""Bill_Evans"" and ""Marriage"" in the context of a Knowledge Graph like Freebase is ""spouse""."
/m/09gq0x5,/m/02h40lc,The_King's_Speech,English_Language,/film/film/language,Language
/m/015_1q,/m/04d_mtq,Columbia,Kevin_Jonas,/music/record_label/artist,"""educated at"""
/m/0fx2s,/m/02d413,Tragedy,Philadelphia,/film/film_subject/films,"""location of event"""
/m/03xx9l,/m/03gjzk,David_Alan_Grier,Television_producer-GB,/people/person/profession,"""profession"""
/m/06gn7r,/m/03rk0,Utpal_Dutt,India,/people/person/nationality,"""nationality"""
/m/0g9wdmc,/m/030qb3t,The_Iron_Lady,Los_Angeles,/film/film/release_date_s./film/film_regional_release_date/film_release_region,"""filming location"""
/m/03lt8g,/m/09c7w0,Eva_Longoria,United_States_of_America,/people/person/nationality,"""nationality"""
/m/01l9p,/m/09sb52,Charlize_Theron,Screen_Actors_Guild_Award_for_Outstanding_Performance_by_a_Cast_in_a_Motion_Picture,/award/award_nominee/award_nominations./award/award_nomination/award,"""award nominee"""
/m/02vkvcz,/m/07ssc,Shirley_Ann_Russell,United_Kingdom,/people/person/nationality,Place of birth.
/m/019z7q,/m/01tz6vs,Norman_Mailer,Leo_Tolstoy,/influence/influence_node/influenced_by,influenced by
/m/04z257,/m/09nqf,The_Brothers_Grimm,United_States_Dollar,/film/film/estimated_budget./measurement_unit/dated_money_value/currency,currency
/m/0cfz_z,/m/03rk0,Rajendra_Nath,India,/people/person/place_of_birth,"""nationality"""
/m/05gp3x,/m/04ztj,David_Simon,Marriage,/people/person/spouse_s./people/marriage/type_of_union,"""spouse"""
/m/057lbk,/m/09nqf,Fantastic_Four,United_States_Dollar,/film/film/estimated_budget./measurement_unit/dated_money_value/currency,"The most likely relationship between ""Fantastic_Four"" and ""United_States_Dollar"" in the context of a Knowledge Graph like Freebase would be ""currency used in""."
/m/0fvt2,/m/07ssc,Stephen_Baxter,United_Kingdom,/people/person/nationality,"""nationality"""
/m/04shbh,/m/02x8n1n,Daniel_Craig,Independent_Spirit_Award_for_Best_Supporting_Male,/award/award_nominee/award_nominations./award/award_nomination/award,nominated for
/m/015p37,/m/0dxtg,Janeane_Garofalo,Screenwriter,/people/person/profession,"""profession"""
/m/03qy3l,/m/0jn38,ATCO_Records,Dream_Theater,/music/record_label/artist,record_label
/m/0677j,/m/01lj9,"Pembroke_College,_Cambridge",Chemistry,/education/educational_institution/students_graduates./education/education/major_field_of_study,"""academic program"""
/m/06pcz0,/m/0cp0ph6,Thomas_Lennon,Bad_Teacher,/film/actor/film./film/performance/film,acted in
/m/022p06,/m/02_286,Samuel_Goldwyn,New_York_City,/people/person/places_lived./people/place_lived/location,"""place of death"""
/m/0gtx63s,/m/05b4w,The_Lady,Norway,/film/film/release_date_s./film/film_regional_release_date/film_release_region,"""filming location"""
/m/05ztjjw,/m/07024,MTV_Movie_Award_for_Best_Movie,Saving_Private_Ryan,/award/award_category/nominees./award/award_nomination/nominated_for,"""award winner"""
/m/03r0g9,/m/02r96rf,Casino_Royale,Visual_Effects_Supervisor,/film/film/other_crew./film/film_crew_gig/film_crew_role,"""special effects supervisor"""
/m/03y82t6,/m/0np9r,Katy_Perry,Voice_Actor,/people/person/profession,"""profession"""
/m/04d817,/m/02_j1w,Shimizu_S-Pulse,Defender,/soccer/football_team/current_roster./sports/sports_team_roster/position,"The most likely relationship between ""Shimizu_S-Pulse"" and ""Defender"" in the context of a Knowledge Graph like Freebase is ""position played""."
/m/03ckfl9,/m/01516r,Experimental_music,Melvins,/music/genre/artists,"The most likely relationship between ""Experimental_music"" and ""Melvins"" in the context of a Knowledge Graph like Freebase is ""genre""."
/m/0ywrc,/m/082fr,The_Last_Emperor,West_Germany,/film/film/release_date_s./film/film_regional_release_date/film_release_region,"The most likely relationship between ""The_Last_Emperor"" and ""West_Germany"" in the context of a Knowledge Graph like Freebase is ""filming location""."
/m/0dw4g,/m/02f72n,U2,MTV_Video_Music_Award_for_Best_Visual_Effects,/award/award_nominee/award_nominations./award/award_nomination/award,"""award won"""
/m/016_nr,/m/03f4xvm,East_Coast_hip_hop,Mos_Def,/music/genre/artists,genre
/m/03bwzr4,/m/04chyn,Master_of_Science,University_of_the_West_Indies,/education/educational_degree/people_with_this_degree./education/education/institution,"""offered by"""
/m/0f_y9,/m/01c72t,John_Denver,Composer,/people/person/profession,Profession
/m/02qfv5d,/m/07j8r,Political_thriller,The_Crying_Game,/media_common/netflix_genre/titles,Genre
/m/04h1rz,/m/03gh4,91st_United_States_Congress,Hawaii,/government/legislative_session/members./government/government_position_held/district_represented,"""represented by"""
/m/018yj6,/m/07cbcy,William_Baldwin,Razzie_Award_for_Worst_Actor,/award/award_nominee/award_nominations./award/award_nomination/award,"""award nomination"""
/m/03f1r6t,/m/02_286,Regis_Philbin,New_York_City,/people/person/places_lived./people/place_lived/location,place of birth
/m/01zb_g,/m/08mbj5d,Creation_Records,Official_Website,/common/topic/webpage./common/webpage/category,"Error: Error code: 500 - {'error': {'message': 'upstream error: do request failed (request id: 20251213233446338795097dDHRN4Tu)', 'type': 'new_api_error', 'param': '', 'code': 'do_request_failed'}}"
/m/01vsykc,/m/02f705,Seal,MTV_Video_Music_Award_for_Artist_to_Watch,/award/award_nominee/award_nominations./award/award_nomination/award,"Error: Error code: 500 - {'error': {'message': 'upstream error: do request failed (request id: 20251213233448574521219juewziuk)', 'type': 'new_api_error', 'param': '', 'code': 'do_request_failed'}}"
/m/01zhs3,/m/02vx4,Ipswich_Town_F.C.,Football,/sports/sports_team/sport,"Error: Error code: 500 - {'error': {'message': 'upstream error: do request failed (request id: 202512132334507917804278cK8739U)', 'type': 'new_api_error', 'param': '', 'code': 'do_request_failed'}}"
/m/070m6c,/m/05mph,111th_United_States_Congress,Oklahoma,/government/legislative_session/members./government/government_position_held/district_represented,"Error: Error code: 500 - {'error': {'message': 'upstream error: do request failed (request id: 202512132334528609481888VmOL6TU)', 'type': 'new_api_error', 'param': '', 'code': 'do_request_failed'}}"
/m/02g5bf,/m/04vmp,Vijay_Anand,Mumbai,/people/deceased_person/place_of_death,"""place of death"""
/m/069nzr,/m/0cqhb3,Kyle_Chandler,Screen_Actors_Guild_Award_for_Outstanding_Performance_by_a_Male_Actor_in_a_Drama_Series,/award/award_nominee/award_nominations./award/award_nomination/award,"""award won"""
/m/03bx2lk,/m/03rj0,G-Force,Iceland,/film/film/release_date_s./film/film_regional_release_date/film_release_region,"""filming location"""
/m/0c0nhgv,/m/02vzc,Moneyball,Finland,/film/film/release_date_s./film/film_regional_release_date/film_release_region,"Error: <html>
<head><title>502 Bad Gateway</title></head>
<body>
<center><h1>502 Bad Gateway</h1></center>
<hr><center>nginx</center>
</body>
</html>"
/m/0cvkv5,/m/05p553,Volver,Comedy-GB,/film/film/genre,"Error: <html>
<head><title>502 Bad Gateway</title></head>
<body>
<center><h1>502 Bad Gateway</h1></center>
<hr><center>nginx</center>
</body>
</html>"
/m/086k8,/m/02gpkt,Warner_Bros._Entertainment,Rush_Hour,/film/film_distributor/films_distributed./film/film_film_distributor_relationship/film,"The most likely relationship between Warner_Bros._Entertainment and Rush_Hour in the context of a Knowledge Graph like Freebase is ""produced""."
/m/0glbqt,/m/0cq7tx,Doctor_Zhivago,The_Sound_of_Music,/award/award_winning_work/awards_won./award/award_honor/honored_for,"The most likely relationship between ""Doctor_Zhivago"" and ""The_Sound_of_Music"" in the context of a Knowledge Graph like Freebase is ""genre"". Both are films and could be categorized under similar genres such as ""drama"
/m/0n3g,/m/05r7t,Anguilla,Puerto_Rico,/location/statistical_region/places_exported_to./location/imports_and_exports/exported_to,"The most likely relationship between Anguilla and Puerto Rico in the context of a Knowledge Graph like Freebase would be ""located in the Caribbean."""
/m/02d45s,/m/01g63y,Djimon_Hounsou,Domestic_partnership,/people/person/spouse_s./people/marriage/type_of_union,"""relationship status"""
/m/02ny6g,/m/030qb3t,Demolition_Man,Los_Angeles,/film/film/featured_film_locations,"""setting location"""
/m/08m4c8,/m/0345h,Justin_Chambers,Germany,/people/person/nationality,"""place of birth"""
/m/024qwq,/m/029bkp,Rick_James,Bandleader,/people/person/profession,"""profession"""
/m/0f4vbz,/m/09c7w0,Angelina_Jolie,United_States_of_America,/people/person/nationality,"""nationality"""
/m/0f102,/m/062z7,University_of_Idaho,Political_Science,/education/educational_institution/students_graduates./education/education/major_field_of_study,"The most likely relationship between ""University_of_Idaho"" and ""Political_Science"" in the context of a Knowledge Graph like Freebase is ""offers academic program in""."
/m/0ftns,/m/08mbj5d,Valletta,Official_Website,/common/topic/webpage./common/webpage/category,"""official website"""
/m/0j_c,/m/0c8wxp,Alfred_Hitchcock,Catholicism,/people/person/religion,religion
/m/027c924,/m/04sry,National_Board_of_Review_Award_for_Best_Director,Martin_Scorsese,/award/award_category/winners./award/award_honor/award_winner,"""award winner"""
/m/011k1h,/m/06mj4,EMI,Red_Hot_Chili_Peppers,/music/record_label/artist,record_label
/m/03ylxn,/m/0mmd6,Nigeria_national_football_team,Everton_F.C.,/base/x2010fifaworldcupsouthafrica/world_cup_squad/current_world_cup_squad./base/x2010fifaworldcupsouthafrica/current_world_cup_squad/current_club,"""players"""
/m/049fgvm,/m/05zppz,Louis_C.K.,Male,/people/person/gender,Gender
/m/0k1jg,/m/09nqf,Roanoke,United_States_Dollar,/location/statistical_region/rent50_2./measurement_unit/dated_money_value/currency,"""currency used"""
/m/05bcl,/m/02h40lc,Northern_Ireland,English_Language,/location/country/official_language,"The most likely relationship between ""Northern_Ireland"" and ""English_Language"" in the context of a Knowledge Graph like Freebase is ""official language""."
/m/07f_t4,/m/01pvkk,300,Sound_Editor-GB,/film/film/other_crew./film/film_crew_gig/film_crew_role,"The most likely relationship between Entity 1 (300) and Entity 2 (Sound_Editor-GB) in the context of a Knowledge Graph like Freebase is ""film crew role""."
/m/0jkvj,/m/03fyrh,1976_Summer_Olympics,Greco-Roman_wrestling,/user/jg/default_domain/olympic_games/sports,"""featured sport"""
/m/070j61,/m/03ccq3s,Michael_Patrick_King,Primetime_Emmy_Award_for_Outstanding_Writing_-_Comedy_Series,/award/award_nominee/award_nominations./award/award_nomination/award,"""award won"""
/m/05k7sb,/m/0qkcb,Massachusetts,Newton,/location/location/contains,"""location of"""
/m/0k0sb,/m/0bjv6,Serbian_language,Republic_of_Macedonia,/language/human_language/countries_spoken_in,"""spoken in"""
/m/0gx1bnj,/m/0jgd,Seeking_a_Friend_for_the_End_of_the_World,Argentina,/film/film/release_date_s./film/film_regional_release_date/film_release_region,"The most likely relationship between ""Seeking_a_Friend_for_the_End_of_the_World"" and ""Argentina"" in the context of a Knowledge Graph like Freebase is ""filming location""."
/m/0892sx,/m/059rby,Mark_Ronson,New_York,/music/artist/origin,place of birth
/m/06jvj7,/m/09jwl,Lester_Holt,Musician-GB,/people/person/profession,"""profession"""
/m/02cg41,/m/04vrxh,46th_Annual_Grammy_Awards,Chad_Hugo,/award/award_ceremony/awards_presented./award/award_honor/award_winner,nominated for
/m/02mqc4,/m/0gqwc,Stockard_Channing,Academy_Award_for_Best_Actress,/award/award_nominee/award_nominations./award/award_nomination/award,nominated for
/m/0gmdkyy,/m/06r_by,84th_Academy_Awards,Robert_Richardson,/award/award_ceremony/awards_presented./award/award_honor/award_winner,"""award winner"""
/m/01wv9p,/m/0c8wxp,Marc_Anthony,Catholicism,/people/person/religion,religion
/m/0gs9p,/m/0dbbz,Academy_Award_for_Best_Director,Bernardo_Bertolucci,/award/award_category/winners./award/award_honor/award_winner,award_winner
/m/089j8p,/m/015fr,Mrs_Henderson_Presents,Brazil,/film/film/release_date_s./film/film_regional_release_date/film_release_region,"""filming location"""
/m/06g2d1,/m/04ztj,Terrence_Howard,Marriage,/people/person/spouse_s./people/marriage/type_of_union,"""has spouse"""
/m/07gknc,/m/02h40lc,Brian_Drummond,English_Language,/film/actor/dubbing_performances./film/dubbing_performance/language,"""languages spoken"""
/m/0488g,/m/02fqwt,Kansas,Central_Time_Zone,/location/location/time_zones,"""located in"""
/m/0ccck7,/m/03h64,To_Kill_a_Mockingbird,Hong_Kong,/film/film/release_date_s./film/film_regional_release_date/film_release_region,"""publication location"""
/m/02w4v,/m/01_ztw,Folk_music,Mandy_Moore,/music/genre/artists,genre
/m/07nt8p,/m/02h40lc,The_Illusionist,English_Language,/film/film/language,"The most likely relationship between ""The_Illusionist"" and ""English_Language"" in the context of a Knowledge Graph like Freebase is ""language""."
/m/07bdd_,/m/03nx8mj,Razzie_Award_for_Worst_Picture,Old_Dogs,/award/award_category/nominees./award/award_nomination/nominated_for,"""award winner"""
/m/0btpm6,/m/03rjj,The_Dark_Knight,Italy,/film/film/release_date_s./film/film_regional_release_date/film_release_region,"""filming location"""
/m/01z4y,/m/04h41v,Comedy-GB,The_Opposite_of_Sex,/media_common/netflix_genre/titles,"The most likely relationship between ""Comedy-GB"" and ""The_Opposite_of_Sex"" in the context of a Knowledge Graph like Freebase is ""genre""."
/m/04hwbq,/m/015fr,Toy_Story_3,Brazil,/film/film/release_date_s./film/film_regional_release_date/film_release_region,"""filming location"""
/m/09r9dp,/m/01g63y,Jon_Hamm,Domestic_partnership,/people/person/spouse_s./people/marriage/type_of_union,"""relationship status"""
/m/02cl1,/m/0km5c,Denver,German_Shepherd_Dog,/base/petbreeds/city_with_dogs/top_breeds./base/petbreeds/dog_city_relationship/dog_breed,"""Exhibited at"""
/m/028dcg,/m/021996,Bachelor_of_Fine_Arts,San_José_State_University,/education/educational_degree/people_with_this_degree./education/education/institution,"""offered by"""
/m/0h96g,/m/0bdwft,Sigourney_Weaver,Primetime_Emmy_Award_for_Outstanding_Lead_Actress_-_Miniseries_or_a_Movie,/award/award_nominee/award_nominations./award/award_nomination/award,"""award won"""
/m/06mmb,/m/049k07,Shannon_Elizabeth,Thomas_Ian_Nicholas,/award/award_winner/awards_won./award/award_honor/award_winner,"""acted in"""
/m/0blpg,/m/0219x_,Everyone_Says_I_Love_You,Indie_film,/film/film/genre,"The most likely relationship between ""Everyone_Says_I_Love_You"" and ""Indie_film"" in the context of a Knowledge Graph like Freebase is ""genre""."
/m/01xllf,/m/02rrfzf,Danny_Trejo,Spy_Kids,/film/actor/film./film/performance/film,acted in
/m/02jx1,/m/013t85,England,Pontefract,/location/location/contains,location
/m/028tv0,/m/0j862,Lead_guitar,Tenor-GB,/music/performance_role/regular_performances./music/group_membership/role,"The most likely relationship between ""Lead_guitar"" and ""Tenor-GB"" in the context of a Knowledge Graph like Freebase is ""instrument""."
/m/02lf1j,/m/02kk_c,Kevin_Pollak,From_the_Earth_to_the_Moon,/award/award_nominee/award_nominations./award/award_nomination/nominated_for,"""acted in"""
/m/0gr4k,/m/09306z,Academy_Award_for_Best_Writing_Adapted_Screenplay,58th_Academy_Awards,/award/award_category/winners./award/award_honor/ceremony,"""award ceremony"""
/m/01bx35,/m/02f1c,43rd_Annual_Grammy_Awards,Dolly_Parton,/award/award_ceremony/awards_presented./award/award_honor/award_winner,"""award nominee"""
/m/0f2v0,/m/02b9g4,Miami,Ryan_Seacrest,/base/popstra/location/vacationers./base/popstra/vacation_choice/vacationer,"""place of residence"""
/m/09_9n,/m/06qd3,Ski_jumping,South_Korea,/olympics/olympic_sport/athletes./olympics/olympic_athlete_affiliation/country,"""host country"""
/m/01m15br,/m/026mg3,Chris_Thile,Grammy_Award_for_Best_Country_Instrumental_Performance,/award/award_nominee/award_nominations./award/award_nomination/award,"""award won"""
/m/029_3,/m/0dxtg,David_Letterman,Screenwriter,/people/person/profession,profession
/m/0dl5d,/m/047cx,Progressive_rock,King_Crimson,/music/genre/artists,genre
/m/02lmk,/m/01g63y,Erwin_Rommel,Domestic_partnership,/people/person/spouse_s./people/marriage/type_of_union,No direct relationship.
/m/015fr,/m/0b6css,Brazil,African_Development_Bank,/organization/organization_member/member_of./organization/organization_membership/organization,member of
/m/01f7jt,/m/06n90,Back_to_the_Future_Part_II,Science_Fiction,/film/film/genre,Genre
/m/03x31g,/m/04vmp,Tabu,Mumbai,/people/person/places_lived./people/place_lived/location,Place of birth.
/m/017s11,/m/025n07,Columbia_Pictures,xXx,/film/film_distributor/films_distributed./film/film_film_distributor_relationship/film,"The most likely relationship between Columbia Pictures and xXx in the context of a Knowledge Graph like Freebase is ""produced"". Columbia Pictures is a film production company that produced the movie xXx."
/m/02_p8v,/m/01hp5,Michael_Gough,Batman,/film/actor/film./film/performance/film,acted in
/m/07cbcy,/m/0bv8h2,Razzie_Award_for_Worst_Actor,Bicentennial_Man,/award/award_category/nominees./award/award_nomination/nominated_for,"""award nominee"""
/m/0163v,/m/0hzc9wc,Belarus,Sovereign_state,/base/aareas/schema/administrative_area/administrative_area_type,"The most likely relationship between ""Belarus"" and ""Sovereign_state"" in the context of a Knowledge Graph like Freebase is ""type of""."
/m/0dq630k,/m/05148p4,baritone_guitar,Keyboard,/music/performance_role/track_performances./music/track_contribution/role,instrument_family
/m/0j_sncb,/m/034h1h,University_of_Florida,Association_of_American_Universities,/organization/organization_member/member_of./organization/organization_membership/organization,member of
/m/01wwnh2,/m/05r5c,Lukasz_Gottwald,Piano,/music/artist/track_contributions./music/track_contribution/role,instrument
/m/0jgx,/m/0jhn7,Armenia,1996_Summer_Olympics,/olympics/olympic_participating_country/medals_won./olympics/olympic_medal_honor/olympics,participated in
/m/0289q,/m/03nt7j,Denver_Broncos,2004_NFL_Draft,/sports/professional_sports_team/draft_picks./sports/sports_league_draft_pick/draft,"""drafted players"""
/m/018pj3,/m/0tygl,Emily_Robison,Pittsfield,/music/artist/origin,Place of birth.
/m/03v1s,/m/01y0s9,Indiana,Nondenominational_Christianity,/location/statistical_region/religions./location/religion_percentage/religion,"""religion in"""
/m/043q6n_,/m/01d_h8,Neal_H._Moritz,Film_Producer-GB,/people/person/profession,"""profession"""
/m/06x76,/m/0jm_,St._Louis_Rams,American_football,/sports/sports_team/sport,"The most likely relationship between ""St._Louis_Rams"" and ""American_football"" in the context of a Knowledge Graph like Freebase is ""sport""."
/m/07x4qr,/m/0k6nt,The_Smurfs,Denmark-GB,/film/film/release_date_s./film/film_regional_release_date/film_release_region,"""country of origin"""
/m/01npcy7,/m/09c7w0,Brian_Austin_Green,United_States_of_America,/people/person/nationality,"""nationality"""
/m/03qk20,/m/01wyz92,I.R.S._Records,Lil'_Kim,/music/record_label/artist,record_label
/m/04yt7,/m/0dn44,Michael_Palin,Terry_Jones,/award/award_nominee/award_nominations./award/award_nomination/award_nominee,Collaborated with
/m/027pfg,/m/03cx282,Big_Fish,Philippe_Rousselot,/film/film/cinematography,cinematography
/m/0l99s,/m/03pm9,Henry_James,Henrik_Ibsen,/influence/influence_node/influenced_by,"The most likely relationship between Henry James and Henrik Ibsen in the context of a Knowledge Graph like Freebase would be ""contemporaries"" or ""influenced by,"" as both were prominent writers during the late 19th and early"
/m/07c5l,/m/0162v,Americas,Barbados,/location/location/contains,"""continent"""
/m/01ydzx,/m/05zppz,Paul_Weller,Male,/people/person/gender,Gender
/m/043qqt5,/m/06b4wb,The_Smurfs,Russi_Taylor,/tv/tv_program/regular_cast./tv/regular_tv_appearance/actor,"""voice actor"""
/m/06f41,/m/02k8k,Rowing,El_Salvador,/olympics/olympic_sport/athletes./olympics/olympic_athlete_affiliation/country,"""practiced in"""
/m/09kzxt,/m/0dgrmp,AEL_Limassol,Goalkeeper,/soccer/football_team/current_roster./soccer/football_roster_position/position,Position played
/m/01pgzn_,/m/02hrh1q,Lindsay_Lohan,Actor-GB,/people/person/profession,"""profession"""
/m/022h5x,/m/04hgpt,Bachelor_of_Business_Administration,Pennsylvania_State_University,/education/educational_degree/people_with_this_degree./education/education/institution,"""offered by"""
/m/09sdmz,/m/01rwpj,Screen_Actors_Guild_Award_for_Outstanding_Performance_by_a_Male_Actor_in_a_Supporting_Role,Sexy_Beast,/award/award_category/nominees./award/award_nomination/nominated_for,"""award nominee"""
/m/07jq_,/m/01jmyj,Terrorism,Air_Force_One,/film/film_subject/films,"""subject of"""
/m/0jwmp,/m/07h07,Brazil,Tom_Stoppard,/film/film/written_by,"""nationality"""
/m/0jnh,/m/04bbb8,American_Revolutionary_War,Patriot,/military/military_conflict/combatants./military/military_combatant_group/combatants,participant in
/m/01cszh,/m/086qd,Arista_Records,Whitney_Houston,/music/record_label/artist,signed to
/m/02h4rq6,/m/0gjv_,Bachelor_of_Science,University_of_London,/education/educational_degree/people_with_this_degree./education/education/institution,"""degree offered by"""
/m/0821j,/m/012cph,William_Gibson,Dashiell_Hammett,/influence/influence_node/influenced_by,influenced by
/m/0cx7f,/m/04kjrv,Art_rock,Matthew_Bellamy,/music/genre/artists,genre
/m/01dtcb,/m/015bwt,Universal_Music_Group,Boyz_II_Men,/music/record_label/artist,record_label
/m/04jwp,/m/02jx1,George_Gordon_Byron,England,/people/person/nationality,"""nationality"""
/m/0bh8drv,/m/07ssc,Another_Year,United_Kingdom,/film/film/country,"""filming location"""
/m/0gqwc,/m/01gvyp,Academy_Award_for_Best_Actress,Louise_Fletcher,/award/award_category/winners./award/award_honor/award_winner,"""award winner"""
/m/02cft,/m/0ll3,Dublin,August,/travel/travel_destination/climate./travel/travel_destination_monthly_climate/month,"The most likely relationship between ""Dublin"" and ""August"" in the context of a Knowledge Graph like Freebase could be ""event date"" or ""festival month,"" as Dublin hosts various events and festivals in August."
/m/05s_k6,/m/01fmys,20th_Century_Fox_Home_Entertainment,Home_Alone,/film/film_distributor/films_distributed./film/film_film_distributor_relationship/film,"""distributed by"""
/m/01h4rj,/m/09c7w0,Robert_Stack,United_States_of_America,/people/person/nationality,"""nationality"""
/m/06pj8,/m/0157m,Steven_Spielberg,Bill_Clinton,/base/popstra/celebrity/friendship./base/popstra/friendship/participant,"The most likely relationship between Steven Spielberg and Bill Clinton in the context of a Knowledge Graph like Freebase is ""supported political campaign"" or ""political supporter."" Spielberg has been known to support and contribute to political campaigns, including those of Bill Clinton."
/m/01wkmgb,/m/09jwl,Bret_Michaels,Musician-GB,/people/person/profession,Profession
/m/04rjg,/m/011ypx,Mathematics,Good_Will_Hunting,/film/film_subject/films,"The most likely relationship between ""Mathematics"" and ""Good_Will_Hunting"" in the context of a Knowledge Graph like Freebase is ""subject of""."
/m/0gq9h,/m/08nvyr,Academy_Award_for_Best_Picture,Babel,/award/award_category/nominees./award/award_nomination/nominated_for,nominated for
/m/064t9,/m/05szp,Pop_music,Paula_Abdul,/music/genre/artists,"""genre"""
/m/0315w4,/m/09c7w0,The_Cell,United_States_of_America,/film/film/release_date_s./film/film_regional_release_date/film_release_region,"""filming location"""
/m/0275n3y,/m/042xrr,11th_Satellite_Awards,Anthony_Anderson,/award/award_ceremony/awards_presented./award/award_honor/award_winner,nominated for
/m/050xxm,/m/04t36,Corpse_Bride,Musical,/film/film/genre,"""genre"""
/m/05ftw3,/m/065zr,University_of_the_Punjab,"Punjab,_Pakistan",/organization/organization/headquarters./location/mailing_address/state_province_region,location
/m/07z1_q,/m/05lb65,Kathryn_Joosten,Brenda_Strong,/award/award_nominee/award_nominations./award/award_nomination/award_nominee,"Both Kathryn Joosten and Brenda Strong are actresses, and they both appeared in the television series ""Desperate Housewives."" Therefore, the most likely relationship between them in the context of a Knowledge Graph is ""co-starred in."""
/m/0njpq,/m/02hcv8,Genesee_County,Eastern_Time_Zone,/location/location/time_zones,"The most likely relationship between Genesee County and Eastern Time Zone in the context of a Knowledge Graph like Freebase is ""located in time zone""."
/m/02xry,/m/0rql_,Florida,West_Palm_Beach,/location/location/contains,"""contains"""
/m/02xwq9,/m/09c7w0,Robert_Guillaume,United_States_of_America,/people/person/nationality,"""nationality"""
/m/02gdjb,/m/09n4nb,Grammy_Award_for_Best_Pop_Instrumental_Performance,48th_Annual_Grammy_Awards,/award/award_category/winners./award/award_honor/ceremony,"""award presented at"""
/m/02f8zw,/m/05jxkf,University_of_Buenos_Aires,Public_university,/education/educational_institution/school_type,type_of_institution
/m/0gjc4d3,/m/04gzd,Man_of_Steel,Lithuania,/film/film/release_date_s./film/film_regional_release_date/film_release_region,"""filming location"""
/m/0c6g1l,/m/076zy_g,Chris_Pine,Unstoppable,/film/actor/film./film/performance/film,acted in
/m/0dq_5,/m/049mr,Managing_Director-GB,KLM,/organization/role/leaders./organization/leadership/organization,"""position held"""
/m/01sn3,/m/01yhm,Cleveland,Cleveland_Indians,/sports/sports_team_location/teams,"The most likely relationship between ""Cleveland"" and ""Cleveland_Indians"" in the context of a Knowledge Graph like Freebase is ""location of""."
/m/02pyyld,/m/039yzs,Pittsburgh_Panthers_men's_basketball,College_basketball,/sports/sports_team/sport,"""sport"""
/m/0c8qq,/m/09c7w0,Anne_of_the_Thousand_Days,United_States_of_America,/film/film/release_date_s./film/film_regional_release_date/film_release_region,"""country of origin"""
/m/01ktz1,/m/02hcv8,Augusta,Eastern_Time_Zone,/location/location/time_zones,Located in
/m/0n6ds,/m/02l7c8,Cruel_Intentions,Romance_Film,/film/film/genre,"The most likely relationship between ""Cruel_Intentions"" and ""Romance_Film"" in the context of a Knowledge Graph like Freebase is ""genre""."
/m/016zp5,/m/0bs0bh,Ian_Holm,Tony_Award_for_Best_Featured_Actor_in_a_Play,/award/award_nominee/award_nominations./award/award_nomination/award,award won
/m/09c7w0,/m/010t4v,United_States_of_America,Tacoma,/location/location/contains,"""contains"""
/m/013xrm,/m/04306rv,Germans,German_Language,/people/ethnicity/languages_spoken,Language spoken
/m/065z3_x,/m/02r96rf,Secretariat,Visual_Effects_Supervisor,/film/film/other_crew./film/film_crew_gig/film_crew_role,"There is no direct relationship between ""Secretariat"" and ""Visual_Effects_Supervisor"" in the context of a Knowledge Graph like Freebase, as ""Secretariat"" typically refers to the famous racehorse, while ""Visual_Effects_Super"
/m/0478__m,/m/09889g,Lady_Gaga,Michael_Jackson,/influence/influence_node/influenced_by,influenced by
/m/0cf08,/m/0k611,Rocky,Academy_Award_for_Best_Film_Editing,/award/award_winning_work/awards_won./award/award_honor/award,won
/m/077q8x,/m/0chghy,Bird,Australia,/film/film/release_date_s./film/film_regional_release_date/film_release_region,"""native to"""
/m/0pgm3,/m/02ywwy,Chris_Elliott,The_Avengers,/award/award_nominee/award_nominations./award/award_nomination/nominated_for,"""acted in"""
/m/01ck6v,/m/0gpjbt,Grammy_Award_for_Best_Solo_Rock_Vocal_Performance,49th_Annual_Grammy_Awards,/award/award_category/winners./award/award_honor/ceremony,"""award presented at"""
/m/06d4h,/m/023gxx,Racism,Remember_the_Titans,/film/film_subject/films,"The most likely relationship between ""Racism"" and ""Remember_the_Titans"" in the context of a Knowledge Graph is ""theme""."
/m/04zx3q1,/m/02cttt,PhD,"University_at_Buffalo,_The_State_University_of_New_York",/education/educational_degree/people_with_this_degree./education/education/institution,"""offered by"""
/m/04z0g,/m/025v3k,Milton_Friedman,University_of_Minnesota,/people/person/employment_history./business/employment_tenure/company,educated at
/m/01z4y,/m/058kh7,Comedy-GB,She's_Having_a_Baby,/media_common/netflix_genre/titles,Genre
/m/01nczg,/m/04ztj,Joan_Rivers,Marriage,/people/person/spouse_s./people/marriage/type_of_union,"""spouse"""
/m/06by7,/m/04rcr,Rock_music,Metallica,/music/genre/artists,"""genre"""
/m/01v40wd,/m/02hrh1q,Nas,Actor-GB,/people/person/profession,"""profession"""
/m/046f3p,/m/02r96rf,Kinsey,Visual_Effects_Supervisor,/film/film/other_crew./film/film_crew_gig/film_crew_role,"The most likely relationship between ""Kinsey"" and ""Visual_Effects_Supervisor"" in the context of a Knowledge Graph like Freebase would be ""crew member""."
/m/0947l,/m/05cw8,Milan,November,/travel/travel_destination/climate./travel/travel_destination_monthly_climate/month,"The most likely relationship between ""Milan"" and ""November"" in the context of a Knowledge Graph like Freebase could be ""event location"" or ""event date"", as Milan might host events or activities that occur in November."
/m/0gr4k,/m/0pv3x,Academy_Award_for_Best_Writing_Adapted_Screenplay,The_English_Patient,/award/award_category/nominees./award/award_nomination/nominated_for,"""award winner"""
/m/02ppm4q,/m/0fgpvf,BAFTA_Award_for_Best_Actress_in_a_Supporting_Role,Girl_with_a_Pearl_Earring,/award/award_category/nominees./award/award_nomination/nominated_for,"""award for"""
/m/05zksls,/m/0flw6,67th_Golden_Globe_Awards,Jeff_Bridges,/award/award_ceremony/awards_presented./award/award_honor/award_winner,"""award winner"""
/m/027752,/m/08mbj5d,United_National_Party,Official_Website,/common/topic/webpage./common/webpage/category,official website
/m/0m9p3,/m/082gq,A_Bridge_Too_Far,War_film,/film/film/genre,Genre
/m/0243cq,/m/0dq6p,The_Nightmare_Before_Christmas,VHS,/film/film/distributors./film/film_film_distributor_relationship/film_distribution_medium,format.
/m/065ym0c,/m/0j1z8,Detective_Dee:_Mystery_of_the_Phantom_Flame,United_Arab_Emirates,/film/film/release_date_s./film/film_regional_release_date/film_release_region,"The most likely relationship between ""Detective_Dee:_Mystery_of_the_Phantom_Flame"" and ""United_Arab_Emirates"" in the context of a Knowledge Graph like Freebase would be ""filming location""."
/m/064p92m,/m/02hrh1q,Tinnu_Anand,Actor-GB,/people/person/profession,"""profession"""
/m/05b3ts,/m/0fbq2n,Safety,Oregon_Ducks_football,/sports/sports_position/players./sports/sports_team_roster/team,"""team safety measures"""
/m/01540,/m/01mkq,Biology,Computer_Science,/education/field_of_study/students_majoring./education/education/major_field_of_study,"The most likely relationship between ""Biology"" and ""Computer_Science"" in the context of a Knowledge Graph like Freebase is ""interdisciplinary field""."
/m/014mlp,/m/02gnh0,Bachelor_of_Arts,"California_State_Polytechnic_University,_Pomona",/education/educational_degree/people_with_this_degree./education/education/institution,"""degree offered by"""
/m/0dzkq,/m/01hng3,Jacques_Derrida,Sephardic_Judaism,/people/person/religion,"The most likely relationship between Jacques Derrida and Sephardic Judaism in the context of a Knowledge Graph like Freebase would be ""ethnicity"" or ""cultural heritage,"" as Jacques Derrida was of Sephardic Jewish descent."
/m/03c7tr1,/m/0fphf3v,Razzie_Award_for_Worst_Actress,New_Year's_Eve,/award/award_category/nominees./award/award_nomination/nominated_for,"""award won by"""
/m/03rbzn,/m/01znc_,Racewalking,Turkey,/olympics/olympic_sport/athletes./olympics/olympic_athlete_affiliation/country,"""practiced in"""
/m/01cf5,/m/03z19,Barnard_College,Internal_Revenue_Service,/organization/non_profit_organization/registered_with./organization/non_profit_registration/registering_agency,"""taxpayer"""
/m/0byq0v,/m/0jc_p,FC_Lorient,Orange,/sports/sports_team/colors,"The most likely relationship between FC Lorient and Orange in the context of a Knowledge Graph like Freebase is ""sponsor""."
/m/02ckl3,/m/05pcjw,Edmund_A._Walsh_School_of_Foreign_Service,Private_university,/education/educational_institution/school_type,"""instance of"""
/m/0k611,/m/02k1pr,Academy_Award_for_Best_Film_Editing,The_Poseidon_Adventure,/award/award_category/nominees./award/award_nomination/nominated_for,"""award winner"""
/m/02q52q,/m/0gqz2,The_Wizard_of_Oz,Academy_Award_for_Best_Original_Song,/award/award_winning_work/awards_won./award/award_honor/award,nominated for
/m/0xhtw,/m/0187x8,Hard_rock,Muse,/music/genre/artists,Genre
/m/0jmdb,/m/02bhj4,Denver_Nuggets,Saint_Joseph's_University,/sports/professional_sports_team/draft_picks./sports/sports_league_draft_pick/school,"The most likely relationship between ""Denver_Nuggets"" and ""Saint_Joseph's_University"" in the context of a Knowledge Graph like Freebase is ""alumni"". This indicates that a player or staff member associated with the Denver Nuggets may"
/m/02x1dht,/m/0404j37,Satellite_Award_for_Best_Original_Screenplay,The_Hurt_Locker,/award/award_category/nominees./award/award_nomination/nominated_for,won
/m/026lg0s,/m/08mbj5d,North_Carolina_Tar_Heels_football,Official_Website,/common/topic/webpage./common/webpage/category,"""official website"""
/m/019w9j,/m/015qh,Rhythmic_gymnastics,Bulgaria,/olympics/olympic_sport/athletes./olympics/olympic_athlete_affiliation/country,"""national team"""
/m/01dpsv,/m/02v1m7,Reba_McEntire,Grammy_Award_for_Best_Music_Video,/award/award_nominee/award_nominations./award/award_nomination/award,won
/m/09d28z,/m/081lh,New_York_Film_Critics_Circle_Award_for_Best_Film,Woody_Allen,/award/award_category/winners./award/award_honor/award_winner,award_winner
/m/01mt1fy,/m/0bdw6t,Don_Johnson,Primetime_Emmy_Award_for_Outstanding_Lead_Actor_-_Drama_Series,/award/award_nominee/award_nominations./award/award_nomination/award,"""award nominee"""
/m/07s6fsf,/m/01r3w7,MBA,Fairleigh_Dickinson_University,/education/educational_degree/people_with_this_degree./education/education/institution,"""offered by"""
/m/0ljc_,/m/03r0rq,Cartoon_Network,The_Venture_Bros.,/media_common/netflix_genre/titles,"""broadcasted"""
/m/04w7rn,/m/064_8sq,The_Golden_Compass,French_Language,/film/film/language,"The most likely relationship between ""The_Golden_Compass"" and ""French_Language"" in the context of a Knowledge Graph like Freebase is ""language""."
/m/03gkn5,/m/05zppz,Robert_Gates,Male,/people/person/gender,gender
/m/03nl5k,/m/019bk0,Grammy_Award_for_Best_Mexican/Mexican-American_Album,45th_Annual_Grammy_Awards,/award/award_category/winners./award/award_honor/ceremony,"""award presented at"""
/m/01vw26l,/m/08mbj5d,Ice_Cube,Official_Website,/common/topic/webpage./common/webpage/category,"""official website"""
/m/0660b9b,/m/09zzb8,The_Men_Who_Stare_at_Goats,Makeup_Artist-GB,/film/film/other_crew./film/film_crew_gig/film_crew_role,Makeup artist
/m/0n04r,/m/06mkj,Anatomy_of_a_Murder,Spain,/film/film/release_date_s./film/film_regional_release_date/film_release_region,"The most likely relationship between ""Anatomy_of_a_Murder"" and ""Spain"" in the context of a Knowledge Graph like Freebase is ""filming location""."
/m/01wbsdz,/m/013yq,Bow_Wow,Atlanta,/people/person/places_lived./people/place_lived/location,place of birth
/m/066yfh,/m/0ckd1,Clive_A._Smith,Executive_Producer,/tv/tv_producer/programs_produced./tv/tv_producer_term/producer_type,"""profession"""
/m/0vmt,/m/01n7q,Arizona,California,/location/location/adjoin_s./location/adjoining_relationship/adjoins,neighboring state
/m/0mnm2,/m/0mnm2,Lexington_city,Lexington_city,/location/hud_county_place/county,"The most likely relationship between ""Lexington_city"" and ""Lexington_city"" in the context of a Knowledge Graph like Freebase is ""same as"" or ""identity"". This indicates that both entities refer to the same city, possibly in different contexts"
/m/0gg5kmg,/m/05b4w,Killing_Them_Softly,Norway,/film/film/release_date_s./film/film_regional_release_date/film_release_region,"""filming location"""
/m/0f4vx0,/m/0dzst,2007_NBA_draft,Duke_University,/sports/sports_league_draft/picks./sports/sports_league_draft_pick/school,"""drafted from"""
/m/03q8xj,/m/0f8l9c,The_Motorcycle_Diaries,France,/film/film/country,filming location
/m/060c4,/m/01rr31,President,De_La_Salle_University-Manila,/organization/role/leaders./organization/leadership/organization,educated at
/m/0gv2r,/m/04ztj,Lewis_Milestone,Marriage,/people/person/spouse_s./people/marriage/type_of_union,spouse
/m/034np8,/m/0640y35,Jason_Lee,Alvin_and_the_Chipmunks:_The_Squeakquel,/film/actor/film./film/performance/film,acted in
/m/016z43,/m/09c7w0,The_Fisher_King,United_States_of_America,/film/film/country,"""filming location"""
/m/016tt2,/m/0ddj0x,20th_Century_Fox,The_Commitments,/film/film_distributor/films_distributed./film/film_film_distributor_relationship/film,"The most likely relationship between ""20th_Century_Fox"" and ""The_Commitments"" in the context of a Knowledge Graph like Freebase is ""distributor""."
/m/043tg,/m/039n1,Jacques_Lacan,Georg_Wilhelm_Friedrich_Hegel,/influence/influence_node/influenced_by,influenced by
/m/0gjc4d3,/m/01_d4,Man_of_Steel,Chicago,/film/film/featured_film_locations,"""filming location"""
/m/01y3_q,/m/0hh2s,Breakcore,Breakbeat,/music/genre/parent_genre,genre of
/m/0gq_v,/m/0kb57,Academy_Award_for_Best_Production_Design,The_Pride_of_the_Yankees,/award/award_category/nominees./award/award_nomination/nominated_for,"""award winner"""
/m/0146bp,/m/01336l,Type_2_diabetes,Asian_American,/medicine/disease/risk_factors,"""risk factor for"""
/m/09cdxn,/m/05zppz,Charles_Lang,Male,/people/person/gender,Gender
/m/06szd3,/m/081nh,Television_Hall_of_Fame,Walt_Disney,/award/hall_of_fame/inductees./award/hall_of_fame_induction/inductee,inductee
/m/0565cz,/m/06w7v,David_Lindley,slide_guitar,/music/artist/track_contributions./music/track_contribution/role,instrument
/m/01hq1,/m/06s26c,Batman_Returns,Jon_Peters,/film/film/executive_produced_by,produced by
/m/04bpm6,/m/08mbj5d,Jon_Brion,Official_Website,/common/topic/webpage./common/webpage/category,Official website.
/m/09hd16,/m/02xcb6n,Carlton_Cuse,Primetime_Emmy_Award_for_Outstanding_Writing_-_Drama_Series,/award/award_nominee/award_nominations./award/award_nomination/award,"""award won"""
/m/01skmp,/m/05b4l5x,Diane_Lane,Razzie_Award_for_Worst_Supporting_Actress,/award/award_nominee/award_nominations./award/award_nomination/award,nominated for
/m/02x4wr9,/m/02s4l6,Independent_Spirit_Award_for_Best_Director,Velvet_Goldmine,/award/award_category/nominees./award/award_nomination/nominated_for,"""award won"""
/m/031t2d,/m/09c7w0,Men_in_Black_II,United_States_of_America,/film/film/country,"""filming location"""
/m/0c422z4,/m/0ds3t5x,MTV_Movie_Award_for_Best_WTF_Moment,The_Help,/award/award_category/nominees./award/award_nomination/nominated_for,"""award nominee"""
/m/0146pg,/m/09nqf,John_Williams,United_States_Dollar,/base/schemastaging/person_extra/net_worth./measurement_unit/dated_money_value/currency,currency
/m/04cmrt,/m/0688f,Simran,Punjabi_language,/people/person/languages,"""speaks"""
/m/0fb0v,/m/01nz1q6,Geffen_Records,Yoko_Ono,/music/record_label/artist,"""record label"""
/m/014zcr,/m/05zr6wv,George_Clooney,MTV_Movie_Award_for_Best_On-Screen_Duo,/award/award_nominee/award_nominations./award/award_nomination/award,nominated for
/m/07kc_,/m/01v1d8,Theremin,Sampler,/music/performance_role/track_performances./music/track_contribution/role,"The most likely relationship between ""Theremin"" and ""Sampler"" in the context of a Knowledge Graph like Freebase would be ""instrument type"" or ""related instrument""."
/m/01wqg8,/m/04sh3,Harvard_Medical_School,Medicine,/education/educational_institution/students_graduates./education/education/major_field_of_study,"""field of study"""
/m/02vkvcz,/m/04ztj,Shirley_Ann_Russell,Marriage,/people/person/spouse_s./people/marriage/type_of_union,"""spouse"""
/m/06wrt,/m/07twz,Sailing,Uruguay,/olympics/olympic_sport/athletes./olympics/olympic_athlete_affiliation/country,"""practiced in"""
/m/073q1,/m/02lx0,Southeast_Asia,Timor-Leste,/location/location/contains,"""contains"""
/m/0dc7hc,/m/01vx2h,The_Pink_Panther_2,Visual_Effects,/film/film/other_crew./film/film_crew_gig/film_crew_role,"""special effects"""
/m/01323p,/m/02f716,Duran_Duran,MTV_Video_Music_Award_for_Best_Direction,/award/award_nominee/award_nominations./award/award_nomination/award,"""award won"""
/m/0466p0j,/m/07n3s,51st_Annual_Grammy_Awards-US,They_Might_Be_Giants,/award/award_ceremony/awards_presented./award/award_honor/award_winner,"""nominee"""
/m/09v82c0,/m/03nnm4t,"Primetime_Emmy_Award_for_Outstanding_Costumes_for_a_Miniseries,_Movie_or_a_Special",60th_Primetime_Emmy_Awards,/award/award_category/winners./award/award_honor/ceremony,"""award ceremony"""
/m/06s1qy,/m/04dn09n,Ronald_Bass,Golden_Globe_Award_for_Best_Screenplay_-_Motion_Picture,/award/award_nominee/award_nominations./award/award_nomination/award,nominated for
/m/021j72,/m/03rbj2,Raj_Kapoor,Filmfare_Award_for_Best_Supporting_Actor,/award/award_nominee/award_nominations./award/award_nomination/award,"""award won"""
/m/0jzphpx,/m/0k7pf,36th_Annual_Grammy_Awards,George_Martin,/award/award_ceremony/awards_presented./award/award_honor/award_winner,"""producer"""
/m/03m73lj,/m/0g55tzk,Screen_Actors_Guild_Award_for_Outstanding_Performance_by_a_Stunt_Ensemble_in_a_Motion_Picture,17th_Screen_Actors_Guild_Awards,/award/award_category/winners./award/award_honor/ceremony,"""award presented at"""
/m/0kc6x,/m/01x73,ESPN,Connecticut,/organization/organization/headquarters./location/mailing_address/state_province_region,headquarters location
/m/0_75d,/m/08mbj5d,Norristown,Official_Website,/common/topic/webpage./common/webpage/category,official_website
/m/07024,/m/02w_6xj,Saving_Private_Ryan,Los_Angeles_Film_Critics_Association_Award_for_Best_Director,/award/award_winning_work/awards_won./award/award_honor/award,"""award won"""
/m/0gbfn9,/m/03_3d,Fast_Food_Nation,Japan,/film/film/release_date_s./film/film_regional_release_date/film_release_region,"The most likely relationship between ""Fast_Food_Nation"" and ""Japan"" in the context of a Knowledge Graph like Freebase is ""topic of""."
/m/01nwwl,/m/04qw17,Jim_Broadbent,Vera_Drake,/film/actor/film./film/performance/film,"""acted in"""
/m/0c8qq,/m/0d0vqn,Anne_of_the_Thousand_Days,Sweden,/film/film/release_date_s./film/film_regional_release_date/film_release_region,"""filming location"""
/m/0282x,/m/04jpl,Douglas_Adams,London,/people/person/places_lived./people/place_lived/location,"""place of birth"""
/m/019v9k,/m/0dplh,Bachelor's_degree,University_College_London,/education/educational_degree/people_with_this_degree./education/education/institution,"""offered by"""
/m/0d35y,/m/01t032,Phoenix,Golden_Retriever,/base/petbreeds/city_with_dogs/top_breeds./base/petbreeds/dog_city_relationship/dog_breed,"The most likely relationship between ""Phoenix"" and ""Golden_Retriever"" in the context of a Knowledge Graph like Freebase is ""location of"". Phoenix could be a location where Golden Retrievers are bred or found."
/m/019z7q,/m/0d8qb,Norman_Mailer,Journalist-GB,/people/person/profession,Profession
/m/0rh6k,/m/01_gx_,"Washington,_D.C.",Yorkshire_Terrier,/base/petbreeds/city_with_dogs/top_breeds./base/petbreeds/dog_city_relationship/dog_breed,No direct relation.
/m/07m77x,/m/028k57,Jane_Lynch,Eugene_Levy,/award/award_nominee/award_nominations./award/award_nomination/award_nominee,"""acted in"""
/m/01vw26l,/m/02hrh1q,Ice_Cube,Actor-GB,/people/person/profession,"""profession"""
/m/0gvrws1,/m/07t21,Total_Recall,Ukraine,/film/film/release_date_s./film/film_regional_release_date/film_release_region,"The most likely relationship between ""Total Recall"" and ""Ukraine"" in the context of a Knowledge Graph like Freebase would be ""filming location""."
/m/05b1610,/m/03rtz1,Razzie_Award_for_Worst_Screenplay,North,/award/award_category/nominees./award/award_nomination/nominated_for,"There is no direct or likely relationship between ""Razzie_Award_for_Worst_Screenplay"" and ""North"" in the context of a Knowledge Graph like Freebase. These entities belong to different domains, with the former related to film awards and"
/m/01nfys,/m/07yvsn,Steve_Coogan,Marie_Antoinette,/film/actor/film./film/performance/film,"There is no direct or likely relationship between Steve Coogan and Marie Antoinette in the context of a Knowledge Graph like Freebase, as they belong to entirely different historical and cultural contexts. Steve Coogan is a contemporary actor and comedian, while Marie"
/m/04yt7,/m/0cbd2,Michael_Palin,Writer-GB,/people/person/profession,"""profession"""
/m/03d_zl4,/m/0gkvb7,Phil_Hartman,Primetime_Emmy_Award_for_Individual_Performance_-_Variety_Or_Music_Program,/award/award_nominee/award_nominations./award/award_nomination/award,"""award nominee"""
/m/030tjk,/m/04ztj,Ian_La_Frenais,Marriage,/people/person/spouse_s./people/marriage/type_of_union,"""spouse"""
/m/0gq_d,/m/0fk0xk,Academy_Award_for_Best_Short_Film_(Animated),36th_Academy_Awards,/award/award_category/winners./award/award_honor/ceremony,"""award presented at"""
/m/0n6kf,/m/03f47xl,Don_DeLillo,Vladimir_Vladimirovich_Nabokov,/influence/influence_node/influenced_by,influenced by
/m/02c7lt,/m/02hrh1q,Ida_Lupino,Actor-GB,/people/person/profession,"""profession"""
/m/0x3b7,/m/026m9w,Emmylou_Harris,Grammy_Award_for_Best_Female_Country_Vocal_Performance,/award/award_nominee/award_nominations./award/award_nomination/award,"""award won"""
/m/0f6rc,/m/0p7qm,Chinese_Civil_War,The_Sand_Pebbles,/film/film_subject/films,"""topic of"""
/m/06z6r,/m/0jgx,Swimming,Armenia,/olympics/olympic_sport/athletes./olympics/olympic_athlete_affiliation/country,"""national sport"""
/m/099bk,/m/03sbs,Martin_Heidegger,Immanuel_Kant,/influence/influence_node/influenced_by,influenced by
/m/01v9724,/m/081k8,Charles_Dickens,William_Shakespeare,/influence/influence_node/influenced_by,influenced by
/m/03f4n1,/m/0h5m7,Crown_of_Aragon,Zaragoza,/location/country/capital,capital of
/m/01j5ql,/m/028v3,Courage_Under_Fire,Detective_fiction,/film/film/genre,Genre
/m/01c6k4,/m/04pnx,Avid_Technology,Latin_America,/base/schemastaging/organization_extra/phone_number./base/schemastaging/phone_sandbox/service_location,"The most likely relationship between ""Avid_Technology"" and ""Latin_America"" in the context of a Knowledge Graph like Freebase would be ""operates in"" or ""markets in"", as Avid Technology is a company that"
/m/01j6t0,/m/01qqwn,Fatigue,Multiple_myeloma,/medicine/symptom/symptom_of,symptom_of
/m/0c40vxk,/m/03ryn,Haywire,Indonesia,/film/film/release_date_s./film/film_regional_release_date/film_release_region,Filming location
/m/018yj6,/m/02v8kmz,William_Baldwin,Bulworth,/film/actor/film./film/performance/film,acted in
/m/0gyfp9c,/m/0d0vqn,The_Sessions,Sweden,/film/film/release_date_s./film/film_regional_release_date/film_release_region,"The most likely relationship between ""The_Sessions"" and ""Sweden"" in the context of a Knowledge Graph like Freebase is ""filming location""."
/m/0gk7z,/m/09g7thr,University_of_Bristol,Times_Higher_Education_World_University_Rankings,/award/ranked_item/appears_in_ranked_lists./award/ranking/list,ranked in
/m/04twmk,/m/02h3d1,John_Larroquette,Grammy_Award_for_Best_Musical_Theater_Album,/award/award_nominee/award_nominations./award/award_nomination/award,"""award nominee"""
/m/0dq9p,/m/06dl_,Pneumonia,Raymond_Chandler,/people/cause_of_death/people,Cause of death
/m/0d1t3,/m/0d0vqn,Dressage,Sweden,/olympics/olympic_sport/athletes./olympics/olympic_athlete_affiliation/country,"""host country"""
/m/0193qj,/m/04k4l,Empire_of_Japan,League_of_Nations,/organization/organization_member/member_of./organization/organization_membership/organization,member of
/m/02r0csl,/m/0ndwt2w,BAFTA_Award_for_Best_Makeup_&_Hair,The_Hobbit:_An_Unexpected_Journey,/award/award_category/nominees./award/award_nomination/nominated_for,"""award winner"""
/m/04ztj,/m/09949m,Marriage,Istanbul,/people/marriage_union_type/unions_of_this_type./people/marriage/location_of_ceremony,"""place of occurrence"""
/m/03s5t,/m/051kv,Idaho,Methodism,/location/statistical_region/religions./location/religion_percentage/religion,"""religion"""
/m/0drtkx,/m/0g5b0q5,Golden_Globe_Award_for_Best_Animated_Feature_Film,68th_Golden_Globe_Awards,/award/award_category/winners./award/award_honor/ceremony,"""award presented at"""
/m/026spg,/m/01cw7s,Natalie_Cole,Grammy_Award_for_Best_Female_R&B_Vocal_Performance,/award/award_nominee/award_nominations./award/award_nomination/award,"""award won"""
/m/03k545,/m/02hrh1q,Emily_Mortimer,Actor-GB,/people/person/profession,"""profession"""
/m/048xyn,/m/03bxz7,The_Messenger:_The_Story_of_Joan_of_Arc,Biographical_film,/film/film/genre,Genre
/m/0b90_r,/m/039cpd,Mexico,Televisa,/location/location/contains,"""location of headquarters"""
/m/04lhc4,/m/09nqf,Erin_Brockovich,United_States_Dollar,/film/film/estimated_budget./measurement_unit/dated_money_value/currency,"""compensation currency"""
/m/01c427,/m/019bk0,Grammy_Award_for_Best_New_Artist,45th_Annual_Grammy_Awards,/award/award_category/winners./award/award_honor/ceremony,"""award presented at"""
/m/0j_t1,/m/07s9rl0,Nashville,Drama,/film/film/genre,"The most likely relationship between ""Nashville"" and ""Drama"" in the context of a Knowledge Graph like Freebase is ""genre of""."
/m/06mmb,/m/020bv3,Shannon_Elizabeth,Love_Actually,/film/actor/film./film/performance/film,"""acted in"""
/m/0830vk,/m/08mbj5d,The_Holiday,Official_Website,/common/topic/webpage./common/webpage/category,official website
/m/03k7bd,/m/0g22z,Hal_Holbrook,Wall_Street,/film/actor/film./film/performance/film,acted in
/m/02wh0,/m/015n8,Friedrich_Nietzsche,Baruch_Spinoza,/influence/influence_node/influenced_by,influenced by
/m/031sn,/m/0jbk9,Fort_Collins,United_States_Department_of_Housing_and_Urban_Development,/location/hud_foreclosure_area/estimated_number_of_mortgages./measurement_unit/dated_integer/source,"""located in"""
/m/0cjyzs,/m/02rkkn1,Primetime_Emmy_Award_for_Outstanding_Comedy_Series,Flight_of_the_Conchords,/award/award_category/nominees./award/award_nomination/nominated_for,"""award winner"""
/m/06j6l,/m/016kjs,Rhythm_and_blues,Lil_Wayne,/music/genre/artists,"""genre"""
/m/01qhm_,/m/02qhm3,German_American,Mary_Astor,/people/ethnicity/people,"""ethnicity"""
/m/0p07l,/m/0k9wp,El_Paso_County,United_States_Air_Force_Academy,/location/location/contains,"""location of"""
/m/0gkz3nz,/m/03_3d,Moonrise_Kingdom,Japan,/film/film/release_date_s./film/film_regional_release_date/film_release_region,"""filming location"""
/m/0b_fw,/m/0c8wxp,Anthony_Quinn,Catholicism,/people/person/religion,religion
/m/0kvgxk,/m/02r96rf,The_Ice_Storm,Visual_Effects_Supervisor,/film/film/other_crew./film/film_crew_gig/film_crew_role,special effects supervisor
/m/040z9,/m/09sr0,Jack_Lemmon,JFK,/film/actor/film./film/performance/film,"The most likely relationship between Jack Lemmon and JFK in the context of a Knowledge Graph like Freebase would be ""political affiliation"" or ""supporter of"", as Jack Lemmon was known to be a supporter of John F. Kennedy."
/m/01grpq,/m/07_f2,5th_United_States_Congress,Vermont,/government/legislative_session/members./government/government_position_held/district_represented,"""jurisdiction"""
/m/0jrv_,/m/01dqhq,Thrash_metal,New_Wave_of_British_Heavy_Metal,/music/genre/parent_genre,"The most likely relationship between ""Thrash_metal"" and ""New_Wave_of_British_Heavy_Metal"" in the context of a Knowledge Graph like Freebase is ""influenced by""."
/m/02211by,/m/0k8z,Chief_Technology_Officer,Apple_Inc.,/business/job_title/people_with_this_title./business/employment_tenure/company,"""position held"""
/m/05zvzf3,/m/0cj16,A_Prophet,35_mm_film,/film/film/film_format,"""film format used"""
/m/04crrxr,/m/02hrh1q,Wyatt_Cenac,Actor-GB,/people/person/profession,"""profession"""
/m/03_8r,/m/019rg5,Judo,Kenya,/olympics/olympic_sport/athletes./olympics/olympic_athlete_affiliation/country,"""practiced in"""
/m/07pd_j,/m/05p553,American_Pie,Comedy-GB,/film/film/genre,Genre
/m/01fs_4,/m/01rp13,Bea_Arthur,Malcolm_in_the_Middle,/award/award_nominee/award_nominations./award/award_nomination/nominated_for,"""acted in"""
/m/07j8r,/m/05qhw,The_Crying_Game,Poland,/film/film/release_date_s./film/film_regional_release_date/film_release_region,Filming location.
/m/02gr81,/m/0_jm,University_of_Houston,Accountancy,/education/educational_institution/students_graduates./education/education/major_field_of_study,field of study
/m/06mmb,/m/0bsxd3,Shannon_Elizabeth,National_Heads-Up_Poker_Championship,/tv/tv_personality/tv_regular_appearances./tv/tv_regular_personal_appearance/program,Participated in
/m/05p1dby,/m/03qcfvw,"Razzie_Award_for_Worst_Prequel,_Remake,_Rip-off_or_Sequel",G.I._Joe:_The_Rise_of_Cobra,/award/award_category/nominees./award/award_nomination/nominated_for,nominated for
/m/04y9mm8,/m/02kdv5l,Piranha_3D,Action_Film,/film/film/genre,"The most likely relationship between ""Piranha_3D"" and ""Action_Film"" in the context of a Knowledge Graph like Freebase is ""genre""."
/m/0170vn,/m/0f4x7,Peter_Fonda,Academy_Award_for_Best_Actor,/award/award_nominee/award_nominations./award/award_nomination/award,nominated for
/m/0257w4,/m/05pd94v,Grammy_Award_for_Best_Instrumental_Soloist(s)_Performance_(with_orchestra),52nd_Annual_Grammy_Awards-US,/award/award_category/winners./award/award_honor/ceremony,"""award presented at"""
/m/03hhd3,/m/05ztrmj,Ron_Perlman,MTV_Movie_Award_for_Best_Fight,/award/award_nominee/award_nominations./award/award_nomination/award,Nominated for
/m/02px_23,/m/02vkdwz,TCU_Horned_Frogs_football,Halfback,/sports/sports_team/roster./american_football/football_roster_position/position,"The most likely relationship between ""TCU_Horned_Frogs_football"" and ""Halfback"" in the context of a Knowledge Graph like Freebase is ""position played""."
/m/0dq3c,/m/02l48d,Vice_President-GB,American_International_Group,/business/job_title/people_with_this_title./business/employment_tenure/company,"""subsidiary"""
/m/07b_l,/m/013m4v,Texas,Plano,/location/location/contains,"""contains"""
/m/0m2l9,/m/0dxtg,Neil_Young,Screenwriter,/people/person/profession,profession
/m/02k76g,/m/05zppz,Tim_Minear,Male,/people/person/gender,Gender
/m/0hnlx,/m/065y4w7,Arnold_Schoenberg,University_of_Southern_California,/people/person/employment_history./business/employment_tenure/company,faculty.
/m/057lbk,/m/01r2c7,Fantastic_Four,Chris_Columbus,/film/film/executive_produced_by,"""director"""
/m/0661ql3,/m/06qd3,Inception,South_Korea,/film/film/release_date_s./film/film_regional_release_date/film_release_region,Filming location
/m/0mcl0,/m/03k9fj,Out_of_Africa,Adventure_Film,/film/film/genre,"The most likely relationship between ""Out_of_Africa"" and ""Adventure_Film"" in the context of a Knowledge Graph like Freebase is ""genre""."
/m/0584r4,/m/02h40lc,Robot_Chicken,English_Language,/tv/tv_program/languages,"The most likely relationship between ""Robot_Chicken"" and ""English_Language"" in the context of a Knowledge Graph like Freebase is ""language""."
/m/0bynt,/m/0chghy,Track_and_field_athletics,Australia,/olympics/olympic_sport/athletes./olympics/olympic_athlete_affiliation/country,"""host country"""
/m/05fnl9,/m/0g4vmj8,Bryan_Cranston,Drive,/film/actor/film./film/performance/film,acted in
/m/02624g,/m/0ck27z,Peter_Dinklage,Screen_Actors_Guild_Award_for_Outstanding_Performance_by_an_Ensemble_in_a_Drama_Series,/award/award_nominee/award_nominations./award/award_nomination/award,"""award nominee"""
/m/02yxh9,/m/0d5wn3,69th_Academy_Awards,Stuart_Craig,/award/award_ceremony/awards_presented./award/award_honor/award_winner,"""award nominee"""
/m/022yb4,/m/0bp_b2,Jimmy_Smits,Primetime_Emmy_Award_for_Outstanding_Guest_Actor_-_Drama_Series,/award/award_nominee/award_nominations./award/award_nomination/award,"""award nominee"""
/m/02z6l5f,/m/06chf,David_M._Thompson,Ridley_Scott,/award/award_nominee/award_nominations./award/award_nomination/award_nominee,"""produced by"""
/m/06j8wx,/m/0h2zvzr,Charles_Dance,Midnight's_Children,/film/actor/film./film/performance/film,acted in
/m/0gwf191,/m/09vw2b7,Think_Like_A_Man,Special_Effects_Supervisor,/film/film/other_crew./film/film_crew_gig/film_crew_role,"""special effects supervisor"""
/m/0432_5,/m/029j_,Infernal_Affairs_II,DVD,/film/film/release_date_s./film/film_regional_release_date/film_release_distribution_medium,"The most likely relationship between ""Infernal_Affairs_II"" and ""DVD"" in the context of a Knowledge Graph like Freebase is ""release format""."
/m/028fjr,/m/03qbm,Columnist,Hearst_Corporation,/business/job_title/people_with_this_title./business/employment_tenure/company,"""employed by"""
/m/02_p5w,/m/0k2sk,Jim_Cummings,Who_Framed_Roger_Rabbit,/film/actor/film./film/performance/film,"""acted in"""
/m/035xwd,/m/092kgw,Sleepers,Steve_Golin,/film/film/produced_by,produced by
/m/08fbnx,/m/0jxy,Dragon_Ball:_Mystical_Adventure,Anime,/film/film/genre,"The most likely relationship between ""Dragon Ball: Mystical Adventure"" and ""Anime"" in the context of a Knowledge Graph like Freebase is ""genre""."
/m/0bsjcw,/m/039x1k,Tony_Award_for_Best_Featured_Actress_in_a_Play,Maureen_Stapleton,/award/award_category/winners./award/award_honor/award_winner,award winner
/m/06jz0,/m/019f4v,Rob_Reiner,Golden_Globe_Award_for_Best_Director_-_Motion_Picture,/award/award_nominee/award_nominations./award/award_nomination/award,Nominated for
/m/06thjt,/m/02n9k,The_New_School,Eleanor_Roosevelt,/education/educational_institution/students_graduates./education/education/student,"""notable alumni"""
/m/07_l6,/m/0k4gf,Viola,Felix_Mendelssohn-Bartholdy,/music/instrument/instrumentalists,"""instrument"""
/m/07ssc,/m/05vz3zq,United_Kingdom,Soviet_Union,/military/military_combatant/military_conflicts./military/military_combatant_group/combatants,"The most likely relationship between ""United_Kingdom"" and ""Soviet_Union"" in the context of a Knowledge Graph like Freebase is ""diplomatic relations""."
/m/017z49,/m/07zmj,Memento,Venice_International_Film_Festival,/film/film/release_date_s./film/film_regional_release_date/film_regional_debut_venue,"""award won"""
/m/01vj9c,/m/027kwc,Bass,Foreigner,/music/performance_role/regular_performances./music/group_membership/group,"""member of"""
/m/0bth54,/m/01zhp,Avatar,Computer_Animation,/film/film/genre,"The most likely relationship between ""Avatar"" and ""Computer_Animation"" in the context of a Knowledge Graph like Freebase is ""genre""."
/m/04znsy,/m/0161sp,Mo'Nique_Imes-Jackson,Lenny_Kravitz,/award/award_nominee/award_nominations./award/award_nomination/award_nominee,"Both Mo'Nique Imes-Jackson and Lenny Kravitz are prominent figures in the entertainment industry, but they are primarily known for different roles—Mo'Nique as an actress and comedian, and Lenny Kravitz as a musician and"
/m/03lt8g,/m/06nm1,Eva_Longoria,Spanish_Language,/people/person/languages,"The most likely relationship between Eva Longoria and Spanish Language in the context of a Knowledge Graph like Freebase is ""speaks""."
/m/0gt3p,/m/0bdwqv,Raymond_Burr,Primetime_Emmy_Award_for_Outstanding_Lead_Actor_-_Miniseries_or_a_Movie,/award/award_nominee/award_nominations./award/award_nomination/award,"""award won"""
/m/087vz,/m/0l998,Yugoslavia,1968_Summer_Olympics,/olympics/olympic_participating_country/medals_won./olympics/olympic_medal_honor/olympics,participated in
/m/0bxs_d,/m/0ph24,54th_Primetime_Emmy_Awards,Late_Show_with_David_Letterman,/award/award_ceremony/awards_presented./award/award_honor/honored_for,"""award nominee"""
/m/01z7_f,/m/0789_m,James_Gandolfini,Tony_Award_for_Best_Actor_in_a_Play,/award/award_nominee/award_nominations./award/award_nomination/award,nominated for
/m/0241jw,/m/02dr9j,Andy_Serkis,King_Kong,/film/actor/film./film/performance/film,acted in
/m/07q1v4,/m/09c7w0,Mark_Isham,United_States_of_America,/people/person/nationality,"""nationality"""
/m/06w2sn5,/m/03qbnj,Justin_Bieber,Grammy_Award_for_Best_Pop_Vocal_Album,/award/award_nominee/award_nominations./award/award_nomination/award,"""award won"""
/m/02_j1w,/m/058dm9,Defender,Zamalek_SC,/sports/sports_position/players./sports/sports_team_roster/team,"""plays for"""
/m/07_grx,/m/06_kh,Roy_Webb,Santa_Monica,/people/deceased_person/place_of_death,"""place of death"""
/m/0f4x7,/m/026p4q7,Academy_Award_for_Best_Actor,The_Curious_Case_of_Benjamin_Button,/award/award_category/nominees./award/award_nomination/nominated_for,nominated for
/m/0gfsq9,/m/09vw2b7,I_Am_Legend,Special_Effects_Supervisor,/film/film/other_crew./film/film_crew_gig/film_crew_role,"""special effects supervisor"""
/m/0dq_5,/m/07zlqp,Managing_Director-GB,TV5,/organization/role/leaders./organization/leadership/organization,"""employer"""
/m/0727h,/m/0bk25,Second_Punic_War,Macedonia,/military/military_conflict/combatants./military/military_combatant_group/combatants,participated in
/m/03shp,/m/07t65,Iran,United_Nations,/organization/organization_member/member_of./organization/organization_membership/organization,"""member of"""
/m/0b_dh,/m/05zppz,Tony_Richardson,Male,/people/person/gender,Gender
/m/02t4yc,/m/06fvc,Western_Kentucky_University,Red,/education/educational_institution/colors,"The most likely relationship between ""Western_Kentucky_University"" and ""Red"" in the context of a Knowledge Graph like Freebase is ""school colors""."
/m/01kj0p,/m/05v38p,Carrie-Anne_Moss,Chocolat,/film/actor/film./film/performance/film,acted in
/m/03ryks,/m/013y1f,Yann_Tiersen,Organ,/music/artist/track_contributions./music/track_contribution/role,instrument
/m/014kq6,/m/0fx02,Die_Another_Day,Ian_Fleming,/film/film/written_by,"Based on the context of a Knowledge Graph like Freebase, the most likely relationship between ""Die_Another_Day"" and ""Ian_Fleming"" is ""based on work by""."
/m/0gx1bnj,/m/01pj7,Seeking_a_Friend_for_the_End_of_the_World,Croatia,/film/film/release_date_s./film/film_regional_release_date/film_release_region,"""filming location"""
/m/01tt27,/m/08mbj5d,Irem,Official_Website,/common/topic/webpage./common/webpage/category,Official website.
/m/01nwwl,/m/04qk12,Jim_Broadbent,Vanity_Fair,/film/actor/film./film/performance/film,acted in
/m/0cbkc,/m/02zsn,Catherine_Deneuve,Female,/people/person/gender,Gender
/m/0f6lx,/m/03qlv7,Charlie_Parker,Tenor_saxophone,/music/artist/track_contributions./music/track_contribution/role,instrument
/m/011ypx,/m/09nqf,Good_Will_Hunting,United_States_Dollar,/film/film/estimated_budget./measurement_unit/dated_money_value/currency,Budget
/m/0846v,/m/0c8wxp,Wyoming,Catholicism,/location/statistical_region/religions./location/religion_percentage/religion,"""religion in"""
/m/01y_px,/m/0p_pd,Jeff_Goldblum,Bill_Murray,/award/award_nominee/award_nominations./award/award_nomination/award_nominee,"""acted in"" (both Jeff Goldblum and Bill Murray acted in the film ""The Life Aquatic with Steve Zissou"")."
/m/01vw20h,/m/0nbcg,Jay-Z,Songwriter-GB,/people/person/profession,profession
/m/07fj_,/m/01fpfn,Tunisia,Unitary_state,/location/country/form_of_government,"""form of government"""
/m/03rg2b,/m/0h7x,In_Harm's_Way,Austria,/film/film/release_date_s./film/film_regional_release_date/film_release_region,"""filming location"""
/m/01w5jwb,/m/0c4z8,Cee_Lo_Green,Grammy_Award_for_Song_of_the_Year,/award/award_nominee/award_nominations./award/award_nomination/award,"""award won"""
/m/0f6c3,/m/04ly1,Attorney_general,Louisiana,/government/government_office_category/officeholders./government/government_position_held/jurisdiction_of_office,"The most likely relationship between ""Attorney_general"" and ""Louisiana"" in the context of a Knowledge Graph like Freebase is ""office held by""."
/m/0cp0ph6,/m/03gj2,Bad_Teacher,Hungary,/film/film/release_date_s./film/film_regional_release_date/film_release_region,"""filming location"""
/m/043n0v_,/m/07s9rl0,Ip_Man,Drama,/film/film/genre,"The most likely relationship between ""Ip_Man"" and ""Drama"" in the context of a Knowledge Graph like Freebase is ""genre""."
/m/05z55,/m/02kc_w5,Pasta,Myristic_acid,/food/food/nutrients./food/nutrition_fact/nutrient,Contains ingredient
/m/0f8l9c,/m/01f1jy,France,1972_Winter_Olympics,/olympics/olympic_participating_country/medals_won./olympics/olympic_medal_honor/olympics,participated in
/m/02d4ct,/m/0f2tj,Patricia_Clarkson,New_Orleans,/people/person/place_of_birth,place of birth
/m/02x73k6,/m/0k4p0,National_Society_of_Film_Critics_Award_for_Best_Supporting_Actor,Tootsie,/award/award_category/nominees./award/award_nomination/nominated_for,"""award_winner"""
/m/04r1t,/m/08mbj5d,Lynyrd_Skynyrd,Official_Website,/common/topic/webpage./common/webpage/category,official website
/m/09yrh,/m/0r0m6,Jennifer_Aniston,Malibu,/people/person/spouse_s./people/marriage/location_of_ceremony,"""place of residence"""
/m/0tz1x,/m/02hcv8,Lynn,Eastern_Time_Zone,/location/location/time_zones,"""located in"""
/m/0ply0,/m/0ll3,Orlando,August,/travel/travel_destination/climate./travel/travel_destination_monthly_climate/month,"""date of birth"""
/m/01vsgrn,/m/09c7w0,Eminem,United_States_of_America,/people/person/nationality,"""nationality"""
/m/06yrj6,/m/05zppz,Tim_Kaiser,Male,/people/person/gender,gender
/m/017j69,/m/034h1h,Northwestern_University,Association_of_American_Universities,/organization/organization_member/member_of./organization/organization_membership/organization,member of
/m/0b05xm,/m/02jknp,Glen_Morgan,Film_Director,/people/person/profession,profession
/m/0cq806,/m/04h9h,A_Man_for_All_Seasons,Latin_Language,/film/film/language,"The most likely relationship between ""A_Man_for_All_Seasons"" and ""Latin_Language"" in the context of a Knowledge Graph like Freebase is ""written in""."
/m/0ftlkg,/m/02psgq,34th_Academy_Awards,La_Dolce_Vita,/award/award_ceremony/awards_presented./award/award_honor/honored_for,"""award winner"""
/m/09m6kg,/m/02r96rf,A_Beautiful_Mind,Visual_Effects_Supervisor,/film/film/other_crew./film/film_crew_gig/film_crew_role,"""visual effects supervisor"""
/m/0bdt8,/m/0ktpx,Ingrid_Bergman,Spellbound,/film/actor/film./film/performance/film,acted in
/m/05ft32,/m/05qhw,The_Believer,Poland,/film/film/release_date_s./film/film_regional_release_date/film_release_region,"""filming location"""
/m/018phr,/m/09jwl,Martie_Maguire,Musician-GB,/people/person/profession,Profession
/m/0gqy2,/m/07yk1xz,Academy_Award_for_Best_Actor_in_a_Supporting_Role,Invictus,/award/award_category/nominees./award/award_nomination/nominated_for,"""award winner"""
/m/0cc63l,/m/05zppz,David_Dhawan,Male,/people/person/gender,gender
/m/0svqs,/m/08mbj5d,Sean_Astin,Official_Website,/common/topic/webpage./common/webpage/category,official_website
/m/01hgwkr,/m/016z4k,k.d._lang,Singer-songwriter-GB,/people/person/profession,Profession
/m/0342h,/m/01qbl,Guitar,Cymbal,/music/performance_role/track_performances./music/track_contribution/role,"The most likely relationship between ""Guitar"" and ""Cymbal"" in the context of a Knowledge Graph like Freebase is ""instrument type""."
/m/01wqflx,/m/0d193h,Eddie_Vedder,Pearl_Jam,/music/group_member/membership./music/group_membership/group,lead singer of
/m/01c9jp,/m/01bx35,Grammy_Award_for_Best_Pop_Performance_by_a_Duo_or_Group_with_Vocal,43rd_Annual_Grammy_Awards,/award/award_category/winners./award/award_honor/ceremony,"""award presented"""
/m/0blbxk,/m/09c7w0,Taraji_P._Henson,United_States_of_America,/people/person/nationality,"""nationality"""
/m/0fqy4p,/m/0ds3t5x,Paramount_Vantage,The_Help,/film/film_distributor/films_distributed./film/film_film_distributor_relationship/film,"""produced"""
/m/09k0h5,/m/07dfk,Bandai_Namco_Holdings,Tokyo,/organization/organization/headquarters./location/mailing_address/state_province_region,headquarters location
/m/01vrz41,/m/099vwn,Elton_John,BFCA_Critics'_Choice_Award_for_Best_Song,/award/award_nominee/award_nominations./award/award_nomination/award,"""award won"""
/m/03_8r,/m/0jgd,Judo,Argentina,/olympics/olympic_sport/athletes./olympics/olympic_athlete_affiliation/country,"""practiced in"""
/m/0gr4k,/m/0jym0,Academy_Award_for_Best_Writing_Adapted_Screenplay,The_Last_Picture_Show,/award/award_category/nominees./award/award_nomination/nominated_for,"""award winner"""
/m/0739z6,/m/016z4k,Mare_Winningham,Singer-songwriter-GB,/people/person/profession,Profession
/m/01hlwv,/m/05r7t,JPMorgan_Chase,Puerto_Rico,/base/schemastaging/organization_extra/phone_number./base/schemastaging/phone_sandbox/service_location,"""operates in"""
/m/0gr0m,/m/0bz6l9,Academy_Award_for_Best_Cinematography,42nd_Academy_Awards,/award/award_category/winners./award/award_honor/ceremony,"""award ceremony"""
/m/01xvb,/m/07szy,Cleveland_Browns,University_of_Michigan,/sports/professional_sports_team/draft_picks./sports/sports_league_draft_pick/school,"""notable alumni"""
/m/0w7c,/m/045gzq,Acting,Tony_Todd,/education/field_of_study/students_majoring./education/education/student,"""profession"""
/m/0gtx63s,/m/0ch6mp2,The_Lady,Sound_Mixer,/film/film/other_crew./film/film_crew_gig/film_crew_role,"""soundtrack contributor"""
/m/05qhw,/m/071g6,Poland,Szczecin,/location/location/contains,"""contains"""
/m/02r2j8,/m/016khd,Dune,William_Hurt,/tv/tv_program/regular_cast./tv/regular_tv_appearance/actor,acted in
/m/03qsdpk,/m/032q8q,Theatre,Mike_O'Malley,/education/field_of_study/students_majoring./education/education/student,"""acted in"""
/m/057176,/m/09nqf,Jesse_Eisenberg,United_States_Dollar,/base/schemastaging/person_extra/net_worth./measurement_unit/dated_money_value/currency,"The most likely relationship between Jesse Eisenberg and United States Dollar in the context of a Knowledge Graph like Freebase would be ""net worth currency""."
/m/07bwr,/m/05p553,The_Big_Lebowski,Comedy-GB,/film/film/genre,"""genre"""
/m/0kv238,/m/015qh,The_Wolfman,Bulgaria,/film/film/release_date_s./film/film_regional_release_date/film_release_region,"""filming location"""
/m/05zvj3m,/m/0fz3b1,MTV_Movie_Award_for_Best_Comedic_Performance,Superbad,/award/award_category/nominees./award/award_nomination/nominated_for,"""award winner"""
/m/0fb7sd,/m/09c7w0,The_Kingdom,United_States_of_America,/film/film/country,"""filming location"""
/m/0147dk,/m/099ck7,Will_Smith,Broadcast_Film_Critics_Association_Award_for_Best_Actor,/award/award_nominee/award_nominations./award/award_nomination/award,"""award won"""
/m/0b44shh,/m/09c7w0,Beginners,United_States_of_America,/film/film/release_date_s./film/film_regional_release_date/film_release_region,location
/m/02pqp12,/m/0bth54,BAFTA_Award_for_Best_Direction,Avatar,/award/award_category/nominees./award/award_nomination/nominated_for,"""award_winner"""
/m/02zd460,/m/02j62,"University_of_California,_Berkeley",Economics,/education/educational_institution/students_graduates./education/education/major_field_of_study,"""academic program"""
/m/07ssc,/m/09bkv,United_Kingdom,Westminster,/location/location/contains,"""capital of"""
/m/02fy0z,/m/029g_vk,Ohio_University,Telecommunications,/education/educational_institution/students_graduates./education/education/major_field_of_study,"The most likely relationship between ""Ohio_University"" and ""Telecommunications"" in the context of a Knowledge Graph like Freebase is ""offered academic program."""
/m/03f2_rc,/m/01d_h8,Barbra_Streisand,Film_Producer-GB,/people/person/profession,produced
/m/0jmfv,/m/018w8,Memphis_Grizzlies,Basketball,/sports/sports_team/sport,"The most likely relationship between ""Memphis_Grizzlies"" and ""Basketball"" in the context of a Knowledge Graph like Freebase is ""sport""."
/m/027qq9b,/m/0jt3qpk,Daytime_Emmy_Award_for_Outstanding_Daytime_Drama_Series,39th_Daytime_Emmy_Awards,/award/award_category/winners./award/award_honor/ceremony,"""award ceremony"""
/m/09c7w0,/m/0r3tb,United_States_of_America,Palm_Desert,/location/location/contains,"""location within"""
/m/01k5y0,/m/0dky9n,Victor_Victoria,Ralph_E._Winters,/film/film/edited_by,edited by
/m/018vs,/m/03q_w5,Bass_guitar,Social_Distortion,/music/performance_role/regular_performances./music/group_membership/group,"""instrument"""
/m/0cmdwwg,/m/02r96rf,50/50,Visual_Effects_Supervisor,/film/film/other_crew./film/film_crew_gig/film_crew_role,"""film crew role"""
/m/0q9jk,/m/01z4y,Taxi,Comedy-GB,/tv/tv_program/genre,"""genre"""
/m/0y_9q,/m/04cb4x,Dances_with_Wolves,Revisionist_Western,/film/film/genre,Genre
/m/06z6r,/m/06s0l,Swimming,Saint_Lucia,/olympics/olympic_sport/athletes./olympics/olympic_athlete_affiliation/country,"""practiced in"""
/m/07x4qr,/m/03rt9,The_Smurfs,Republic_of_Ireland,/film/film/release_date_s./film/film_regional_release_date/film_release_region,"""filming location"""
/m/087wc7n,/m/01crd5,The_Lorax,Vietnam,/film/film/release_date_s./film/film_regional_release_date/film_release_region,"""filming location"""
/m/026m9w,/m/01h5f8,Grammy_Award_for_Best_Female_Country_Vocal_Performance,June_Carter_Cash,/award/award_category/winners./award/award_honor/award_winner,award_winner
/m/0c_zj,/m/02cpb7,"Downing_College,_Cambridge",Thandie_Newton,/education/educational_institution/students_graduates./education/education/student,"""alma mater"""
/m/02w7gg,/m/021yzs,English_people,Tim_Roth,/people/ethnicity/people,"""nationality"""
/m/02tfl8,/m/0167bx,Abdominal_pain,Hepatitis_B,/medicine/symptom/symptom_of,symptom_of
/m/0dryh9k,/m/05yvfd,Indian_people,Shakti_Kapoor,/people/ethnicity/people,"""profession"""
/m/07ssc,/m/0194zl,United_Kingdom,Iris,/media_common/netflix_genre/titles,"""national flower"""
/m/0f4x7,/m/015qt5,Academy_Award_for_Best_Actor,Art_Carney,/award/award_category/winners./award/award_honor/award_winner,"""award winner"""
/m/0ckrnn,/m/02h40lc,Death_on_the_Nile,English_Language,/film/film/language,"The most likely relationship between ""Death_on_the_Nile"" and ""English_Language"" in the context of a Knowledge Graph like Freebase is ""language""."
/m/03sxd2,/m/09vw2b7,Summer_of_Sam,Special_Effects_Supervisor,/film/film/other_crew./film/film_crew_gig/film_crew_role,"""crew member"""
/m/02n9nmz,/m/01chpn,"BAFTA_Award_for_Best_Screenplay,_Adapted",Adaptation,/award/award_category/nominees./award/award_nomination/nominated_for,"""award for work"""
/m/0kz10,/m/08cyft,Intelligent_dance_music,Electronic_dance_music,/music/genre/parent_genre,genre_of
/m/043t8t,/m/0jn5l,The_Life_Aquatic_with_Steve_Zissou,Mark_Mothersbaugh,/film/film/music,composer
/m/0f4yh,/m/02kdv5l,Indiana_Jones_and_the_Raiders_of_the_Lost_Ark,Action_Film,/film/film/genre,genre
/m/07d2d,/m/0bqsy,Trip_hop,Nelly_Furtado,/music/genre/artists,"""musical artist influenced by"""
/m/01j5ts,/m/07_fl,Anjelica_Huston,Venice,/people/person/places_lived./people/place_lived/location,"""place of residence"""
/m/0f04v,/m/0km3f,San_Jose,Labrador_Retriever,/base/petbreeds/city_with_dogs/top_breeds./base/petbreeds/dog_city_relationship/dog_breed,"There is no direct or typical relationship between ""San_Jose"" and ""Labrador_Retriever"" in the context of a Knowledge Graph like Freebase. San Jose is a city, while Labrador Retriever is a breed of dog. If there"
/m/045c66,/m/06jzh,Aidan_Quinn,Robin_Wright,/award/award_nominee/award_nominations./award/award_nomination/award_nominee,"""acted in"" (both Aidan Quinn and Robin Wright acted in the film ""The Playboys"")."
/m/01rwpj,/m/0hzlz,Sexy_Beast,South_Africa,/film/film/release_date_s./film/film_regional_release_date/film_release_region,"""filming location"""
/m/02vq8xn,/m/02hrh1q,Charo_Santos-Concio,Actor-GB,/people/person/profession,"""profession"""
/m/04cf09,/m/0ck27z,Chris_Noth,Screen_Actors_Guild_Award_for_Outstanding_Performance_by_an_Ensemble_in_a_Drama_Series,/award/award_nominee/award_nominations./award/award_nomination/award,"""award nominee"""
/m/02ghq,/m/01d_h8,Dean_Koontz,Film_Producer-GB,/people/person/profession,"""works adapted into"""
/m/047sxrj,/m/0412f5y,Nicki_Minaj,Kuk_Harrell,/award/award_nominee/award_nominations./award/award_nomination/award_nominee,"""collaborated with"""
/m/06cgf,/m/02h40lc,The_Rocky_Horror_Picture_Show,English_Language,/film/film/language,"The most likely relationship between ""The_Rocky_Horror_Picture_Show"" and ""English_Language"" in the context of a Knowledge Graph like Freebase is ""language""."
/m/03x31g,/m/0flw86,Tabu,Islam,/people/person/religion,religion
/m/01jw4r,/m/03c7tr1,Sally_Field,Razzie_Award_for_Worst_Actress,/award/award_nominee/award_nominations./award/award_nomination/award,nominated for
/m/01h2_6,/m/0cbd2,Walter_Benjamin,Writer-GB,/people/person/profession,profession
/m/0486tv,/m/01znc_,Freestyle_wrestling,Turkey,/olympics/olympic_sport/athletes./olympics/olympic_athlete_affiliation/country,"""national sport"""
/m/0gr0m,/m/0jsqk,Academy_Award_for_Best_Cinematography,The_Heiress,/award/award_category/nominees./award/award_nomination/nominated_for,"""award winner"""
/m/0sx8l,/m/06c1y,1980_Winter_Olympics,Romania,/olympics/olympic_games/participating_countries,participating country
/m/07s9rl0,/m/03hj3b3,Drama,On_Golden_Pond,/media_common/netflix_genre/titles,genre
/m/09l3p,/m/03h0byn,Natalie_Portman,Brothers,/film/actor/film./film/performance/film,sibling
/m/0k611,/m/0dznvw,Academy_Award_for_Best_Film_Editing,23rd_Academy_Awards,/award/award_category/winners./award/award_honor/ceremony,"""award presented at"""
/m/05qck,/m/01m4kpp,Presidential_Medal_of_Freedom,Andy_Griffith,/award/award_category/winners./award/award_honor/award_winner,"""award received"""
/m/03ft8,/m/02hrh1q,Gene_Roddenberry,Actor-GB,/people/person/profession,"""created"""
/m/05f7w84,/m/024my5,Kid_vs._Kat,Kath_Soucie,/tv/tv_program/regular_cast./tv/regular_tv_appearance/actor,"""voice actor"""
/m/044mvs,/m/04ly1,Ian_Somerhalder,Louisiana,/people/person/places_lived./people/place_lived/location,place of birth
/m/048n7,/m/0ctw_b,Korean_War,New_Zealand,/military/military_conflict/combatants./military/military_combatant_group/combatants,military involvement
/m/01pcvn,/m/0d1pc,Kate_Moss,Model,/people/person/profession,Profession
/m/09c7w0,/m/0lmgy,United_States_of_America,Maui_County,/location/country/second_level_divisions,"""contains"""
/m/03cvvlg,/m/01tc9r,Doubt,Howard_Shore,/film/film/music,"The most likely relationship between ""Doubt"" and ""Howard_Shore"" in the context of a Knowledge Graph like Freebase is ""composer of""."
/m/030s5g,/m/05zppz,Jerry_Wald,Male,/people/person/gender,gender
/m/0180mw,/m/030_1_,ER,Amblin_Entertainment,/award/award_winning_work/awards_won./award/award_honor/award_winner,"""produced by"""
/m/03g5_y,/m/08mbj5d,Dane_Cook,Official_Website,/common/topic/webpage./common/webpage/category,Official website.
/m/04f525m,/m/08nvyr,Summit_Entertainment,Babel,/film/film_distributor/films_distributed./film/film_film_distributor_relationship/film,"""distributed"""
/m/01dw4q,/m/02rrfzf,Teri_Hatcher,Spy_Kids,/film/actor/film./film/performance/film,Acted in
/m/041rx,/m/051wwp,Jewish_people,Bob_Balaban,/people/ethnicity/people,"The most likely relationship between ""Jewish_people"" and ""Bob_Balaban"" in the context of a Knowledge Graph like Freebase is ""ethnicity""."
/m/07ftc0,/m/01d_h8,Daniel_Wu,Film_Producer-GB,/people/person/profession,"""profession"""
/m/049dyj,/m/0167q3,Kevin_Nealon,Bridgeport,/people/person/places_lived./people/place_lived/location,place of birth
/m/0k611,/m/03tn9w,Academy_Award_for_Best_Film_Editing,50th_Academy_Awards,/award/award_category/winners./award/award_honor/ceremony,"""award ceremony"""
/m/09c7w0,/m/01jszm,United_States_of_America,Providence_College,/location/location/contains,"""location"""
/m/0cv9b,/m/0d05w3,Texas_Instruments,China,/base/schemastaging/organization_extra/phone_number./base/schemastaging/phone_sandbox/service_location,"""operates in"""
/m/02cbg0,/m/04qvl7,House_of_Sand_and_Fog,Roger_Deakins,/film/film/cinematography,cinematography
/m/0ctw_b,/m/01fpfn,New_Zealand,Unitary_state,/location/country/form_of_government,"""form of government"""
/m/03f7m4h,/m/03tk6z,Barry_Manilow,Grammy_Award_for_Best_Traditional_Pop_Vocal_Album,/award/award_nominee/award_nominations./award/award_nomination/award,"""award won"""
/m/03mdt,/m/0hr41p6,HBO,Girls,/tv/tv_network/programs./tv/tv_network_duration/program,"The most likely relationship between HBO and Girls in the context of a Knowledge Graph is ""network""."
/m/01c_d,/m/02qw1zx,Buffalo_Bills,2008_NFL_Draft,/sports/professional_sports_team/draft_picks./sports/sports_league_draft_pick/draft,drafted_players
/m/0dl9_4,/m/04jpl,Eastern_Promises,London,/film/film/featured_film_locations,filming location
/m/063k3h,/m/02n9k,Scotch-Irish_American,Eleanor_Roosevelt,/people/ethnicity/people,ethnicity
/m/04kxsb,/m/064lsn,BAFTA_Award_for_Best_Actor_in_a_Leading_Role,The_Pianist,/award/award_category/nominees./award/award_nomination/nominated_for,"""award won"""
/m/02vqsll,/m/03sb38,Frost/Nixon,StudioCanal,/film/film/production_companies,distributed by
/m/011yl_,/m/02l7c8,Shine,Romance_Film,/film/film/genre,"""genre"""
/m/01vsy7t,/m/01kjr0,David_Bowie,Twin_Peaks:_Fire_Walk_With_Me,/film/actor/film./film/performance/film,acted in
/m/01mpwj,/m/056wb,Harvard_College,Michael_Crichton,/education/educational_institution/students_graduates./education/education/student,"""alma mater"""
/m/01f1p9,/m/03lty,Christian_metal,Heavy_metal,/music/genre/parent_genre,Genre
/m/02w6s3,/m/012x7b,Progressive_house,Psychedelic_trance,/music/genre/parent_genre,genre influenced by
/m/02k1pr,/m/01jfsb,The_Poseidon_Adventure,Thriller,/film/film/genre,Genre
/m/06mt91,/m/01by1l,Rihanna,Grammy_Award_for_Album_of_the_Year,/award/award_nominee/award_nominations./award/award_nomination/award,"""nominated for"""
/m/06w7v,/m/04kjrv,slide_guitar,Matthew_Bellamy,/music/instrument/instrumentalists,instrument_played_by
/m/0gfq9,/m/01c83m,Boxer_Rebellion,Colonel,/base/culturalevent/event/entity_involved,military rank
/m/033tf_,/m/04d_mtq,Irish_American,Kevin_Jonas,/people/ethnicity/people,ethnicity
/m/0bg4f9,/m/02vx4,TSG_1899_Hoffenheim,Football,/sports/sports_team/sport,"The most likely relationship between TSG_1899_Hoffenheim and Football in the context of a Knowledge Graph like Freebase is ""sport""."
/m/01_p6t,/m/02hrh1q,Toni_Collette,Actor-GB,/people/person/profession,Nationality
/m/016vg8,/m/0bwhdbl,Heather_Graham,Scream_4,/film/actor/film./film/performance/film,acted in
/m/01n30p,/m/09vw2b7,Ghost_World,Special_Effects_Supervisor,/film/film/other_crew./film/film_crew_gig/film_crew_role,"The most likely relationship between ""Ghost_World"" and ""Special_Effects_Supervisor"" in the context of a Knowledge Graph like Freebase would be ""film crew role""."
/m/0symg,/m/01hmnh,Dead_Man,Fantasy,/film/film/genre,Genre
/m/09306z,/m/0sxkh,58th_Academy_Awards,Kiss_of_the_Spider_Woman,/award/award_ceremony/awards_presented./award/award_honor/honored_for,"""award winner"""
/m/01wd02c,/m/028p0,C._S._Lewis,Dante_Alighieri,/influence/influence_node/influenced_by,influenced by
/m/0gqyl,/m/0cq7kw,Academy_Award_for_Best_Actress_in_a_Supporting_Role,My_Fair_Lady,/award/award_category/nominees./award/award_nomination/nominated_for,"""award won for"""
/m/05nlx4,/m/02h40lc,Pirates_of_the_Caribbean:_At_World's_End,English_Language,/film/film/language,Language
/m/03cffvv,/m/02h40lc,And_the_Band_Played_On,English_Language,/film/film/language,"The most likely relationship between ""And_the_Band_Played_On"" and ""English_Language"" in the context of a Knowledge Graph like Freebase is ""language""."
/m/07t_x,/m/03__77,Uzbekistan,Uzbekistan_national_football_team,/sports/sports_team_location/teams,"""national team"""
/m/041c4,/m/0164qt,John_Cleese,The_World_Is_Not_Enough,/film/actor/film./film/performance/film,acted in
/m/016ckq,/m/012z8_,Motown_Records,Marvin_Gaye,/music/record_label/artist,signed artist
/m/01bvx1,/m/02zdwq,Canon,Technical_Support,/base/schemastaging/organization_extra/phone_number./base/schemastaging/phone_sandbox/contact_category,provides technical support
/m/07r4c,/m/0rh6k,Tori_Amos,"Washington,_D.C.",/people/person/places_lived./people/place_lived/location,Place of birth.
/m/034ns,/m/04n6k,Geography,Library_of_Congress_Classification,/user/tsegaran/random/taxonomy_subject/entry./user/tsegaran/random/taxonomy_entry/taxonomy,classification system
/m/09qvms,/m/033w9g,12th_Screen_Actors_Guild_Awards,Terry_O'Quinn,/award/award_ceremony/awards_presented./award/award_honor/award_winner,nominated for
/m/049tjg,/m/09c7w0,Van_Johnson,United_States_of_America,/people/person/nationality,Place of birth.
/m/0bwfn,/m/01zc2w,New_York_University,English_Studies,/education/educational_institution/students_graduates./education/education/major_field_of_study,"""offers academic program"""
/m/01bgqh,/m/01vttb9,Grammy_Award_for_Record_of_the_Year,Henry_Mancini,/award/award_category/winners./award/award_honor/award_winner,"""award winner"""
/m/01q24l,/m/0r1yc,Councillor,Carmel-by-the-Sea,/government/government_office_category/officeholders./government/government_position_held/jurisdiction_of_office,"""position held"""
/m/01qh7,/m/05bnq8,Cambridge,Harvard_Graduate_School_of_Design,/location/location/contains,"""location of"""
/m/0crfwmx,/m/0d0vqn,Tinker_Bell:_Secret_of_the_Wings,Sweden,/film/film/release_date_s./film/film_regional_release_date/film_release_region,"""filming location"""
/m/0d060g,/m/05sfs,Canada,Protestantism,/location/statistical_region/religions./location/religion_percentage/religion,religion
/m/01vvyc_,/m/01c9dd,50_Cent,Grammy_Award_for_Best_Rap_Album,/award/award_nominee/award_nominations./award/award_nomination/award,"""award nomination"""
/m/057xs89,/m/0j5q3,MTV_Movie_Award_for_Best_Villain,Alicia_Silverstone,/award/award_category/winners./award/award_honor/award_winner,nominated_for
/m/01twmp,/m/018gz8,Tommy_Chong,Comedian,/people/person/profession,Profession
/m/04093,/m/0f8l9c,Jules_Verne,France,/people/person/nationality,"""nationality"""
/m/02ld6x,/m/0dxtg,Wes_Anderson,Screenwriter,/people/person/profession,profession
/m/05f7w84,/m/02h40lc,Kid_vs._Kat,English_Language,/tv/tv_program/languages,"The most likely relationship between ""Kid_vs._Kat"" and ""English_Language"" in the context of a Knowledge Graph like Freebase is ""language""."
/m/0gqwc,/m/02rv_dz,Academy_Award_for_Best_Actress,Juno,/award/award_category/nominees./award/award_nomination/nominated_for,"""award won by"""
/m/07c52,/m/05lfwd,Television,Grey's_Anatomy,/media_common/netflix_genre/titles,"The most likely relationship between ""Television"" and ""Grey's Anatomy"" in the context of a Knowledge Graph like Freebase is ""genre of""."
/m/01w524f,/m/016z4k,Morrissey,Singer-songwriter-GB,/people/person/profession,Profession
/m/01w5m,/m/011lvx,Columbia_University,Laurie_Anderson,/education/educational_institution/students_graduates./education/education/student,"""alma mater"""
/m/01hbq0,/m/042g97,Robert_Vaughn,Superman_III,/film/actor/film./film/performance/film,acted in
/m/0gr4k,/m/05c5z8j,Academy_Award_for_Best_Writing_Adapted_Screenplay,In_the_Loop,/award/award_category/nominees./award/award_nomination/nominated_for,award_winner
/m/026n9h3,/m/04ztj,Trent_Jones,Marriage,/people/person/spouse_s./people/marriage/type_of_union,"The most likely relationship between ""Trent_Jones"" and ""Marriage"" in the context of a Knowledge Graph like Freebase would be ""spouse""."
/m/014mlp,/m/03gn1x,Bachelor_of_Arts,Antioch_College,/education/educational_degree/people_with_this_degree./education/education/institution,"""degree offered by"""
/m/0j1z8,/m/0j1z8,United_Arab_Emirates,United_Arab_Emirates,/location/location/contains,"The most likely relationship between ""United_Arab_Emirates"" and ""United_Arab_Emirates"" in the context of a Knowledge Graph like Freebase is ""same as"" or ""identity""."
/m/0gr0m,/m/0bzn6_,Academy_Award_for_Best_Cinematography,57th_Academy_Awards,/award/award_category/winners./award/award_honor/ceremony,"""award ceremony"""
/m/0pmhf,/m/02hrh1q,Denzel_Washington,Actor-GB,/people/person/profession,"""profession"""
/m/02bqy,/m/06y9bd,Dartmouth_College,Shonda_Rhimes,/education/educational_institution/students_graduates./education/education/student,"""education"""
/m/0j_c,/m/03gjzk,Alfred_Hitchcock,Television_producer-GB,/people/person/profession,"""profession"""
/m/0h1x5f,/m/0219x_,Little_Miss_Sunshine,Indie_film,/film/film/genre,"""genre"""
/m/0gjc4d3,/m/01znc_,Man_of_Steel,Turkey,/film/film/release_date_s./film/film_regional_release_date/film_release_region,"""filming location"""
/m/03m2fg,/m/03j6c,Sanjay_Dutt,Hinduism,/people/person/religion,"The most likely relationship between Sanjay_Dutt and Hinduism in the context of a Knowledge Graph like Freebase is ""religion""."
/m/034qt_,/m/089fss,Stephen_Goosson,Set_decorator-GB,/people/person/profession,profession
/m/025ts_z,/m/0chghy,24:_Redemption,Australia,/film/film/release_date_s./film/film_regional_release_date/film_release_region,filming location
/m/0fd3y,/m/07gxw,Ambient_music,Techno,/music/genre/parent_genre,genre_of
/m/041y2,/m/039bp,Journalism,Gene_Hackman,/education/field_of_study/students_majoring./education/education/student,"""profession"""
/m/0b79gfg,/m/09zzb8,Matthew_W._Mungle,Makeup_Artist-GB,/people/person/profession,"""profession"""
/m/01lcxbb,/m/01c72t,Freddie_Hubbard,Composer,/people/person/profession,"""profession"""
/m/0_7w6,/m/0hcr,Beauty_and_the_Beast,Animation,/film/film/genre,"The most likely relationship between ""Beauty_and_the_Beast"" and ""Animation"" in the context of a Knowledge Graph like Freebase is ""genre""."
/m/017_qw,/m/02sj1x,Film_score,Alfred_Newman,/music/genre/artists,composed by
/m/023p33,/m/081nh,Cinderella,Walt_Disney,/film/film/produced_by,"""produced by"""
/m/0zcbl,/m/04t9c0,Paul_Giamatti,Mighty_Aphrodite,/film/actor/film./film/performance/film,acted in
/m/09y2k2,/m/0222qb,Italian_food,Italian_people,/dataworld/gardening_hint/split_to,"""cuisine of"""
/m/01nms7,/m/02zsn,Jena_Malone,Female,/people/person/gender,Gender
/m/02vcp0,/m/030qb3t,Kim_Carnes,Los_Angeles,/people/person/place_of_birth,place of birth
/m/0gr0m,/m/05dy7p,Academy_Award_for_Best_Cinematography,Kundun,/award/award_category/nominees./award/award_nomination/nominated_for,won
/m/0bmhvpr,/m/06mkj,The_Descendants,Spain,/film/film/release_date_s./film/film_regional_release_date/film_release_region,"The most likely relationship between ""The_Descendants"" and ""Spain"" in the context of a Knowledge Graph like Freebase would be ""filming location""."
/m/05bt6j,/m/0b_xm,Pop_rock,Yes,/music/genre/artists,Genre
/m/03nk3t,/m/02jx1,Stephen_Frears,England,/people/person/nationality,place of birth
/m/05ty4m,/m/046lt,Judd_Apatow,Jay_Leno,/influence/influence_node/influenced_by,"""guest on"""
/m/05728w1,/m/0fd6qb,Ted_Haworth,Edward_G._Boyle,/award/award_nominee/award_nominations./award/award_nomination/award_nominee,"The most likely relationship between Ted Haworth and Edward G. Boyle in the context of a Knowledge Graph like Freebase is ""collaborated with"" or ""worked with,"" as both were involved in the film industry, particularly in art direction and set"
/m/01271h,/m/03q27t,Trent_Reznor,Grammy_Award_for_Best_Boxed_or_Special_Limited_Edition_Package,/award/award_nominee/award_nominations./award/award_nomination/award,"""award won"""
/m/09gb_4p,/m/01jfsb,127_Hours,Thriller,/film/film/genre,"The most likely relationship between ""127 Hours"" and ""Thriller"" in the context of a Knowledge Graph like Freebase is ""genre""."
/m/01hw6wq,/m/04ztj,Trevor_Rabin,Marriage,/people/person/spouse_s./people/marriage/type_of_union,"""spouse"""
/m/0170s4,/m/02d003,Woody_Harrelson,Anger_Management,/film/actor/film./film/performance/film,acted in
/m/01wqmm8,/m/02f705,Ashanti,MTV_Video_Music_Award_for_Artist_to_Watch,/award/award_nominee/award_nominations./award/award_nomination/award,Nominated for
/m/09v4bym,/m/08j7lh,Hong_Kong_Film_Award_for_Best_Cinematography,Election,/award/award_category/nominees./award/award_nomination/nominated_for,"""award category"""
/m/0424m,/m/01grpc,James_Madison,4th_United_States_Congress,/government/politician/government_positions_held./government/government_position_held/legislative_sessions,"""served as member of"""
/m/03ksy,/m/03xds,Harvard_University,I._M._Pei,/education/educational_institution/students_graduates./education/education/student,educated at
/m/022769,/m/09nqf,Judd_Nelson,United_States_Dollar,/base/schemastaging/person_extra/net_worth./measurement_unit/dated_money_value/currency,"The most likely relationship between Judd Nelson and United States Dollar in the context of a Knowledge Graph like Freebase would be ""net worth currency""."
/m/03hl6lc,/m/01sxly,Writers_Guild_of_America_Award_for_Best_Original_Screenplay,A_Fish_Called_Wanda,/award/award_category/nominees./award/award_nomination/nominated_for,"""award winner"""
/m/040njc,/m/07cdz,BAFTA_Award_for_Best_Film,The_Graduate,/award/award_category/nominees./award/award_nomination/nominated_for,"""award winner"""
/m/03bwzr4,/m/037mh8,Master_of_Science,Philosophy,/education/educational_degree/people_with_this_degree./education/education/major_field_of_study,"""field of study"""
/m/032clf,/m/02vzc,Dirty_Dancing,Finland,/film/film/release_date_s./film/film_regional_release_date/film_release_region,"""filming location"""
/m/09pnw5,/m/03m_k0,57th_Golden_Globe_Awards,Alan_Ball,/award/award_ceremony/awards_presented./award/award_honor/award_winner,"""award winner"""
/m/05w3f,/m/021r7r,Psychedelic_rock,Ray_Manzarek,/music/genre/artists,"""genre of artist"""
/m/05qd_,/m/030qb3t,Paramount_Pictures,Los_Angeles,/organization/organization/place_founded,"""headquarters location"""
/m/04sskp,/m/0dz8b,Merlin,Sword_and_sorcery,/film/film/genre,genre
/m/064lsn,/m/015fr,The_Pianist,Brazil,/film/film/release_date_s./film/film_regional_release_date/film_release_region,"""filming location"""
/m/09rvwmy,/m/0215hd,Solitary_Man,Boom_Operator,/film/film/other_crew./film/film_crew_gig/film_crew_role,"""profession"""
/m/07bcn,/m/01t032,Sacramento,Golden_Retriever,/base/petbreeds/city_with_dogs/top_breeds./base/petbreeds/dog_city_relationship/dog_breed,"The most likely relationship between ""Sacramento"" and ""Golden_Retriever"" in the context of a Knowledge Graph like Freebase would be ""location of"". This implies that Sacramento could be a location where Golden Retrievers are found, bred, or"
/m/0h_9252,/m/04cw0j,66th_Tony_Awards,Roger_Berlind,/award/award_ceremony/awards_presented./award/award_honor/award_winner,producer
/m/026m3y,/m/05jxkf,"Queen_Mary,_University_of_London",Public_university,/education/educational_institution/school_type,type_of
/m/071t0,/m/06m_5,Shooting_sport,Sri_Lanka,/olympics/olympic_sport/athletes./olympics/olympic_athlete_affiliation/country,"""practiced in"""
/m/01d_h,/m/01c72t,BT,Composer,/people/person/profession,"""profession"""
/m/0bhwhj,/m/09nqf,An_Inconvenient_Truth,United_States_Dollar,/film/film/estimated_budget./measurement_unit/dated_money_value/currency,"The most likely relationship between ""An_Inconvenient_Truth"" and ""United_States_Dollar"" in the context of a Knowledge Graph like Freebase is ""budget""."
/m/01cf93,/m/048xh,Elektra_Records,Kraftwerk,/music/record_label/artist,record_label
/m/01719t,/m/09vw2b7,Ali,Special_Effects_Supervisor,/film/film/other_crew./film/film_crew_gig/film_crew_role,"""profession"""
/m/0641kkh,/m/01hq1,MTV_Movie_Award_for_Most_Desirable_Female,Batman_Returns,/award/award_category/nominees./award/award_nomination/nominated_for,"""award_winner"""
/m/07jnt,/m/018cvf,The_Shawshank_Redemption,Toronto_International_Film_Festival,/film/film/release_date_s./film/film_regional_release_date/film_regional_debut_venue,"""film festival screening"""
/m/01gtcq,/m/0498y,27th_United_States_Congress,Kentucky,/government/legislative_session/members./government/government_position_held/district_represented,representative_of
/m/0cks1m,/m/05p553,Sailor_Moon_Super_S:_The_Movie,Comedy-GB,/film/film/genre,"The most likely relationship between ""Sailor_Moon_Super_S:_The_Movie"" and ""Comedy-GB"" in the context of a Knowledge Graph like Freebase is ""genre""."
/m/0nht0,/m/02fqwt,Chisago_County,Central_Time_Zone,/location/location/time_zones,time zone
/m/0xwj,/m/059rby,Atari,New_York,/organization/organization/headquarters./location/mailing_address/state_province_region,"""headquarters location"""
/m/019rg5,/m/0820xz,Kenya,University_of_Nairobi,/location/location/contains,"""location of"""
/m/0cxn2,/m/025s0zp,Ice_cream,Manganese,/food/food/nutrients./food/nutrition_fact/nutrient,Contains
/m/0frmb1,/m/05gnf,John_Madden,NBC,/people/person/employment_history./business/employment_tenure/company,"""worked for"""
/m/01svw8n,/m/04ztj,Fergie,Marriage,/people/person/spouse_s./people/marriage/type_of_union,"""spouse"""
/m/0bdwft,/m/019l68,Primetime_Emmy_Award_for_Outstanding_Lead_Actress_-_Miniseries_or_a_Movie,Shelley_Winters,/award/award_category/winners./award/award_honor/award_winner,award winner
/m/023p29,/m/03tcnt,Rick_Rubin,Grammy_Award_for_Best_Rock_Album,/award/award_nominee/award_nominations./award/award_nomination/award,"""award won"""
/m/0gq9h,/m/0h1x5f,Academy_Award_for_Best_Picture,Little_Miss_Sunshine,/award/award_category/nominees./award/award_nomination/nominated_for,"""nominated for"""
/m/01mc11,/m/09c7w0,Poughkeepsie,United_States_of_America,/base/biblioness/bibs_location/country,location within
/m/0dj75,/m/025s7j4,Onion,Potassium,/food/food/nutrients./food/nutrition_fact/nutrient,Contains nutrient
/m/06t8b,/m/019f4v,Steven_Soderbergh,Golden_Globe_Award_for_Best_Director_-_Motion_Picture,/award/award_nominee/award_nominations./award/award_nomination/award,"""award won"""
/m/030_1m,/m/04cbbz,TriStar_Pictures,Rambo_III,/film/film_distributor/films_distributed./film/film_film_distributor_relationship/film,"The most likely relationship between TriStar Pictures and Rambo III in the context of a Knowledge Graph like Freebase is ""distributor""."
/m/0gkz15s,/m/02h40lc,The_Hunger_Games,English_Language,/film/film/language,"The most likely relationship between ""The_Hunger_Games"" and ""English_Language"" in the context of a Knowledge Graph like Freebase is ""language""."
/m/0c7xjb,/m/09nqf,Jessica_Simpson,United_States_Dollar,/base/schemastaging/person_extra/net_worth./measurement_unit/dated_money_value/currency,"""currency used"""
/m/0bh8x1y,/m/04hqz,Coriolanus,Lebanon,/film/film/release_date_s./film/film_regional_release_date/film_release_region,"""performed in"""
/m/0633p0,/m/02zsn,Anna_Deavere_Smith,Female,/people/person/gender,Gender
/m/0mj1l,/m/0421ng,Debi_Mazar,Bullets_Over_Broadway,/film/actor/film./film/performance/film,Acted in
/m/01n2m6,/m/08mbj5d,Death_Row_Records,Official_Website,/common/topic/webpage./common/webpage/category,"The most likely relationship between ""Death_Row_Records"" and ""Official_Website"" in the context of a Knowledge Graph like Freebase is ""official website""."
/m/06z8gn,/m/023vcd,Christopher_McDonald,Happy_Gilmore,/film/actor/film./film/performance/film,acted in
/m/06q8qh,/m/02_340,A_Prairie_Home_Companion,Fisher_Stevens,/film/film/produced_by,"""acted in"""
/m/02q0k7v,/m/09zzb8,Body_of_Lies,Makeup_Artist-GB,/film/film/other_crew./film/film_crew_gig/film_crew_role,makeup artist
/m/02z9hqn,/m/04306rv,Evangelion:_2.0_You_Can_(Not)_Advance,German_Language,/film/film/language,"The most likely relationship between ""Evangelion: 2.0 You Can (Not) Advance"" and ""German Language"" in the context of a Knowledge Graph like Freebase is ""language""."
/m/025t9b,/m/031786,Jason_Isaacs,Harry_Potter_and_the_Goblet_of_Fire,/film/actor/film./film/performance/film,acted in
/m/03q43g,/m/03x7hd,Will_Arnett,Ratatouille,/film/actor/film./film/performance/film,acted in
/m/01tjt2,/m/01yj2,Western_Cape,Cape_Town,/location/location/contains,Capital of
/m/03q5t,/m/01vnt4,harpsichord,Timbales,/music/performance_role/track_performances./music/track_contribution/role,"The most likely relationship between ""harpsichord"" and ""timbales"" in the context of a Knowledge Graph like Freebase would be ""instrument type"" or ""musical instrument category,"" as both are types of musical instruments."
/m/01gwck,/m/05jxkf,Portland_State_University,Public_university,/education/educational_institution/school_type,type_of
/m/03y3dk,/m/03902,Carlo_Ponti,Geneva,/people/deceased_person/place_of_death,"""place of death"""
/m/01n9d9,/m/01d_h8,Stanley_Kramer,Film_Producer-GB,/people/person/profession,profession
/m/05148p4,/m/0cfgd,Keyboard,Deep_Purple,/music/performance_role/regular_performances./music/group_membership/group,"""instrument played in"""
/m/01pfkw,/m/03bxwtd,Simon_Cowell,Ryan_Tedder,/award/award_nominee/award_nominations./award/award_nomination/award_nominee,"""collaborated with"""
/m/02yl42,/m/0grw_,Jonathan_Lethem,International_IMPAC_Dublin_Literary_Award,/award/award_nominee/award_nominations./award/award_nomination/award,award nominee
/m/084w8,/m/0379s,William_Faulkner,Gustave_Flaubert,/influence/influence_node/influenced_by,influenced by
/m/011k_j,/m/0dvqq,Timpani,Green_Day,/music/performance_role/regular_performances./music/group_membership/group,"""instrument used by"""
/m/03bkbh,/m/0h407,Irish_people,Scots_Language,/people/ethnicity/languages_spoken,"""spoken language"""
/m/027qb1,/m/03z19,Commissioner-GB,Internal_Revenue_Service,/business/job_title/people_with_this_title./business/employment_tenure/company,"""office held"""
/m/087pfc,/m/043q6n_,Click,Neal_H._Moritz,/film/film/produced_by,"""produced by"""
/m/07bdd_,/m/03t79f,Razzie_Award_for_Worst_Picture,The_Haunting,/award/award_category/nominees./award/award_nomination/nominated_for,"""award nominee"""
/m/02yvct,/m/0chghy,Inglourious_Basterds,Australia,/film/film/release_date_s./film/film_regional_release_date/film_release_region,Filming location
/m/07k2x,/m/0b60sq,"Toho_Co.,_Ltd.",Howl's_Moving_Castle,/film/film_distributor/films_distributed./film/film_film_distributor_relationship/film,"""distributor"""
/m/0gn30,/m/02_286,Sylvester_Stallone,New_York_City,/people/person/places_lived./people/place_lived/location,Place of birth
/m/06nm1,/m/02vr3gz,Spanish_Language,The_Orphanage,/media_common/netflix_genre/titles,"The most likely relationship between ""Spanish_Language"" and ""The_Orphanage"" in the context of a Knowledge Graph like Freebase is ""language of work or name""."
/m/06gb1w,/m/09nqf,X-Men:_The_Last_Stand,United_States_Dollar,/film/film/estimated_budget./measurement_unit/dated_money_value/currency,"The most likely relationship between ""X-Men: The Last Stand"" and ""United States Dollar"" in the context of a Knowledge Graph like Freebase would be ""box office revenue currency""."
/m/04vrxh,/m/0fnpj,Chad_Hugo,Keyboard_player-GB,/people/person/profession,"""profession"""
/m/02sch9,/m/03fwln,Punjabi_people,Priyanka_Chopra,/people/ethnicity/people,"""ethnicity"""
/m/0qcr0,/m/0cmdwwg,Cancer,50/50,/film/film_subject/films,"The most likely relationship between ""Cancer"" and ""50/50"" in the context of a Knowledge Graph like Freebase is ""topic of"". ""50/50"" is a film that deals with the subject of cancer."
/m/04n7njg,/m/0d2b38,Dan_Povenmire,Storyboard_Artist,/people/person/profession,occupation
/m/02pxmgz,/m/06n90,The_Happening,Science_Fiction,/film/film/genre,Genre
/m/040njc,/m/0jwvf,BAFTA_Award_for_Best_Film,Rear_Window,/award/award_category/nominees./award/award_nomination/nominated_for,nominated for
/m/02dth1,/m/091rc5,Peter_Boyle,The_Santa_Clause_3:_The_Escape_Clause,/film/actor/film./film/performance/film,acted in
/m/0f0kz,/m/017jd9,Christopher_Lee,The_Lord_of_the_Rings:_The_Return_of_the_King,/film/actor/film./film/performance/film,acted in
/m/0dl5d,/m/03xl77,Progressive_rock,Travis_Barker,/music/genre/artists,"""genre influenced"""
/m/01nn6c,/m/0kyk,Nick_Mason,Author-GB,/people/person/profession,"""profession"""
/m/07ymr5,/m/02k21g,Andy_Samberg,Maya_Rudolph,/base/saturdaynightlive/snl_cast_member/seasons./base/saturdaynightlive/snl_season_tenure/cast_members,"""acted in"" (They both acted in the film ""Friends with Benefits"")."
/m/0sz28,/m/05bnp0,Sean_Penn,James_Franco,/award/award_nominee/award_nominations./award/award_nomination/award_nominee,"""acted in"""
/m/0d_2fb,/m/02r96rf,The_Water_Horse:_Legend_of_the_Deep,Visual_Effects_Supervisor,/film/film/other_crew./film/film_crew_gig/film_crew_role,"""visual effects supervisor"""
/m/03yvf2,/m/03spz,Fight_Club,Israel,/film/film/release_date_s./film/film_regional_release_date/film_release_region,"The most likely relationship between ""Fight_Club"" and ""Israel"" in the context of a Knowledge Graph like Freebase could be ""filming location""."
/m/03h_fk5,/m/01by1l,Johnny_Cash,Grammy_Award_for_Album_of_the_Year,/award/award_nominee/award_nominations./award/award_nomination/award,"""award won"""
/m/02vyw,/m/04dn09n,Francis_Ford_Coppola,Golden_Globe_Award_for_Best_Screenplay_-_Motion_Picture,/award/award_nominee/award_nominations./award/award_nomination/award,"""award won"""
/m/0btpm6,/m/017fx5,The_Dark_Knight,IMAX,/film/film/film_format,"""featured in format"""
/m/01z4y,/m/0372j5,Comedy-GB,Dumb_&_Dumber,/media_common/netflix_genre/titles,"The most likely relationship between ""Comedy-GB"" and ""Dumb & Dumber"" in the context of a Knowledge Graph like Freebase is ""genre""."
/m/04z257,/m/04306rv,The_Brothers_Grimm,German_Language,/film/film/language,"""language"""
/m/01mkn_d,/m/03t95n,John_Debney,The_Scorpion_King,/award/award_nominee/award_nominations./award/award_nomination/nominated_for,"""composed music for"""
/m/02fsn,/m/0dw3l,Double_bass,Les_Claypool,/music/instrument/instrumentalists,"""instrument played"""
/m/0bmhvpr,/m/0k6nt,The_Descendants,Denmark-GB,/film/film/release_date_s./film/film_regional_release_date/film_release_region,"The most likely relationship between ""The_Descendants"" and ""Denmark-GB"" in the context of a Knowledge Graph like Freebase is ""filming location""."
/m/02zd460,/m/02lp1,"University_of_California,_Berkeley",Electrical_engineering,/education/educational_institution/students_graduates./education/education/major_field_of_study,"The most likely relationship between ""University_of_California,_Berkeley"" and ""Electrical_engineering"" in the context of a Knowledge Graph like Freebase is ""offers academic program in."""
/m/01f2xy,/m/02ky346,"Sidney_Sussex_College,_Cambridge",Engineering-GB,/education/educational_institution/students_graduates./education/education/major_field_of_study,"The most likely relationship between ""Sidney_Sussex_College,_Cambridge"" and ""Engineering-GB"" in the context of a Knowledge Graph like Freebase would be ""offers academic program in""."
/m/0244r8,/m/0chghy,Lisa_Gerrard,Australia,/people/person/nationality,place of birth
/m/0kv238,/m/07ylj,The_Wolfman,Venezuela,/film/film/release_date_s./film/film_regional_release_date/film_release_region,"The most likely relationship between ""The_Wolfman"" and ""Venezuela"" in the context of a Knowledge Graph like Freebase would be ""filming location""."
/m/012s1d,/m/0ch6mp2,Spider-Man,Sound_Mixer,/film/film/other_crew./film/film_crew_gig/film_crew_role,"""film crew role"""
/m/03qjg,/m/015cqh,Harmonica,Journey,/music/performance_role/regular_performances./music/group_membership/group,"""featured in"""
/m/0c1jh,/m/07_pf,Ezra_Pound,Venice,/people/deceased_person/place_of_death,"""place of death"""
/m/03v1w7,/m/04pk1f,Richard_D._Zanuck,Charlie_and_the_Chocolate_Factory,/award/award_nominee/award_nominations./award/award_nomination/nominated_for,"""produced"""
/m/09snz,/m/09snz,Bellingham,Bellingham,/location/hud_county_place/place,"The most likely relationship between ""Bellingham"" and ""Bellingham"" in the context of a Knowledge Graph like Freebase is ""same as"" or ""identity"", indicating that they refer to the same entity or location."
/m/0b455l,/m/0gr51,Gary_Ross,Academy_Award_for_Best_Original_Screenplay,/award/award_nominee/award_nominations./award/award_nomination/award,"""nominated for"""
/m/018009,/m/01jrbb,Eric_Bana,Finding_Nemo,/film/actor/film./film/performance/film,"""acted in"""
/m/013rds,/m/0np9r,Ziggy_Marley,Voice_Actor,/people/person/profession,"""profession"""
/m/040njc,/m/011yxg,BAFTA_Award_for_Best_Film,Moulin_Rouge!,/award/award_category/nominees./award/award_nomination/nominated_for,"""award winner"""
/m/0h1mt,/m/04ztj,Jane_Fonda,Marriage,/people/person/spouse_s./people/marriage/type_of_union,"""spouse"""
/m/0c1pj,/m/06y57,Mel_Gibson,Sydney,/people/person/places_lived./people/place_lived/location,Place of birth.
/m/042g97,/m/01jfsb,Superman_III,Thriller,/film/film/genre,"The most likely relationship between ""Superman_III"" and ""Thriller"" in the context of a Knowledge Graph like Freebase is ""genre""."
/m/0brkwj,/m/0cskb,Drew_Goddard,Buffy_the_Vampire_Slayer,/tv/tv_writer/tv_programs./tv/tv_program_writer_relationship/tv_program,"""wrote for"""
/m/0gh8zks,/m/01znc_,Shame,Turkey,/film/film/release_date_s./film/film_regional_release_date/film_release_region,"The most likely relationship between ""Shame"" and ""Turkey"" in the context of a Knowledge Graph like Freebase is ""filming location""."
/m/016_mj,/m/02hrh1q,Chris_Rock,Actor-GB,/people/person/profession,"""profession"""
/m/02g_7z,/m/025v1sx,Tight_end,Maryland_Terrapins_football,/sports/sports_position/players./sports/sports_team_roster/team,"""position played"""
/m/027d5g5,/m/0gr51,Tonino_Guerra,Academy_Award_for_Best_Original_Screenplay,/award/award_nominee/award_nominations./award/award_nomination/award,"""nominated for"""
/m/030pr,/m/05zppz,Frank_Capra,Male,/people/person/gender,gender
/m/0bx6zs,/m/06j0md,52nd_Primetime_Emmy_Awards,James_Burrows,/award/award_ceremony/awards_presented./award/award_honor/award_winner,"""award winner"""
/m/015y_n,/m/01nn3m,Swing_music,Jamie_Cullum,/music/genre/artists,"The most likely relationship between ""Swing_music"" and ""Jamie_Cullum"" in the context of a Knowledge Graph like Freebase is ""genre"". Jamie Cullum is known for performing swing music, among other genres."
/m/05p9_ql,/m/09qj50,Nurse_Jackie,Primetime_Emmy_Award_for_Outstanding_Lead_Actress_-_Comedy_Series,/award/award_winning_work/awards_won./award/award_honor/award,"""award won"""
/m/02bqmq,/m/0g0syc,103rd_United_States_Congress,Pennsylvania's_12th_congressional_district,/government/legislative_session/members./government/government_position_held/district_represented,"""represents"""
/m/07l4z,/m/02r6gw6,Toronto_Blue_Jays,2007_Major_League_Baseball_Draft,/sports/professional_sports_team/draft_picks./sports/sports_league_draft_pick/draft,drafted_players
/m/016jny,/m/01w02sy,Folk_rock,Courtney_Love,/music/genre/artists,"The most likely relationship between ""Folk_rock"" and ""Courtney_Love"" in the context of a Knowledge Graph like Freebase is ""genre""."
/m/026mff,/m/013b2h,Grammy_Award_for_Best_Country_Performance_by_a_Duo_or_Group_with_Vocal,44th_Annual_Grammy_Awards,/award/award_category/winners./award/award_honor/ceremony,"""award presented at"""
/m/032_jg,/m/01k0vq,Casey_Affleck,American_Pie_2,/film/actor/film./film/performance/film,"The most likely relationship between Casey Affleck and American Pie 2 in the context of a Knowledge Graph like Freebase is ""acted in""."
/m/0160nk,/m/01mkq,Tulane_University,Computer_Science,/education/educational_institution/students_graduates./education/education/major_field_of_study,"The most likely relationship between Tulane University and Computer Science in the context of a Knowledge Graph like Freebase is ""offers academic program in""."
/m/0c57yj,/m/01t_vv,Mumford,Comedy-drama,/film/film/genre,Genre
/m/086qd,/m/01wbgdv,Whitney_Houston,Chaka_Khan,/influence/influence_node/influenced_by,collaborated_with
/m/02p7_k,/m/07b_l,Powers_Boothe,Texas,/people/person/places_lived./people/place_lived/location,place of birth
/m/04vr_f,/m/0bqytm,The_Departed,Michael_Ballhaus,/film/film/cinematography,cinematography
/m/0kszw,/m/0ds11z,Helena_Bonham_Carter,Sweeney_Todd:_The_Demon_Barber_of_Fleet_Street,/award/award_nominee/award_nominations./award/award_nomination/nominated_for,acted in
/m/016h9b,/m/013y1f,Maurice_Gibb,Organ,/music/group_member/membership./music/group_membership/role,"The most likely relationship between Maurice Gibb and Organ in the context of a Knowledge Graph like Freebase is ""instrument""."
/m/0drnwh,/m/02h40lc,Memoirs_of_a_Geisha,English_Language,/film/film/language,"The most likely relationship between ""Memoirs_of_a_Geisha"" and ""English_Language"" in the context of a Knowledge Graph like Freebase is ""written in""."
/m/02w7fs,/m/01mhwk,Grammy_Award_for_Best_Latin_Pop_Album,38th_Annual_Grammy_Awards,/award/award_category/winners./award/award_honor/ceremony,"""award presented at"""
/m/01vvb4m,/m/02725hs,Nicolas_Cage,Captain_Corelli's_Mandolin,/film/actor/film./film/performance/film,acted in
/m/0bzty,/m/01tsq8,Lombardy,Brescia,/location/location/contains,location_contains
/m/019f4v,/m/0bmhvpr,Golden_Globe_Award_for_Best_Director_-_Motion_Picture,The_Descendants,/award/award_category/nominees./award/award_nomination/nominated_for,"""award won"""
/m/01wg3q,/m/05zppz,Allan_Holdsworth,Male,/people/person/gender,Gender
/m/02lm0t,/m/01cx_,Kevin_Garnett,Boston,/people/person/places_lived./people/place_lived/location,played for
/m/02r1c18,/m/0154j,A_Serious_Man,Belgium,/film/film/release_date_s./film/film_regional_release_date/film_release_region,"The most likely relationship between ""A_Serious_Man"" and ""Belgium"" in the context of a Knowledge Graph like Freebase is ""filming location""."
/m/09zcbg,/m/01518s,The_End_Records,Danzig,/music/record_label/artist,"""record label"""
/m/016yr0,/m/0np9r,Edward_James_Olmos,Voice_Actor,/people/person/profession,Profession
/m/02mscn,/m/02cx90,Christian_music,Alison_Krauss,/music/genre/artists,"The most likely relationship between ""Christian_music"" and ""Alison_Krauss"" in the context of a Knowledge Graph like Freebase is ""genre""."
/m/05dtsb,/m/02hrh1q,Xander_Berkeley,Actor-GB,/people/person/profession,"""profession"""
/m/02t_99,/m/0c8wxp,Jenny_McCarthy,Catholicism,/people/person/religion,"""religion"""
/m/032j_n,/m/01pj_5,Dimension_Films,Scary_Movie,/film/film_distributor/films_distributed./film/film_film_distributor_relationship/film,produced
/m/0m0fw,/m/07yg2,Noise_music,The_Velvet_Underground,/music/genre/artists,influenced by
/m/01bpc9,/m/04ztj,Steve_Earle,Marriage,/people/person/spouse_s./people/marriage/type_of_union,"""has spouse"""
/m/0226cw,/m/04gp1d,John_Dingell,92nd_United_States_Congress,/government/politician/government_positions_held./government/government_position_held/legislative_sessions,"""member of"""
/m/03hkch7,/m/06c0j,Milk,Ronald_Reagan,/film/film/personal_appearances./film/personal_film_appearance/person,"The most likely relationship between ""Milk"" and ""Ronald_Reagan"" in the context of a Knowledge Graph like Freebase could be ""endorsed by"" or ""advertised by,"" as Ronald Reagan was known to have appeared in advertisements for milk"
/m/0chghy,/m/0ldqf,Australia,1956_Summer_Olympics,/olympics/olympic_participating_country/athletes./olympics/olympic_athlete_affiliation/olympics,"""hosted"""
/m/0lpjn,/m/02hrh1q,Judi_Dench,Actor-GB,/people/person/profession,"""profession"""
/m/09c7w0,/m/01hx2t,United_States_of_America,Oregon_State_University,/location/location/contains,"""location"""
/m/034fl9,/m/02sh8y,Search_for_Tomorrow,Robert_Loggia,/tv/tv_program/regular_cast./tv/regular_tv_appearance/actor,"""acted in"""
/m/0ply0,/m/02hcv8,Orlando,Eastern_Time_Zone,/location/location/time_zones,time zone
/m/03x16f,/m/01m7mv,Dana_Delany,Andover,/people/person/places_lived./people/place_lived/location,"""educated at"""
/m/01sp81,/m/06v36,Richard_E._Grant,Swaziland,/people/person/nationality,place of birth
/m/0chghy,/m/02lq5w,Australia,Silver_medal,/olympics/olympic_participating_country/medals_won./olympics/olympic_medal_honor/medal,"""won"""
/m/02qyntr,/m/01mgw,BAFTA_Award_for_Best_Editing,"Crouching_Tiger,_Hidden_Dragon",/award/award_category/nominees./award/award_nomination/nominated_for,"""award winner"""
/m/0280061,/m/01mjq,This_Is_England,Czech_Republic,/film/film/release_date_s./film/film_regional_release_date/film_release_region,"""filming location"""
/m/0fbtbt,/m/0dsx3f,Primetime_Emmy_Award_for_Outstanding_Drama_Series,Friday_Night_Lights,/award/award_category/nominees./award/award_nomination/nominated_for,"""award winner"""
/m/059_c,/m/08mbj5d,Nevada,Official_Website,/common/topic/webpage./common/webpage/category,official_website
/m/0345h,/m/0lbbj,Germany,1964_Summer_Olympics,/olympics/olympic_participating_country/athletes./olympics/olympic_athlete_affiliation/olympics,participated in
/m/039xcr,/m/09c7w0,Thomas_Mitchell,United_States_of_America,/people/person/nationality,"""nationality"""
/m/05148p4,/m/02ht0ln,Keyboard,Bob_Marley_&_The_Wailers,/music/performance_role/regular_performances./music/group_membership/group,instrument
/m/05h7tk,/m/01d_h8,Dave_Fleischer,Film_Producer-GB,/people/person/profession,"""profession"""
/m/01nd9f,/m/0jmwg,Riot_grrrl,Hardcore_punk,/music/genre/parent_genre,genre
/m/0rp46,/m/0rp46,Key_West,Key_West,/location/hud_county_place/place,"The most likely relationship between ""Key_West"" and ""Key_West"" in the context of a Knowledge Graph like Freebase is ""same as"" or ""identity""."
/m/02x1z2s,/m/0275n3y,Satellite_Award_for_Best_Animated_or_Mixed_Media_Feature,11th_Satellite_Awards,/award/award_category/winners./award/award_honor/ceremony,"""award presented at"""
/m/03kwtb,/m/0456zg,David_A._Stewart,Alfie,/award/award_nominee/award_nominations./award/award_nomination/nominated_for,"""producer of"""
/m/01s73z,/m/02_l39,Comcast,NBCUniversal,/organization/organization/child./organization/organization_relationship/child,parent company
/m/041rx,/m/01pw9v,Jewish_people,Maurice_Sendak,/people/ethnicity/people,"""ethnicity"""
/m/09728,/m/0h1zw,Bread,Threonine,/food/food/nutrients./food/nutrition_fact/nutrient,Contains
/m/026y23w,/m/02jx1,Wayne_Dyer,England,/people/person/nationality,"""place of death"""
/m/0ddfwj1,/m/0h7x,Submarine,Austria,/film/film/release_date_s./film/film_regional_release_date/film_release_region,manufactured in
/m/027s39y,/m/0hcr,WALL-E,Animation,/film/film/genre,"The most likely relationship between ""WALL-E"" and ""Animation"" in the context of a Knowledge Graph like Freebase is ""genre""."
/m/0q59y,/m/0bm7fy,George_Abbott,Tony_Award_for_Best_Direction_of_a_Play,/award/award_nominee/award_nominations./award/award_nomination/award,"""award won"""
/m/03cd1q,/m/05_swj,Arif_Mardin,Walter_Murphy,/award/award_winner/awards_won./award/award_honor/award_winner,produced
/m/038_0z,/m/09xp_,Pakistan_national_cricket_team,Cricket,/sports/sports_team/sport,sport
/m/0cwy47,/m/09c7w0,Cleopatra,United_States_of_America,/film/film/country,"There is no direct relationship between Cleopatra and the United States of America in the context of a Knowledge Graph like Freebase, as Cleopatra lived long before the United States was established. However, if forced to find a connection, it might be through a historical"
/m/05vsxz,/m/03f1zdw,Chiwetel_Ejiofor,Colin_Firth,/award/award_nominee/award_nominations./award/award_nomination/award_nominee,"""acted with"""
/m/06szd3,/m/01xcr4,Television_Hall_of_Fame,Barbara_Walters,/award/hall_of_fame/inductees./award/hall_of_fame_induction/inductee,"""honored inductee"""
/m/01j5sd,/m/0cr3d,Gabriel_Byrne,Brooklyn,/people/person/places_lived./people/place_lived/location,"""place of residence"""
/m/0blpg,/m/02vzc,Everyone_Says_I_Love_You,Finland,/film/film/release_date_s./film/film_regional_release_date/film_release_region,"The most likely relationship between ""Everyone_Says_I_Love_You"" and ""Finland"" in the context of a Knowledge Graph like Freebase is ""filming location""."
/m/04ljl_l,/m/0jrqq,Razzie_Award_for_Worst_Supporting_Actor,M._Night_Shyamalan,/award/award_category/winners./award/award_honor/award_winner,award nominee
/m/02m_41,/m/05jxkf,Johann_Wolfgang_Goethe_University_of_Frankfurt_am_Main,Public_university,/education/educational_institution/school_type,"""type of institution"""
/m/025v3k,/m/09s1f,University_of_Minnesota,Business,/education/educational_institution/students_graduates./education/education/major_field_of_study,"""academic program"""
/m/0py9b,/m/01pd60,Dell,Fortune_500,/award/ranked_item/appears_in_ranked_lists./award/ranking/list,"""ranked in"""
/m/01wqg8,/m/056wb,Harvard_Medical_School,Michael_Crichton,/education/educational_institution/students_graduates./education/education/student,"""educated at"""
/m/0g8rj,/m/0325pb,University_of_Virginia,Alpha_Delta_Pi,/education/university/fraternities_and_sororities,"""has fraternity/sorority"""
/m/04zx3q1,/m/04x_3,PhD,Mechanical_Engineering,/education/educational_degree/people_with_this_degree./education/education/major_field_of_study,Field of study
/m/0nm87,/m/0jbk9,Kennebec_County,United_States_Department_of_Housing_and_Urban_Development,/location/hud_foreclosure_area/estimated_number_of_mortgages./measurement_unit/dated_integer/source,"""jurisdiction of"""
/m/017149,/m/02hrh1q,Ed_Harris,Actor-GB,/people/person/profession,Nationality
/m/01pl9g,/m/02h40lc,Rita_Hayworth,English_Language,/people/person/languages,"""language spoken"""
/m/0gqwc,/m/0dr_4,Academy_Award_for_Best_Actress,Titanic,/award/award_category/nominees./award/award_nomination/nominated_for,won by
/m/01j_cy,/m/04rlf,Michigan_State_University,Music,/education/educational_institution/students_graduates./education/education/major_field_of_study,"The most likely relationship between Michigan_State_University and Music in the context of a Knowledge Graph like Freebase is ""offers programs in"" or ""has department of""."
/m/0kv238,/m/04jpl,The_Wolfman,London,/film/film/featured_film_locations,"""place of setting"""
/m/01p8s,/m/01fpfn,Costa_Rica,Unitary_state,/location/country/form_of_government,"""form of government"""
/m/0693l,/m/06cv1,Quentin_Tarantino,Robert_Rodriguez,/base/popstra/celebrity/friendship./base/popstra/friendship/participant,Collaborated with
/m/0h3y,/m/0kbvb,Algeria,2004_Summer_Olympics,/olympics/olympic_participating_country/athletes./olympics/olympic_athlete_affiliation/olympics,participated in
/m/06_kh,/m/02lcqs,Santa_Monica,Pacific_Time_Zone,/location/location/time_zones,time zone
/m/01w56k,/m/0m19t,London_Records,Portishead,/music/record_label/artist,"""record label"""
/m/02jx1,/m/0lbfv,England,University_of_Manchester,/location/location/contains,location
/m/08gsvw,/m/02bjrlw,Quantum_of_Solace,Italian_Language,/film/film/language,Language
/m/0gs96,/m/0f7hw,Academy_Award_for_Best_Costume_Design,Coming_to_America,/award/award_category/nominees./award/award_nomination/nominated_for,"""award winner"""
/m/0872p_c,/m/03ryn,Transformers:_Dark_of_the_Moon,Indonesia,/film/film/release_date_s./film/film_regional_release_date/film_release_region,"""filming location"""
/m/07ssc,/m/013t85,United_Kingdom,Pontefract,/location/location/contains,"""location within"""
/m/0c9c0,/m/03hkv_r,Sacha_Baron_Cohen,Writers_Guild_of_America_Award_for_Best_Adapted_Screenplay,/award/award_nominee/award_nominations./award/award_nomination/award,"""award nomination"""
/m/05drq5,/m/03ntbmw,Robert_Benton,The_Human_Stain,/film/director/film,directed
/m/0cg9f,/m/0f4x7,Richard_Burton,Academy_Award_for_Best_Actor,/award/award_nominee/award_nominations./award/award_nomination/award,"""award nomination"""
/m/01g4yw,/m/06fvc,Middlesex_University,Red,/education/educational_institution/colors,"The most likely relationship between ""Middlesex_University"" and ""Red"" in the context of a Knowledge Graph like Freebase could be ""school colors""."
/m/04mg6l,/m/01r97z,Armand_Assante,Striptease,/film/actor/film./film/performance/film,acted in
/m/05g2v,/m/06frc,North_Africa,Roman_Republic,/location/location/contains,"""conquered by"""
/m/01l50r,/m/05b6s5j,Spike,WWE_Superstars,/tv/tv_network/programs./tv/tv_network_duration/program,"The most likely relationship between ""Spike"" and ""WWE_Superstars"" in the context of a Knowledge Graph like Freebase is ""broadcasted on""."
/m/02h4rq6,/m/01l8t8,Bachelor_of_Science,State_University_of_New_York_at_Stony_Brook,/education/educational_degree/people_with_this_degree./education/education/institution,"""offered by"""
/m/07_nf,/m/0333t,Vietnam_War,Full_Metal_Jacket,/film/film_subject/films,"The most likely relationship between ""Vietnam_War"" and ""Full_Metal_Jacket"" in the context of a Knowledge Graph like Freebase is ""subject of""."
/m/02z0f6l,/m/01f9r0,The_Young_Victoria,Docudrama,/film/film/genre,Genre
/m/01wf86y,/m/01vdm0,Cyndi_Lauper,Electronic_keyboard,/music/artist/track_contributions./music/track_contribution/role,"""instrument"""
/m/03rhqg,/m/04b7xr,Warner_Bros._Records,Michael_Sembello,/music/record_label/artist,"The most likely relationship between Warner_Bros._Records and Michael_Sembello in the context of a Knowledge Graph like Freebase is ""record label""."
/m/04rrx,/m/08809,Michigan,Ypsilanti,/location/location/contains,location of
/m/03qnvdl,/m/06f32,The_Bourne_Legacy,Taiwan,/film/film/release_date_s./film/film_regional_release_date/film_release_region,"""filming location"""
/m/07c52,/m/030cx,Television,Friends,/media_common/netflix_genre/titles,"""featured in"""
/m/03hl6lc,/m/0sxmx,Writers_Guild_of_America_Award_for_Best_Original_Screenplay,Platoon,/award/award_category/nominees./award/award_nomination/nominated_for,"""award winner"""
/m/09d5h,/m/030_1m,CBS,TriStar_Pictures,/organization/organization/child./organization/organization_relationship/child,"The most likely relationship between CBS and TriStar Pictures in the context of a Knowledge Graph like Freebase is ""parent company"". CBS was one of the original partners in the formation of TriStar Pictures."
/m/05cgy8,/m/0cbd2,Mike_Figgis,Writer-GB,/people/person/profession,Profession
/m/03s9b,/m/0d5_f,Ingmar_Bergman,August_Strindberg,/influence/influence_node/influenced_by,influenced by
/m/01mhwk,/m/01vsykc,38th_Annual_Grammy_Awards,Seal,/award/award_ceremony/awards_presented./award/award_honor/award_winner,"""award winner"""
/m/05d6q1,/m/09v42sf,IFC_Films,Kaboom,/film/film_distributor/films_distributed./film/film_film_distributor_relationship/film,"The most likely relationship between IFC Films and Kaboom in the context of a Knowledge Graph like Freebase is ""distributor""."
/m/02c6d,/m/015fr,Dressed_to_Kill,Brazil,/film/film/release_date_s./film/film_regional_release_date/film_release_region,Filming location.
/m/06sn8m,/m/063y9fp,Timothy_Daly,Superman/Batman:_Public_Enemies,/film/actor/film./film/performance/film,"""Voiced in"""
/m/07s6fsf,/m/08815,MBA,Yale_University,/education/educational_degree/people_with_this_degree./education/education/institution,"""offered by"""
/m/0252fh,/m/02_286,James_Caan,New_York_City,/people/person/places_lived./people/place_lived/location,Place of birth
/m/0fh2v5,/m/02r96rf,Children_of_Men,Visual_Effects_Supervisor,/film/film/other_crew./film/film_crew_gig/film_crew_role,"""visual effects supervisor"""
/m/0bl60p,/m/02hrh1q,Max_Casella,Actor-GB,/people/person/profession,"""profession"""
/m/0gr0m,/m/0c4hgj,Academy_Award_for_Best_Cinematography,40th_Academy_Awards,/award/award_category/winners./award/award_honor/ceremony,"""award ceremony"""
/m/016yr0,/m/08mbj5d,Edward_James_Olmos,Official_Website,/common/topic/webpage./common/webpage/category,Official website.
/m/041rx,/m/09x8ms,Jewish_people,Adrian_Adolph_Greenberg,/people/ethnicity/people,"The most likely relationship between ""Jewish_people"" and ""Adrian_Adolph_Greenberg"" in the context of a Knowledge Graph like Freebase is ""ethnicity"". Adrian Adolph Greenberg, known professionally as Adrian, was a notable"
/m/0gs96,/m/0bzkgg,Academy_Award_for_Best_Costume_Design,45th_Academy_Awards,/award/award_category/winners./award/award_honor/ceremony,"""award ceremony"""
/m/08z39v,/m/04ztj,David_Watkin,Marriage,/people/person/spouse_s./people/marriage/type_of_union,spouse
/m/08966,/m/07jdr,Zürich,Train,/travel/travel_destination/how_to_get_here./travel/transportation/mode_of_transportation,"""transportation hub"""
/m/02v63m,/m/029j_,Scream_3,DVD,/film/film/release_date_s./film/film_regional_release_date/film_release_distribution_medium,"""release format"""
/m/01f492,/m/02hrh1q,Alex_Rodriguez,Actor-GB,/people/person/profession,"""profession"""
/m/016tw3,/m/02j69w,Universal_Studios,Dazed_and_Confused,/film/film_distributor/films_distributed./film/film_film_distributor_relationship/film,Produced.
/m/01cv3n,/m/030qb3t,Rivers_Cuomo,Los_Angeles,/people/person/places_lived./people/place_lived/location,place of residence
/m/043sct5,/m/06t2t,"The_Good,_the_Bad,_the_Weird",Singapore,/film/film/release_date_s./film/film_regional_release_date/film_release_region,Filming location.
/m/045zr,/m/042v_gx,Joni_Mitchell,Acoustic_guitar,/music/artist/track_contributions./music/track_contribution/role,plays
/m/0fj45,/m/0l3h,Governor-General,Antigua_and_Barbuda,/government/government_office_category/officeholders./government/government_position_held/jurisdiction_of_office,"""office held by head of state"""
/m/050t68,/m/02hrh1q,Fyvush_Finkel,Actor-GB,/people/person/profession,"""profession"""
/m/0d06m5,/m/01dz7z,Hillary_Rodham_Clinton,First_Lady,/government/politician/government_positions_held./government/government_position_held/basic_title,"""role"""
/m/01sxdy,/m/02l7c8,The_Phantom_of_the_Opera,Romance_Film,/film/film/genre,genre
/m/0mgkg,/m/03mbdx_,Amazon.com,Interactive_Advertising_Bureau,/organization/organization_member/member_of./organization/organization_membership/organization,Member of
/m/0kvbl6,/m/029j_,The_Postman,DVD,/film/film/release_date_s./film/film_regional_release_date/film_release_distribution_medium,"""release format"""
/m/04bdxl,/m/09sb52,Catherine_Keener,Screen_Actors_Guild_Award_for_Outstanding_Performance_by_a_Cast_in_a_Motion_Picture,/award/award_nominee/award_nominations./award/award_nomination/award,nominated for
/m/02p65p,/m/09qv_s,Don_Cheadle,Screen_Actors_Guild_Award_for_Outstanding_Performance_by_a_Male_Actor_in_a_Leading_Role,/award/award_nominee/award_nominations./award/award_nomination/award,"""award won"""
/m/04180vy,/m/0263ycg,When_in_Rome,Wardrobe_Supervisor,/film/film/other_crew./film/film_crew_gig/film_crew_role,"""crew member"""
/m/02k1pr,/m/06kbb6,The_Poseidon_Adventure,Stirling_Silliphant,/film/film/written_by,written by
/m/03hj5lq,/m/0xszy,The_Wrestler,Elizabeth,/film/film/featured_film_locations,"""acted in"""
/m/05z7c,/m/06f32,Psycho,Taiwan,/film/film/release_date_s./film/film_regional_release_date/film_release_region,"""filming location"""
/m/016tt2,/m/02v8kmz,20th_Century_Fox,Bulworth,/film/film_distributor/films_distributed./film/film_film_distributor_relationship/film,"The most likely relationship between ""20th_Century_Fox"" and ""Bulworth"" in the context of a Knowledge Graph like Freebase is ""produced""."
/m/040njc,/m/0k20s,BAFTA_Award_for_Best_Film,Z,/award/award_category/nominees./award/award_nomination/nominated_for,"""award winner"""
/m/014mlp,/m/070yzk,Bachelor_of_Arts,Justin_Theroux,/education/educational_degree/people_with_this_degree./education/education/student,"""degree"""
/m/02hnl,/m/0m19t,Drums,Portishead,/music/performance_role/regular_performances./music/group_membership/group,"""instrument played"""
/m/01ct6,/m/05kj_,Baltimore_Ravens,Oregon,/sports/professional_sports_team/draft_picks./sports/sports_league_draft_pick/school,"Based on the context of a Knowledge Graph like Freebase, the most likely relationship between ""Baltimore_Ravens"" and ""Oregon"" would be ""drafted from"" or ""college affiliation,"" as it is common for professional sports teams to have"
/m/0b2v79,/m/029j_,The_Untouchables,DVD,/film/film/release_date_s./film/film_regional_release_date/film_release_distribution_medium,"""format"""
/m/085h1,/m/06s6l,World_Trade_Organization,Saint_Vincent_and_the_Grenadines,/user/ktrueman/default_domain/international_organization/member_states,member_of
/m/06j8q_,/m/03gjzk,Timothy_Busfield,Television_producer-GB,/people/person/profession,profession
/m/02yvct,/m/0154j,Inglourious_Basterds,Belgium,/film/film/release_date_s./film/film_regional_release_date/film_release_region,"""filming location"""
/m/02sh8y,/m/01rp13,Robert_Loggia,Malcolm_in_the_Middle,/award/award_nominee/award_nominations./award/award_nomination/nominated_for,acted in
/m/0gkts9,/m/01j67j,Primetime_Emmy_Award_for_Outstanding_Guest_Actress_-_Drama_Series,Northern_Exposure,/award/award_category/nominees./award/award_nomination/nominated_for,"""award winner"""
/m/01hn_t,/m/018ygt,Thomas_the_Tank_Engine_&_Friends,Alec_Baldwin,/tv/tv_program/regular_cast./tv/regular_tv_appearance/actor,Narrator
/m/02qw2xb,/m/02hrh1q,Lea_Michele,Actor-GB,/people/person/profession,"""profession"""
/m/02yw1c,/m/0296y,Melodic_death_metal,Death_metal,/music/genre/parent_genre,Genre of
/m/02r79_h,/m/03k9fj,The_Imaginarium_of_Dr._Parnassus,Adventure_Film,/film/film/genre,"The most likely relationship between ""The_Imaginarium_of_Dr._Parnassus"" and ""Adventure_Film"" in the context of a Knowledge Graph like Freebase is ""genre""."
/m/0jm9w,/m/06439y,Indiana_Pacers,2005_NBA_draft,/sports/professional_sports_team/draft_picks./sports/sports_league_draft_pick/draft,drafted_players
/m/04y5j64,/m/01pvkk,Six_Degrees_of_Separation,Sound_Editor-GB,/film/film/other_crew./film/film_crew_gig/film_crew_role,sound editor
/m/02vr3gz,/m/07ylj,The_Orphanage,Venezuela,/film/film/release_date_s./film/film_regional_release_date/film_release_region,filming location
/m/01fh9,/m/05fgt1,Billy_Bob_Thornton,Intolerable_Cruelty,/film/actor/film./film/performance/film,"""acted in"""
/m/05c26ss,/m/05sb1,Madagascar_3:_Europe's_Most_Wanted,Pakistan,/film/film/release_date_s./film/film_regional_release_date/film_release_region,"The most likely relationship between ""Madagascar_3:_Europe's_Most_Wanted"" and ""Pakistan"" in the context of a Knowledge Graph like Freebase is ""filming location""."
/m/01bpnd,/m/039v1,Noel_Gallagher,Guitarist-GB,/people/person/profession,Profession
/m/01cgz,/m/0j4b,Boxing,Angola,/olympics/olympic_sport/athletes./olympics/olympic_athlete_affiliation/country,"""practiced in"""
/m/04x4gj,/m/0h7pj,The_Twilight_Zone,Bruce_Willis,/tv/tv_program/regular_cast./tv/regular_tv_appearance/actor,"""acted in"""
/m/03mqtr,/m/04nm0n0,Political_drama,Good,/media_common/netflix_genre/titles,Has_quality
/m/02b1hb,/m/06fvc,Dagenham_&_Redbridge_F.C.,Red,/sports/sports_team/colors,Team color.
/m/03qmj9,/m/02h40lc,Loudon_Wainwright_III,English_Language,/people/person/languages,"The most likely relationship between Loudon Wainwright III and English Language in the context of a Knowledge Graph like Freebase is ""language spoken""."
/m/050z2,/m/09jwl,Mike_Oldfield,Musician-GB,/people/person/profession,profession
/m/03ww_x,/m/02gkzs,96th_United_States_Congress,100th_United_States_Congress,/government/legislative_session/members./government/government_position_held/legislative_sessions,"""followed by"""
/m/060c4,/m/0jgx,President,Armenia,/government/government_office_category/officeholders./government/government_position_held/jurisdiction_of_office,"""leader of"""
/m/05zrvfd,/m/04y9mm8,MTV_Movie_Award_for_Best_Scared-As-S**t_Performance,Piranha_3D,/award/award_category/nominees./award/award_nomination/nominated_for,"""award winner"""
/m/0gx9rvq,/m/01p1v,Jack_Reacher,Chile,/film/film/release_date_s./film/film_regional_release_date/film_release_region,"""location of story"""
/m/01tt43d,/m/02x4w6g,Roberto_Benigni,Independent_Spirit_Award_for_Best_Male_Lead,/award/award_nominee/award_nominations./award/award_nomination/award,"""award nominee"""
/m/030_3z,/m/040njc,Frank_Marshall,BAFTA_Award_for_Best_Film,/award/award_nominee/award_nominations./award/award_nomination/award,"""award nomination"""
/m/018vs,/m/0d193h,Bass_guitar,Pearl_Jam,/music/performance_role/regular_performances./music/group_membership/group,"""instrument played by"""
/m/0fz2y7,/m/081nh,31st_Academy_Awards,Walt_Disney,/award/award_ceremony/awards_presented./award/award_honor/award_winner,"""award winner"""
/m/02rv_dz,/m/02x1dht,Juno,Satellite_Award_for_Best_Original_Screenplay,/award/award_winning_work/awards_won./award/award_honor/award,Award won
/m/062zjtt,/m/07s9rl0,Thor,Drama,/film/film/genre,"""genre"""
/m/058j2,/m/03w5xm,Marvel_Comics,Customer_service,/base/schemastaging/organization_extra/phone_number./base/schemastaging/phone_sandbox/contact_category,"The most likely relationship between ""Marvel_Comics"" and ""Customer_service"" in the context of a Knowledge Graph like Freebase would be ""provides""."
/m/05qb8vx,/m/04ls53,82nd_Academy_Awards,Michael_Giacchino,/award/award_ceremony/awards_presented./award/award_honor/award_winner,"""award winner"""
/m/04l5b4,/m/019sc,Manchester_Monarchs,Black,/sports/sports_team/colors,Team color
/m/0gmd3k7,/m/05b4w,Savages,Norway,/film/film/release_date_s./film/film_regional_release_date/film_release_region,"""filming location"""
/m/047p7fr,/m/01p1v,I_Love_You_Phillip_Morris,Chile,/film/film/release_date_s./film/film_regional_release_date/film_release_region,filming location
/m/02jq1,/m/09nqf,Elvis_Presley,United_States_Dollar,/base/schemastaging/person_extra/net_worth./measurement_unit/dated_money_value/currency,currency
/m/05xvj,/m/03c74_8,Philadelphia_Phillies,1909_Major_League_Baseball_season,/baseball/baseball_team/team_stats./baseball/baseball_team_stats/season,"""participated in"""
/m/094qd5,/m/0416y94,BAFTA_Award_for_Best_Actress_in_a_Leading_Role,Julie_&_Julia,/award/award_category/nominees./award/award_nomination/nominated_for,"""award won for"""
/m/0q9kd,/m/02hrh1q,Danny_DeVito,Actor-GB,/people/person/profession,"""profession"""
/m/0crlz,/m/018wrk,Water_polo,1904_Summer_Olympics,/olympics/olympic_sport/athletes./olympics/olympic_athlete_affiliation/olympics,"""part of"""
/m/041rx,/m/03hhd3,Jewish_people,Ron_Perlman,/people/ethnicity/people,"""ethnicity"""
/m/07tp2,/m/02lq67,Uganda,Bronze_medal,/olympics/olympic_participating_country/medals_won./olympics/olympic_medal_honor/medal,"""won"""
/m/01mhwk,/m/01wp8w7,38th_Annual_Grammy_Awards,Van_Morrison,/award/award_ceremony/awards_presented./award/award_honor/award_winner,nominated for
/m/0640m69,/m/0d2b38,Grown_Ups,Storyboard_Artist,/film/film/other_crew./film/film_crew_gig/film_crew_role,"""film crew role"""
/m/019w9j,/m/03_3d,Rhythmic_gymnastics,Japan,/olympics/olympic_sport/athletes./olympics/olympic_athlete_affiliation/country,hosted_by
/m/03rk0,/m/02lq67,India,Bronze_medal,/olympics/olympic_participating_country/medals_won./olympics/olympic_medal_honor/medal,"""won"""
/m/0ftps,/m/0b_xm,Rick_Wakeman,Yes,/music/group_member/membership./music/group_membership/group,member of
/m/060c4,/m/02m0b0,President,Bennington_College,/organization/role/leaders./organization/leadership/organization,"""education"""
/m/01ck6h,/m/019bk0,Grammy_Award_for_Best_Male_Rock_Vocal_Performance,45th_Annual_Grammy_Awards,/award/award_category/winners./award/award_honor/ceremony,"""award presented at"""
/m/0l34j,/m/0bxqq,Solano_County,Sacramento_County,/location/location/adjoin_s./location/adjoining_relationship/adjoins,"The most likely relationship between Solano County and Sacramento County in the context of a Knowledge Graph like Freebase is ""adjacent to"" or ""neighboring county."""
/m/0gs973,/m/02h40lc,Inkheart,English_Language,/film/film/language,"The most likely relationship between ""Inkheart"" and ""English_Language"" in the context of a Knowledge Graph like Freebase is ""language""."
/m/03p2xc,/m/02h40lc,Bob_Roberts,English_Language,/film/film/language,"The most likely relationship between ""Bob_Roberts"" and ""English_Language"" in the context of a Knowledge Graph like Freebase is ""language spoken""."
/m/0459z,/m/01c72t,Johannes_Brahms,Composer,/people/person/profession,Profession
/m/06chf,/m/019f4v,Ridley_Scott,Golden_Globe_Award_for_Best_Director_-_Motion_Picture,/award/award_nominee/award_nominations./award/award_nomination/award,Nominated for
/m/0k4f3,/m/05glt,Some_Like_It_Hot,National_Film_Registry,/award/ranked_item/appears_in_ranked_lists./award/ranking/list,"""preserved in"""
/m/0flbm,/m/02hczc,Douglas_County,Mountain_Time_Zone-US,/location/location/time_zones,"""located in time zone"""
/m/06sw9,/m/02h40lc,Seychelles,English_Language,/location/country/official_language,official language
/m/0gn30,/m/0dxtg,Sylvester_Stallone,Screenwriter,/people/person/profession,"""profession"""
/m/01f6zc,/m/031hcx,Gary_Oldman,Harry_Potter_and_the_Order_of_the_Phoenix,/film/actor/film./film/performance/film,acted in
/m/03bnv,/m/02jx1,George_Harrison,England,/people/person/nationality,place of birth
/m/09c7w0,/m/0p0cw,United_States_of_America,Boulder_County,/location/country/second_level_divisions,"""contains"""
/m/040fv,/m/028kb,July,December,/base/localfood/seasonal_month/produce_available./base/localfood/produce_availability/seasonal_months,month follows
/m/01d34b,/m/02_286,Fiorello_H._LaGuardia_High_School,New_York_City,/organization/organization/headquarters./location/mailing_address/citytown,"""location"""
/m/06nd8c,/m/02jknp,Howard_Morris,Film_Director,/people/person/profession,profession
/m/05lb30,/m/08mbj5d,Ricardo_Antonio_Chavira,Official_Website,/common/topic/webpage./common/webpage/category,"""official website"""
/m/026rm_y,/m/02hrh1q,Christoph_Waltz,Actor-GB,/people/person/profession,"""nationality"""
/m/0ddbjy4,/m/03gj2,Dredd,Hungary,/film/film/release_date_s./film/film_regional_release_date/film_release_region,"""filming location"""
/m/0525b,/m/02jx1,Miranda_Richardson,England,/people/person/nationality,place of birth
/m/012ky3,/m/01c8w0,Michel_Legrand,Conductor,/people/person/profession,Profession
/m/025cn2,/m/054ks3,Paul_Francis_Webster,Golden_Globe_Award_for_Best_Original_Song,/award/award_nominee/award_nominations./award/award_nomination/award,"""award received"""
/m/0cx7f,/m/0326tc,Art_rock,Steven_Wilson,/music/genre/artists,genre_artist
/m/021r7r,/m/07bzp,Ray_Manzarek,The_Doors,/music/group_member/membership./music/group_membership/group,"""member of"""
/m/0bt4r4,/m/05zppz,Paul_Lieberstein,Male,/people/person/gender,gender
/m/02x4sn8,/m/03vyw8,Independent_Spirit_Award_for_Best_Screenplay,Mrs._Parker_and_the_Vicious_Circle,/award/award_category/nominees./award/award_nomination/nominated_for,"""award winner"""
/m/040db,/m/05zppz,Jorge_Luis_Borges,Male,/people/person/gender,Gender
/m/02yvct,/m/06c1y,Inglourious_Basterds,Romania,/film/film/release_date_s./film/film_regional_release_date/film_release_region,"""filming location"""
/m/05vz3zq,/m/015qh,Soviet_Union,Bulgaria,/military/military_combatant/military_conflicts./military/military_combatant_group/combatants,"""member of"""
/m/02fn5r,/m/01k_r5b,Vince_Gill,Travis_Tritt,/award/award_nominee/award_nominations./award/award_nomination/award_nominee,collaborated_with
/m/01q2nx,/m/05b2f_k,Deep_Impact,Leslie_Dilley,/film/film/film_production_design_by,production_designer
/m/0131kb,/m/01wb95,Donald_Pleasence,The_Greatest_Story_Ever_Told,/film/actor/film./film/performance/film,acted in
/m/09bx1k,/m/04vq33,Hugo_Friedhofer,Joan_of_Arc,/award/award_nominee/award_nominations./award/award_nomination/nominated_for,"There is no direct relationship between Hugo Friedhofer, a film composer, and Joan of Arc, a historical figure, in the context of a Knowledge Graph like Freebase. If there were any indirect connections, they might be through cultural works or historical references"
/m/0g48m4,/m/02xry,Lebanese_American,Florida,/people/ethnicity/geographic_distribution,"""place of residence"""
/m/0373qg,/m/08mbj5d,"University_College_Cork_-_National_University_of_Ireland,_Cork",Official_Website,/common/topic/webpage./common/webpage/category,Official website URL
/m/01bcq,/m/02hrh1q,Blythe_Danner,Actor-GB,/people/person/profession,"""profession"""
/m/085h1,/m/01ls2,World_Trade_Organization,Colombia,/user/ktrueman/default_domain/international_organization/member_states,member of
/m/0bc1yhb,/m/06t2t,Iron_Man_3,Singapore,/film/film/release_date_s./film/film_regional_release_date/film_release_region,"""filming location"""
/m/0cjsxp,/m/09c7w0,Michael_Shannon,United_States_of_America,/people/person/nationality,"""nationality"""
/m/07db6x,/m/01d_h8,Nunnally_Johnson,Film_Producer-GB,/people/person/profession,profession
/m/03s6l2,/m/0dxtw,Confessions_of_a_Dangerous_Mind,Special_Effects,/film/film/other_crew./film/film_crew_gig/film_crew_role,"The most likely relationship between ""Confessions_of_a_Dangerous_Mind"" and ""Special_Effects"" in the context of a Knowledge Graph like Freebase is ""film_special_effects""."
/m/04b7xr,/m/05q8pss,Michael_Sembello,Razzie_Award_for_Worst_Original_Song,/award/award_nominee/award_nominations./award/award_nomination/award,Nominated for
/m/0x67,/m/09k2t1,African_American,Jordin_Sparks,/people/ethnicity/people,"""ethnicity"""
/m/012qjw,/m/0h3bn,Vomiting,Dysentery,/medicine/symptom/symptom_of,symptom of
/m/0d0x8,/m/0lhn5,Georgia,Savannah,/location/location/contains,"""contains"""
/m/06x43v,/m/0345h,Rush_Hour_3,Germany,/film/film/country,"The most likely relationship between ""Rush_Hour_3"" and ""Germany"" in the context of a Knowledge Graph like Freebase is ""filming location""."
/m/01h7xx,/m/043djx,30th_United_States_Congress,31st_United_States_Congress,/government/legislative_session/members./government/government_position_held/legislative_sessions,"""followed by"""
/m/09ld6g,/m/04ztj,Nagesh,Marriage,/people/person/spouse_s./people/marriage/type_of_union,"""spouse"""
/m/044rvb,/m/04s1zr,J.K._Simmons,The_Gift,/film/actor/film./film/performance/film,acted in
/m/05ztjjw,/m/017d93,MTV_Movie_Award_for_Best_Movie,8_Mile,/award/award_category/nominees./award/award_nomination/nominated_for,"""award winner"""
/m/018j2,/m/018ndc,Banjo,Dixie_Chicks,/music/performance_role/regular_performances./music/group_membership/group,instrument
/m/037ls6,/m/0h1zw,Coconut_milk,Threonine,/food/food/nutrients./food/nutrition_fact/nutrient,"The most likely relationship between ""Coconut_milk"" and ""Threonine"" in the context of a Knowledge Graph like Freebase would be ""contains"" or ""has nutrient,"" as coconut milk may contain the amino acid threonine."
/m/09c7w0,/m/01wdj_,United_States_of_America,Auburn_University,/location/location/contains,"""location"""
/m/04fzfj,/m/02rh1dz,Godzilla,Visual_Effects_Art_Director,/film/film/other_crew./film/film_crew_gig/film_crew_role,"""special effects supervisor"""
/m/02784z,/m/0cbd2,Herbert_Lom,Writer-GB,/people/person/profession,profession
/m/01h7xx,/m/01x73,30th_United_States_Congress,Connecticut,/government/legislative_session/members./government/government_position_held/district_represented,"""has jurisdiction over"""
/m/09rvwmy,/m/02_n3z,Solitary_Man,Dialogue_Editor,/film/film/other_crew./film/film_crew_gig/film_crew_role,edited by
/m/03n52j,/m/02ht1k,"Ed_Begley,_Jr.",A_Mighty_Wind,/film/actor/film./film/performance/film,acted in
/m/035sc2,/m/01d_h8,Morgan_Spurlock,Film_Producer-GB,/people/person/profession,profession
/m/02wb6d,/m/09c7w0,Franz_Waxman,United_States_of_America,/people/person/nationality,"""nationality"""
/m/032jlh,/m/021mkg,Switzerland_national_football_team,FC_Basel,/base/x2010fifaworldcupsouthafrica/world_cup_squad/current_world_cup_squad./base/x2010fifaworldcupsouthafrica/current_world_cup_squad/current_club,"""club"""
/m/0hkqn,/m/02zdwq,Lockheed_Martin,Technical_Support,/base/schemastaging/organization_extra/phone_number./base/schemastaging/phone_sandbox/contact_category,provides services
/m/0301yj,/m/03vyw8,Peter_Gallagher,Mrs._Parker_and_the_Vicious_Circle,/film/actor/film./film/performance/film,acted in
/m/06j8wx,/m/05zppz,Charles_Dance,Male,/people/person/gender,Gender
/m/0bw6y,/m/01p5_g,Barbara_Stanwyck,Pin-up_girl-GB,/people/person/profession,"""profession"""
/m/047rkcm,/m/09vw2b7,The_Ugly_Truth,Special_Effects_Supervisor,/film/film/other_crew./film/film_crew_gig/film_crew_role,special effects supervisor
/m/01zn4y,/m/06mnr,University_of_Leicester,Statistics,/education/educational_institution/students_graduates./education/education/major_field_of_study,"The most likely relationship between ""University_of_Leicester"" and ""Statistics"" in the context of a Knowledge Graph like Freebase is ""offers academic program in""."
/m/06688p,/m/0s9b_,John_Barrowman,Joliet,/people/person/places_lived./people/place_lived/location,"""place of birth"""
/m/03nyts,/m/04ztj,Shotaro_Ishinomori,Marriage,/people/person/spouse_s./people/marriage/type_of_union,"""spouse"""
/m/03cw411,/m/0349s,The_Reader,Greek_Language,/film/film/language,"The most likely relationship between ""The_Reader"" and ""Greek_Language"" in the context of a Knowledge Graph like Freebase would be ""language"". This suggests that ""The_Reader"" may have been translated into or is available in the Greek"
/m/0c7xjb,/m/0f2rq,Jessica_Simpson,Dallas,/people/person/place_of_birth,Place of birth.
/m/018h2,/m/04jwly,Bisexuality,Far_from_Heaven,/film/film_subject/films,"The most likely relationship between ""Bisexuality"" and ""Far from Heaven"" in the context of a Knowledge Graph like Freebase is ""topic of""."
/m/015f7,/m/02zsn,Britney_Spears,Female,/people/person/gender,Gender
/m/015pxr,/m/0q5hw,Ricky_Gervais,Jerry_Seinfeld,/influence/influence_node/influenced_by,"The most likely relationship between Ricky Gervais and Jerry Seinfeld in the context of a Knowledge Graph like Freebase is ""colleague"" or ""peer,"" as both are well-known comedians and have interacted professionally, such as appearing on each other's shows"
/m/0s69k,/m/0jbk9,Aurora,United_States_Department_of_Housing_and_Urban_Development,/location/hud_foreclosure_area/estimated_number_of_mortgages./measurement_unit/dated_integer/source,"""location of"""
/m/0gqy2,/m/0dgst_d,Academy_Award_for_Best_Actor_in_a_Supporting_Role,My_Week_with_Marilyn,/award/award_category/nominees./award/award_nomination/nominated_for,"""award won"""
/m/0g2c8,/m/07c0j,Rock_and_Roll_Hall_of_Fame,The_Beatles,/award/hall_of_fame/inductees./award/hall_of_fame_induction/inductee,inductee
/m/0kv2hv,/m/0bbc17,Norbit,Gross_out,/film/film/genre,genre
/m/02tcgh,/m/0688f,Kal_Ho_Naa_Ho,Punjabi_language,/film/film/language,"The most likely relationship between ""Kal_Ho_Naa_Ho"" and ""Punjabi_language"" in the context of a Knowledge Graph like Freebase is ""language""."
/m/01vn0t_,/m/0f8j6,Freddie_Mercury,Kensington,/people/deceased_person/place_of_death,Place of death.
/m/03qhyn8,/m/02qyntr,Danilo_Donati,BAFTA_Award_for_Best_Editing,/award/award_nominee/award_nominations./award/award_nomination/award,"""award won"""
/m/049ql1,/m/04k4rt,Vivendi,Fortune_Global_500,/award/ranked_item/appears_in_ranked_lists./award/ranking/list,ranked in
/m/07nx9j,/m/0340hj,Dylan_Baker,Spider-Man_3,/film/actor/film./film/performance/film,acted in
/m/050ks,/m/01y0s9,Maine,Nondenominational_Christianity,/location/statistical_region/religions./location/religion_percentage/religion,"""religion in"""
/m/04f52jw,/m/016wzw,How_to_Train_Your_Dragon,Peru,/film/film/release_date_s./film/film_regional_release_date/film_release_region,No direct relation.
/m/02bvt,/m/03gjzk,David_Angell,Television_producer-GB,/people/person/profession,profession
/m/091z_p,/m/0dxtw,Pan's_Labyrinth,Special_Effects,/film/film/other_crew./film/film_crew_gig/film_crew_role,"""featured special effects"""
/m/08nz99,/m/09c7w0,Michael_Piller,United_States_of_America,/people/person/nationality,"""nationality"""
/m/0bh8drv,/m/0bmj62v,Another_Year,2010_Toronto_International_Film_Festival,/film/film/film_festivals,"""featured at"""
/m/0bt4g,/m/02nxhr,Back_to_the_Future,Blu-ray_disc,/film/film/distributors./film/film_film_distributor_relationship/film_distribution_medium,"The most likely relationship between ""Back_to_the_Future"" and ""Blu-ray_disc"" in the context of a Knowledge Graph like Freebase is ""release format""."
/m/0164nb,/m/06hwzy,David_Hasselhoff,Dancing_with_the_Stars,/tv/tv_personality/tv_regular_appearances./tv/tv_regular_personal_appearance/program,"""participant in"""
/m/06f0k,/m/06n90,Red_Dwarf,Science_Fiction,/tv/tv_program/genre,Genre
/m/03xsby,/m/072hx4,Lionsgate_Entertainment,March_of_the_Penguins,/film/film_distributor/films_distributed./film/film_film_distributor_relationship/film,distributed by
/m/05b_gq,/m/02bjrlw,Swept_Away,Italian_Language,/film/film/language,Language
/m/082xp,/m/099md,Winston_Churchill,Soldier-GB,/people/person/profession,"""profession"""
/m/02q56mk,/m/09nqf,Wonder_Boys,United_States_Dollar,/film/film/estimated_budget./measurement_unit/dated_money_value/currency,"The most likely relationship between ""Wonder_Boys"" and ""United_States_Dollar"" in the context of a Knowledge Graph like Freebase would be ""currency used""."
/m/024mxd,/m/09nqf,Superman_IV:_The_Quest_For_Peace,United_States_Dollar,/film/film/estimated_budget./measurement_unit/dated_money_value/currency,"""budget currency"""
/m/03ckfl9,/m/04mky3,Experimental_music,Sufjan_Stevens,/music/genre/artists,genre
/m/011vx3,/m/07w8f,Pete_Seeger,Unitarian_Universalism,/people/person/religion,"""religion"""
/m/05w88j,/m/02hrh1q,Charles_S._Dutton,Actor-GB,/people/person/profession,"""profession"""
/m/02dbp7,/m/05148p4,David_Foster,Keyboard,/music/artist/track_contributions./music/track_contribution/role,plays instrument
/m/021q1c,/m/025v3k,Research_Assistant,University_of_Minnesota,/business/job_title/people_with_this_title./business/employment_tenure/company,"""employed by"""
/m/07c52,/m/03s6l2,Television,Confessions_of_a_Dangerous_Mind,/film/film_subject/films,"""featured in"""
/m/0bvzp,/m/05zppz,Leonard_Bernstein,Male,/people/person/gender,Gender
/m/0xhtw,/m/0134s5,Hard_rock,AC/DC,/music/genre/artists,genre
/m/02x3lt7,/m/07s9rl0,Hannah_Montana:_The_Movie,Drama,/film/film/genre,Genre
/m/01nm3s,/m/02_286,John_Goodman,New_York_City,/people/person/places_lived./people/place_lived/location,"""place of residence"""
/m/01x2_q,/m/0d060g,Dany_Heatley,Canada,/people/person/nationality,nationality
/m/03rjj,/m/02lq67,Italy,Bronze_medal,/olympics/olympic_participating_country/medals_won./olympics/olympic_medal_honor/medal,"""won"""
/m/05v8c,/m/0l6m5,Philippines,1992_Summer_Olympics,/olympics/olympic_participating_country/medals_won./olympics/olympic_medal_honor/olympics,participated in
/m/06jzh,/m/0cqgl9,Robin_Wright,Screen_Actors_Guild_Award_for_Outstanding_Performance_by_a_Female_Actor_in_a_Miniseries_or_Television_Movie,/award/award_nominee/award_nominations./award/award_nomination/award,"""award won"""
/m/09bymc,/m/0427y,9th_Golden_Satellite_Awards,Jerry_Lewis,/award/award_ceremony/awards_presented./award/award_honor/award_winner,"""award nominee"""
/m/06by7,/m/09qr6,Rock_music,Robbie_Williams,/music/genre/artists,"The most likely relationship between ""Rock_music"" and ""Robbie_Williams"" in the context of a Knowledge Graph like Freebase is ""genre""."
/m/01mxnvc,/m/0k33p,Roy_Wood,Birmingham,/music/artist/origin,place of birth
/m/0dq_5,/m/04f0xq,Managing_Director-GB,Merck_&_Co.,/organization/role/leaders./organization/leadership/organization,"""profession"""
/m/02ch1w,/m/016z9n,Madeline_Kahn,Nixon,/award/award_nominee/award_nominations./award/award_nomination/nominated_for,"The most likely relationship between Madeline Kahn and Nixon in the context of a Knowledge Graph like Freebase is ""acted in"". Madeline Kahn was an actress who appeared in the film ""Nixon"" directed by Oliver Stone."
/m/0g5ff,/m/0cbd2,Jack_Vance,Writer-GB,/people/person/profession,Profession
/m/032w8h,/m/0bmssv,Paul_Rudd,Night_at_the_Museum,/film/actor/film./film/performance/film,acted in
/m/0gfsq9,/m/0dxtw,I_Am_Legend,Special_Effects,/film/film/other_crew./film/film_crew_gig/film_crew_role,"The most likely relationship between ""I_Am_Legend"" and ""Special_Effects"" in the context of a Knowledge Graph like Freebase is ""featured in""."
/m/0cnl80,/m/043js,Phyllis_Smith,James_Spader,/award/award_nominee/award_nominations./award/award_nomination/award_nominee,"""acted in"""
/m/03bzyn4,/m/09c7w0,Sex_and_the_City,United_States_of_America,/film/film/country,"""country of origin"""
/m/04vr_f,/m/027c924,The_Departed,National_Board_of_Review_Award_for_Best_Director,/award/award_winning_work/awards_won./award/award_honor/award,"""award won"""
/m/01z9v6,/m/05g76,Pitcher,New_York_Mets,/sports/sports_position/players./sports/sports_team_roster/team,"""played for"""
/m/0tnkg,/m/08mbj5d,Lewiston,Official_Website,/common/topic/webpage./common/webpage/category,official website
/m/03q45x,/m/0cqhmg,Amy_Poehler,Screen_Actors_Guild_Award_for_Outstanding_Performance_by_a_Female_Actor_in_a_Comedy_Series,/award/award_nominee/award_nominations./award/award_nomination/award,nominated for
/m/02725hs,/m/060__y,Captain_Corelli's_Mandolin,Film_adaptation,/film/film/genre,"""adapted into"""
/m/0241y7,/m/015h31,The_Hunchback_of_Notre_Dame,Animator-GB,/film/film/other_crew./film/film_crew_gig/film_crew_role,Animated by
/m/03bwzr4,/m/0bthb,Master_of_Science,Lehigh_University,/education/educational_degree/people_with_this_degree./education/education/institution,"""offered by"""
/m/03hkv_r,/m/083shs,Writers_Guild_of_America_Award_for_Best_Adapted_Screenplay,The_Cider_House_Rules,/award/award_category/nominees./award/award_nomination/nominated_for,"""award winner"""
/m/0fnmz,/m/0g4gr,California_State_University,Marketing-GB,/education/educational_institution/students_graduates./education/education/major_field_of_study,"The most likely relationship between ""California_State_University"" and ""Marketing-GB"" in the context of a Knowledge Graph like Freebase would be ""academic program offered""."
/m/04bd8y,/m/09c7w0,Richard_Schiff,United_States_of_America,/people/person/nationality,"""nationality"""
/m/033jj1,/m/05zppz,Sean_Hayes,Male,/people/person/gender,Gender
/m/01mxt_,/m/02hrh1q,Steve_Vai,Actor-GB,/people/person/profession,"""profession"""
/m/059y0,/m/06crk,Niels_Henrik_David_Bohr,Richard_Feynman,/influence/influence_node/peers./influence/peer_relationship/peers,colleague
/m/02bqm0,/m/081mh,104th_United_States_Congress,West_Virginia,/government/legislative_session/members./government/government_position_held/district_represented,"""represented by"""
/m/0bynt,/m/0154j,Track_and_field_athletics,Belgium,/olympics/olympic_sport/athletes./olympics/olympic_athlete_affiliation/country,"""hosted event in"""
/m/02rxbmt,/m/0gqzz,Fernando_Trueba,Academy_Award_for__Best_Animated_Feature_Film,/award/award_nominee/award_nominations./award/award_nomination/award,nominated for
/m/0dq9wx,/m/0kyk,Lauren_Katherine_Conrad,Author-GB,/people/person/profession,"""profession"""
/m/0b_6h7,/m/026wlnm,1980_NCAA_Men's_Division_I_Basketball_Tournament,Duke_Blue_Devils_men's_basketball,/base/marchmadness/ncaa_basketball_tournament/seeds./base/marchmadness/ncaa_tournament_seed/team,participating team
/m/054k_8,/m/01d_h8,Donnie_Yen,Film_Producer-GB,/people/person/profession,"""profession"""
/m/032clf,/m/035qy,Dirty_Dancing,Greece,/film/film/release_date_s./film/film_regional_release_date/film_release_region,"""filming location"""
/m/069q4f,/m/02h40lc,Stop!_Or_My_Mom_Will_Shoot,English_Language,/film/film/language,"The most likely relationship between ""Stop!_Or_My_Mom_Will_Shoot"" and ""English_Language"" in the context of a Knowledge Graph like Freebase is ""language""."
/m/05h43ls,/m/02r96rf,Sex_and_the_City_2,Visual_Effects_Supervisor,/film/film/other_crew./film/film_crew_gig/film_crew_role,"""visual effects"""
/m/0fzyg,/m/018js4,Aviation,Top_Gun,/film/film_subject/films,"The most likely relationship between ""Aviation"" and ""Top_Gun"" in the context of a Knowledge Graph like Freebase is ""subject of""."
/m/0cwx_,/m/04m8fy,Carnegie_Mellon_University,Delta_Delta_Delta,/education/university/fraternities_and_sororities,"""has student organization"""
/m/07sbbz2,/m/01vsyg9,Rock_and_roll,Jimmy_Page,/music/genre/artists,genre
/m/060bp,/m/0169t,Prime_minister-GB,Burundi,/government/government_office_category/officeholders./government/government_position_held/jurisdiction_of_office,"""visited"""
/m/049w1q,/m/059j2,The_Clearing,Netherlands,/film/film/release_date_s./film/film_regional_release_date/film_release_region,"Based on the context of a Knowledge Graph like Freebase, the most likely relationship between ""The_Clearing"" and ""Netherlands"" could be ""filming location"" if ""The_Clearing"" refers to a film or television production."
/m/018y2s,/m/013w8y,Dave_Matthews,Dave_Matthews_Band,/music/group_member/membership./music/group_membership/group,"""member of"""
/m/0p8jf,/m/07w21,Michael_Chabon,Ursula_K._Le_Guin,/influence/influence_node/influenced_by,influenced by
/m/090gpr,/m/03gjzk,Asha_Parekh,Television_producer-GB,/people/person/profession,"""profession"""
/m/0dmtp,/m/03w5xm,"Cisco_Systems,_Inc.",Customer_service,/base/schemastaging/organization_extra/phone_number./base/schemastaging/phone_sandbox/contact_category,provides
/m/03qjg,/m/01tw31,Harmonica,Rory_Gallagher,/music/instrument/instrumentalists,"""instrument played"""
/m/0vhm,/m/095bb,Animaniacs,Animated_cartoon,/tv/tv_program/genre,"""genre"""
/m/07_m2,/m/05zppz,Vincent_van_Gogh,Male,/people/person/gender,gender
/m/0bq3x,/m/033qdy,Serial_killer,Red_Dragon,/film/film_subject/films,"The most likely relationship between ""Serial_killer"" and ""Red_Dragon"" in the context of a Knowledge Graph like Freebase is ""subject of""."
/m/05c5z8j,/m/029j_,In_the_Loop,DVD,/film/film/release_date_s./film/film_regional_release_date/film_release_distribution_medium,"""release format"""
/m/019v9k,/m/01nm8w,Bachelor's_degree,Ghent_University,/education/educational_degree/people_with_this_degree./education/education/institution,"""offered by"""
/m/06qd3,/m/0ldqf,South_Korea,1956_Summer_Olympics,/olympics/olympic_participating_country/medals_won./olympics/olympic_medal_honor/olympics,participated in
/m/09n5t_,/m/015cxv,Americana,Los_Lobos,/music/genre/artists,genre
/m/01pk3z,/m/0h1cdwq,Anna_Faris,Alvin_and_the_Chipmunks:_Chipwrecked,/film/actor/film./film/performance/film,acted in
/m/07cyl,/m/02vs3x5,The_Silence_of_the_Lambs,Sound_Re-Recording_Mixer-GB,/film/film/other_crew./film/film_crew_gig/film_crew_role,sound crew
/m/0jgd,/m/0l6mp,Argentina,1988_Summer_Olympics,/olympics/olympic_participating_country/medals_won./olympics/olympic_medal_honor/olympics,participated in
/m/027c95y,/m/046qq,National_Board_of_Review_Award_for_Best_Actor,Jon_Voight,/award/award_category/winners./award/award_honor/award_winner,award winner
/m/0lrh,/m/03jxw,Allen_Ginsberg,Herman_Melville,/influence/influence_node/influenced_by,influenced by
/m/0x67,/m/03f5spx,African_American,Timbaland,/people/ethnicity/people,ethnicity
/m/03bggl,/m/01wb95,Van_Heflin,The_Greatest_Story_Ever_Told,/film/actor/film./film/performance/film,acted in
/m/02tqm5,/m/0chghy,Evil_Angels,Australia,/film/film/country,country of origin
/m/0fpv_3_,/m/0345h,Life_of_Pi,Germany,/film/film/release_date_s./film/film_regional_release_date/film_release_region,"""filming location"""
/m/025n07,/m/05_pkf,xXx,Randy_Edelman,/film/film/music,"""composer"""
/m/0g72r,/m/09c7w0,Charles_Bukowski,United_States_of_America,/people/person/nationality,"""nationality"""
/m/07w4j,/m/0dgskx,University_of_Sussex,Jim_Carter,/education/educational_institution/students_graduates./education/education/student,"""alma mater"""
/m/0k2sk,/m/07ssc,Who_Framed_Roger_Rabbit,United_Kingdom,/film/film/distributors./film/film_film_distributor_relationship/region,"""filming location"""
/m/07b1gq,/m/06ybb1,Judge_Dredd,Rhinestone,/award/award_winning_work/awards_won./award/award_honor/honored_for,"""acted in"""
/m/06f41,/m/01nln,Rowing,Cameroon,/olympics/olympic_sport/athletes./olympics/olympic_athlete_affiliation/country,"""participated in"""
/m/0r5lz,/m/02lcqs,San_Luis_Obispo,Pacific_Time_Zone,/location/location/time_zones,time zone
/m/0b_6rk,/m/02pqcfz,1990_NCAA_Men's_Division_I_Basketball_Tournament,UCLA_Bruins_men's_basketball,/base/marchmadness/ncaa_basketball_tournament/seeds./base/marchmadness/ncaa_tournament_seed/team,participating team
/m/016t_3,/m/02tz9z,Master's_Degree,Saint_Louis_University,/education/educational_degree/people_with_this_degree./education/education/institution,"""educational institution"""
/m/0q9zc,/m/052hl,Larry_David,Mel_Brooks,/influence/influence_node/influenced_by,"""influenced by"""
/m/047p7fr,/m/03k9fj,I_Love_You_Phillip_Morris,Adventure_Film,/film/film/genre,genre
/m/02wvf2s,/m/08mbj5d,West_Virginia_Mountaineers_football,Official_Website,/common/topic/webpage./common/webpage/category,"""official website"""
/m/09r9dp,/m/080lkt7,Jon_Hamm,Howl,/film/actor/film./film/performance/film,acted in
/m/0h95927,/m/02vzc,Silver_Linings_Playbook,Finland,/film/film/release_date_s./film/film_regional_release_date/film_release_region,"The most likely relationship between ""Silver_Linings_Playbook"" and ""Finland"" in the context of a Knowledge Graph like Freebase would be ""filming location""."
/m/013b2h,/m/0dzc16,44th_Annual_Grammy_Awards,Emilio_Estefan,/award/award_ceremony/awards_presented./award/award_honor/award_winner,producer
/m/02g8mp,/m/013b2h,"Grammy_Award_for_Best_Engineered_Album,_Non-Classical",44th_Annual_Grammy_Awards,/award/award_category/winners./award/award_honor/ceremony,"""award presented at"""
/m/0dryh9k,/m/05b1062,Indian_people,Asit_Sen,/people/ethnicity/people,profession
/m/090gk3,/m/02krf9,Aruna_Irani,Television_Director,/people/person/profession,"""profession"""
/m/04f4z1k,/m/09f2j,1997_Major_League_Baseball_Draft,"University_of_California,_Los_Angeles",/sports/sports_league_draft/picks./sports/sports_league_draft_pick/school,"""drafted from"""
/m/0349s,/m/0hzlz,Greek_Language,South_Africa,/language/human_language/countries_spoken_in,spoken in
/m/0sxgh,/m/0jc_p,Morgan_State_University,Orange,/education/educational_institution/colors,"The most likely relationship between ""Morgan_State_University"" and ""Orange"" in the context of a Knowledge Graph like Freebase is ""school colors""."
/m/01vtj38,/m/07kb7vh,Cher,Zookeeper,/film/actor/film./film/performance/film,"""acted in"""
/m/041rx,/m/02k21g,Jewish_people,Maya_Rudolph,/people/ethnicity/people,"""ethnicity"""
/m/0gs96,/m/0gl3hr,Academy_Award_for_Best_Costume_Design,Guys_and_Dolls,/award/award_category/nominees./award/award_nomination/nominated_for,"""award winner"""
/m/05vk_d,/m/0d1pc,Megan_Fox,Model,/people/person/profession,"""profession"""
/m/04hhv,/m/06sks6,Laos,2012_Summer_Olympics,/olympics/olympic_participating_country/athletes./olympics/olympic_athlete_affiliation/olympics,participated in
/m/018pj3,/m/08mbj5d,Emily_Robison,Official_Website,/common/topic/webpage./common/webpage/category,"The most likely relationship between Emily_Robison and Official_Website in the context of a Knowledge Graph like Freebase is ""official website""."
/m/0p5vf,/m/024pcx,Member_of_Parliament-GB,Kingdom_of_England,/government/government_office_category/officeholders./government/government_position_held/jurisdiction_of_office,"""country of citizenship"""
/m/0cchk3,/m/08mbj5d,The_University_of_Southern_Mississippi,Official_Website,/common/topic/webpage./common/webpage/category,"""website"""
/m/04rzd,/m/01vn35l,Mandolin,Steve_Winwood,/music/instrument/instrumentalists,"""instrument played"""
/m/01k60v,/m/0k6nt,Silkwood,Denmark-GB,/film/film/release_date_s./film/film_regional_release_date/film_release_region,"The most likely relationship between ""Silkwood"" and ""Denmark-GB"" in the context of a Knowledge Graph like Freebase is ""award won"". ""Silkwood"" is a film, and ""Denmark-GB"" refers to"
/m/09c7w0,/m/0flbm,United_States_of_America,Douglas_County,/location/country/second_level_divisions,"""contains"""
/m/01z4y,/m/02704ff,Comedy-GB,Burn_After_Reading,/media_common/netflix_genre/titles,"The most likely relationship between ""Comedy-GB"" and ""Burn_After_Reading"" in the context of a Knowledge Graph like Freebase is ""genre""."
/m/0f4y3,/m/02hcv8,Columbia_County,Eastern_Time_Zone,/location/location/time_zones,time zone
/m/04bbv7,/m/09c7w0,Johnny_Yong_Bosch,United_States_of_America,/people/person/nationality,"""nationality"""
/m/0443y3,/m/04ztj,Marcia_Cross,Marriage,/people/person/spouse_s./people/marriage/type_of_union,"""spouse"""
/m/02w4v,/m/01d4cb,Folk_music,Ry_Cooder,/music/genre/artists,"""genre"""
/m/03t95n,/m/02r96rf,The_Scorpion_King,Visual_Effects_Supervisor,/film/film/other_crew./film/film_crew_gig/film_crew_role,"""visual effects"""
/m/04353,/m/02x4wr9,Jonathan_Demme,Independent_Spirit_Award_for_Best_Director,/award/award_nominee/award_nominations./award/award_nomination/award,"""award won"""
/m/0cm2xh,/m/02j9z,World_War_I,Europe,/time/event/locations,"""location"""
/m/07ymr5,/m/05gnf,Andy_Samberg,NBC,/award/award_winner/awards_won./award/award_honor/award_winner,"""acted in"""
/m/035yn8,/m/0jgd,The_Exorcist,Argentina,/film/film/release_date_s./film/film_regional_release_date/film_release_region,Filming location
/m/03b79,/m/0156q,German_Empire,Berlin,/location/country/capital,Capital of
/m/0fq9zdv,/m/035zr0,British_Independent_Film_Award_for_Best_British_Independent_Film,Young_Adam,/award/award_category/nominees./award/award_nomination/nominated_for,"""award winner"""
/m/036dyy,/m/08mbj5d,Zach_Braff,Official_Website,/common/topic/webpage./common/webpage/category,"The most likely relationship between Zach_Braff and Official_Website in the context of a Knowledge Graph like Freebase is ""official website""."
/m/01n4f8,/m/02hrh1q,Bill_Maher,Actor-GB,/people/person/profession,"""profession"""
/m/0638kv,/m/0f2nf,William_Cameron_Menzies,New_Haven,/people/person/place_of_birth,"""place of birth"""
/m/058vfp4,/m/03gyh_z,Henry_Grace,Robert_F._Boyle,/award/award_nominee/award_nominations./award/award_nomination/award_nominee,"The most likely relationship between Henry Grace and Robert F. Boyle in the context of a Knowledge Graph like Freebase could be ""colleague"" or ""collaborator,"" assuming they are both involved in a similar field or project. However, without specific"
/m/0bxl5,/m/02fsn,Rhodes_piano,Double_bass,/music/performance_role/track_performances./music/track_contribution/role,"The most likely relationship between ""Rhodes_piano"" and ""Double_bass"" in the context of a Knowledge Graph like Freebase would be ""instrumentation""."
/m/05zlld0,/m/05mvd62,Transformers,Ian_Bryce,/film/film/produced_by,"""produced by"""
/m/06mzp,/m/0lbd9,Switzerland,1960_Summer_Olympics,/olympics/olympic_participating_country/medals_won./olympics/olympic_medal_honor/olympics,participated in
/m/01bbwp,/m/07ssc,Keith_Allen,United_Kingdom,/people/person/nationality,"""nationality"""
/m/0cc5qkt,/m/03q8ch,War_Horse,Michael_Kahn,/film/film/edited_by,edited by
/m/01gvpz,/m/03bxz7,Lady_Sings_the_Blues,Biographical_film,/film/film/genre,Genre
/m/09c7w0,/m/0mp08,United_States_of_America,Danville,/location/country/second_level_divisions,"""contains"""
/m/0g9zljd,/m/06bnz,A_Separation,Russia,/film/film/release_date_s./film/film_regional_release_date/film_release_region,"The most likely relationship between ""A_Separation"" and ""Russia"" in the context of a Knowledge Graph like Freebase is ""country of origin""."
/m/07vn_9,/m/09vw2b7,Zodiac,Special_Effects_Supervisor,/film/film/other_crew./film/film_crew_gig/film_crew_role,"The most likely relationship between ""Zodiac"" and ""Special_Effects_Supervisor"" in the context of a Knowledge Graph like Freebase would be ""special effects supervisor of"". This implies that the entity ""Special_Effects_Supervisor"" worked"
/m/0cx7f,/m/02vgh,Art_rock,Electric_Light_Orchestra,/music/genre/artists,genre
/m/0c3ybss,/m/08mbj5d,Insidious,Official_Website,/common/topic/webpage./common/webpage/category,"""official website"""
/m/03tps5,/m/06nm1,Meet_the_Fockers,Spanish_Language,/film/film/language,"The most likely relationship between ""Meet_the_Fockers"" and ""Spanish_Language"" in the context of a Knowledge Graph like Freebase is ""available in language""."
/m/053yx,/m/09jwl,Miles_Davis,Musician-GB,/people/person/profession,Profession
/m/033f8n,/m/0dxtw,The_Dukes_of_Hazzard,Special_Effects,/film/film/other_crew./film/film_crew_gig/film_crew_role,"The most likely relationship between ""The_Dukes_of_Hazzard"" and ""Special_Effects"" in the context of a Knowledge Graph like Freebase is ""used in""."
/m/02g2wv,/m/01mt1fy,Saturn_Award_for_Best_Actor,Don_Johnson,/award/award_category/winners./award/award_honor/award_winner,award nominee
/m/0gq9h,/m/073hkh,Academy_Award_for_Best_Picture,61st_Academy_Awards,/award/award_category/winners./award/award_honor/ceremony,"""award ceremony"""
/m/02f9wb,/m/04ztj,Marti_Noxon,Marriage,/people/person/spouse_s./people/marriage/type_of_union,"""spouse"""
/m/0342h,/m/05qw5,Guitar,Patti_Smith,/music/instrument/instrumentalists,"""instrument played"""
/m/02bft,/m/0rlz,Major_depression,Andrew_Jackson,/medicine/disease/notable_people_with_this_condition,"The most likely relationship between ""Major_depression"" and ""Andrew_Jackson"" in the context of a Knowledge Graph like Freebase would be ""notable_person_with_condition""."
/m/05t2fh4,/m/02j9z,Jonas_Brothers_World_Tour_2009,Europe,/time/event/locations,performed_in
/m/042kg,/m/04ztj,Jimmy_Carter,Marriage,/people/person/spouse_s./people/marriage/type_of_union,"""spouse"""
/m/070m6c,/m/04tgp,111th_United_States_Congress,Mississippi,/government/legislative_session/members./government/government_position_held/district_represented,"""represented by"""
/m/012v1t,/m/024tcq,Nancy_Pelosi,108th_United_States_Congress,/government/politician/government_positions_held./government/government_position_held/legislative_sessions,"""served as member of"""
/m/03b1l8,/m/09cn0c,The_Fabulous_Baker_Boys,New_York_Film_Critics_Circle_Award_for_Best_Actress,/award/award_winning_work/awards_won./award/award_honor/award,award won
/m/03xmy1,/m/0k6nt,Brigitte_Nielsen,Denmark-GB,/people/person/nationality,place of birth
/m/01m65sp,/m/016z4k,Sean_Lennon,Singer-songwriter-GB,/people/person/profession,Profession
/m/01bpn,/m/04ztj,Bertrand_Russell,Marriage,/people/person/spouse_s./people/marriage/type_of_union,spouse
/m/016jny,/m/028qdb,Folk_rock,Roy_Bittan,/music/genre/artists,"""genre"""
/m/068gn,/m/021sv1,Purple_Heart,Daniel_Inouye,/award/award_category/winners./award/award_honor/award_winner,"""award received"""
/m/01y0y6,/m/02hrh1q,Paul_Reiser,Actor-GB,/people/person/profession,"""profession"""
/m/0gkz15s,/m/01xbgx,The_Hunger_Games,Cambodia,/film/film/release_date_s./film/film_regional_release_date/film_release_region,"The most likely relationship between ""The_Hunger_Games"" and ""Cambodia"" in the context of a Knowledge Graph like Freebase would be ""filming location""."
/m/03sww,/m/01d_h8,Ice-T,Film_Producer-GB,/people/person/profession,"""profession"""
/m/01nkxvx,/m/0pswc,Julieta_Venegas,Tijuana,/people/person/places_lived./people/place_lived/location,place of birth
/m/0l2nd,/m/0kq2g,Placer_County,El_Dorado_County,/location/location/adjoin_s./location/adjoining_relationship/adjoins,neighboring county
/m/0gh8zks,/m/07s9rl0,Shame,Drama,/film/film/genre,"The most likely relationship between ""Shame"" and ""Drama"" in the context of a Knowledge Graph like Freebase is ""genre""."
/m/05c4fys,/m/01b8w_,Chris_Nurse,Hammersmith,/people/person/place_of_birth,Place of birth
/m/0bx8pn,/m/02822,University_of_North_Carolina_at_Chapel_Hill,Drama,/education/educational_institution/students_graduates./education/education/major_field_of_study,"The most likely relationship between ""University_of_North_Carolina_at_Chapel_Hill"" and ""Drama"" in the context of a Knowledge Graph like Freebase is ""academic program"" or ""field of study""."
/m/0ws7,/m/065y4w7,Arizona_Cardinals,University_of_Southern_California,/sports/professional_sports_team/draft_picks./sports/sports_league_draft_pick/school,drafted_from
/m/043ljr,/m/01kstn9,Rounder_Records,John_Hartford,/music/record_label/artist,"""record label"""
/m/0f25w9,/m/0f4k5,Chicken_meat,Vitamin_B-12,/food/food/nutrients./food/nutrition_fact/nutrient,Contains Nutrient
/m/089j8p,/m/06bnz,Mrs_Henderson_Presents,Russia,/film/film/release_date_s./film/film_regional_release_date/film_release_region,"The most likely relationship between ""Mrs_Henderson_Presents"" and ""Russia"" in the context of a Knowledge Graph like Freebase would be ""filming location""."
/m/03cw411,/m/06qd3,The_Reader,South_Korea,/film/film/release_date_s./film/film_regional_release_date/film_release_region,"""filming location"""
/m/0qcr0,/m/01zwy,Cancer,Carl_Sagan,/people/cause_of_death/people,Cause of death
/m/0ggq0m,/m/03_0p,Classical_music,Isaac_Stern,/music/genre/artists,"""performed by"""
/m/0k7pf,/m/01by1l,George_Martin,Grammy_Award_for_Album_of_the_Year,/award/award_nominee/award_nominations./award/award_nomination/award,"""award won"""
/m/020trj,/m/02h40lc,Mimi_Rogers,English_Language,/people/person/languages,"The most likely relationship between Mimi Rogers and English Language in the context of a Knowledge Graph like Freebase is ""speaks""."
/m/0522wp,/m/0345h,Uwe_Boll,Germany,/people/person/nationality,place of birth
/m/0fq9zdn,/m/0g9wdmc,British_Independent_Film_Award_for_Best_Actress,The_Iron_Lady,/award/award_category/nominees./award/award_nomination/nominated_for,award_won_for
/m/0mbhr,/m/01q_22,Joanna_Lumley,Srinagar,/people/person/place_of_birth,"""advocated for"""
/m/02ht1k,/m/02h40lc,A_Mighty_Wind,English_Language,/film/film/language,"The most likely relationship between ""A_Mighty_Wind"" and ""English_Language"" in the context of a Knowledge Graph like Freebase is ""language""."
/m/018vs,/m/0g_g2,Bass_guitar,Bon_Jovi,/music/performance_role/regular_performances./music/group_membership/group,"""instrument played"""
/m/072x7s,/m/02h40lc,Munich,English_Language,/film/film/language,Official language
/m/01ysy9,/m/0l5mz,Diploma,International_relations,/education/educational_degree/people_with_this_degree./education/education/major_field_of_study,"""field of study"""
/m/0dfw0,/m/09zzb8,Star_Wars_Episode_II:_Attack_of_the_Clones,Makeup_Artist-GB,/film/film/other_crew./film/film_crew_gig/film_crew_role,Makeup artist
/m/0gs9p,/m/012mrr,Academy_Award_for_Best_Director,Close_Encounters_of_the_Third_Kind,/award/award_category/nominees./award/award_nomination/nominated_for,nominated for
/m/03rhqg,/m/02hzz,Warner_Bros._Records,Devo,/music/record_label/artist,record_label
/m/0bt3j9,/m/09zzb8,Hairspray,Makeup_Artist-GB,/film/film/other_crew./film/film_crew_gig/film_crew_role,"""makeup artist for"""
/m/0dq3c,/m/0plw,Vice_President-GB,AOL,/business/job_title/people_with_this_title./business/employment_tenure/company,"""employer"""
/m/04n_g,/m/02hrh1q,Lee_Marvin,Actor-GB,/people/person/profession,"""nationality"""
/m/0h95927,/m/03h64,Silver_Linings_Playbook,Hong_Kong,/film/film/release_date_s./film/film_regional_release_date/film_release_region,"""filming location"""
/m/02txdf,/m/01tbp,University_of_Akron,Chemical_Engineering,/education/educational_institution/students_graduates./education/education/major_field_of_study,"The most likely relationship between ""University_of_Akron"" and ""Chemical_Engineering"" in the context of a Knowledge Graph like Freebase is ""offers program in""."
/m/02c6d,/m/035qy,Dressed_to_Kill,Greece,/film/film/release_date_s./film/film_regional_release_date/film_release_region,Filming location
/m/01trhmt,/m/05zppz,Usher,Male,/people/person/gender,gender
/m/02ddq4,/m/02cx90,Grammy_Award_for_Best_Contemporary_Folk_Album,Alison_Krauss,/award/award_category/winners./award/award_honor/award_winner,winner
/m/013807,/m/04ktcgn,San_Francisco_State_University,Christopher_Boyes,/education/educational_institution/students_graduates./education/education/student,"""education"""
/m/02xtxw,/m/01t_vv,Mean_Girls,Comedy-drama,/film/film/genre,Genre
/m/03h_fqv,/m/018j2,Tom_Waits,Banjo,/music/artist/track_contributions./music/track_contribution/role,instrument
/m/0l14j_,/m/02dw1_,Flute,The_Incredible_String_Band,/music/performance_role/regular_performances./music/group_membership/group,instrument
/m/04wg38,/m/09c7w0,Edward_Burns,United_States_of_America,/people/person/nationality,"""nationality"""
/m/03kdl,/m/012t_z,Herbert_Hoover,Businessperson-GB,/people/person/profession,"""profession"""
/m/0g57wgv,/m/06f32,The_Perks_of_Being_a_Wallflower,Taiwan,/film/film/release_date_s./film/film_regional_release_date/film_release_region,"The most likely relationship between ""The_Perks_of_Being_a_Wallflower"" and ""Taiwan"" in the context of a Knowledge Graph like Freebase would be ""filming location""."
/m/05nlx4,/m/01xy5l_,Pirates_of_the_Caribbean:_At_World's_End,Graphic_Designer-GB,/film/film/other_crew./film/film_crew_gig/film_crew_role,"The most likely relationship between ""Pirates_of_the_Caribbean:_At_World's_End"" and ""Graphic_Designer-GB"" in the context of a Knowledge Graph like Freebase would be ""production team role""."
/m/05y8n7,/m/01vrt_c,Dance-punk,P!nk,/music/genre/artists,genre of
/m/09h_q,/m/04ztj,Igor_Stravinsky,Marriage,/people/person/spouse_s./people/marriage/type_of_union,"""spouse"""
/m/024pcx,/m/0f8l9c,Kingdom_of_England,France,/military/military_combatant/military_conflicts./military/military_combatant_group/combatants,"The most likely relationship between ""Kingdom_of_England"" and ""France"" in the context of a Knowledge Graph like Freebase is ""historical rival""."
/m/0130sy,/m/08mbj5d,Jon_Anderson,Official_Website,/common/topic/webpage./common/webpage/category,"""official website"""
/m/0sw0q,/m/01z4y,The_Andy_Griffith_Show,Comedy-GB,/tv/tv_program/genre,genre
/m/047jhq,/m/0f42nz,Juhi_Chawla,O.S.O.,/film/actor/film./film/performance/film,"""acted in"""
/m/0bynt,/m/03676,Track_and_field_athletics,Guinea,/olympics/olympic_sport/athletes./olympics/olympic_athlete_affiliation/country,"""nationality"""
/m/06lgq8,/m/05zppz,Ryan_Kwanten,Male,/people/person/gender,Gender
/m/083skw,/m/09zzb8,Gone_with_the_Wind,Makeup_Artist-GB,/film/film/other_crew./film/film_crew_gig/film_crew_role,makeup artist
/m/0k0sv,/m/0h7x,Croatian_language,Austria,/language/human_language/countries_spoken_in,"""spoken in"""
/m/02q56mk,/m/0hn10,Wonder_Boys,LGBT,/film/film/genre,"The most likely relationship between ""Wonder_Boys"" and ""LGBT"" in the context of a Knowledge Graph like Freebase is ""topic""."
/m/02xhpl,/m/0q9kd,Alice,Danny_DeVito,/award/award_winning_work/awards_won./award/award_honor/award_winner,"""acted in"""
/m/0cct7p,/m/04ztj,Om_Prakash,Marriage,/people/person/spouse_s./people/marriage/type_of_union,"""spouse"""
/m/02clgg,/m/09c7w0,Wayne_Knight,United_States_of_America,/people/person/nationality,"""nationality"""
/m/057xs89,/m/026wlxw,MTV_Movie_Award_for_Best_Villain,Get_Smart,/award/award_category/nominees./award/award_nomination/nominated_for,"""award nominee"""
/m/02rdxsh,/m/0h6r5,National_Society_of_Film_Critics_Award_for_Best_Film,Goodfellas,/award/award_category/nominees./award/award_nomination/nominated_for,"""award winner"""
/m/0crd8q6,/m/0lsxr,Horrible_Bosses,Crime_Fiction,/film/film/genre,"The most likely relationship between ""Horrible_Bosses"" and ""Crime_Fiction"" in the context of a Knowledge Graph like Freebase is ""genre""."
/m/04vt98,/m/02krf9,Ken_Annakin,Television_Director,/people/person/profession,profession
/m/06bss,/m/02bqn1,Robert_Byrd,102nd_United_States_Congress,/government/politician/government_positions_held./government/government_position_held/legislative_sessions,"""served in"""
/m/0gq_v,/m/02glmx,Academy_Award_for_Best_Production_Design,76th_Academy_Awards,/award/award_category/winners./award/award_honor/ceremony,award presented at
/m/0381pn,/m/01w92,The_History_Channel,Channel_4,/award/award_winner/awards_won./award/award_honor/award_winner,"The most likely relationship between ""The_History_Channel"" and ""Channel_4"" in the context of a Knowledge Graph like Freebase would be ""broadcast partner"" or ""content distribution""."
/m/0cwy47,/m/059_y8d,Cleopatra,2009_Berlin_International_Film_Festival,/film/film/film_festivals,"""subject of"""
/m/031rq5,/m/02vxn,Castle_Rock_Entertainment,Film,/business/business_operation/industry,produced
/m/03gqgt3,/m/04wsz,War_on_Terrorism,Middle_East,/time/event/locations,location
/m/0bzkgg,/m/02vyw,45th_Academy_Awards,Francis_Ford_Coppola,/award/award_ceremony/awards_presented./award/award_honor/award_winner,"""nominated for"""
/m/02_1q9,/m/09c7w0,Another_World,United_States_of_America,/tv/tv_program/country_of_origin,"""country of origin"""
/m/01z4y,/m/06x43v,Comedy-GB,Rush_Hour_3,/media_common/netflix_genre/titles,"The most likely relationship between ""Comedy-GB"" and ""Rush_Hour_3"" in the context of a Knowledge Graph like Freebase is ""genre""."
/m/06ryl,/m/07t65,Saint_Kitts_and_Nevis,United_Nations,/organization/organization_member/member_of./organization/organization_membership/organization,member of
/m/0fb0v,/m/0137g1,Geffen_Records,Beck_Hansen,/music/record_label/artist,signed to
/m/0ylgz,/m/088fh,"Brasenose_College,_Oxford",Yellow,/education/educational_institution/colors,"The most likely relationship between ""Brasenose_College,_Oxford"" and ""Yellow"" in the context of a Knowledge Graph like Freebase is ""school color""."
/m/06z6r,/m/05r4w,Swimming,Portugal,/olympics/olympic_sport/athletes./olympics/olympic_athlete_affiliation/country,"""practiced in"""
/m/02yv6b,/m/017f4y,Blues-rock,Stephen_Stills,/music/genre/artists,"""genre of"""
/m/0g9yrw,/m/01jfsb,Howard_the_Duck,Thriller,/film/film/genre,"""genre"""
/m/04vjh,/m/064_8sq,Mauritania,French_Language,/location/country/official_language,official language
/m/02rxj,/m/04n6k,Eastern_Orthodox_Church,Library_of_Congress_Classification,/user/tsegaran/random/taxonomy_subject/entry./user/tsegaran/random/taxonomy_entry/taxonomy,classification system
/m/03q0r1,/m/089g0h,Cars,Set_Dresser,/film/film/other_crew./film/film_crew_gig/film_crew_role,"""used in"""
/m/0725ny,/m/02hrh1q,Kevin_Michael_Richardson,Actor-GB,/people/person/profession,"""profession"""
/m/0m75g,/m/08mbj5d,Sheffield,Official_Website,/common/topic/webpage./common/webpage/category,"""official website"""
/m/04v9wn,/m/083jv,FC_Krylia_Sovetov_Samara,White,/sports/sports_team/colors,"The most likely relationship between FC_Krylia_Sovetov_Samara and White in the context of a Knowledge Graph like Freebase is ""team color""."
/m/0bwgc_,/m/0345h,Carey_Mulligan,Germany,/people/person/places_lived./people/place_lived/location,"""place of residence"""
/m/04g5k,/m/0hzc9wc,Latvia,Sovereign_state,/base/aareas/schema/administrative_area/administrative_area_type,"""country"""
/m/03r0g9,/m/07s9rl0,Casino_Royale,Drama,/film/film/genre,"The most likely relationship between ""Casino_Royale"" and ""Drama"" in the context of a Knowledge Graph like Freebase is ""genre""."
/m/0l9k1,/m/05zppz,Ernst_Lubitsch,Male,/people/person/gender,Gender
/m/06z4wj,/m/04ztj,Abe_Burrows,Marriage,/people/person/spouse_s./people/marriage/type_of_union,"""spouse"""
/m/05g3b,/m/0jm_,New_England_Patriots,American_football,/sports/sports_team/sport,"The most likely relationship between ""New_England_Patriots"" and ""American_football"" in the context of a Knowledge Graph like Freebase is ""sport""."
/m/09d5h,/m/01wg6y,CBS,George_Duke,/music/record_label/artist,"""record label"""
/m/03f47xl,/m/01tz6vs,Vladimir_Vladimirovich_Nabokov,Leo_Tolstoy,/influence/influence_node/influenced_by,influenced by
/m/0hn821n,/m/05zr0xl,64th_Primetime_Emmy_Awards,Modern_Family,/award/award_ceremony/awards_presented./award/award_honor/honored_for,"""award winner"""
/m/06sn8m,/m/0kfv9,Timothy_Daly,The_Sopranos,/award/award_nominee/award_nominations./award/award_nomination/nominated_for,"""acted in"""
/m/07m2y,/m/01kcd,Tuba,Brass_instrument,/music/instrument/family,Type of
/m/047bynf,/m/02h40lc,Me_and_Orson_Welles,English_Language,/film/film/language,"The most likely relationship between ""Me_and_Orson_Welles"" and ""English_Language"" in the context of a Knowledge Graph like Freebase is ""language""."
/m/0m7yy,/m/087c7,Peabody_Award,Xerox,/award/award_category/winners./award/award_honor/award_winner,"The most likely relationship between ""Peabody_Award"" and ""Xerox"" in the context of a Knowledge Graph like Freebase would be ""sponsor"" or ""sponsored by""."
/m/013nky,/m/083jv,"King's_College,_Cambridge",White,/education/educational_institution/colors,"The most likely relationship between ""King's College, Cambridge"" and ""White"" in the context of a Knowledge Graph like Freebase is ""school color""."
/m/04d2yp,/m/05z96,Henry_Gibson,Poet,/people/person/profession,"""profession"""
/m/0dc95,/m/0jmj7,Oakland,Golden_State_Warriors,/sports/sports_team_location/teams,"""location of"""
/m/02vwckw,/m/09c7w0,Flo_Rida,United_States_of_America,/people/person/nationality,nationality
/m/041rx,/m/01gw8b,Jewish_people,Jill_Clayburgh,/people/ethnicity/people,"The most likely relationship between ""Jewish_people"" and ""Jill_Clayburgh"" in the context of a Knowledge Graph like Freebase is ""ethnicity""."
/m/07v64s,/m/024dgj,Baroque_pop,Chris_Martin,/music/genre/artists,"The most likely relationship between ""Baroque_pop"" and ""Chris_Martin"" in the context of a Knowledge Graph like Freebase is ""genre"". Chris Martin, as the lead singer of Coldplay, is associated with the Baroque pop genre"
/m/0fhpv4,/m/02c638,BFCA_Critics'_Choice_Award_for_Best_Composer,Mystic_River,/award/award_category/nominees./award/award_nomination/nominated_for,"""award winner"""
/m/01xzb6,/m/09nqf,Don_Henley,United_States_Dollar,/base/schemastaging/person_extra/net_worth./measurement_unit/dated_money_value/currency,"The most likely relationship between Don Henley and United States Dollar in the context of a Knowledge Graph like Freebase would be ""net worth currency""."
/m/017vkx,/m/02h40lc,Trevor_Horn,English_Language,/film/actor/dubbing_performances./film/dubbing_performance/language,"The most likely relationship between Trevor Horn and English Language in the context of a Knowledge Graph like Freebase is ""language spoken""."
/m/09hnb,/m/01wy6,Herbie_Hancock,Clarinet,/music/artist/track_contributions./music/track_contribution/role,"The most likely relationship between Herbie Hancock and Clarinet in the context of a Knowledge Graph like Freebase would be ""instrument""."
/m/0ddd9,/m/073v6,Nobel_Prize_in_Literature,Saul_Bellow,/award/award_category/winners./award/award_honor/award_winner,award_winner
/m/01pbs9w,/m/0f2wj,Jack_Nitzsche,Hollywood,/people/deceased_person/place_of_death,"""worked in"""
/m/0b3wk,/m/01gstn,United_States_House_of_Representatives,16th_United_States_Congress,/government/governmental_body/members./government/government_position_held/legislative_sessions,part of
/m/02s6sh,/m/02snj9,Andrew_Gold,Programming,/music/artist/contribution./music/recording_contribution/performance_role,"The most likely relationship between ""Andrew_Gold"" and ""Programming"" in the context of a Knowledge Graph like Freebase would be ""profession"" or ""occupation"", as Andrew Gold is primarily known as a musician and songwriter, and there is no direct"
/m/01c7qd,/m/025m8l,Fred_Ebb,"Grammy_Award_for_Best_Song_Written_for_a_Motion_Picture,_Television_or_Other_Visual_Media",/award/award_nominee/award_nominations./award/award_nomination/award,"""award received"""
/m/0b7gxq,/m/0cbd2,Aaron_Shure,Writer-GB,/people/person/profession,profession
/m/06rvn,/m/03qjg,snare_drum,Harmonica,/music/performance_role/regular_performances./music/group_membership/role,"The most likely relationship between ""snare_drum"" and ""Harmonica"" in the context of a Knowledge Graph like Freebase would be ""instrument type""."
/m/09yrh,/m/09c7w0,Jennifer_Aniston,United_States_of_America,/people/person/nationality,nationality
/m/016t_3,/m/01pxcf,Master's_Degree,Australian_National_University,/education/educational_degree/people_with_this_degree./education/education/institution,"""offered by"""
/m/0jmmn,/m/0225bv,Sacramento_Kings,University_of_Louisville,/sports/professional_sports_team/draft_picks./sports/sports_league_draft_pick/school,"""attended by"" (likely indicating a player or staff member associated with the Sacramento Kings attended the University of Louisville)"
/m/0d6_s,/m/08d9z7,Lara_Croft:_Tomb_Raider,Lawrence_Gordon,/film/film/produced_by,"The most likely relationship between ""Lara_Croft:_Tomb_Raider"" and ""Lawrence_Gordon"" in the context of a Knowledge Graph like Freebase would be ""directed by"". Lawrence Gordon is a producer associated with the"
/m/02ptczs,/m/03npn,Rosemary's_Baby,Horror,/film/film/genre,Genre
/m/0f4yh,/m/0dq6p,Indiana_Jones_and_the_Raiders_of_the_Lost_Ark,VHS,/film/film/distributors./film/film_film_distributor_relationship/film_distribution_medium,"""release format"""
/m/01d4cb,/m/08mbj5d,Ry_Cooder,Official_Website,/common/topic/webpage./common/webpage/category,Official website.
/m/033srr,/m/09vw2b7,National_Treasure,Special_Effects_Supervisor,/film/film/other_crew./film/film_crew_gig/film_crew_role,special effects supervisor
/m/06vnh2,/m/018f94,Werner_Stengel,Bochum,/people/person/place_of_birth,place of birth
/m/019v9k,/m/02jx_v,Bachelor's_degree,RMIT_University,/education/educational_degree/people_with_this_degree./education/education/institution,"""offered by"""
/m/0315rp,/m/0735l,The_Lost_World:_Jurassic_Park,Streaming_media,/film/film/distributors./film/film_film_distributor_relationship/film_distribution_medium,"""available on"""
/m/03nkts,/m/04pry,Matthew_Lillard,Lansing,/people/person/place_of_birth,"""place of birth"""
/m/01gtc0,/m/0vbk,25th_United_States_Congress,Arkansas,/government/legislative_session/members./government/government_position_held/district_represented,"""represented by"""
/m/077rj,/m/01pfr3,Stephen_Sondheim,Garbage,/dataworld/gardening_hint/split_to,"The most likely relationship between Stephen Sondheim and Garbage in the context of a Knowledge Graph like Freebase would be ""influenced"". Stephen Sondheim, a renowned composer and lyricist, could have influenced the band Garbage, known for their eclectic music"
/m/03bzyn4,/m/03c9pqt,Sex_and_the_City,Toby_Emmerich,/film/film/executive_produced_by,produced by
/m/080r3,/m/01tz6vs,Virginia_Woolf,Leo_Tolstoy,/influence/influence_node/influenced_by,influenced by
/m/060bp,/m/03_r3,Prime_minister-GB,Jamaica,/government/government_office_category/officeholders./government/government_position_held/jurisdiction_of_office,"""office held by head of government"""
/m/0fk0xk,/m/0cwy47,36th_Academy_Awards,Cleopatra,/award/award_ceremony/awards_presented./award/award_honor/honored_for,"""nominated for"""
/m/014knw,/m/06b_j,Stalag_17,Russian_Language,/film/film/language,language
/m/0fr9jp,/m/0j5q3,Beverly_Hills_High_School,Alicia_Silverstone,/education/educational_institution/students_graduates./education/education/student,"""education"""
/m/0159h6,/m/0bdwft,Emma_Thompson,Primetime_Emmy_Award_for_Outstanding_Lead_Actress_-_Miniseries_or_a_Movie,/award/award_nominee/award_nominations./award/award_nomination/award,"""award won"""
/m/07db6x,/m/0gr4k,Nunnally_Johnson,Academy_Award_for_Best_Writing_Adapted_Screenplay,/award/award_nominee/award_nominations./award/award_nomination/award,nominated for
/m/050z2,/m/0dz3r,Mike_Oldfield,Record_producer-GB,/people/person/profession,"""profession"""
/m/0dq3c,/m/02y7t7,Vice_President-GB,Sinclair_Broadcast_Group,/business/job_title/people_with_this_title./business/employment_tenure/company,"The most likely relationship between ""Vice_President-GB"" and ""Sinclair_Broadcast_Group"" in the context of a Knowledge Graph like Freebase would be ""employer""."
/m/014j1m,/m/025tkqy,Apple,Calcium,/food/food/nutrients./food/nutrition_fact/nutrient,"""contains nutrient"""
/m/07g1sm,/m/05glt,The_Godfather,National_Film_Registry,/award/ranked_item/appears_in_ranked_lists./award/ranking/list,selected for
/m/02fgdx,/m/033p3_,Southern_Methodist_University,Dorothy_Malone,/education/educational_institution/students_graduates./education/education/student,"""alma mater"""
/m/09d6p2,/m/0l8sx,Chairman,Time_Warner,/business/job_title/people_with_this_title./business/employment_tenure/company,"""position held"""
/m/05bt6j,/m/04cr6qv,Pop_rock,Joe_Jonas,/music/genre/artists,"The most likely relationship between ""Pop_rock"" and ""Joe_Jonas"" in the context of a Knowledge Graph like Freebase is ""genre""."
/m/0282x,/m/01v9724,Douglas_Adams,Charles_Dickens,/influence/influence_node/influenced_by,influenced by
/m/04nw9,/m/04ztj,Lucille_Ball,Marriage,/people/person/spouse_s./people/marriage/type_of_union,"""spouse"""
/m/07bwr,/m/0lsxr,The_Big_Lebowski,Crime_Fiction,/film/film/genre,Genre
/m/01jssp,/m/02j62,University_of_Pittsburgh,Economics,/education/educational_institution/students_graduates./education/education/major_field_of_study,"The most likely relationship between ""University_of_Pittsburgh"" and ""Economics"" in the context of a Knowledge Graph like Freebase is ""offers academic program in."""
/m/01bmlb,/m/08_vwq,"Sammy_Davis,_Jr.",Tony_Award_for_Best_Actor_in_a_Musical,/award/award_nominee/award_nominations./award/award_nomination/award,"""award won"""
/m/0mzkr,/m/0jg77,Island_Records,Nine_Inch_Nails,/music/record_label/artist,"""record label"""
/m/02p7_k,/m/02ljhg,Powers_Boothe,Tombstone,/film/actor/film./film/performance/film,acted in
/m/025jfl,/m/08nhfc1,Fox_Searchlight_Pictures,Crazy_Heart,/film/film_distributor/films_distributed./film/film_film_distributor_relationship/film,"The most likely relationship between Fox_Searchlight_Pictures and Crazy_Heart in the context of a Knowledge Graph is ""distributor""."
/m/02y49,/m/09c7w0,Fritz_Leiber,United_States_of_America,/people/person/nationality,nationality
/m/012x4t,/m/0dz3r,Stevie_Wonder,Record_producer-GB,/people/person/profession,"""profession"""
/m/06mx8,/m/02w9s,Scandinavia,Faroe_Islands,/location/location/contains,"""part of"""
/m/07nx9j,/m/046f3p,Dylan_Baker,Kinsey,/film/actor/film./film/performance/film,acted in
/m/01pbs9w,/m/05r5c,Jack_Nitzsche,Piano,/music/artist/track_contributions./music/track_contribution/role,instrument
/m/0kfpm,/m/02h40lc,The_Mary_Tyler_Moore_Show,English_Language,/tv/tv_program/languages,Language
