Original_Index,Head,Tail,True_Relation,Model_Raw_Output,Parsed_Prediction
0,/m/010xjr,/m/01c92g,/award/award_nominee/award_nominations./award/award_nomination/award,**Predicted Relation:** /award/award_nominee/award_nominations./award/award_nomination/nominated_for,/award/award_nominee/award_nominations./award/award_nomination/nominated_for
1,/m/060c4,/m/05g76,/business/job_title/people_with_this_title./business/employment_tenure/company,**Predicted Relation:** /sports/professional_sports_team/draft_picks./sports/sports_league_draft_pick/school,/sports/professional_sports_team/draft_picks./sports/sports_league_draft_pick/school
2,/m/0ggbfwf,/m/02h40lc,/film/film/language,**Predicted Relation:** /film/film/country./location/country/official_language,/film/film/country./location/country/official_language
3,/m/04jwjq,/m/02l7c8,/film/film/genre,**Predicted Relation:** /film/film/genre,/film/film/genre
4,/m/027r8p,/m/04ztj,/people/person/spouse_s./people/marriage/type_of_union,**Predicted Relation:** /people/person/spouse_s./people/marriage/type_of_union,/people/person/spouse_s./people/marriage/type_of_union
5,/m/03ftmg,/m/08mbj5d,/common/topic/webpage./common/webpage/category,**Predicted Relation:** /common/topic/webpage./common/webpage/category,/common/topic/webpage./common/webpage/category
6,/m/01pq4w,/m/029b9k,/education/educational_institution/students_graduates./education/education/student,**Predicted Relation:** /people/person/nationality,/people/person/nationality
7,/m/09txzv,/m/033smt,/film/film/other_crew./film/film_crew_gig/film_crew_role,**Predicted Relation:** /film/film/other_crew./film/film_crew_gig/film_crew_role,/film/film/other_crew./film/film_crew_gig/film_crew_role
8,/m/09146g,/m/04gzd,/film/film/release_date_s./film/film_regional_release_date/film_release_region,**Predicted Relation:** /film/film/release_date_s./film/film_regional_release_date/film_release_region,/film/film/release_date_s./film/film_regional_release_date/film_release_region
9,/m/02g839,/m/03mszl,/education/educational_institution/students_graduates./education/education/student,**Predicted Relation:** /music/genre/artists,/music/genre/artists
10,/m/01k23t,/m/08mbj5d,/common/topic/webpage./common/webpage/category,**Predicted Relation:** /music/artist/official_website,/music/artist/official_website
11,/m/0p9sw,/m/073hd1,/award/award_category/winners./award/award_honor/ceremony,**Predicted Relation:** /award/award_category/nominees./award/award_nomination/nominated_for,/award/award_category/nominees./award/award_nomination/nominated_for
12,/m/0123qq,/m/0fdjb,/tv/tv_program/genre,**Predicted Relation:** /tv/tv_program/genre,/tv/tv_program/genre
13,/m/0257__,/m/0gpjbt,/award/award_category/winners./award/award_honor/ceremony,**Predicted Relation:** /award/award_category/winners./award/award_honor/ceremony,/award/award_category/winners./award/award_honor/ceremony
14,/m/0d060g,/m/01f1jy,/olympics/olympic_participating_country/medals_won./olympics/olympic_medal_honor/olympics,**Predicted Relation:** /olympics/olympic_games/participating_countries,/olympics/olympic_games/participating_countries
15,/m/02x2jl_,/m/02qfv5d,/film/film/genre,**Predicted Relation:** /film/film/genre,/film/film/genre
16,/m/0gqy2,/m/04j13sx,/award/award_category/nominees./award/award_nomination/nominated_for,**Predicted Relation:** /award/award_category/winners./award/award_honor/award_winner,/award/award_category/winners./award/award_honor/award_winner
17,/m/085h1,/m/04wgh,/user/ktrueman/default_domain/international_organization/member_states,**Predicted Relation:** /user/ktrueman/default_domain/international_organization/member_states,/user/ktrueman/default_domain/international_organization/member_states
18,/m/02qwg,/m/02sgy,/music/artist/track_contributions./music/track_contribution/role,**Predicted Relation:** /music/artist/contribution./music/recording_contribution/performance_role,/music/artist/contribution./music/recording_contribution/performance_role
19,/m/099tbz,/m/020bv3,/award/award_category/nominees./award/award_nomination/nominated_for,**Predicted Relation:** /award/award_category/nominees./award/award_nomination/nominated_for,/award/award_category/nominees./award/award_nomination/nominated_for
20,/m/05kjlr,/m/05fg2,/award/award_category/winners./award/award_honor/award_winner,**Predicted Relation:** /award/award_category/winners./award/award_honor/award_winner,/award/award_category/winners./award/award_honor/award_winner
21,/m/02q56mk,/m/09zzb8,/film/film/other_crew./film/film_crew_gig/film_crew_role,**Predicted Relation:** /film/film/other_crew./film/film_crew_gig/film_crew_role,/film/film/other_crew./film/film_crew_gig/film_crew_role
22,/m/01vmv_,/m/016xk5,/education/educational_institution/students_graduates./education/education/student,**Predicted Relation:** /education/educational_institution/students_graduates./education/education/student,/education/educational_institution/students_graduates./education/education/student
23,/m/063_t,/m/02hrh1q,/people/person/profession,**Predicted Relation:** /people/person/profession,/people/person/profession
24,/m/02b9g4,/m/0ckd1,/tv/tv_producer/programs_produced./tv/tv_producer_term/producer_type,**Predicted Relation:** /tv/tv_producer/programs_produced./tv/tv_producer_term/producer_type,/tv/tv_producer/programs_produced./tv/tv_producer_term/producer_type
25,/m/011j5x,/m/0l8g0,/music/genre/artists,**Predicted Relation:** /music/genre/artists,/music/genre/artists
26,/m/027ydt,/m/0325pb,/education/university/fraternities_and_sororities,**Predicted Relation:** /education/university/fraternities_and_sororities,/education/university/fraternities_and_sororities
27,/m/09v42sf,/m/0vgkd,/film/film/genre,**Predicted Relation:** /film/film/genre,/film/film/genre
28,/m/05zvj3m,/m/065zlr,/award/award_category/nominees./award/award_nomination/nominated_for,**Predicted Relation:** /award/award_nominee/award_nominations./award/award_nomination/nominated_for,/award/award_nominee/award_nominations./award/award_nomination/nominated_for
29,/m/0k5g9,/m/02cqbx,/film/film/costume_design_by,**Predicted Relation:** /film/film/costume_design_by,/film/film/costume_design_by
30,/m/05bt6j,/m/044mfr,/music/genre/artists,**Predicted Relation:** /music/genre/artists,/music/genre/artists
31,/m/04ztj,/m/0843m,/people/marriage_union_type/unions_of_this_type./people/marriage/location_of_ceremony,**Predicted Relation:** /people/marriage/location_of_ceremony,/people/marriage/location_of_ceremony
32,/m/035w2k,/m/0ch6mp2,/film/film/other_crew./film/film_crew_gig/film_crew_role,**Predicted Relation:** /film/film/other_crew./film/film_crew_gig/film_crew_role,/film/film/other_crew./film/film_crew_gig/film_crew_role
33,/m/05kfs,/m/05f4m9q,/award/award_nominee/award_nominations./award/award_nomination/award,**Predicted Relation:** /award/award_nominee/award_nominations./award/award_nomination/nominated_for,/award/award_nominee/award_nominations./award/award_nomination/nominated_for
34,/m/01kf5lf,/m/02kdv5l,/film/film/genre,**Predicted Relation:** /film/film/genre,/film/film/genre
35,/m/057bc6m,/m/01wb95,/award/award_nominee/award_nominations./award/award_nomination/nominated_for,**Predicted Relation:** /award/award_nominee/award_nominations./award/award_nomination/nominated_for,/award/award_nominee/award_nominations./award/award_nomination/nominated_for
36,/m/0pmhf,/m/076zy_g,/film/actor/film./film/performance/film,**Predicted Relation:** /film/actor/film,/film/actor/film
37,/m/05cl8y,/m/02vxn,/business/business_operation/industry,**Predicted Relation:** /business/business_operation/industry,/business/business_operation/industry
38,/m/04f6df0,/m/029j_,/film/film/release_date_s./film/film_regional_release_date/film_release_distribution_medium,**Predicted Relation:** /film/film/release_date_s./film/film_regional_release_date/film_release_distribution_medium,/film/film/release_date_s./film/film_regional_release_date/film_release_distribution_medium
39,/m/02kcz,/m/0b6css,/organization/organization_member/member_of./organization/organization_membership/organization,**Predicted Relation:** /location/country/official_language,/location/country/official_language
40,/m/01qdmh,/m/09c7w0,/film/film/country,**Predicted Relation:** /film/film/country,/film/film/country
41,/m/05mv4,/m/0fdys,/education/educational_institution/students_graduates./education/education/major_field_of_study,**Predicted Relation:** /education/educational_institution/students_graduates./education/education/major_field_of_study,/education/educational_institution/students_graduates./education/education/major_field_of_study
42,/m/01f85k,/m/05r4w,/film/film/release_date_s./film/film_regional_release_date/film_release_region,**Predicted Relation:** /film/film/release_date_s./film/film_regional_release_date/film_release_region,/film/film/release_date_s./film/film_regional_release_date/film_release_region
43,/m/065ym0c,/m/01rbb,/film/film/genre,**Predicted Relation:** /film/film/genre,/film/film/genre
44,/m/03wjb7,/m/0l15bq,/music/artist/contribution./music/recording_contribution/performance_role,**Predicted Relation:** /music/artist/contribution./music/recording_contribution/performance_role,/music/artist/contribution./music/recording_contribution/performance_role
45,/m/0symg,/m/0m2l9,/film/film/music,**Predicted Relation:** /film/film/music,/film/film/music
46,/m/022fj_,/m/05fyss,/education/educational_institution/students_graduates./education/education/student,**Predicted Relation:** /education/educational_institution/students_graduates./education/education/institution,/education/educational_institution/students_graduates./education/education/institution
47,/m/05lb65,/m/030znt,/award/award_nominee/award_nominations./award/award_nomination/award_nominee,**Predicted Relation:** /award/award_nominee/award_nominations./award/award_nomination/award,/award/award_nominee/award_nominations./award/award_nomination/award
48,/m/0gnbw,/m/07cbcy,/award/award_nominee/award_nominations./award/award_nomination/award,**Predicted Relation:** /award/award_nominee/award_nominations./award/award_nomination/nominated_for,/award/award_nominee/award_nominations./award/award_nomination/nominated_for
49,/m/033tf_,/m/06s6hs,/people/ethnicity/people,**Predicted Relation:** /people/ethnicity/people,/people/ethnicity/people
50,/m/03vrv9,/m/02ntb8,/film/actor/film./film/performance/film,**Predicted Relation:** /film/actor/film./film/performance/film,/film/actor/film./film/performance/film
51,/m/028tv0,/m/0394y,/music/performance_role/regular_performances./music/group_membership/group,**Predicted Relation:** /music/performance_role/regular_performances./music/group_membership/group,/music/performance_role/regular_performances./music/group_membership/group
52,/m/02snj9,/m/018vs,/music/performance_role/regular_performances./music/group_membership/role,**Predicted Relation:** /music/artist/track_contributions./music/track_contribution/role,/music/artist/track_contributions./music/track_contribution/role
53,/m/01vtmw6,/m/01bgqh,/award/award_nominee/award_nominations./award/award_nomination/award,**Predicted Relation:** /award/award_nominee/award_nominations./award/award_nomination/award,/award/award_nominee/award_nominations./award/award_nomination/award
54,/m/0mpbx,/m/02hcv8,/location/location/time_zones,**Predicted Relation:** /location/location/time_zones,/location/location/time_zones
55,/m/02wtp6,/m/07ssc,/film/film/release_date_s./film/film_regional_release_date/film_release_region,**Predicted Relation:** /film/film/country,/film/film/country
56,/m/02ldmw,/m/05qjc,/education/educational_institution/students_graduates./education/education/major_field_of_study,**Predicted Relation:** /education/educational_institution/students_graduates./education/education/major_field_of_study,/education/educational_institution/students_graduates./education/education/major_field_of_study
57,/m/0736qr,/m/04ztj,/people/person/spouse_s./people/marriage/type_of_union,**Predicted Relation:** /people/person/spouse_s./people/marriage/type_of_union,/people/person/spouse_s./people/marriage/type_of_union
58,/m/0bkj86,/m/037fqp,/education/educational_degree/people_with_this_degree./education/education/institution,**Predicted Relation:** /education/educational_institution/students_graduates./education/education/major_field_of_study,/education/educational_institution/students_graduates./education/education/major_field_of_study
59,/m/019f4v,/m/04cj79,/award/award_category/nominees./award/award_nomination/nominated_for,**Predicted Relation:** /award/award_category/nominees./award/award_nomination/nominated_for,/award/award_category/nominees./award/award_nomination/nominated_for
60,/m/0k611,/m/02jxbw,/award/award_category/nominees./award/award_nomination/nominated_for,**Predicted Relation:** /award/award_nominee/award_nominations./award/award_nomination/nominated_for,/award/award_nominee/award_nominations./award/award_nomination/nominated_for
61,/m/01gzm2,/m/0d8qb,/people/person/profession,**Predicted Relation:** /people/person/profession,/people/person/profession
62,/m/0407yfx,/m/047yc,/film/film/release_date_s./film/film_regional_release_date/film_release_region,**Predicted Relation:** /film/film/country,/film/film/country
63,/m/069_0y,/m/02jknp,/people/person/profession,**Predicted Relation:** /people/person/profession,/people/person/profession
64,/m/04ztj,/m/0d1y7,/people/marriage_union_type/unions_of_this_type./people/marriage/location_of_ceremony,**Predicted Relation:** /people/marriage_union_type/unions_of_this_type./people/marriage/location_of_ceremony,/people/marriage_union_type/unions_of_this_type./people/marriage/location_of_ceremony
65,/m/02nzb8,/m/07sqbl,/sports/sports_position/players./sports/sports_team_roster/team,**Predicted Relation:** /soccer/football_team/current_roster./soccer/football_roster_position/position,/soccer/football_team/current_roster./soccer/football_roster_position/position
66,/m/07qg8v,/m/0d05w3,/film/film/release_date_s./film/film_regional_release_date/film_release_region,**Predicted Relation:** /film/film/release_date_s./film/film_regional_release_date/film_release_region,/film/film/release_date_s./film/film_regional_release_date/film_release_region
67,/m/063_j5,/m/0dxtw,/film/film/other_crew./film/film_crew_gig/film_crew_role,**Predicted Relation:** /film/film/other_crew./film/film_crew_gig/film_crew_role,/film/film/other_crew./film/film_crew_gig/film_crew_role
68,/m/03xq0f,/m/02f6g5,/film/film_distributor/films_distributed./film/film_film_distributor_relationship/film,**Predicted Relation:** /film/film_distributor/films_distributed./film/film_film_distributor_relationship/film,/film/film_distributor/films_distributed./film/film_film_distributor_relationship/film
69,/m/025mb_,/m/0cqgl9,/award/award_nominee/award_nominations./award/award_nomination/award,**Predicted Relation:** /award/award_category/winners./award/award_honor/award_winner,/award/award_category/winners./award/award_honor/award_winner
70,/m/01cwm1,/m/083jv,/sports/sports_team/colors,**Predicted Relation:** /sports/sports_team/colors,/sports/sports_team/colors
71,/m/0blq0z,/m/0279c15,/award/award_nominee/award_nominations./award/award_nomination/award,**Predicted Relation:** /award/award_nominee/award_nominations./award/award_nomination/nominated_for,/award/award_nominee/award_nominations./award/award_nomination/nominated_for
72,/m/03q0r1,/m/0jgd,/film/film/release_date_s./film/film_regional_release_date/film_release_region,**Predicted Relation:** /film/film/release_date_s./film/film_regional_release_date/film_release_region,/film/film/release_date_s./film/film_regional_release_date/film_release_region
73,/m/014mlp,/m/027ydt,/education/educational_degree/people_with_this_degree./education/education/institution,**Predicted Relation:** /education/educational_institution/students_graduates./education/education/major_field_of_study,/education/educational_institution/students_graduates./education/education/major_field_of_study
74,/m/02x1dht,/m/017z49,/award/award_category/nominees./award/award_nomination/nominated_for,**Predicted Relation:** /award/award_nominee/award_nominations./award/award_nomination/nominated_for,/award/award_nominee/award_nominations./award/award_nomination/nominated_for
75,/m/0bl60p,/m/05zppz,/people/person/gender,**Predicted Relation:** /people/person/gender,/people/person/gender
76,/m/07szy,/m/037mh8,/education/educational_institution/students_graduates./education/education/major_field_of_study,**Predicted Relation:** /education/educational_institution/students_graduates./education/education/major_field_of_study,/education/educational_institution/students_graduates./education/education/major_field_of_study
77,/m/02p65p,/m/02x8n1n,/award/award_nominee/award_nominations./award/award_nomination/award,**Predicted Relation:** /award/award_nominee/award_nominations./award/award_nomination/nominated_for,/award/award_nominee/award_nominations./award/award_nomination/nominated_for
78,/m/06jcc,/m/0hky,/influence/influence_node/influenced_by,**Predicted Relation:** /people/person/profession,/people/person/profession
79,/m/0jdx,/m/018wl5,/location/country/form_of_government,**Predicted Relation:** /location/country/form_of_government,/location/country/form_of_government
80,/m/060c4,/m/02cttt,/organization/role/leaders./organization/leadership/organization,**Predicted Relation:** /government/government_office_category/officeholders./government/government_position_held/jurisdiction_of_office,/government/government_office_category/officeholders./government/government_position_held/jurisdiction_of_office
81,/m/03yvf2,/m/03h64,/film/film/release_date_s./film/film_regional_release_date/film_release_region,**Predicted Relation:** /film/film/language,/film/film/language
82,/m/0gvvf4j,/m/03h64,/film/film/release_date_s./film/film_regional_release_date/film_release_region,**Predicted Relation:** /film/film/language,/film/film/language
83,/m/0jz9f,/m/0f4_l,/film/film_distributor/films_distributed./film/film_film_distributor_relationship/film,**Predicted Relation:** /film/film_distributor/films_distributed./film/film_film_distributor_relationship/film,/film/film_distributor/films_distributed./film/film_film_distributor_relationship/film
84,/m/04_j5s,/m/09nqf,/education/university/local_tuition./measurement_unit/dated_money_value/currency,**Predicted Relation:** /location/statistical_region/gdp_nominal_per_capita./measurement_unit/dated_money_value/currency,/location/statistical_region/gdp_nominal_per_capita./measurement_unit/dated_money_value/currency
85,/m/01f1r4,/m/04rjg,/education/educational_institution/students_graduates./education/education/major_field_of_study,**Predicted Relation:** /education/educational_institution/students_graduates./education/education/major_field_of_study,/education/educational_institution/students_graduates./education/education/major_field_of_study
86,/m/01shy7,/m/09zzb8,/film/film/other_crew./film/film_crew_gig/film_crew_role,**Predicted Relation:** /film/film/other_crew./film/film_crew_gig/film_crew_role,/film/film/other_crew./film/film_crew_gig/film_crew_role
87,/m/06x76,/m/01g5v,/sports/sports_team/colors,**Predicted Relation:** /sports/sports_team/colors,/sports/sports_team/colors
88,/m/019v9k,/m/02lp1,/education/educational_degree/people_with_this_degree./education/education/major_field_of_study,**Predicted Relation:** /education/educational_degree/people_with_this_degree./education/education/major_field_of_study,/education/educational_degree/people_with_this_degree./education/education/major_field_of_study
89,/m/06g2d1,/m/09c7w0,/people/person/nationality,**Predicted Relation:** /people/person/nationality,/people/person/nationality
90,/m/0qcr0,/m/02wb6d,/people/cause_of_death/people,**Predicted Relation:** /film/film/music,/film/film/music
91,/m/01yhvv,/m/016xh5,/award/award_nominee/award_nominations./award/award_nomination/award_nominee,**Predicted Relation:** /award/award_nominee/award_nominations./award/award_nomination/award_nominee,/award/award_nominee/award_nominations./award/award_nomination/award_nominee
92,/m/03fbb6,/m/02wwmhc,/film/actor/film./film/performance/film,**Predicted Relation:** /film/actor/film./film/performance/film,/film/actor/film./film/performance/film
93,/m/05q4y12,/m/01znc_,/film/film/release_date_s./film/film_regional_release_date/film_release_region,**Predicted Relation:** /film/film/release_date_s./film/film_regional_release_date/film_release_region,/film/film/release_date_s./film/film_regional_release_date/film_release_region
94,/m/015xp4,/m/04ztj,/people/person/spouse_s./people/marriage/type_of_union,**Predicted Relation:** /people/person/spouse_s./people/marriage/location_of_ceremony,/people/person/spouse_s./people/marriage/location_of_ceremony
95,/m/01w_10,/m/02zsn,/people/person/gender,**Predicted Relation:** /people/person/gender,/people/person/gender
96,/m/03krj,/m/087vz,/olympics/olympic_sport/athletes./olympics/olympic_athlete_affiliation/country,**Predicted Relation:** /olympics/olympic_participating_country/athletes./olympics/olympic_athlete_affiliation/olympics,/olympics/olympic_participating_country/athletes./olympics/olympic_athlete_affiliation/olympics
97,/m/04qr6d,/m/01c72t,/people/person/profession,**Predicted Relation:** /people/person/profession,/people/person/profession
98,/m/03y5ky,/m/01l849,/education/educational_institution/colors,**Predicted Relation:** /education/educational_institution/colors,/education/educational_institution/colors
99,/m/04xvlr,/m/04yg13l,/media_common/netflix_genre/titles,**Predicted Relation:** /film/film/genre,/film/film/genre
100,/m/0vkl2,/m/07tf8,/education/educational_institution/school_type,**Predicted Relation:** /education/educational_institution/school_type,/education/educational_institution/school_type
101,/m/06gn7r,/m/05zppz,/people/person/gender,**Predicted Relation:** /people/person/gender,/people/person/gender
102,/m/01w9wwg,/m/056xkh,/film/actor/film./film/performance/film,**Predicted Relation:** /film/actor/film./film/performance/film,/film/actor/film./film/performance/film
103,/m/0cqt90,/m/04ztj,/people/person/spouse_s./people/marriage/type_of_union,**Predicted Relation:** /people/person/spouse_s./people/marriage/type_of_union,/people/person/spouse_s./people/marriage/type_of_union
104,/m/05bpg3,/m/0b7l4x,/film/actor/film./film/performance/film,**Predicted Relation:** /film/actor/film./film/performance/film,/film/actor/film./film/performance/film
105,/m/05cv8,/m/07lp1,/influence/influence_node/influenced_by,**Predicted Relation:** /people/person/profession,/people/person/profession
106,/m/0kftt,/m/0bdwft,/award/award_nominee/award_nominations./award/award_nomination/award,**Predicted Relation:** /award/award_nominee/award_nominations./award/award_nomination/award,/award/award_nominee/award_nominations./award/award_nomination/award
107,/m/027gy0k,/m/03ktjq,/film/film/produced_by,**Predicted Relation:** /film/film/produced_by,/film/film/produced_by
108,/m/01fsv9,/m/055c8,/education/educational_institution/students_graduates./education/education/student,**Predicted Relation:** /location/location/contains,/location/location/contains
109,/m/0kz10,/m/07gxw,/music/genre/parent_genre,**Predicted Relation:** /music/genre/parent_genre,/music/genre/parent_genre
110,/m/02ppm4q,/m/0gmgwnv,/award/award_category/nominees./award/award_nomination/nominated_for,**Predicted Relation:** /award/award_nominee/award_nominations./award/award_nomination/nominated_for,/award/award_nominee/award_nominations./award/award_nomination/nominated_for
111,/m/04fjzv,/m/07ssc,/film/film/release_date_s./film/film_regional_release_date/film_release_region,**Predicted Relation:** /film/film/country,/film/film/country
112,/m/05zksls,/m/063ykwt,/award/award_ceremony/awards_presented./award/award_honor/honored_for,**Predicted Relation:** /award/award_nominee/award_nominations./award/award_nomination/nominated_for,/award/award_nominee/award_nominations./award/award_nomination/nominated_for
113,/m/044mfr,/m/042v_gx,/music/artist/track_contributions./music/track_contribution/role,**Predicted Relation:** /music/instrument/instrumentalists,/music/instrument/instrumentalists
114,/m/019ltg,/m/02vx4,/sports/sports_team/sport,**Predicted Relation:** /sports/sports_team/sport,/sports/sports_team/sport
115,/m/0fq9zcx,/m/089j8p,/award/award_category/nominees./award/award_nomination/nominated_for,**Predicted Relation:** /award/award_winning_work/awards_won./award/award_honor/award_winner,/award/award_winning_work/awards_won./award/award_honor/award_winner
116,/m/01bgqh,/m/02rjjll,/award/award_category/winners./award/award_honor/ceremony,**Predicted Relation:** /award/award_category/winners./award/award_honor/ceremony,/award/award_category/winners./award/award_honor/ceremony
117,/m/01nbq4,/m/015cjr,/people/person/profession,**Predicted Relation:** /people/person/profession,/people/person/profession
118,/m/08qnnv,/m/029g_vk,/education/educational_institution/students_graduates./education/education/major_field_of_study,**Predicted Relation:** /education/educational_degree/people_with_this_degree./education/education/major_field_of_study,/education/educational_degree/people_with_this_degree./education/education/major_field_of_study
119,/m/0f8j13,/m/05p553,/film/film/genre,**Predicted Relation:** /film/film/genre,/film/film/genre
120,/m/03hl6lc,/m/047d21r,/award/award_category/nominees./award/award_nomination/nominated_for,**Predicted Relation:** /award/award_nominated_work/award_nominations./award/award_nomination/nominated_for,/award/award_nominated_work/award_nominations./award/award_nomination/nominated_for
121,/m/06w2sn5,/m/0661m4p,/film/actor/film./film/performance/film,**Predicted Relation:** /film/actor/film./film/performance/film,/film/actor/film./film/performance/film
122,/m/06fvc,/m/019sc,/dataworld/gardening_hint/split_to,**Predicted Relation:** /sports/sports_team/colors,/sports/sports_team/colors
123,/m/03l2n,/m/0jbk9,/location/hud_foreclosure_area/estimated_number_of_mortgages./measurement_unit/dated_integer/source,**Predicted Relation:** /location/hud_county_place/county,/location/hud_county_place/county
124,/m/085h1,/m/034m8,/user/ktrueman/default_domain/international_organization/member_states,**Predicted Relation:** /user/ktrueman/default_domain/international_organization/member_states,/user/ktrueman/default_domain/international_organization/member_states
125,/m/031x_3,/m/09jwl,/people/person/profession,**Predicted Relation:** /people/person/profession,/people/person/profession
126,/m/01hmnh,/m/0gj8nq2,/media_common/netflix_genre/titles,**Predicted Relation:** /film/film/genre,/film/film/genre
127,/m/0gffmn8,/m/0bjv6,/film/film/release_date_s./film/film_regional_release_date/film_release_region,**Predicted Relation:** /film/film/release_date_s./film/film_regional_release_date/film_release_region,/film/film/release_date_s./film/film_regional_release_date/film_release_region
128,/m/028k57,/m/01xvjb,/film/actor/film./film/performance/film,**Predicted Relation:** /film/actor/film./film/performance/film,/film/actor/film./film/performance/film
129,/m/0fkzq,/m/03v1s,/government/government_office_category/officeholders./government/government_position_held/jurisdiction_of_office,**Predicted Relation:** /government/government_office_category/officeholders./government/government_position_held/jurisdiction_of_office,/government/government_office_category/officeholders./government/government_position_held/jurisdiction_of_office
130,/m/0kjrx,/m/05p09zm,/award/award_nominee/award_nominations./award/award_nomination/award,**Predicted Relation:** /award/award_nominee/award_nominations./award/award_nomination/nominated_for,/award/award_nominee/award_nominations./award/award_nomination/nominated_for
131,/m/01rwcgb,/m/0dz3r,/people/person/profession,**Predicted Relation:** /people/person/profession,/people/person/profession
132,/m/0gs9p,/m/049xgc,/award/award_category/nominees./award/award_nomination/nominated_for,**Predicted Relation:** /award/award_nominee/award_nominations./award/award_nomination/nominated_for,/award/award_nominee/award_nominations./award/award_nomination/nominated_for
133,/m/05qbbfb,/m/02kdv5l,/film/film/genre,**Predicted Relation:** /film/film/genre,/film/film/genre
134,/m/01chpn,/m/02h40lc,/film/film/language,**Predicted Relation:** /film/film/language,/film/film/language
135,/m/01dvbd,/m/029j_,/film/film/release_date_s./film/film_regional_release_date/film_release_distribution_medium,**Predicted Relation:** /film/film/release_date_s./film/film_regional_release_date/film_release_distribution_medium,/film/film/release_date_s./film/film_regional_release_date/film_release_distribution_medium
136,/m/0l2lk,/m/09nqf,/location/statistical_region/rent50_2./measurement_unit/dated_money_value/currency,**Predicted Relation:** /location/statistical_region/gdp_nominal_per_capita./measurement_unit/dated_money_value/currency,/location/statistical_region/gdp_nominal_per_capita./measurement_unit/dated_money_value/currency
137,/m/0f4x7,/m/011ypx,/award/award_category/nominees./award/award_nomination/nominated_for,**Predicted Relation:** /award/award_category/nominees./award/award_nomination/nominated_for,/award/award_category/nominees./award/award_nomination/nominated_for
138,/m/0h3y,/m/02llzg,/location/location/time_zones,**Predicted Relation:** /location/statistical_region/places_exported_to./location/imports_and_exports/exported_to,/location/statistical_region/places_exported_to./location/imports_and_exports/exported_to
139,/m/0pdp8,/m/01pvkk,/film/film/other_crew./film/film_crew_gig/film_crew_role,**Predicted Relation:** /film/film/other_crew./film/film_crew_gig/film_crew_role,/film/film/other_crew./film/film_crew_gig/film_crew_role
140,/m/0dgq80b,/m/02h40lc,/film/film/language,**Predicted Relation:** /film/film/language,/film/film/language
141,/m/02knxx,/m/012c6x,/people/cause_of_death/people,**Predicted Relation:** /people/person/profession,/people/person/profession
142,/m/02bj6k,/m/0180mw,/award/award_nominee/award_nominations./award/award_nomination/nominated_for,**Predicted Relation:** /tv/tv_program/regular_cast./tv/regular_tv_appearance/actor,/tv/tv_program/regular_cast./tv/regular_tv_appearance/actor
143,/m/065ym0c,/m/029j_,/film/film/release_date_s./film/film_regional_release_date/film_release_distribution_medium,**Predicted Relation:** /film/film/release_date_s./film/film_regional_release_date/film_release_distribution_medium,/film/film/release_date_s./film/film_regional_release_date/film_release_distribution_medium
144,/m/02bn_p,/m/081yw,/government/legislative_session/members./government/government_position_held/district_represented,**Predicted Relation:** /government/legislative_session/members./government/government_position_held/district_represented,/government/legislative_session/members./government/government_position_held/district_represented
145,/m/038723,/m/01wk7b7,/people/ethnicity/people,**Predicted Relation:** /people/ethnicity/people,/people/ethnicity/people
146,/m/0275_pj,/m/02q1tc5,/award/award_nominee/award_nominations./award/award_nomination/award,**Predicted Relation:** /award/award_nominee/award_nominations./award/award_nomination/nominated_for,/award/award_nominee/award_nominations./award/award_nomination/nominated_for
147,/m/06jnvs,/m/039cq4,/tv/tv_writer/tv_programs./tv/tv_program_writer_relationship/tv_program,**Predicted Relation:** /tv/tv_program/program_creator,/tv/tv_program/program_creator
148,/m/0fsm8c,/m/08052t3,/film/actor/film./film/performance/film,**Predicted Relation:** /film/actor/film,/film/actor/film
149,/m/0crd8q6,/m/01vx2h,/film/film/other_crew./film/film_crew_gig/film_crew_role,**Predicted Relation:** /film/film/visual_effects_by,/film/film/visual_effects_by
150,/m/01l03w2,/m/09jwl,/people/person/profession,**Predicted Relation:** /people/person/profession,/people/person/profession
151,/m/01dyk8,/m/04x_3,/education/educational_institution/students_graduates./education/education/major_field_of_study,**Predicted Relation:** /education/educational_institution/students_graduates./education/education/major_field_of_study,/education/educational_institution/students_graduates./education/education/major_field_of_study
152,/m/01c4_6,/m/0137g1,/award/award_category/winners./award/award_honor/award_winner,**Predicted Relation:** /award/award_nominee/award_nominations./award/award_nomination/award,/award/award_nominee/award_nominations./award/award_nomination/award
153,/m/04bs3j,/m/09qvf4,/award/award_nominee/award_nominations./award/award_nomination/award,**Predicted Relation:** /award/award_nominee/award_nominations./award/award_nomination/nominated_for,/award/award_nominee/award_nominations./award/award_nomination/nominated_for
154,/m/06ch55,/m/04zwjd,/music/instrument/instrumentalists,**Predicted Relation:** /music/genre/artists,/music/genre/artists
155,/m/01mpwj,/m/0bwx3,/education/educational_institution/students_graduates./education/education/student,**Predicted Relation:** /education/educational_institution/students_graduates./education/education/student,/education/educational_institution/students_graduates./education/education/student
156,/m/04x56,/m/0g5ff,/influence/influence_node/influenced_by,**Predicted Relation:** /influence/influence_node/influenced_by,/influence/influence_node/influenced_by
157,/m/05tbn,/m/013ksx,/location/location/contains,**Predicted Relation:** /location/location/contains,/location/location/contains
158,/m/02bh8z,/m/01pctb,/music/record_label/artist,**Predicted Relation:** /base/popstra/celebrity/friendship./base/popstra/friendship/participant,/base/popstra/celebrity/friendship./base/popstra/friendship/participant
159,/m/01q0kg,/m/019sc,/education/educational_institution/colors,**Predicted Relation:** /education/educational_institution/colors,/education/educational_institution/colors
160,/m/015bpl,/m/03ft8,/film/film/written_by,**Predicted Relation:** /film/film/written_by,/film/film/written_by
161,/m/01vvb4m,/m/07bdd_,/award/award_nominee/award_nominations./award/award_nomination/award,**Predicted Relation:** /award/award_nominee/award_nominations./award/award_nomination/nominated_for,/award/award_nominee/award_nominations./award/award_nomination/nominated_for
162,/m/0lcx,/m/032l1,/influence/influence_node/influenced_by,**Predicted Relation:** /influence/influence_node/influenced_by,/influence/influence_node/influenced_by
163,/m/0gq_d,/m/02yvhx,/award/award_category/winners./award/award_honor/ceremony,**Predicted Relation:** /award/award_category/winners./award/award_honor/ceremony,/award/award_category/winners./award/award_honor/ceremony
164,/m/05fjf,/m/0xr0t,/location/location/contains,**Predicted Relation:** /location/location/contains,/location/location/contains
165,/m/079yb,/m/08mbj5d,/common/topic/webpage./common/webpage/category,**Predicted Relation:** /common/topic/webpage./common/webpage/category,/common/topic/webpage./common/webpage/category
166,/m/0lgxj,/m/05v8c,/olympics/olympic_games/participating_countries,**Predicted Relation:** /olympics/olympic_games/participating_countries,/olympics/olympic_games/participating_countries
167,/m/01pgk0,/m/016z4k,/people/person/profession,**Predicted Relation:** /people/person/profession,/people/person/profession
168,/m/05p09zm,/m/03cmsqb,/award/award_category/nominees./award/award_nomination/nominated_for,**Predicted Relation:** /award/award_category/winners./award/award_honor/award_winner,/award/award_category/winners./award/award_honor/award_winner
169,/m/02z0dfh,/m/02r858_,/award/award_category/nominees./award/award_nomination/nominated_for,**Predicted Relation:** /award/award_nominee/award_nominations./award/award_nomination/nominated_for,/award/award_nominee/award_nominations./award/award_nomination/nominated_for
170,/m/03hl6lc,/m/06fpsx,/award/award_category/nominees./award/award_nomination/nominated_for,**Predicted Relation:** /award/award_nominee/award_nominations./award/award_nomination/nominated_for,/award/award_nominee/award_nominations./award/award_nomination/nominated_for
171,/m/02n9nmz,/m/025rxjq,/award/award_category/nominees./award/award_nomination/nominated_for,**Predicted Relation:** /award/award_nominee/award_nominations./award/award_nomination/nominated_for,/award/award_nominee/award_nominations./award/award_nomination/nominated_for
172,/m/0g8_vp,/m/09c7w0,/people/ethnicity/geographic_distribution,**Predicted Relation:** /people/ethnicity/people,/people/ethnicity/people
173,/m/02cbhg,/m/09zzb8,/film/film/other_crew./film/film_crew_gig/film_crew_role,**Predicted Relation:** /film/film/other_crew./film/film_crew_gig/film_crew_role,/film/film/other_crew./film/film_crew_gig/film_crew_role
174,/m/07dzf,/m/04n6k,/user/tsegaran/random/taxonomy_subject/entry./user/tsegaran/random/taxonomy_entry/taxonomy,**Predicted Relation:** /location/country/official_language,/location/country/official_language
175,/m/04ztj,/m/02hvkf,/people/marriage_union_type/unions_of_this_type./people/marriage/location_of_ceremony,**Predicted Relation:** /people/marriage/location_of_ceremony,/people/marriage/location_of_ceremony
176,/m/019n9w,/m/019n9w,/education/educational_institution/campuses,**Predicted Relation:** /education/educational_institution/campuses,/education/educational_institution/campuses
177,/m/01y8cr,/m/01_d4,/people/person/place_of_birth,**Predicted Relation:** /people/person/place_of_birth,/people/person/place_of_birth
178,/m/0bqxw,/m/01l849,/education/educational_institution/colors,**Predicted Relation:** /education/educational_institution/colors,/education/educational_institution/colors
179,/m/03gqgt3,/m/05b4w,/military/military_conflict/combatants./military/military_combatant_group/combatants,**Predicted Relation:** /military/military_conflict/combatants./military/military_combatant_group/combatants,/military/military_conflict/combatants./military/military_combatant_group/combatants
180,/m/0dzf_,/m/02hrh1q,/people/person/profession,**Predicted Relation:** /people/person/profession,/people/person/profession
181,/m/0ggq0m,/m/0459z,/music/genre/artists,**Predicted Relation:** /music/genre/artists,/music/genre/artists
182,/m/04nnpw,/m/09nqf,/film/film/estimated_budget./measurement_unit/dated_money_value/currency,**Predicted Relation:** /award/award_winning_work/awards_won./award/award_honor/award_winner,/award/award_winning_work/awards_won./award/award_honor/award_winner
183,/m/04cw0j,/m/012t_z,/people/person/profession,**Predicted Relation:** /people/person/profession,/people/person/profession
184,/m/0drtv8,/m/013pk3,/award/award_ceremony/awards_presented./award/award_honor/award_winner,**Predicted Relation:** /award/award_ceremony/awards_presented./award/award_honor/award_winner,/award/award_ceremony/awards_presented./award/award_honor/award_winner
185,/m/03vrv9,/m/029k4p,/film/actor/film./film/performance/film,**Predicted Relation:** /film/actor/film./film/performance/film,/film/actor/film./film/performance/film
186,/m/0gpprt,/m/02x4sn8,/award/award_nominee/award_nominations./award/award_nomination/award,**Predicted Relation:** /award/award_nominee/award_nominations./award/award_nomination/nominated_for,/award/award_nominee/award_nominations./award/award_nomination/nominated_for
187,/m/027c95y,/m/015np0,/award/award_category/winners./award/award_honor/award_winner,**Predicted Relation:** /award/award_category/winners./award/award_honor/award_winner,/award/award_category/winners./award/award_honor/award_winner
188,/m/01pr_j6,/m/04ztj,/people/person/spouse_s./people/marriage/type_of_union,**Predicted Relation:** /people/person/spouse_s./people/marriage/type_of_union,/people/person/spouse_s./people/marriage/type_of_union
189,/m/03339m,/m/01516r,/music/genre/artists,**Predicted Relation:** /music/genre/artists,/music/genre/artists
190,/m/020qr4,/m/025s89p,/tv/tv_program/genre,**Predicted Relation:** /tv/tv_program/genre,/tv/tv_program/genre
191,/m/04180vy,/m/089fss,/film/film/other_crew./film/film_crew_gig/film_crew_role,**Predicted Relation:** /film/film/other_crew./film/film_crew_gig/film_crew_role,/film/film/other_crew./film/film_crew_gig/film_crew_role
192,/m/02lg3y,/m/01l1sq,/award/award_nominee/award_nominations./award/award_nomination/award_nominee,**Predicted Relation:** /award/award_nominee/award_nominations./award/award_nomination/award_nominee,/award/award_nominee/award_nominations./award/award_nomination/award_nominee
193,/m/099jhq,/m/02rx2m5,/award/award_category/nominees./award/award_nomination/nominated_for,**Predicted Relation:** /award/award_nominee/award_nominations./award/award_nomination/nominated_for,/award/award_nominee/award_nominations./award/award_nomination/nominated_for
194,/m/0gh8zks,/m/07t21,/film/film/release_date_s./film/film_regional_release_date/film_release_region,**Predicted Relation:** /film/film/release_date_s./film/film_regional_release_date/film_release_region,/film/film/release_date_s./film/film_regional_release_date/film_release_region
195,/m/01vsy9_,/m/05zppz,/people/person/gender,**Predicted Relation:** /people/person/gender,/people/person/gender
196,/m/0dr31,/m/08mbj5d,/common/topic/webpage./common/webpage/category,**Predicted Relation:** /location/location/contains,/location/location/contains
197,/m/011yrp,/m/0f8l9c,/film/film/release_date_s./film/film_regional_release_date/film_release_region,**Predicted Relation:** /film/film/release_date_s./film/film_regional_release_date/film_release_region,/film/film/release_date_s./film/film_regional_release_date/film_release_region
198,/m/04xbq3,/m/0p_47,/film/film/personal_appearances./film/personal_film_appearance/person,**Predicted Relation:** /tv/tv_program/regular_cast./tv/regular_tv_appearance/actor,/tv/tv_program/regular_cast./tv/regular_tv_appearance/actor
199,/m/04y0yc,/m/02hrh1q,/people/person/profession,**Predicted Relation:** /people/person/profession,/people/person/profession
200,/m/02pqp12,/m/02vqsll,/award/award_category/nominees./award/award_nomination/nominated_for,**Predicted Relation:** /film/director/film,/film/director/film
201,/m/03_c8p,/m/02h40lc,/base/schemastaging/organization_extra/phone_number./base/schemastaging/phone_sandbox/service_language,**Predicted Relation:** /language/human_language/countries_spoken_in,/language/human_language/countries_spoken_in
202,/m/07cn2c,/m/03902,/people/person/place_of_birth,**Predicted Relation:** /people/person/place_of_birth,/people/person/place_of_birth
203,/m/0jm3b,/m/01jsn5,/sports/professional_sports_team/draft_picks./sports/sports_league_draft_pick/school,**Predicted Relation:** /sports/professional_sports_team/draft_picks./sports/sports_league_draft_pick/school,/sports/professional_sports_team/draft_picks./sports/sports_league_draft_pick/school
204,/m/0807ml,/m/02hrh1q,/people/person/profession,**Predicted Relation:** /people/person/profession,/people/person/profession
205,/m/03w6sj,/m/088q1s,/military/military_conflict/combatants./military/military_combatant_group/combatants,**Predicted Relation:** /military/military_conflict/combatants./military/military_combatant_group/combatants,/military/military_conflict/combatants./military/military_combatant_group/combatants
206,/m/019fz,/m/02079p,/government/politician/government_positions_held./government/government_position_held/basic_title,**Predicted Relation:** /government/government_office_category/officeholders./government/government_position_held/jurisdiction_of_office,/government/government_office_category/officeholders./government/government_position_held/jurisdiction_of_office
207,/m/034ls,/m/04ztj,/people/person/spouse_s./people/marriage/type_of_union,**Predicted Relation:** /people/person/spouse_s./people/marriage/location_of_ceremony,/people/person/spouse_s./people/marriage/location_of_ceremony
208,/m/011yhm,/m/0vgkd,/film/film/genre,**Predicted Relation:** /film/film/genre,/film/film/genre
209,/m/06dn58,/m/0789_m,/award/award_nominee/award_nominations./award/award_nomination/award,**Predicted Relation:** /award/award_nominee/award_nominations./award/award_nomination/award,/award/award_nominee/award_nominations./award/award_nomination/award
210,/m/07gghl,/m/046b0s,/film/film/production_companies,**Predicted Relation:** /film/film/production_companies,/film/film/production_companies
211,/m/01j4ls,/m/02f73b,/award/award_nominee/award_nominations./award/award_nomination/award,**Predicted Relation:** /award/award_nominee/award_nominations./award/award_nomination/award,/award/award_nominee/award_nominations./award/award_nomination/award
212,/m/01qwb5,/m/08mbj5d,/common/topic/webpage./common/webpage/category,**Predicted Relation:** /education/educational_institution/students_graduates./education/education/student,/education/educational_institution/students_graduates./education/education/student
213,/m/0k8z,/m/07c1v,/business/business_operation/industry,**Predicted Relation:** /business/business_operation/industry,/business/business_operation/industry
214,/m/023l9y,/m/0l14j_,/music/artist/track_contributions./music/track_contribution/role,**Predicted Relation:** /music/instrument/instrumentalists,/music/instrument/instrumentalists
215,/m/012dr7,/m/0r3tq,/people/deceased_person/place_of_death,**Predicted Relation:** /people/person/place_of_birth,/people/person/place_of_birth
216,/m/01z4y,/m/02q7fl9,/media_common/netflix_genre/titles,**Predicted Relation:** /film/film/genre,/film/film/genre
217,/m/05148p4,/m/07n68,/music/performance_role/regular_performances./music/group_membership/group,**Predicted Relation:** /music/performance_role/regular_performances./music/group_membership/group,/music/performance_role/regular_performances./music/group_membership/group
218,/m/098n_m,/m/02qcr,/film/actor/film./film/performance/film,**Predicted Relation:** /film/director/film,/film/director/film
219,/m/02bh8z,/m/01w7nwm,/music/record_label/artist,**Predicted Relation:** /music/record_label/artist,/music/record_label/artist
220,/m/0gy7bj4,/m/03rjj,/film/film/release_date_s./film/film_regional_release_date/film_release_region,**Predicted Relation:** /film/film/country,/film/film/country
221,/m/06qgvf,/m/04tqtl,/film/actor/film./film/performance/film,**Predicted Relation:** /film/actor/film./film/performance/film,/film/actor/film./film/performance/film
222,/m/0bq_mx,/m/05lfwd,/award/award_ceremony/awards_presented./award/award_honor/honored_for,**Predicted Relation:** /award/award_ceremony/awards_presented./award/award_honor/award_winner,/award/award_ceremony/awards_presented./award/award_honor/award_winner
223,/m/035zr0,/m/03gj2,/film/film/release_date_s./film/film_regional_release_date/film_release_region,**Predicted Relation:** /film/film/country,/film/film/country
224,/m/02qggqc,/m/05zppz,/people/person/gender,**Predicted Relation:** /people/person/gender,/people/person/gender
225,/m/017d77,/m/01z4y,/education/educational_institution/students_graduates./education/education/major_field_of_study,**Predicted Relation:** /film/film/genre,/film/film/genre
226,/m/01hb1t,/m/01hb1t,/education/educational_institution/campuses,**Predicted Relation:** /education/educational_institution/school_type,/education/educational_institution/school_type
227,/m/01xq8v,/m/060__y,/film/film/genre,**Predicted Relation:** /film/film/genre,/film/film/genre
228,/m/01y8cr,/m/0bdw6t,/award/award_nominee/award_nominations./award/award_nomination/award,**Predicted Relation:** /award/award_category/winners./award/award_honor/award_winner,/award/award_category/winners./award/award_honor/award_winner
229,/m/03h4fq7,/m/05p553,/film/film/genre,**Predicted Relation:** /film/film/genre,/film/film/genre
230,/m/0n08r,/m/059j2,/film/film/release_date_s./film/film_regional_release_date/film_release_region,**Predicted Relation:** /film/film/country,/film/film/country
231,/m/027n06w,/m/0cj2nl,/award/award_ceremony/awards_presented./award/award_honor/award_winner,**Predicted Relation:** /award/award_ceremony/awards_presented./award/award_honor/honored_for,/award/award_ceremony/awards_presented./award/award_honor/honored_for
232,/m/013b2h,/m/01vd7hn,/award/award_ceremony/awards_presented./award/award_honor/award_winner,**Predicted Relation:** /award/award_ceremony/awards_presented./award/award_honor/award_winner,/award/award_ceremony/awards_presented./award/award_honor/award_winner
233,/m/02zd2b,/m/08mbj5d,/common/topic/webpage./common/webpage/category,**Predicted Relation:** /education/educational_institution/campuses,/education/educational_institution/campuses
234,/m/02d02,/m/01j_cy,/sports/professional_sports_team/draft_picks./sports/sports_league_draft_pick/school,**Predicted Relation:** /sports/professional_sports_team/draft_picks./sports/sports_league_draft_pick/school,/sports/professional_sports_team/draft_picks./sports/sports_league_draft_pick/school
235,/m/01by1l,/m/0pkyh,/award/award_category/winners./award/award_honor/award_winner,**Predicted Relation:** /award/award_nominee/award_nominations./award/award_nomination/award_nominee,/award/award_nominee/award_nominations./award/award_nomination/award_nominee
236,/m/0jz9f,/m/07tj4c,/film/film_distributor/films_distributed./film/film_film_distributor_relationship/film,**Predicted Relation:** /film/film/distributors./film/film_film_distributor_relationship/film_distribution_medium,/film/film/distributors./film/film_film_distributor_relationship/film_distribution_medium
237,/m/07lp1,/m/0hcvy,/influence/influence_node/influenced_by,**Predicted Relation:** /people/person/profession,/people/person/profession
238,/m/02hp70,/m/035tlh,/education/university/fraternities_and_sororities,**Predicted Relation:** /education/university/fraternities_and_sororities,/education/university/fraternities_and_sororities
239,/m/0m32_,/m/09c7w0,/people/person/nationality,**Predicted Relation:** /people/person/places_lived./people/place_lived/location,/people/person/places_lived./people/place_lived/location
240,/m/02wr6r,/m/04ztj,/people/person/spouse_s./people/marriage/type_of_union,**Predicted Relation:** /people/person/spouse_s./people/marriage/type_of_union,/people/person/spouse_s./people/marriage/type_of_union
241,/m/03xn3s2,/m/09c7w0,/people/person/nationality,**Predicted Relation:** /tv/tv_program/country_of_origin,/tv/tv_program/country_of_origin
242,/m/02j490,/m/09c7w0,/people/person/nationality,**Predicted Relation:** /film/film/country,/film/film/country
243,/m/03mgx6z,/m/029j_,/film/film/release_date_s./film/film_regional_release_date/film_release_distribution_medium,**Predicted Relation:** /film/film/release_date_s./film/film_regional_release_date/film_release_distribution_medium,/film/film/release_date_s./film/film_regional_release_date/film_release_distribution_medium
244,/m/01by1l,/m/01kd57,/award/award_category/winners./award/award_honor/award_winner,**Predicted Relation:** /award/award_category/winners./award/award_honor/award_winner,/award/award_category/winners./award/award_honor/award_winner
245,/m/0571m,/m/09nqf,/film/film/estimated_budget./measurement_unit/dated_money_value/currency,**Predicted Relation:** /film/film/country,/film/film/country
246,/m/0gr51,/m/073hmq,/award/award_category/winners./award/award_honor/ceremony,**Predicted Relation:** /award/award_category/category_of,/award/award_category/category_of
247,/m/04snp2,/m/03gjzk,/people/person/profession,**Predicted Relation:** /people/person/profession,/people/person/profession
248,/m/0c0zq,/m/0bmj62v,/film/film/film_festivals,**Predicted Relation:** /film/film/film_festivals,/film/film/film_festivals
249,/m/0lbd9,/m/02lq5w,/olympics/olympic_games/medals_awarded./olympics/olympic_medal_honor/medal,**Predicted Relation:** /olympics/olympic_participating_country/medals_won./olympics/olympic_medal_honor/medal,/olympics/olympic_participating_country/medals_won./olympics/olympic_medal_honor/medal
250,/m/02vxq9m,/m/07f1x,/film/film/release_date_s./film/film_regional_release_date/film_release_region,**Predicted Relation:** /film/film/release_date_s./film/film_regional_release_date/film_release_region,/film/film/release_date_s./film/film_regional_release_date/film_release_region
251,/m/02_l96,/m/02tf1y,/people/person/sibling_s./people/sibling_relationship/sibling,**Predicted Relation:** /people/person/sibling_s./people/sibling_relationship/sibling,/people/person/sibling_s./people/sibling_relationship/sibling
252,/m/0168t,/m/02h40lc,/location/country/official_language,**Predicted Relation:** /location/country/official_language,/location/country/official_language
253,/m/07sbbz2,/m/03h_fk5,/music/genre/artists,**Predicted Relation:** /music/genre/artists,/music/genre/artists
254,/m/0djb3vw,/m/02l7c8,/film/film/genre,**Predicted Relation:** /film/film/genre,/film/film/genre
255,/m/02y6fz,/m/06wpc,/business/job_title/people_with_this_title./business/employment_tenure/company,**Predicted Relation:** /business/job_title/people_with_this_title./business/employment_tenure/company,/business/job_title/people_with_this_title./business/employment_tenure/company
256,/m/013y1f,/m/01p95y0,/music/instrument/instrumentalists,**Predicted Relation:** /music/instrument/instrumentalists,/music/instrument/instrumentalists
257,/m/01wyz92,/m/03t5kl,/award/award_nominee/award_nominations./award/award_nomination/award,**Predicted Relation:** /award/award_nominee/award_nominations./award/award_nomination/award,/award/award_nominee/award_nominations./award/award_nomination/award
258,/m/0dlngsd,/m/05qhw,/film/film/release_date_s./film/film_regional_release_date/film_release_region,**Predicted Relation:** /film/film/release_date_s./film/film_regional_release_date/film_release_region,/film/film/release_date_s./film/film_regional_release_date/film_release_region
259,/m/023p29,/m/09c7w0,/people/person/nationality,**Predicted Relation:** /people/person/nationality,/people/person/nationality
260,/m/0x0d,/m/01jq0j,/sports/professional_sports_team/draft_picks./sports/sports_league_draft_pick/school,**Predicted Relation:** /sports/professional_sports_team/draft_picks./sports/sports_league_draft_pick/school,/sports/professional_sports_team/draft_picks./sports/sports_league_draft_pick/school
261,/m/065y4w7,/m/01l849,/education/educational_institution/colors,**Predicted Relation:** /education/educational_institution/colors,/education/educational_institution/colors
262,/m/016ppr,/m/03t5kl,/award/award_nominee/award_nominations./award/award_nomination/award,**Predicted Relation:** /award/award_nominee/award_nominations./award/award_nomination/award,/award/award_nominee/award_nominations./award/award_nomination/award
263,/m/02kbtf,/m/01_srz,/education/educational_institution/school_type,**Predicted Relation:** /education/educational_institution/school_type,/education/educational_institution/school_type
264,/m/075wx7_,/m/02ynfr,/film/film/other_crew./film/film_crew_gig/film_crew_role,**Predicted Relation:** /film/film/film_art_direction_by,/film/film/film_art_direction_by
265,/m/04bbpm,/m/01x3g,/education/educational_institution/students_graduates./education/education/major_field_of_study,**Predicted Relation:** /education/educational_institution/students_graduates./education/education/major_field_of_study,/education/educational_institution/students_graduates./education/education/major_field_of_study
266,/m/02zjd,/m/0c8wxp,/people/person/religion,**Predicted Relation:** /people/person/religion,/people/person/religion
267,/m/059rby,/m/0f4zv,/location/location/contains,**Predicted Relation:** /location/location/contains,/location/location/contains
268,/m/03hr1p,/m/0f8l9c,/olympics/olympic_sport/athletes./olympics/olympic_athlete_affiliation/country,**Predicted Relation:** /olympics/olympic_participating_country/athletes./olympics/olympic_athlete_affiliation/country,/olympics/olympic_participating_country/athletes./olympics/olympic_athlete_affiliation/country
269,/m/02x8m,/m/01vxlbm,/music/genre/artists,**Predicted Relation:** /music/genre/artists,/music/genre/artists
270,/m/0184tc,/m/0d060g,/film/film/release_date_s./film/film_regional_release_date/film_release_region,**Predicted Relation:** /film/film/release_date_s./film/film_regional_release_date/film_release_region,/film/film/release_date_s./film/film_regional_release_date/film_release_region
271,/m/035yn8,/m/04306rv,/film/film/language,**Predicted Relation:** /film/film/language,/film/film/language
272,/m/0315w4,/m/06n90,/film/film/genre,**Predicted Relation:** /film/film/genre,/film/film/genre
273,/m/0209hj,/m/027986c,/award/award_winning_work/awards_won./award/award_honor/award,**Predicted Relation:** /award/award_winning_work/awards_won./award/award_honor/award,/award/award_winning_work/awards_won./award/award_honor/award
274,/m/0181dw,/m/025ldg,/music/record_label/artist,**Predicted Relation:** /music/record_label/artist,/music/record_label/artist
275,/m/04xvlr,/m/0ywrc,/media_common/netflix_genre/titles,**Predicted Relation:** /film/film/costume_design_by,/film/film/costume_design_by
276,/m/048n7,/m/07t65,/military/military_conflict/combatants./military/military_combatant_group/combatants,**Predicted Relation:** /military/military_conflict/combatants./military/military_combatant_group/combatants,/military/military_conflict/combatants./military/military_combatant_group/combatants
277,/m/018n6m,/m/03t5kl,/award/award_nominee/award_nominations./award/award_nomination/award,**Predicted Relation:** /award/award_nominee/award_nominations./award/award_nomination/award,/award/award_nominee/award_nominations./award/award_nomination/award
278,/m/09gkdln,/m/026c1,/award/award_ceremony/awards_presented./award/award_honor/award_winner,**Predicted Relation:** /award/award_ceremony/awards_presented./award/award_honor/award_winner,/award/award_ceremony/awards_presented./award/award_honor/award_winner
279,/m/0f8l9c,/m/024pcx,/military/military_combatant/military_conflicts./military/military_combatant_group/combatants,**Predicted Relation:** /location/location/contains,/location/location/contains
280,/m/092_25,/m/016tb7,/award/award_ceremony/awards_presented./award/award_honor/award_winner,**Predicted Relation:** /award/award_category/winners./award/award_honor/award_winner,/award/award_category/winners./award/award_honor/award_winner
281,/m/066yfh,/m/027km64,/award/award_nominee/award_nominations./award/award_nomination/award_nominee,**Predicted Relation:** /people/person/spouse_s./people/marriage/spouse,/people/person/spouse_s./people/marriage/spouse
282,/m/016t_3,/m/04sylm,/education/educational_degree/people_with_this_degree./education/education/institution,**Predicted Relation:** /education/educational_degree/people_with_this_degree./education/education/institution,/education/educational_degree/people_with_this_degree./education/education/institution
283,/m/0cv0r,/m/0dn8b,/location/location/adjoin_s./location/adjoining_relationship/adjoins,**Predicted Relation:** /location/location/contains,/location/location/contains
284,/m/093h7p,/m/0jjy0,/film/film_distributor/films_distributed./film/film_film_distributor_relationship/film,**Predicted Relation:** /film/film_distributor/films_distributed./film/film_film_distributor_relationship/film,/film/film_distributor/films_distributed./film/film_film_distributor_relationship/film
285,/m/01rr_d,/m/01n4w_,/education/educational_degree/people_with_this_degree./education/education/institution,**Predicted Relation:** /education/educational_degree/people_with_this_degree./education/education/institution,/education/educational_degree/people_with_this_degree./education/education/institution
286,/m/01lyv,/m/06rgq,/music/genre/artists,**Predicted Relation:** /music/genre/artists,/music/genre/artists
287,/m/02d6n_,/m/01f8hf,/film/actor/film./film/performance/film,**Predicted Relation:** /film/actor/film,/film/actor/film
288,/m/017s11,/m/016dj8,/film/film_distributor/films_distributed./film/film_film_distributor_relationship/film,**Predicted Relation:** /film/film_distributor/films_distributed./film/film_film_distributor_relationship/film,/film/film_distributor/films_distributed./film/film_film_distributor_relationship/film
289,/m/05rwpb,/m/09prnq,/music/genre/artists,**Predicted Relation:** /music/genre/artists,/music/genre/artists
290,/m/0hzlz,/m/0581vn8,/film/film_subject/films,**Predicted Relation:** /film/film/country,/film/film/country
291,/m/0x335,/m/08mbj5d,/common/topic/webpage./common/webpage/category,**Predicted Relation:** /common/topic/webpage./common/webpage/category,/common/topic/webpage./common/webpage/category
292,/m/024mpp,/m/0d0kn,/film/film/release_date_s./film/film_regional_release_date/film_release_region,**Predicted Relation:** /film/film/release_date_s./film/film_regional_release_date/film_release_region,/film/film/release_date_s./film/film_regional_release_date/film_release_region
293,/m/07kjk7c,/m/0hn821n,/award/award_category/winners./award/award_honor/ceremony,**Predicted Relation:** /award/award_category/winners./award/award_honor/award_winner,/award/award_category/winners./award/award_honor/award_winner
294,/m/0gr4k,/m/0bj25,/award/award_category/nominees./award/award_nomination/nominated_for,**Predicted Relation:** /award/award_category/nominees./award/award_nomination/nominated_for,/award/award_category/nominees./award/award_nomination/nominated_for
295,/m/0l8v5,/m/01g63y,/people/person/spouse_s./people/marriage/type_of_union,**Predicted Relation:** /people/person/spouse_s./people/marriage/type_of_union,/people/person/spouse_s./people/marriage/type_of_union
296,/m/072twv,/m/02cft,/people/person/place_of_birth,**Predicted Relation:** /people/person/place_of_birth,/people/person/place_of_birth
297,/m/07j8kh,/m/09c7w0,/people/person/nationality,**Predicted Relation:** /people/person/nationality,/people/person/nationality
298,/m/01lb14,/m/03rk0,/olympics/olympic_sport/athletes./olympics/olympic_athlete_affiliation/country,**Predicted Relation:** /olympics/olympic_participating_country/athletes./olympics/olympic_athlete_affiliation/olympics,/olympics/olympic_participating_country/athletes./olympics/olympic_athlete_affiliation/olympics
299,/m/02bh_v,/m/02rh_0,/base/x2010fifaworldcupsouthafrica/world_cup_squad/current_world_cup_squad./base/x2010fifaworldcupsouthafrica/current_world_cup_squad/current_club,**Predicted Relation:** /soccer/football_team/current_roster./soccer/football_roster_position/position,/soccer/football_team/current_roster./soccer/football_roster_position/position
300,/m/023slg,/m/09c7w0,/people/person/nationality,**Predicted Relation:** /people/person/place_of_birth,/people/person/place_of_birth
301,/m/0h99n,/m/0fgg4,/medicine/disease/notable_people_with_this_condition,**Predicted Relation:** /medicine/disease/notable_people_with_this_condition,/medicine/disease/notable_people_with_this_condition
302,/m/04180vy,/m/02nxhr,/film/film/distributors./film/film_film_distributor_relationship/film_distribution_medium,**Predicted Relation:** /film/film/release_date_s./film/film_regional_release_date/film_release_distribution_medium,/film/film/release_date_s./film/film_regional_release_date/film_release_distribution_medium
303,/m/0b76d_m,/m/02vzc,/film/film/release_date_s./film/film_regional_release_date/film_release_region,**Predicted Relation:** /film/film/release_date_s./film/film_regional_release_date/film_release_region,/film/film/release_date_s./film/film_regional_release_date/film_release_region
304,/m/03pp73,/m/02q0v8n,/film/actor/film./film/performance/film,**Predicted Relation:** /film/actor/film,/film/actor/film
305,/m/01vsqvs,/m/07yg2,/music/group_member/membership./music/group_membership/group,**Predicted Relation:** /music/artist/track_contributions./music/track_contribution/role,/music/artist/track_contributions./music/track_contribution/role
306,/m/02ddq4,/m/0jzphpx,/award/award_category/winners./award/award_honor/ceremony,**Predicted Relation:** /award/award_category/winners./award/award_honor/ceremony,/award/award_category/winners./award/award_honor/ceremony
307,/m/02c6pq,/m/04ztj,/people/person/spouse_s./people/marriage/type_of_union,**Predicted Relation:** /people/person/spouse_s./people/marriage/type_of_union,/people/person/spouse_s./people/marriage/type_of_union
308,/m/05c26ss,/m/06bnz,/film/film/release_date_s./film/film_regional_release_date/film_release_region,**Predicted Relation:** /film/film/release_date_s./film/film_regional_release_date/film_release_region,/film/film/release_date_s./film/film_regional_release_date/film_release_region
309,/m/01p8r8,/m/013q0p,/film/actor/film./film/performance/film,**Predicted Relation:** /film/director/film,/film/director/film
310,/m/03s9b,/m/0gr51,/award/award_nominee/award_nominations./award/award_nomination/award,**Predicted Relation:** /award/award_nominee/award_nominations./award/award_nomination/nominated_for,/award/award_nominee/award_nominations./award/award_nomination/nominated_for
311,/m/0210hf,/m/05zppz,/people/person/gender,**Predicted Relation:** /people/person/gender,/people/person/gender
312,/m/05nrg,/m/0283sdr,/location/location/contains,**Predicted Relation:** /location/location/contains,/location/location/contains
313,/m/095b70,/m/04ztj,/people/person/spouse_s./people/marriage/type_of_union,**Predicted Relation:** /people/person/spouse_s./people/marriage/type_of_union,/people/person/spouse_s./people/marriage/type_of_union
314,/m/02p72j,/m/09ggk,/education/educational_institution/colors,**Predicted Relation:** /education/educational_institution/colors,/education/educational_institution/colors
315,/m/0gr0m,/m/059x66,/award/award_category/winners./award/award_honor/ceremony,**Predicted Relation:** /award/award_category/winners./award/award_honor/ceremony,/award/award_category/winners./award/award_honor/ceremony
316,/m/05kwx2,/m/031786,/film/actor/film./film/performance/film,**Predicted Relation:** /film/actor/film./film/performance/film,/film/actor/film./film/performance/film
317,/m/023n39,/m/09c7w0,/people/person/nationality,**Predicted Relation:** /people/person/places_lived./people/place_lived/location,/people/person/places_lived./people/place_lived/location
318,/m/01wbsdz,/m/09c7w0,/people/person/nationality,**Predicted Relation:** /people/person/nationality,/people/person/nationality
319,/m/060c4,/m/02y9bj,/organization/role/leaders./organization/leadership/organization,**Predicted Relation:** /government/politician/government_positions_held./government/government_position_held/jurisdiction_of_office,/government/politician/government_positions_held./government/government_position_held/jurisdiction_of_office
320,/m/07gyv,/m/09pmkv,/olympics/olympic_sport/athletes./olympics/olympic_athlete_affiliation/country,**Predicted Relation:** /olympics/olympic_participating_country/athletes./olympics/olympic_athlete_affiliation/olympics,/olympics/olympic_participating_country/athletes./olympics/olympic_athlete_affiliation/olympics
321,/m/01tfck,/m/02ny6g,/film/actor/film./film/performance/film,**Predicted Relation:** /film/actor/film./film/performance/film,/film/actor/film./film/performance/film
322,/m/019kyn,/m/081nh,/film/film/produced_by,**Predicted Relation:** /film/film/produced_by,/film/film/produced_by
323,/m/02vxq9m,/m/05l8y,/film/film/release_date_s./film/film_regional_release_date/film_release_region,**Predicted Relation:** /base/locations/continents/countries_within,/base/locations/continents/countries_within
324,/m/03xq0f,/m/047msdk,/film/film_distributor/films_distributed./film/film_film_distributor_relationship/film,**Predicted Relation:** /film/film_distributor/films_distributed./film/film_film_distributor_relationship/film,/film/film_distributor/films_distributed./film/film_film_distributor_relationship/film
325,/m/0f_nbyh,/m/09gb_4p,/award/award_category/nominees./award/award_nomination/nominated_for,**Predicted Relation:** /award/award_nominee/award_nominations./award/award_nomination/nominated_for,/award/award_nominee/award_nominations./award/award_nomination/nominated_for
326,/m/064t9,/m/01k3qj,/music/genre/artists,**Predicted Relation:** /music/genre/artists,/music/genre/artists
327,/m/0fhzwl,/m/0lsxr,/tv/tv_program/genre,**Predicted Relation:** /tv/tv_program/genre,/tv/tv_program/genre
328,/m/0194xc,/m/02glc4,/government/politician/government_positions_held./government/government_position_held/legislative_sessions,**Predicted Relation:** /government/politician/government_positions_held./government/government_position_held/legislative_sessions,/government/politician/government_positions_held./government/government_position_held/legislative_sessions
329,/m/0154j,/m/07ssc,/military/military_combatant/military_conflicts./military/military_combatant_group/combatants,**Predicted Relation:** /location/country/official_language,/location/country/official_language
330,/m/02y0js,/m/02_01w,/people/cause_of_death/people,**Predicted Relation:** /people/deceased_person/place_of_death,/people/deceased_person/place_of_death
331,/m/05bt6j,/m/01vrwfv,/music/genre/artists,**Predicted Relation:** /music/genre/artists,/music/genre/artists
332,/m/048q6x,/m/0bs0bh,/award/award_nominee/award_nominations./award/award_nomination/award,**Predicted Relation:** /award/award_nominee/award_nominations./award/award_nomination/award,/award/award_nominee/award_nominations./award/award_nomination/award
333,/m/04bpm6,/m/04rzd,/music/artist/track_contributions./music/track_contribution/role,**Predicted Relation:** /music/artist/track_contributions./music/track_contribution/role,/music/artist/track_contributions./music/track_contribution/role
334,/m/04180vy,/m/02jxmr,/film/film/music,**Predicted Relation:** /film/film/music,/film/film/music
335,/m/0401sg,/m/047yc,/film/film/release_date_s./film/film_regional_release_date/film_release_region,**Predicted Relation:** /film/film/country,/film/film/country
336,/m/01jrbb,/m/0154j,/film/film/release_date_s./film/film_regional_release_date/film_release_region,**Predicted Relation:** /film/film/release_date_s./film/film_regional_release_date/film_release_region,/film/film/release_date_s./film/film_regional_release_date/film_release_region
337,/m/06f41,/m/04w58,/olympics/olympic_sport/athletes./olympics/olympic_athlete_affiliation/country,**Predicted Relation:** /olympics/olympic_sport/athletes./olympics/olympic_athlete_affiliation/country,/olympics/olympic_sport/athletes./olympics/olympic_athlete_affiliation/country
338,/m/01j2xj,/m/0gs9p,/award/award_nominee/award_nominations./award/award_nomination/award,**Predicted Relation:** /award/award_category/winners./award/award_honor/award_winner,/award/award_category/winners./award/award_honor/award_winner
339,/m/0fj45,/m/0bq0p9,/government/government_office_category/officeholders./government/government_position_held/jurisdiction_of_office,**Predicted Relation:** /government/government_office_category/officeholders./government/government_position_held/jurisdiction_of_office,/government/government_office_category/officeholders./government/government_position_held/jurisdiction_of_office
340,/m/0psss,/m/02jx1,/people/person/nationality,**Predicted Relation:** /people/person/nationality,/people/person/nationality
341,/m/0175zz,/m/01243b,/music/genre/parent_genre,**Predicted Relation:** /music/genre/parent_genre,/music/genre/parent_genre
342,/m/05148p4,/m/01lvcs1,/music/instrument/instrumentalists,**Predicted Relation:** /music/instrument/instrumentalists,/music/instrument/instrumentalists
343,/m/01y8cr,/m/0bmhn,/award/award_nominee/award_nominations./award/award_nomination/nominated_for,**Predicted Relation:** /film/actor/film./film/performance/film,/film/actor/film./film/performance/film
344,/m/02h40lc,/m/0d05w3,/language/human_language/countries_spoken_in,**Predicted Relation:** /language/human_language/countries_spoken_in,/language/human_language/countries_spoken_in
345,/m/0gz5hs,/m/0np9r,/people/person/profession,**Predicted Relation:** /people/person/profession,/people/person/profession
346,/m/04vh83,/m/0dxtw,/film/film/other_crew./film/film_crew_gig/film_crew_role,**Predicted Relation:** /film/film/special_effects_by,/film/film/special_effects_by
347,/m/02bg55,/m/0ch6mp2,/film/film/other_crew./film/film_crew_gig/film_crew_role,**Predicted Relation:** /film/film/other_crew./film/film_crew_gig/film_crew_role,/film/film/other_crew./film/film_crew_gig/film_crew_role
348,/m/02q3fdr,/m/0bj8m2,/film/film/genre,**Predicted Relation:** /film/film/genre,/film/film/genre
349,/m/02x258x,/m/06gb1w,/award/award_category/nominees./award/award_nomination/nominated_for,**Predicted Relation:** /award/award_category/nominees./award/award_nomination/nominated_for,/award/award_category/nominees./award/award_nomination/nominated_for
350,/m/02d413,/m/04353,/film/film/produced_by,**Predicted Relation:** /film/director/film,/film/director/film
351,/m/027b9k6,/m/01jmv8,/award/award_category/winners./award/award_honor/award_winner,**Predicted Relation:** /award/award_category/winners./award/award_honor/award_winner,/award/award_category/winners./award/award_honor/award_winner
352,/m/0cx7f,/m/01p0w_,/music/genre/artists,**Predicted Relation:** /music/genre/artists,/music/genre/artists
353,/m/02khs,/m/06cx9,/location/country/form_of_government,**Predicted Relation:** /location/country/form_of_government,/location/country/form_of_government
354,/m/0gtsxr4,/m/0jgd,/film/film/release_date_s./film/film_regional_release_date/film_release_region,**Predicted Relation:** /film/film/release_date_s./film/film_regional_release_date/film_release_region,/film/film/release_date_s./film/film_regional_release_date/film_release_region
355,/m/0296vv,/m/029j_,/film/film/release_date_s./film/film_regional_release_date/film_release_distribution_medium,**Predicted Relation:** /film/film/release_date_s./film/film_regional_release_date/film_release_distribution_medium,/film/film/release_date_s./film/film_regional_release_date/film_release_distribution_medium
356,/m/017jd9,/m/07s9rl0,/film/film/genre,**Predicted Relation:** /film/film/genre,/film/film/genre
357,/m/01_x6v,/m/09jwl,/people/person/profession,**Predicted Relation:** /people/person/profession,/people/person/profession
358,/m/01lyv,/m/01c8v0,/music/genre/artists,**Predicted Relation:** /music/genre/artists,/music/genre/artists
359,/m/03x9yr,/m/06lxn,/music/record_label/artist,**Predicted Relation:** /music/record_label/artist,/music/record_label/artist
360,/m/05w3f,/m/0kj34,/music/genre/artists,**Predicted Relation:** /music/genre/artists,/music/genre/artists
361,/m/07ghq,/m/05glt,/award/ranked_item/appears_in_ranked_lists./award/ranking/list,**Predicted Relation:** /award/award_winning_work/awards_won./award/award_honor/award_winner,/award/award_winning_work/awards_won./award/award_honor/award_winner
362,/m/0pqc5,/m/0nqph,/government/government_office_category/officeholders./government/government_position_held/jurisdiction_of_office,**Predicted Relation:** /government/politician/government_positions_held./government/government_position_held/jurisdiction_of_office,/government/politician/government_positions_held./government/government_position_held/jurisdiction_of_office
363,/m/0trv,/m/0g4gr,/education/educational_institution/students_graduates./education/education/major_field_of_study,**Predicted Relation:** /education/educational_institution/students_graduates./education/education/major_field_of_study,/education/educational_institution/students_graduates./education/education/major_field_of_study
364,/m/09p7fh,/m/07s9rl0,/film/film/genre,**Predicted Relation:** /film/film/genre,/film/film/genre
365,/m/015pkc,/m/029_l,/award/award_nominee/award_nominations./award/award_nomination/award_nominee,**Predicted Relation:** /award/award_nominee/award_nominations./award/award_nomination/nominated_for,/award/award_nominee/award_nominations./award/award_nomination/nominated_for
366,/m/05z_kps,/m/09nqf,/film/film/estimated_budget./measurement_unit/dated_money_value/currency,**Predicted Relation:** /film/film/release_date_s./film/film_regional_release_date/film_release_region,/film/film/release_date_s./film/film_regional_release_date/film_release_region
367,/m/05zksls,/m/04954,/award/award_ceremony/awards_presented./award/award_honor/award_winner,**Predicted Relation:** /award/award_category/nominees./award/award_nomination/nominated_for,/award/award_category/nominees./award/award_nomination/nominated_for
368,/m/08720,/m/07t90,/film/film/featured_film_locations,**Predicted Relation:** /film/film/featured_film_locations,/film/film/featured_film_locations
369,/m/0275n3y,/m/042fgh,/award/award_ceremony/awards_presented./award/award_honor/honored_for,**Predicted Relation:** /award/award_ceremony/awards_presented./award/award_honor/honored_for,/award/award_ceremony/awards_presented./award/award_honor/honored_for
370,/m/05dbyt,/m/05_5rjx,/film/actor/film./film/performance/film,**Predicted Relation:** /film/actor/film./film/performance/film,/film/actor/film./film/performance/film
371,/m/06by7,/m/05crg7,/music/genre/artists,**Predicted Relation:** /music/genre/artists,/music/genre/artists
372,/m/01nrq5,/m/02hrh1q,/people/person/profession,**Predicted Relation:** /people/person/profession,/people/person/profession
373,/m/0gx1bnj,/m/0dxtw,/film/film/other_crew./film/film_crew_gig/film_crew_role,**Predicted Relation:** /film/film/other_crew./film/film_crew_gig/film_crew_role,/film/film/other_crew./film/film_crew_gig/film_crew_role
374,/m/02wkmx,/m/02vyw,/award/award_category/winners./award/award_honor/award_winner,**Predicted Relation:** /award/award_winning_work/awards_won./award/award_honor/award_winner,/award/award_winning_work/awards_won./award/award_honor/award_winner
375,/m/02_286,/m/0lkm,/travel/travel_destination/climate./travel/travel_destination_monthly_climate/month,**Predicted Relation:** /travel/travel_destination_monthly_climate/month,/travel/travel_destination_monthly_climate/month
376,/m/03yvf2,/m/02k54,/film/film/release_date_s./film/film_regional_release_date/film_release_region,**Predicted Relation:** /film/film/country,/film/film/country
377,/m/0cj8x,/m/04v89z,/film/actor/film./film/performance/film,**Predicted Relation:** /film/actor/film,/film/actor/film
378,/m/03548,/m/01d9r3,/location/country/form_of_government,**Predicted Relation:** /location/country/form_of_government,/location/country/form_of_government
379,/m/0b_6qj,/m/02pqcfz,/base/marchmadness/ncaa_basketball_tournament/seeds./base/marchmadness/ncaa_tournament_seed/team,**Predicted Relation:** /base/marchmadness/ncaa_basketball_tournament/seeds./base/marchmadness/ncaa_tournament_seed/team,/base/marchmadness/ncaa_basketball_tournament/seeds./base/marchmadness/ncaa_tournament_seed/team
380,/m/04rwx,/m/01540,/education/educational_institution/students_graduates./education/education/major_field_of_study,**Predicted Relation:** /education/educational_institution/students_graduates./education/education/major_field_of_study,/education/educational_institution/students_graduates./education/education/major_field_of_study
381,/m/01m7f5r,/m/05zppz,/people/person/gender,**Predicted Relation:** /people/person/gender,/people/person/gender
382,/m/02hnl,/m/04qmr,/music/performance_role/regular_performances./music/group_membership/group,**Predicted Relation:** /music/performance_role/regular_performances./music/group_membership/group,/music/performance_role/regular_performances./music/group_membership/group
383,/m/0nk3g,/m/019f9z,/music/genre/artists,**Predicted Relation:** /music/genre/artists,/music/genre/artists
384,/m/0m7d0,/m/02hcv8,/location/location/time_zones,**Predicted Relation:** /location/location/time_zones,/location/location/time_zones
385,/m/02t901,/m/04ztj,/people/person/spouse_s./people/marriage/type_of_union,**Predicted Relation:** /people/person/spouse_s./people/marriage/location_of_ceremony,/people/person/spouse_s./people/marriage/location_of_ceremony
386,/m/09sdmz,/m/011yn5,/award/award_category/nominees./award/award_nomination/nominated_for,**Predicted Relation:** /award/award_category/nominees./award/award_nomination/nominated_for,/award/award_category/nominees./award/award_nomination/nominated_for
387,/m/0dj75,/m/0g5gq,/food/food/nutrients./food/nutrition_fact/nutrient,**Predicted Relation:** /food/food/nutrients./food/nutrition_fact/nutrient,/food/food/nutrients./food/nutrition_fact/nutrient
388,/m/02ld6x,/m/03hl6lc,/award/award_nominee/award_nominations./award/award_nomination/award,**Predicted Relation:** /award/award_nominee/award_nominations./award/award_nomination/nominated_for,/award/award_nominee/award_nominations./award/award_nomination/nominated_for
389,/m/011k1h,/m/0cfgd,/music/record_label/artist,**Predicted Relation:** /music/record_label/artist,/music/record_label/artist
390,/m/0165b,/m/06sks6,/olympics/olympic_participating_country/athletes./olympics/olympic_athlete_affiliation/olympics,**Predicted Relation:** /olympics/olympic_participating_country/athletes./olympics/olympic_athlete_affiliation/olympics,/olympics/olympic_participating_country/athletes./olympics/olympic_athlete_affiliation/olympics
391,/m/099t8j,/m/0fh694,/award/award_category/nominees./award/award_nomination/nominated_for,**Predicted Relation:** /award/award_winning_work/awards_won./award/award_honor/award_winner,/award/award_winning_work/awards_won./award/award_honor/award_winner
392,/m/037n97,/m/06j6l,/music/genre/parent_genre,**Predicted Relation:** /music/genre/artists,/music/genre/artists
393,/m/0gs9p,/m/0bcndz,/award/award_category/nominees./award/award_nomination/nominated_for,**Predicted Relation:** /award/award_nominee/award_nominations./award/award_nomination/nominated_for,/award/award_nominee/award_nominations./award/award_nomination/nominated_for
394,/m/03902,/m/05cw8,/travel/travel_destination/climate./travel/travel_destination_monthly_climate/month,**Predicted Relation:** /travel/travel_destination/climate./travel/travel_destination_monthly_climate/month,/travel/travel_destination/climate./travel/travel_destination_monthly_climate/month
395,/m/03rwng,/m/02zsn,/people/person/gender,**Predicted Relation:** /people/person/gender,/people/person/gender
396,/m/02q636,/m/03z19,/organization/non_profit_organization/registered_with./organization/non_profit_registration/registering_agency,**Predicted Relation:** /organization/non_profit_organization/registered_with./organization/non_profit_registration/registering_agency,/organization/non_profit_organization/registered_with./organization/non_profit_registration/registering_agency
397,/m/0c4hx0,/m/0cq7kw,/award/award_ceremony/awards_presented./award/award_honor/honored_for,**Predicted Relation:** /award/award_category/winners./award/award_honor/award_winner,/award/award_category/winners./award/award_honor/award_winner
398,/m/03bnb,/m/01pd60,/award/ranked_item/appears_in_ranked_lists./award/ranking/list,**Predicted Relation:** /award/ranked_item/appears_in_ranked_lists./award/ranking/list,/award/ranked_item/appears_in_ranked_lists./award/ranking/list
399,/m/01pq4w,/m/04gb7,/education/educational_institution/students_graduates./education/education/major_field_of_study,**Predicted Relation:** /education/educational_degree/people_with_this_degree./education/education/major_field_of_study,/education/educational_degree/people_with_this_degree./education/education/major_field_of_study
400,/m/0b3wk,/m/024tcq,/government/governmental_body/members./government/government_position_held/legislative_sessions,**Predicted Relation:** /government/governmental_body/members./government/government_position_held/legislative_sessions,/government/governmental_body/members./government/government_position_held/legislative_sessions
401,/m/02ctzb,/m/083q7,/people/ethnicity/people,**Predicted Relation:** /people/ethnicity/people,/people/ethnicity/people
402,/m/078mgh,/m/05zppz,/people/person/gender,**Predicted Relation:** /people/person/gender,/people/person/gender
403,/m/01wdtv,/m/03f0fnk,/music/record_label/artist,**Predicted Relation:** /music/record_label/artist,/music/record_label/artist
404,/m/03rz2b,/m/03q4nz,/film/film/genre,**Predicted Relation:** /film/film/genre,/film/film/genre
405,/m/063fh9,/m/09zzb8,/film/film/other_crew./film/film_crew_gig/film_crew_role,**Predicted Relation:** /film/film/other_crew./film/film_crew_gig/film_crew_role,/film/film/other_crew./film/film_crew_gig/film_crew_role
406,/m/02hnl,/m/046p9,/music/performance_role/regular_performances./music/group_membership/group,**Predicted Relation:** /music/performance_role/regular_performances./music/group_membership/group,/music/performance_role/regular_performances./music/group_membership/group
407,/m/09qvc0,/m/03ln8b,/award/award_category/nominees./award/award_nomination/nominated_for,**Predicted Relation:** /award/award_category/nominees./award/award_nomination/nominated_for,/award/award_category/nominees./award/award_nomination/nominated_for
408,/m/02g3v6,/m/027fwmt,/award/award_category/nominees./award/award_nomination/nominated_for,**Predicted Relation:** /award/award_category/nominees./award/award_nomination/nominated_for,/award/award_category/nominees./award/award_nomination/nominated_for
409,/m/06yxd,/m/01lp8,/location/statistical_region/religions./location/religion_percentage/religion,**Predicted Relation:** /location/location/contains,/location/location/contains
410,/m/0gywn,/m/01qgry,/music/genre/artists,**Predicted Relation:** /music/genre/artists,/music/genre/artists
411,/m/03hkv_r,/m/0fpv_3_,/award/award_category/nominees./award/award_nomination/nominated_for,**Predicted Relation:** /award/award_category/nominees./award/award_nomination/nominated_for,/award/award_category/nominees./award/award_nomination/nominated_for
412,/m/01ljpm,/m/02j62,/education/educational_institution/students_graduates./education/education/major_field_of_study,**Predicted Relation:** /education/educational_institution/students_graduates./education/education/major_field_of_study,/education/educational_institution/students_graduates./education/education/major_field_of_study
413,/m/0c3kw,/m/05zppz,/people/person/gender,**Predicted Relation:** /people/person/gender,/people/person/gender
414,/m/0dq3c,/m/0jdd,/government/government_office_category/officeholders./government/government_position_held/jurisdiction_of_office,**Predicted Relation:** /government/politician/government_positions_held./government/government_position_held/jurisdiction_of_office,/government/politician/government_positions_held./government/government_position_held/jurisdiction_of_office
415,/m/0770cd,/m/025m8l,/award/award_nominee/award_nominations./award/award_nomination/award,**Predicted Relation:** /award/award_category/nominees./award/award_nomination/nominated_for,/award/award_category/nominees./award/award_nomination/nominated_for
416,/m/07y9ts,/m/01j7mr,/award/award_ceremony/awards_presented./award/award_honor/honored_for,**Predicted Relation:** /award/award_nominee/award_nominations./award/award_nomination/nominated_for,/award/award_nominee/award_nominations./award/award_nomination/nominated_for
417,/m/06cmp,/m/06c62,/location/country/capital,**Predicted Relation:** /location/country/capital,/location/country/capital
418,/m/0h1cdwq,/m/04rlf,/film/film/genre,**Predicted Relation:** /film/film/genre,/film/film/genre
419,/m/067ghz,/m/05v8c,/film/film/release_date_s./film/film_regional_release_date/film_release_region,**Predicted Relation:** /film/film/release_date_s./film/film_regional_release_date/film_release_region,/film/film/release_date_s./film/film_regional_release_date/film_release_region
420,/m/0c3ybss,/m/0jgd,/film/film/release_date_s./film/film_regional_release_date/film_release_region,**Predicted Relation:** /film/film/release_date_s./film/film_regional_release_date/film_release_region,/film/film/release_date_s./film/film_regional_release_date/film_release_region
421,/m/01pllx,/m/07h9gp,/film/actor/film./film/performance/film,**Predicted Relation:** /film/actor/film,/film/actor/film
422,/m/03dpqd,/m/05fcbk7,/film/actor/film./film/performance/film,**Predicted Relation:** /film/actor/film./film/performance/film,/film/actor/film./film/performance/film
423,/m/01cgz,/m/027nb,/olympics/olympic_sport/athletes./olympics/olympic_athlete_affiliation/country,**Predicted Relation:** /olympics/olympic_sport/athletes./olympics/olympic_athlete_affiliation/olympics,/olympics/olympic_sport/athletes./olympics/olympic_athlete_affiliation/olympics
424,/m/07tgn,/m/0l5mz,/education/educational_institution/students_graduates./education/education/major_field_of_study,**Predicted Relation:** /education/educational_institution/students_graduates./education/education/major_field_of_study,/education/educational_institution/students_graduates./education/education/major_field_of_study
425,/m/0bymv,/m/0vmt,/people/person/places_lived./people/place_lived/location,**Predicted Relation:** /government/legislative_session/members./government/government_position_held/district_represented,/government/legislative_session/members./government/government_position_held/district_represented
426,/m/0c0nhgv,/m/01p1v,/film/film/release_date_s./film/film_regional_release_date/film_release_region,**Predicted Relation:** /film/film/release_date_s./film/film_regional_release_date/film_release_region,/film/film/release_date_s./film/film_regional_release_date/film_release_region
427,/m/0770cd,/m/05148p4,/music/artist/track_contributions./music/track_contribution/role,**Predicted Relation:** /music/artist/track_contributions./music/track_contribution/role,/music/artist/track_contributions./music/track_contribution/role
428,/m/01tzm9,/m/059rby,/people/person/places_lived./people/place_lived/location,**Predicted Relation:** /people/person/places_lived./people/place_lived/location,/people/person/places_lived./people/place_lived/location
429,/m/0n85g,/m/01vv7sc,/music/record_label/artist,**Predicted Relation:** /music/record_label/artist,/music/record_label/artist
430,/m/0bkj86,/m/02kzfw,/education/educational_degree/people_with_this_degree./education/education/institution,**Predicted Relation:** /education/educational_institution/students_graduates./education/education/major_field_of_study,/education/educational_institution/students_graduates./education/education/major_field_of_study
431,/m/062z7,/m/012gx2,/education/field_of_study/students_majoring./education/education/student,**Predicted Relation:** /people/person/profession,/people/person/profession
432,/m/06sff,/m/02bjrlw,/location/country/official_language,**Predicted Relation:** /location/country/official_language,/location/country/official_language
433,/m/015882,/m/09c7w0,/people/person/nationality,**Predicted Relation:** /people/person/places_lived./people/place_lived/location,/people/person/places_lived./people/place_lived/location
434,/m/024tcq,/m/0vmt,/government/legislative_session/members./government/government_position_held/district_represented,**Predicted Relation:** /government/legislative_session/members./government/government_position_held/district_represented,/government/legislative_session/members./government/government_position_held/district_represented
435,/m/02qyntr,/m/05znxx,/award/award_category/nominees./award/award_nomination/nominated_for,**Predicted Relation:** /award/award_category/nominees./award/award_nomination/nominated_for,/award/award_category/nominees./award/award_nomination/nominated_for
436,/m/01xqw,/m/03bx0bm,/music/performance_role/regular_performances./music/group_membership/role,**Predicted Relation:** /music/instrument/instrumentalists,/music/instrument/instrumentalists
437,/m/03q91d,/m/0prrm,/film/actor/film./film/performance/film,**Predicted Relation:** /film/actor/film,/film/actor/film
438,/m/03n69x,/m/013yq,/people/person/places_lived./people/place_lived/location,**Predicted Relation:** /sports/pro_athlete/teams./sports/sports_team_roster/team,/sports/pro_athlete/teams./sports/sports_team_roster/team
439,/m/0h0yt,/m/04mqgr,/award/award_nominee/award_nominations./award/award_nomination/award,**Predicted Relation:** /award/award_nominee/award_nominations./award/award_nomination/award,/award/award_nominee/award_nominations./award/award_nomination/award
440,/m/0fy6bh,/m/0gqrb,/award/award_ceremony/awards_presented./award/award_honor/award_winner,**Predicted Relation:** /award/award_category/winners./award/award_honor/award_winner,/award/award_category/winners./award/award_honor/award_winner
441,/m/02zmh5,/m/0412f5y,/award/award_nominee/award_nominations./award/award_nomination/award_nominee,**Predicted Relation:** /music/genre/artists,/music/genre/artists
442,/m/02q_4ph,/m/09nqf,/film/film/estimated_budget./measurement_unit/dated_money_value/currency,**Predicted Relation:** /film/film/estimated_budget./measurement_unit/dated_money_value/currency,/film/film/estimated_budget./measurement_unit/dated_money_value/currency
443,/m/0cqhk0,/m/058m5m4,/award/award_category/winners./award/award_honor/ceremony,**Predicted Relation:** /award/award_category/nominees./award/award_nomination/nominated_for,/award/award_category/nominees./award/award_nomination/nominated_for
444,/m/0b25vg,/m/05ztrmj,/award/award_nominee/award_nominations./award/award_nomination/award,**Predicted Relation:** /award/award_nominee/award_nominations./award/award_nomination/nominated_for,/award/award_nominee/award_nominations./award/award_nomination/nominated_for
445,/m/04hpck,/m/01tlmw,/people/person/places_lived./people/place_lived/location,**Predicted Relation:** /people/person/place_of_birth,/people/person/place_of_birth
446,/m/06srk,/m/0b6css,/organization/organization_member/member_of./organization/organization_membership/organization,**Predicted Relation:** /location/location/adjoin_s./location/adjoining_relationship/adjoins,/location/location/adjoin_s./location/adjoining_relationship/adjoins
447,/m/05qbckf,/m/03_3d,/film/film/release_date_s./film/film_regional_release_date/film_release_region,**Predicted Relation:** /film/film/release_date_s./film/film_regional_release_date/film_release_region,/film/film/release_date_s./film/film_regional_release_date/film_release_region
448,/m/01gsvb,/m/07_f2,/government/legislative_session/members./government/government_position_held/district_represented,**Predicted Relation:** /government/legislative_session/members./government/government_position_held/district_represented,/government/legislative_session/members./government/government_position_held/district_represented
449,/m/0191h5,/m/05zppz,/people/person/gender,**Predicted Relation:** /people/person/gender,/people/person/gender
450,/m/01kb2j,/m/099t8j,/award/award_nominee/award_nominations./award/award_nomination/award,**Predicted Relation:** /award/award_nominee/award_nominations./award/award_nomination/nominated_for,/award/award_nominee/award_nominations./award/award_nomination/nominated_for
451,/m/035qgm,/m/0j46b,/base/x2010fifaworldcupsouthafrica/world_cup_squad/current_world_cup_squad./base/x2010fifaworldcupsouthafrica/current_world_cup_squad/current_club,**Predicted Relation:** /sports/sports_team/sport,/sports/sports_team/sport
452,/m/02gf_l,/m/0k54q,/film/actor/film./film/performance/film,**Predicted Relation:** /film/actor/film./film/performance/film,/film/actor/film./film/performance/film
453,/m/033tf_,/m/09c7w0,/people/ethnicity/geographic_distribution,**Predicted Relation:** /people/ethnicity/geographic_distribution,/people/ethnicity/geographic_distribution
454,/m/065y4w7,/m/0_jm,/education/educational_institution/students_graduates./education/education/major_field_of_study,**Predicted Relation:** /education/educational_institution/students_graduates./education/education/major_field_of_study,/education/educational_institution/students_graduates./education/education/major_field_of_study
455,/m/028pzq,/m/04ztj,/people/person/spouse_s./people/marriage/type_of_union,**Predicted Relation:** /people/person/spouse_s./people/marriage/location_of_ceremony,/people/person/spouse_s./people/marriage/location_of_ceremony
456,/m/034b6k,/m/05prs8,/film/film/executive_produced_by,**Predicted Relation:** /film/film/produced_by,/film/film/produced_by
457,/m/01v3bn,/m/02h40lc,/people/person/languages,**Predicted Relation:** /film/film/language,/film/film/language
458,/m/04hhv,/m/02vk52z,/organization/organization_member/member_of./organization/organization_membership/organization,**Predicted Relation:** /organization/organization_member/member_of./organization/organization_membership/organization,/organization/organization_member/member_of./organization/organization_membership/organization
459,/m/01rzqj,/m/03_1pg,/award/award_nominee/award_nominations./award/award_nomination/award_nominee,**Predicted Relation:** /tv/tv_program/regular_cast./tv/regular_tv_appearance/actor,/tv/tv_program/regular_cast./tv/regular_tv_appearance/actor
460,/m/022769,/m/02hrh1q,/people/person/profession,**Predicted Relation:** /people/person/profession,/people/person/profession
461,/m/01g23m,/m/02qgqt,/award/award_nominee/award_nominations./award/award_nomination/award_nominee,**Predicted Relation:** /award/award_nominee/award_nominations./award/award_nomination/nominated_for,/award/award_nominee/award_nominations./award/award_nomination/nominated_for
462,/m/022_lg,/m/05zppz,/people/person/gender,**Predicted Relation:** /people/person/gender,/people/person/gender
463,/m/02js9p,/m/09c7w0,/people/person/nationality,**Predicted Relation:** /people/person/place_of_birth,/people/person/place_of_birth
464,/m/01nvmd_,/m/0cqhb3,/award/award_nominee/award_nominations./award/award_nomination/award,**Predicted Relation:** /award/award_nominee/award_nominations./award/award_nomination/nominated_for,/award/award_nominee/award_nominations./award/award_nomination/nominated_for
465,/m/03q0r1,/m/0880p,/film/film/language,**Predicted Relation:** /film/film/language,/film/film/language
466,/m/0gztl,/m/07b_l,/organization/organization/headquarters./location/mailing_address/state_province_region,**Predicted Relation:** /organization/organization/headquarters./location/mailing_address/state_province_region,/organization/organization/headquarters./location/mailing_address/state_province_region
467,/m/0k89p,/m/095nx,/award/hall_of_fame/inductees./award/hall_of_fame_induction/inductee,**Predicted Relation:** /award/hall_of_fame/inductees./award/hall_of_fame_induction/inductee,/award/hall_of_fame/inductees./award/hall_of_fame_induction/inductee
468,/m/0n85g,/m/01vrkdt,/music/record_label/artist,**Predicted Relation:** /music/record_label/artist,/music/record_label/artist
469,/m/04bs3j,/m/02zsn,/people/person/gender,**Predicted Relation:** /people/person/gender,/people/person/gender
470,/m/02gjrc,/m/07ssc,/tv/tv_program/country_of_origin,**Predicted Relation:** /tv/tv_program/country_of_origin,/tv/tv_program/country_of_origin
471,/m/0f502,/m/04ztj,/people/person/spouse_s./people/marriage/type_of_union,**Predicted Relation:** /people/person/spouse_s./people/marriage/spouse,/people/person/spouse_s./people/marriage/spouse
472,/m/0gbwp,/m/01ckbq,/award/award_nominee/award_nominations./award/award_nomination/award,**Predicted Relation:** /award/award_nominee/award_nominations./award/award_nomination/nominated_for,/award/award_nominee/award_nominations./award/award_nomination/nominated_for
473,/m/0jz9f,/m/02pw_n,/film/film_distributor/films_distributed./film/film_film_distributor_relationship/film,**Predicted Relation:** /film/film_distributor/films_distributed./film/film_film_distributor_relationship/film,/film/film_distributor/films_distributed./film/film_film_distributor_relationship/film
474,/m/0lmm3,/m/06fvc,/sports/sports_team/colors,**Predicted Relation:** /sports/sports_team/colors,/sports/sports_team/colors
475,/m/017ht,/m/08mbj5d,/common/topic/webpage./common/webpage/category,**Predicted Relation:** /common/topic/webpage./common/webpage/category,/common/topic/webpage./common/webpage/category
476,/m/01gbcf,/m/08jyyk,/music/genre/parent_genre,**Predicted Relation:** /music/genre/parent_genre,/music/genre/parent_genre
477,/m/01vrx3g,/m/02_286,/people/deceased_person/place_of_death,**Predicted Relation:** /people/person/places_lived./people/place_lived/location,/people/person/places_lived./people/place_lived/location
478,/m/09gkx35,/m/0735l,/film/film/distributors./film/film_film_distributor_relationship/film_distribution_medium,**Predicted Relation:** /film/film/distributors./film/film_film_distributor_relationship/film_distribution_medium,/film/film/distributors./film/film_film_distributor_relationship/film_distribution_medium
479,/m/07nnp_,/m/09blyk,/film/film/genre,**Predicted Relation:** /film/film/genre,/film/film/genre
480,/m/09d11,/m/0217g,/medicine/disease/risk_factors,**Predicted Relation:** /medicine/disease/risk_factors,/medicine/disease/risk_factors
481,/m/033jj1,/m/03tbg6,/film/actor/film./film/performance/film,**Predicted Relation:** /film/actor/film./film/performance/film,/film/actor/film./film/performance/film
482,/m/02g87m,/m/06mmb,/award/award_winner/awards_won./award/award_honor/award_winner,**Predicted Relation:** /film/actor/film./film/performance/film,/film/actor/film./film/performance/film
483,/m/01chc7,/m/01ycbq,/award/award_nominee/award_nominations./award/award_nomination/award_nominee,**Predicted Relation:** /people/person/spouse_s./people/marriage/spouse,/people/person/spouse_s./people/marriage/spouse
484,/m/0k525,/m/05q96q6,/film/actor/film./film/performance/film,**Predicted Relation:** /film/actor/film./film/performance/film,/film/actor/film./film/performance/film
485,/m/016h4r,/m/0r5y9,/people/person/places_lived./people/place_lived/location,**Predicted Relation:** /people/person/place_of_birth,/people/person/place_of_birth
486,/m/014pg1,/m/08mbj5d,/common/topic/webpage./common/webpage/category,**Predicted Relation:** /music/artist/official_website,/music/artist/official_website
487,/m/02rlj20,/m/0ckd1,/tv/tv_program/tv_producer./tv/tv_producer_term/producer_type,**Predicted Relation:** /film/film/executive_produced_by,/film/film/executive_produced_by
488,/m/03txms,/m/070m6c,/government/politician/government_positions_held./government/government_position_held/legislative_sessions,**Predicted Relation:** /government/politician/government_positions_held./government/government_position_held/legislative_sessions,/government/politician/government_positions_held./government/government_position_held/legislative_sessions
489,/m/01cl2y,/m/01fl3,/music/record_label/artist,**Predicted Relation:** /music/record_label/artist,/music/record_label/artist
490,/m/0170qf,/m/0f4x7,/award/award_nominee/award_nominations./award/award_nomination/award,**Predicted Relation:** /award/award_nominee/award_nominations./award/award_nomination/nominated_for,/award/award_nominee/award_nominations./award/award_nomination/nominated_for
491,/m/04qr6d,/m/0b6k___,/award/award_nominee/award_nominations./award/award_nomination/award,**Predicted Relation:** /award/award_nominee/award_nominations./award/award_nomination/award,/award/award_nominee/award_nominations./award/award_nomination/award
492,/m/09sdmz,/m/09g90vz,/award/award_category/winners./award/award_honor/ceremony,**Predicted Relation:** /award/award_category/winners./award/award_honor/ceremony,/award/award_category/winners./award/award_honor/ceremony
493,/m/07s2s,/m/0661m4p,/film/film_subject/films,**Predicted Relation:** /film/film_subject/films,/film/film_subject/films
494,/m/02r22gf,/m/09tkzy,/award/award_category/nominees./award/award_nomination/nominated_for,**Predicted Relation:** /award/award_category/nominees./award/award_nomination/nominated_for,/award/award_category/nominees./award/award_nomination/nominated_for
495,/m/03jsvl,/m/01c8v0,/music/genre/artists,**Predicted Relation:** /music/genre/artists,/music/genre/artists
496,/m/07qg8v,/m/0d0vqn,/film/film/release_date_s./film/film_regional_release_date/film_release_region,**Predicted Relation:** /film/film/release_date_s./film/film_regional_release_date/film_release_region,/film/film/release_date_s./film/film_regional_release_date/film_release_region
497,/m/027kmrb,/m/09c7w0,/people/person/nationality,**Predicted Relation:** /film/film/country,/film/film/country
498,/m/04fzfj,/m/01drsx,/film/film/genre,**Predicted Relation:** /film/film/genre,/film/film/genre
499,/m/02hblj,/m/09c7w0,/people/person/nationality,**Predicted Relation:** /people/person/nationality,/people/person/nationality
500,/m/05fjf,/m/0xrz2,/location/location/contains,**Predicted Relation:** /location/location/contains,/location/location/contains
501,/m/0bh8tgs,/m/05sb1,/film/film/release_date_s./film/film_regional_release_date/film_release_region,**Predicted Relation:** /film/film/release_date_s./film/film_regional_release_date/film_release_region,/film/film/release_date_s./film/film_regional_release_date/film_release_region
502,/m/019m9h,/m/04mkbj,/sports/sports_team/colors,**Predicted Relation:** /sports/sports_team/colors,/sports/sports_team/colors
503,/m/0k2m6,/m/06l3bl,/film/film/genre,**Predicted Relation:** /film/film/genre,/film/film/genre
504,/m/01bcq,/m/03tps5,/film/actor/film./film/performance/film,**Predicted Relation:** /film/actor/film./film/performance/film,/film/actor/film./film/performance/film
505,/m/099c8n,/m/0dr_4,/award/award_category/nominees./award/award_nomination/nominated_for,**Predicted Relation:** /award/award_winning_work/awards_won./award/award_honor/award_winner,/award/award_winning_work/awards_won./award/award_honor/award_winner
506,/m/015qq1,/m/018mmw,/people/deceased_person/place_of_burial,**Predicted Relation:** /people/deceased_person/place_of_burial,/people/deceased_person/place_of_burial
507,/m/01gn36,/m/018gz8,/people/person/profession,**Predicted Relation:** /people/person/profession,/people/person/profession
508,/m/0jqn5,/m/03k9fj,/film/film/genre,**Predicted Relation:** /film/film/genre,/film/film/genre
509,/m/0cw67g,/m/09c7w0,/people/person/nationality,**Predicted Relation:** /people/person/nationality,/people/person/nationality
510,/m/02vp1f_,/m/04xvh5,/film/film/genre,**Predicted Relation:** /film/film/genre,/film/film/genre
511,/m/072x7s,/m/04v3q,/film/film/featured_film_locations,**Predicted Relation:** /film/film/featured_film_locations,/film/film/featured_film_locations
512,/m/02bbyw,/m/05qjt,/education/educational_institution/students_graduates./education/education/major_field_of_study,**Predicted Relation:** /education/educational_institution/students_graduates./education/education/major_field_of_study,/education/educational_institution/students_graduates./education/education/major_field_of_study
513,/m/04wddl,/m/064_8sq,/film/film/language,**Predicted Relation:** /film/film/language,/film/film/language
514,/m/022_q8,/m/02x1dht,/award/award_nominee/award_nominations./award/award_nomination/award,**Predicted Relation:** /award/award_nominee/award_nominations./award/award_nomination/award,/award/award_nominee/award_nominations./award/award_nomination/award
515,/m/03x400,/m/09sb52,/award/award_nominee/award_nominations./award/award_nomination/award,**Predicted Relation:** /award/award_nominee/award_nominations./award/award_nomination/award,/award/award_nominee/award_nominations./award/award_nomination/award
516,/m/07pd_j,/m/05r4w,/film/film/release_date_s./film/film_regional_release_date/film_release_region,**Predicted Relation:** /film/film/release_date_s./film/film_regional_release_date/film_release_region,/film/film/release_date_s./film/film_regional_release_date/film_release_region
517,/m/0pd64,/m/03_3d,/film/film/release_date_s./film/film_regional_release_date/film_release_region,**Predicted Relation:** /film/film/release_date_s./film/film_regional_release_date/film_release_region,/film/film/release_date_s./film/film_regional_release_date/film_release_region
518,/m/017jd9,/m/077qn,/film/film/release_date_s./film/film_regional_release_date/film_release_region,**Predicted Relation:** /film/film/release_date_s./film/film_regional_release_date/film_release_region,/film/film/release_date_s./film/film_regional_release_date/film_release_region
519,/m/04svwx,/m/07s9rl0,/film/film/genre,**Predicted Relation:** /tv/tv_program/genre,/tv/tv_program/genre
520,/m/028tv0,/m/0150jk,/music/performance_role/regular_performances./music/group_membership/group,**Predicted Relation:** /music/performance_role/regular_performances./music/group_membership/role,/music/performance_role/regular_performances./music/group_membership/role
521,/m/050f0s,/m/07ssc,/film/film/distributors./film/film_film_distributor_relationship/region,**Predicted Relation:** /film/film/release_date_s./film/film_regional_release_date/film_release_region,/film/film/release_date_s./film/film_regional_release_date/film_release_region
522,/m/059kh,/m/01dq9q,/music/genre/artists,**Predicted Relation:** /music/genre/artists,/music/genre/artists
523,/m/064r9cb,/m/01s7ns,/music/record_label/artist,**Predicted Relation:** /music/record_label/artist,/music/record_label/artist
524,/m/036hv,/m/01mr2g6,/education/field_of_study/students_majoring./education/education/student,**Predicted Relation:** /education/educational_degree/people_with_this_degree./education/education/student,/education/educational_degree/people_with_this_degree./education/education/student
525,/m/0br1xn,/m/02pqcfz,/base/marchmadness/ncaa_basketball_tournament/seeds./base/marchmadness/ncaa_tournament_seed/team,**Predicted Relation:** /base/marchmadness/ncaa_basketball_tournament/seeds./base/marchmadness/ncaa_tournament_seed/team,/base/marchmadness/ncaa_basketball_tournament/seeds./base/marchmadness/ncaa_tournament_seed/team
526,/m/0mm1q,/m/02jknp,/people/person/profession,**Predicted Relation:** /people/person/profession,/people/person/profession
527,/m/030s5g,/m/0k049,/people/deceased_person/place_of_death,**Predicted Relation:** /people/person/spouse_s./people/marriage/location_of_ceremony,/people/person/spouse_s./people/marriage/location_of_ceremony
528,/m/0pgjm,/m/02_286,/people/person/place_of_birth,**Predicted Relation:** /film/film/featured_film_locations,/film/film/featured_film_locations
529,/m/0g2c8,/m/0ddkf,/award/hall_of_fame/inductees./award/hall_of_fame_induction/inductee,**Predicted Relation:** /award/hall_of_fame/inductees./award/hall_of_fame_induction/inductee,/award/hall_of_fame/inductees./award/hall_of_fame_induction/inductee
530,/m/026l37,/m/0dxtg,/people/person/profession,**Predicted Relation:** /people/person/profession,/people/person/profession
531,/m/02mjs7,/m/07wrz,/education/educational_degree/people_with_this_degree./education/education/institution,**Predicted Relation:** /education/educational_degree/people_with_this_degree./education/education/institution,/education/educational_degree/people_with_this_degree./education/education/institution
532,/m/01hc9_,/m/042v2,/influence/influence_node/influenced_by,**Predicted Relation:** /people/person/profession,/people/person/profession
533,/m/01_d4,/m/08mbj5d,/common/topic/webpage./common/webpage/category,**Predicted Relation:** /location/location/contains,/location/location/contains
534,/m/025m98,/m/01mh_q,/award/award_category/winners./award/award_honor/ceremony,**Predicted Relation:** /award/award_category/category_of,/award/award_category/category_of
535,/m/04t969,/m/0824r,/people/person/places_lived./people/place_lived/location,**Predicted Relation:** /location/administrative_division/first_level_division_of,/location/administrative_division/first_level_division_of
536,/m/01dq0z,/m/02hcv8,/location/location/time_zones,**Predicted Relation:** /location/location/time_zones,/location/location/time_zones
537,/m/01vwllw,/m/05p09zm,/award/award_nominee/award_nominations./award/award_nomination/award,**Predicted Relation:** /award/award_nominee/award_nominations./award/award_nomination/award_nominee,/award/award_nominee/award_nominations./award/award_nomination/award_nominee
538,/m/08d6bd,/m/02hrh1q,/people/person/profession,**Predicted Relation:** /people/person/profession,/people/person/profession
539,/m/01v1ln,/m/07ssc,/film/film/country,**Predicted Relation:** /film/film/country,/film/film/country
540,/m/0bmfnjs,/m/035qy,/film/film/release_date_s./film/film_regional_release_date/film_release_region,**Predicted Relation:** /film/film/country,/film/film/country
541,/m/01yc02,/m/03v52f,/business/job_title/people_with_this_title./business/employment_tenure/company,**Predicted Relation:** /business/job_title/people_with_this_title./business/employment_tenure/company,/business/job_title/people_with_this_title./business/employment_tenure/company
542,/m/03m_k0,/m/03hl6lc,/award/award_nominee/award_nominations./award/award_nomination/award,**Predicted Relation:** /award/award_category/nominees./award/award_nomination/nominated_for,/award/award_category/nominees./award/award_nomination/nominated_for
543,/m/0194zl,/m/02h40lc,/film/film/language,**Predicted Relation:** /film/film/language,/film/film/language
544,/m/020trj,/m/013q0p,/film/actor/film./film/performance/film,**Predicted Relation:** /film/actor/film,/film/actor/film
545,/m/030b93,/m/0bfvw2,/award/award_nominee/award_nominations./award/award_nomination/award,**Predicted Relation:** /award/award_nominee/award_nominations./award/award_nomination/award,/award/award_nominee/award_nominations./award/award_nomination/award
546,/m/0mk59,/m/09nqf,/location/statistical_region/rent50_2./measurement_unit/dated_money_value/currency,**Predicted Relation:** /location/statistical_region/gni_per_capita_in_ppp_dollars./measurement_unit/dated_money_value/currency,/location/statistical_region/gni_per_capita_in_ppp_dollars./measurement_unit/dated_money_value/currency
547,/m/0cv3w,/m/0127s7,/base/popstra/location/vacationers./base/popstra/vacation_choice/vacationer,**Predicted Relation:** /base/popstra/location/vacationers./base/popstra/vacation_choice/vacationer,/base/popstra/location/vacationers./base/popstra/vacation_choice/vacationer
548,/m/0bwfwpj,/m/07f1x,/film/film/release_date_s./film/film_regional_release_date/film_release_region,**Predicted Relation:** /film/film/release_date_s./film/film_regional_release_date/film_release_region,/film/film/release_date_s./film/film_regional_release_date/film_release_region
549,/m/064t9,/m/01k98nm,/music/genre/artists,**Predicted Relation:** /award/award_winner/awards_won./award/award_honor/award_winner,/award/award_winner/awards_won./award/award_honor/award_winner
550,/m/0c9t0y,/m/01585b,/film/film/genre,**Predicted Relation:** /film/film/genre,/film/film/genre
551,/m/01pfr3,/m/02f73b,/award/award_nominee/award_nominations./award/award_nomination/award,**Predicted Relation:** /award/award_nominee/award_nominations./award/award_nomination/award,/award/award_nominee/award_nominations./award/award_nomination/award
552,/m/0gs96,/m/08xvpn,/award/award_category/nominees./award/award_nomination/nominated_for,**Predicted Relation:** /award/award_winning_work/awards_won./award/award_honor/award,/award/award_winning_work/awards_won./award/award_honor/award
553,/m/0284b56,/m/0d060g,/film/film/release_date_s./film/film_regional_release_date/film_release_region,**Predicted Relation:** /film/film/release_date_s./film/film_regional_release_date/film_release_region,/film/film/release_date_s./film/film_regional_release_date/film_release_region
554,/m/01chc7,/m/076xkps,/film/actor/film./film/performance/film,**Predicted Relation:** /film/actor/film./film/performance/film,/film/actor/film./film/performance/film
555,/m/0bt3j9,/m/0jgd,/film/film/release_date_s./film/film_regional_release_date/film_release_region,**Predicted Relation:** /film/film/release_date_s./film/film_regional_release_date/film_release_region,/film/film/release_date_s./film/film_regional_release_date/film_release_region
556,/m/015fr,/m/01mk6,/military/military_combatant/military_conflicts./military/military_combatant_group/combatants,**Predicted Relation:** /location/country/official_language,/location/country/official_language
557,/m/0djb3vw,/m/05qhw,/film/film/release_date_s./film/film_regional_release_date/film_release_region,**Predicted Relation:** /film/film/release_date_s./film/film_regional_release_date/film_release_region,/film/film/release_date_s./film/film_regional_release_date/film_release_region
558,/m/01lvcs1,/m/026t6,/music/artist/track_contributions./music/track_contribution/role,**Predicted Relation:** /music/artist/contribution./music/recording_contribution/performance_role,/music/artist/contribution./music/recording_contribution/performance_role
559,/m/03tn9w,/m/015qqg,/award/award_ceremony/awards_presented./award/award_honor/honored_for,**Predicted Relation:** /award/award_nominee/award_nominations./award/award_nomination/nominated_for,/award/award_nominee/award_nominations./award/award_nomination/nominated_for
560,/m/0171cm,/m/02mt51,/film/actor/film./film/performance/film,**Predicted Relation:** /film/actor/film./film/performance/film,/film/actor/film./film/performance/film
561,/m/087wc7n,/m/016wzw,/film/film/release_date_s./film/film_regional_release_date/film_release_region,**Predicted Relation:** /film/film/release_date_s./film/film_regional_release_date/film_release_region,/film/film/release_date_s./film/film_regional_release_date/film_release_region
562,/m/0cc8q3,/m/02jp2w,/time/event/instance_of_recurring_event,**Predicted Relation:** /time/event/instance_of_recurring_event,/time/event/instance_of_recurring_event
563,/m/0c3xw46,/m/06mkj,/film/film/release_date_s./film/film_regional_release_date/film_release_region,**Predicted Relation:** /film/film/country,/film/film/country
564,/m/01w40h,/m/06m61,/music/record_label/artist,**Predicted Relation:** /music/record_label/artist,/music/record_label/artist
565,/m/0cc5mcj,/m/01vx2h,/film/film/other_crew./film/film_crew_gig/film_crew_role,**Predicted Relation:** /film/film/other_crew./film/film_crew_gig/film_crew_role,/film/film/other_crew./film/film_crew_gig/film_crew_role
566,/m/0gwlfnb,/m/03_3d,/film/film/release_date_s./film/film_regional_release_date/film_release_region,**Predicted Relation:** /film/film/release_date_s./film/film_regional_release_date/film_release_region,/film/film/release_date_s./film/film_regional_release_date/film_release_region
567,/m/01j5sd,/m/0kyk,/people/person/profession,**Predicted Relation:** /people/person/profession,/people/person/profession
568,/m/0c1ps1,/m/04ztj,/people/person/spouse_s./people/marriage/type_of_union,**Predicted Relation:** /people/person/spouse_s./people/marriage/type_of_union,/people/person/spouse_s./people/marriage/type_of_union
569,/m/0d02km,/m/05zppz,/people/person/gender,**Predicted Relation:** /people/person/gender,/people/person/gender
570,/m/01y20v,/m/062z7,/education/educational_institution/students_graduates./education/education/major_field_of_study,**Predicted Relation:** /education/educational_institution/students_graduates./education/education/major_field_of_study,/education/educational_institution/students_graduates./education/education/major_field_of_study
571,/m/0dwxr,/m/03_3d,/olympics/olympic_sport/athletes./olympics/olympic_athlete_affiliation/country,**Predicted Relation:** /olympics/olympic_participating_country/medals_won./olympics/olympic_medal_honor/olympics,/olympics/olympic_participating_country/medals_won./olympics/olympic_medal_honor/olympics
572,/m/03_dj,/m/05z96,/people/person/profession,**Predicted Relation:** /people/person/profession,/people/person/profession
573,/m/01fyzy,/m/018gz8,/people/person/profession,**Predicted Relation:** /people/person/profession,/people/person/profession
574,/m/0f4x7,/m/06t6dz,/award/award_category/nominees./award/award_nomination/nominated_for,**Predicted Relation:** /award/award_nominee/award_nominations./award/award_nomination/nominated_for,/award/award_nominee/award_nominations./award/award_nomination/nominated_for
575,/m/01w5gg6,/m/03qbh5,/award/award_nominee/award_nominations./award/award_nomination/award,**Predicted Relation:** /award/award_nominee/award_nominations./award/award_nomination/award,/award/award_nominee/award_nominations./award/award_nomination/award
576,/m/0glqh5_,/m/03ryn,/film/film/release_date_s./film/film_regional_release_date/film_release_region,**Predicted Relation:** /film/film/language,/film/film/language
577,/m/04kj2v,/m/05zppz,/people/person/gender,**Predicted Relation:** /people/person/gender,/people/person/gender
578,/m/05f3q,/m/08849,/award/award_category/winners./award/award_honor/award_winner,**Predicted Relation:** /award/award_category/winners./award/award_honor/award_winner,/award/award_category/winners./award/award_honor/award_winner
579,/m/05842k,/m/05ljv7,/music/performance_role/track_performances./music/track_contribution/role,**Predicted Relation:** /music/artist/track_contributions./music/track_contribution/role,/music/artist/track_contributions./music/track_contribution/role
580,/m/07y_p6,/m/023kzp,/award/award_ceremony/awards_presented./award/award_honor/award_winner,**Predicted Relation:** /award/award_category/winners./award/award_honor/award_winner,/award/award_category/winners./award/award_honor/award_winner
581,/m/018p4y,/m/03gh4,/people/person/places_lived./people/place_lived/location,**Predicted Relation:** /people/person/place_of_birth,/people/person/place_of_birth
582,/m/01fmys,/m/0h7x,/film/film/release_date_s./film/film_regional_release_date/film_release_region,**Predicted Relation:** /film/film/release_date_s./film/film_regional_release_date/film_release_region,/film/film/release_date_s./film/film_regional_release_date/film_release_region
583,/m/09qycb,/m/029j_,/film/film/release_date_s./film/film_regional_release_date/film_release_distribution_medium,**Predicted Relation:** /film/film/release_date_s./film/film_regional_release_date/film_release_distribution_medium,/film/film/release_date_s./film/film_regional_release_date/film_release_distribution_medium
584,/m/03gr7w,/m/0r0m6,/people/person/places_lived./people/place_lived/location,**Predicted Relation:** /people/person/place_of_birth,/people/person/place_of_birth
585,/m/0c0nhgv,/m/09zzb8,/film/film/other_crew./film/film_crew_gig/film_crew_role,**Predicted Relation:** /film/film/other_crew./film/film_crew_gig/film_crew_role,/film/film/other_crew./film/film_crew_gig/film_crew_role
586,/m/0gv40,/m/0gq9h,/award/award_nominee/award_nominations./award/award_nomination/award,**Predicted Relation:** /award/award_winning_work/awards_won./award/award_honor/award,/award/award_winning_work/awards_won./award/award_honor/award
587,/m/0dj75,/m/041r51,/food/food/nutrients./food/nutrition_fact/nutrient,**Predicted Relation:** /food/food/nutrients./food/nutrition_fact/nutrient,/food/food/nutrients./food/nutrition_fact/nutrient
588,/m/02t1dv,/m/02z9hqn,/film/actor/film./film/performance/film,**Predicted Relation:** /film/actor/film./film/performance/film,/film/actor/film./film/performance/film
589,/m/01k165,/m/01r32,/people/person/places_lived./people/place_lived/location,**Predicted Relation:** /government/politician/government_positions_held./government/government_position_held/jurisdiction_of_office,/government/politician/government_positions_held./government/government_position_held/jurisdiction_of_office
590,/m/03lmzl,/m/07mgr,/people/person/spouse_s./people/marriage/location_of_ceremony,**Predicted Relation:** /people/person/place_of_birth,/people/person/place_of_birth
591,/m/0680x0,/m/03gvt,/music/performance_role/track_performances./music/track_contribution/role,**Predicted Relation:** /music/instrument/instrumentalists,/music/instrument/instrumentalists
592,/m/085h1,/m/09lxtg,/user/ktrueman/default_domain/international_organization/member_states,**Predicted Relation:** /user/ktrueman/default_domain/international_organization/member_states,/user/ktrueman/default_domain/international_organization/member_states
593,/m/01p4r3,/m/04x4nv,/film/actor/film./film/performance/film,**Predicted Relation:** /film/actor/film./film/performance/film,/film/actor/film./film/performance/film
594,/m/0hm4q,/m/02_jjm,/organization/role/leaders./organization/leadership/organization,**Predicted Relation:** /education/educational_institution/students_graduates./education/education/student,/education/educational_institution/students_graduates./education/education/student
595,/m/02c6d,/m/07s9rl0,/film/film/genre,**Predicted Relation:** /film/film/genre,/film/film/genre
596,/m/0f13b,/m/0lgw7,/people/person/profession,**Predicted Relation:** /people/person/profession,/people/person/profession
597,/m/014mlp,/m/02301,/education/educational_degree/people_with_this_degree./education/education/institution,**Predicted Relation:** /education/educational_degree/people_with_this_degree./education/education/institution,/education/educational_degree/people_with_this_degree./education/education/institution
598,/m/01_p6t,/m/0372kf,/award/award_nominee/award_nominations./award/award_nomination/award_nominee,**Predicted Relation:** /award/award_nominee/award_nominations./award/award_nomination/nominated_for,/award/award_nominee/award_nominations./award/award_nomination/nominated_for
599,/m/0340hj,/m/030qb3t,/film/film/featured_film_locations,**Predicted Relation:** /film/film/featured_film_locations,/film/film/featured_film_locations
600,/m/02y0js,/m/015np0,/people/cause_of_death/people,**Predicted Relation:** /people/person/profession,/people/person/profession
601,/m/02hp70,/m/01g5v,/education/educational_institution/colors,**Predicted Relation:** /education/educational_institution/colors,/education/educational_institution/colors
602,/m/031ldd,/m/0lsxr,/film/film/genre,**Predicted Relation:** /film/film/genre,/film/film/genre
603,/m/03mdt,/m/02h40lc,/base/schemastaging/organization_extra/phone_number./base/schemastaging/phone_sandbox/service_language,**Predicted Relation:** /tv/tv_program/languages,/tv/tv_program/languages
604,/m/063t3j,/m/02f705,/award/award_nominee/award_nominations./award/award_nomination/award,**Predicted Relation:** /award/award_nominee/award_nominations./award/award_nomination/award,/award/award_nominee/award_nominations./award/award_nomination/award
605,/m/0bmfnjs,/m/07ssc,/film/film/country,**Predicted Relation:** /film/film/country,/film/film/country
606,/m/014zcr,/m/0gr51,/award/award_nominee/award_nominations./award/award_nomination/award,**Predicted Relation:** /award/award_category/nominees./award/award_nomination/nominated_for,/award/award_category/nominees./award/award_nomination/nominated_for
607,/m/0d075m,/m/02mjmr,/government/political_party/politicians_in_this_party./government/political_party_tenure/politician,**Predicted Relation:** /government/political_party/politicians_in_this_party./government/political_party_tenure/politician,/government/political_party/politicians_in_this_party./government/political_party_tenure/politician
608,/m/02vz6dn,/m/02vzc,/film/film/release_date_s./film/film_regional_release_date/film_release_region,**Predicted Relation:** /film/film/release_date_s./film/film_regional_release_date/film_release_region,/film/film/release_date_s./film/film_regional_release_date/film_release_region
609,/m/0181hw,/m/01vvybv,/music/record_label/artist,**Predicted Relation:** /music/record_label/artist,/music/record_label/artist
610,/m/0c0k1,/m/0ddjy,/film/actor/film./film/performance/film,**Predicted Relation:** /film/actor/film./film/performance/film,/film/actor/film./film/performance/film
611,/m/01vw20h,/m/0dz3r,/people/person/profession,**Predicted Relation:** /people/person/profession,/people/person/profession
612,/m/07_fj54,/m/09vw2b7,/film/film/other_crew./film/film_crew_gig/film_crew_role,**Predicted Relation:** /film/film/other_crew./film/film_crew_gig/film_crew_role,/film/film/other_crew./film/film_crew_gig/film_crew_role
613,/m/0crfwmx,/m/02vzc,/film/film/release_date_s./film/film_regional_release_date/film_release_region,**Predicted Relation:** /film/film/release_date_s./film/film_regional_release_date/film_release_region,/film/film/release_date_s./film/film_regional_release_date/film_release_region
614,/m/05j12n,/m/0fk98,/people/person/places_lived./people/place_lived/location,**Predicted Relation:** /people/person/place_of_birth,/people/person/place_of_birth
615,/m/02lyx4,/m/02hrh1q,/people/person/profession,**Predicted Relation:** /people/person/profession,/people/person/profession
616,/m/01nrq5,/m/09c7w0,/people/person/nationality,**Predicted Relation:** /people/person/places_lived./people/place_lived/location,/people/person/places_lived./people/place_lived/location
617,/m/019bk0,/m/01l03w2,/award/award_ceremony/awards_presented./award/award_honor/award_winner,**Predicted Relation:** /award/award_category/winners./award/award_honor/award_winner,/award/award_category/winners./award/award_honor/award_winner
618,/m/01qcx_,/m/02hcv8,/location/location/time_zones,**Predicted Relation:** /location/location/time_zones,/location/location/time_zones
619,/m/05hf_5,/m/03g3w,/education/educational_institution/students_graduates./education/education/major_field_of_study,**Predicted Relation:** /education/educational_institution/students_graduates./education/education/major_field_of_study,/education/educational_institution/students_graduates./education/education/major_field_of_study
620,/m/05y5fw,/m/0fbtbt,/award/award_nominee/award_nominations./award/award_nomination/award,**Predicted Relation:** /award/award_nominee/award_nominations./award/award_nomination/award,/award/award_nominee/award_nominations./award/award_nomination/award
621,/m/0gvt53w,/m/03spz,/film/film/release_date_s./film/film_regional_release_date/film_release_region,**Predicted Relation:** /film/film/language,/film/film/language
622,/m/01vrncs,/m/039v1,/people/person/profession,**Predicted Relation:** /people/person/profession,/people/person/profession
623,/m/0378zn,/m/02825nf,/film/actor/film./film/performance/film,**Predicted Relation:** /film/actor/film./film/performance/film,/film/actor/film./film/performance/film
624,/m/084w8,/m/032l1,/influence/influence_node/influenced_by,**Predicted Relation:** /influence/influence_node/influenced_by,/influence/influence_node/influenced_by
625,/m/02m30v,/m/0d35y,/people/person/spouse_s./people/marriage/location_of_ceremony,**Predicted Relation:** /location/location/contains,/location/location/contains
626,/m/07c52,/m/016zfm,/media_common/netflix_genre/titles,**Predicted Relation:** /tv/tv_program/genre,/tv/tv_program/genre
627,/m/07t90,/m/03g3w,/education/educational_institution/students_graduates./education/education/major_field_of_study,**Predicted Relation:** /education/educational_institution/students_graduates./education/education/major_field_of_study,/education/educational_institution/students_graduates./education/education/major_field_of_study
628,/m/03ryks,/m/0l14qv,/music/artist/track_contributions./music/track_contribution/role,**Predicted Relation:** /music/artist/track_contributions./music/track_contribution/role,/music/artist/track_contributions./music/track_contribution/role
629,/m/06gb2q,/m/0np9r,/people/person/profession,**Predicted Relation:** /people/person/profession,/people/person/profession
630,/m/0vrmb,/m/09c7w0,/base/biblioness/bibs_location/country,**Predicted Relation:** /location/administrative_division/first_level_division_of,/location/administrative_division/first_level_division_of
631,/m/0c_zj,/m/02lfwp,/education/educational_institution/students_graduates./education/education/student,**Predicted Relation:** /film/director/film,/film/director/film
632,/m/02x6dqb,/m/03rjj,/film/film/release_date_s./film/film_regional_release_date/film_release_region,**Predicted Relation:** /film/film/release_date_s./film/film_regional_release_date/film_release_region,/film/film/release_date_s./film/film_regional_release_date/film_release_region
633,/m/0cv3w,/m/022q32,/base/popstra/location/vacationers./base/popstra/vacation_choice/vacationer,**Predicted Relation:** /base/popstra/celebrity/friendship./base/popstra/friendship/participant,/base/popstra/celebrity/friendship./base/popstra/friendship/participant
634,/m/02897w,/m/01l849,/education/educational_institution/colors,**Predicted Relation:** /education/educational_institution/colors,/education/educational_institution/colors
635,/m/0gr36,/m/0c8wxp,/people/person/religion,**Predicted Relation:** /people/person/religion,/people/person/religion
636,/m/07xzm,/m/01k_yf,/music/performance_role/regular_performances./music/group_membership/group,**Predicted Relation:** /music/performance_role/regular_performances./music/group_membership/group,/music/performance_role/regular_performances./music/group_membership/group
637,/m/0dfjb8,/m/03k50,/people/person/languages,**Predicted Relation:** /people/person/languages,/people/person/languages
638,/m/0l8sx,/m/09c7w0,/base/schemastaging/organization_extra/phone_number./base/schemastaging/phone_sandbox/service_location,**Predicted Relation:** /organization/organization/headquarters./location/mailing_address/country,/organization/organization/headquarters./location/mailing_address/country
639,/m/06c1y,/m/0l998,/olympics/olympic_participating_country/medals_won./olympics/olympic_medal_honor/olympics,**Predicted Relation:** /olympics/olympic_participating_country/athletes./olympics/olympic_athlete_affiliation/olympics,/olympics/olympic_participating_country/athletes./olympics/olympic_athlete_affiliation/olympics
640,/m/02zrv7,/m/04cppj,/film/actor/film./film/performance/film,**Predicted Relation:** /tv/tv_producer/programs_produced./tv/tv_producer_term/program,/tv/tv_producer/programs_produced./tv/tv_producer_term/program
641,/m/023slg,/m/02hnl,/music/artist/track_contributions./music/track_contribution/role,**Predicted Relation:** /music/artist/track_contributions./music/track_contribution/role,/music/artist/track_contributions./music/track_contribution/role
642,/m/0f4x7,/m/0g68zt,/award/award_category/nominees./award/award_nomination/nominated_for,**Predicted Relation:** /award/award_category/nominees./award/award_nomination/nominated_for,/award/award_category/nominees./award/award_nomination/nominated_for
643,/m/06cm5,/m/09nqf,/film/film/estimated_budget./measurement_unit/dated_money_value/currency,**Predicted Relation:** /film/film/genre,/film/film/genre
644,/m/024030,/m/0674cw,/award/award_category/winners./award/award_honor/award_winner,**Predicted Relation:** /award/award_category/winners./award/award_honor/award_winner,/award/award_category/winners./award/award_honor/award_winner
645,/m/01yx7f,/m/01ptsx,/award/ranked_item/appears_in_ranked_lists./award/ranking/list,**Predicted Relation:** /award/ranked_item/appears_in_ranked_lists./award/ranking/list,/award/ranked_item/appears_in_ranked_lists./award/ranking/list
646,/m/02q8ms8,/m/05p553,/film/film/genre,**Predicted Relation:** /film/film/genre,/film/film/genre
647,/m/06lht1,/m/01jzyf,/film/actor/film./film/performance/film,**Predicted Relation:** /film/actor/film./film/performance/film,/film/actor/film./film/performance/film
648,/m/068g3p,/m/02jknp,/people/person/profession,**Predicted Relation:** /people/person/profession,/people/person/profession
649,/m/06w38l,/m/05zppz,/people/person/gender,**Predicted Relation:** /people/person/gender,/people/person/gender
650,/m/02vjp3,/m/02rchht,/film/film/produced_by,**Predicted Relation:** /film/film/produced_by,/film/film/produced_by
651,/m/027n06w,/m/0bczgm,/award/award_ceremony/awards_presented./award/award_honor/award_winner,**Predicted Relation:** /award/award_ceremony/awards_presented./award/award_honor/award_winner,/award/award_ceremony/awards_presented./award/award_honor/award_winner
652,/m/03_8r,/m/0ctw_b,/olympics/olympic_sport/athletes./olympics/olympic_athlete_affiliation/country,**Predicted Relation:** /olympics/olympic_sport/athletes./olympics/olympic_athlete_affiliation/country,/olympics/olympic_sport/athletes./olympics/olympic_athlete_affiliation/country
653,/m/01n8gr,/m/0lgw7,/people/person/profession,**Predicted Relation:** /people/person/profession,/people/person/profession
654,/m/0n6f8,/m/05jbn,/people/person/places_lived./people/place_lived/location,**Predicted Relation:** /people/person/place_of_birth,/people/person/place_of_birth
655,/m/027qgy,/m/03p5xs,/film/film/genre,**Predicted Relation:** /film/film/genre,/film/film/genre
656,/m/06mn7,/m/03_gx,/people/person/religion,**Predicted Relation:** /people/person/religion,/people/person/religion
657,/m/04kxsb,/m/016xh5,/award/award_category/winners./award/award_honor/award_winner,**Predicted Relation:** /award/award_category/nominees./award/award_nomination/nominated_for,/award/award_category/nominees./award/award_nomination/nominated_for
658,/m/07wrz,/m/02_7t,/education/educational_institution/students_graduates./education/education/major_field_of_study,**Predicted Relation:** /education/educational_institution/students_graduates./education/education/major_field_of_study,/education/educational_institution/students_graduates./education/education/major_field_of_study
659,/m/0jmfv,/m/09f2j,/sports/professional_sports_team/draft_picks./sports/sports_league_draft_pick/school,**Predicted Relation:** /sports/professional_sports_team/draft_picks./sports/sports_league_draft_pick/school,/sports/professional_sports_team/draft_picks./sports/sports_league_draft_pick/school
660,/m/086nl7,/m/09c7w0,/people/person/nationality,**Predicted Relation:** /film/film/country,/film/film/country
661,/m/04rrd,/m/0cc1v,/location/location/contains,**Predicted Relation:** /location/location/contains,/location/location/contains
662,/m/01nwwl,/m/02w9sd7,/award/award_nominee/award_nominations./award/award_nomination/award,**Predicted Relation:** /award/award_category/nominees./award/award_nomination/nominated_for,/award/award_category/nominees./award/award_nomination/nominated_for
663,/m/014mlp,/m/0778p,/education/educational_degree/people_with_this_degree./education/education/institution,**Predicted Relation:** /education/educational_degree/people_with_this_degree./education/education/institution,/education/educational_degree/people_with_this_degree./education/education/institution
664,/m/015rkw,/m/01g63y,/people/person/spouse_s./people/marriage/type_of_union,**Predicted Relation:** /people/person/spouse_s./people/marriage/type_of_union,/people/person/spouse_s./people/marriage/type_of_union
665,/m/0gl02yg,/m/0chghy,/film/film/release_date_s./film/film_regional_release_date/film_release_region,**Predicted Relation:** /film/film/release_date_s./film/film_regional_release_date/film_release_region,/film/film/release_date_s./film/film_regional_release_date/film_release_region
666,/m/0blbxk,/m/099t8j,/award/award_nominee/award_nominations./award/award_nomination/award,**Predicted Relation:** /award/award_nominee/award_nominations./award/award_nomination/nominated_for,/award/award_nominee/award_nominations./award/award_nomination/nominated_for
667,/m/037xlx,/m/059lwy,/award/award_winning_work/awards_won./award/award_honor/honored_for,**Predicted Relation:** /film/film/genre,/film/film/genre
668,/m/07s363,/m/01v27pl,/music/record_label/artist,**Predicted Relation:** /music/artist/origin,/music/artist/origin
669,/m/0ql36,/m/0dz3r,/people/person/profession,**Predicted Relation:** /people/person/profession,/people/person/profession
670,/m/03k9fj,/m/05szq8z,/media_common/netflix_genre/titles,**Predicted Relation:** /film/film/genre,/film/film/genre
671,/m/0gy0n,/m/05prs8,/film/film/produced_by,**Predicted Relation:** /film/film/executive_produced_by,/film/film/executive_produced_by
672,/m/0fj52s,/m/014d7f,/food/food/nutrients./food/nutrition_fact/nutrient,**Predicted Relation:** /food/food/nutrients./food/nutrition_fact/nutrient,/food/food/nutrients./food/nutrition_fact/nutrient
673,/m/0k57l,/m/05zppz,/people/person/gender,**Predicted Relation:** /people/person/gender,/people/person/gender
674,/m/09swkk,/m/0dz3r,/people/person/profession,**Predicted Relation:** /people/person/profession,/people/person/profession
675,/m/064t9,/m/02wwwv5,/music/genre/artists,**Predicted Relation:** /music/genre/artists,/music/genre/artists
676,/m/0fz0c2,/m/081nh,/award/award_ceremony/awards_presented./award/award_honor/award_winner,**Predicted Relation:** /award/award_category/winners./award/award_honor/award_winner,/award/award_category/winners./award/award_honor/award_winner
677,/m/07cyl,/m/077qn,/film/film/release_date_s./film/film_regional_release_date/film_release_region,**Predicted Relation:** /film/film/release_date_s./film/film_regional_release_date/film_release_region,/film/film/release_date_s./film/film_regional_release_date/film_release_region
678,/m/062zm5h,/m/04gzd,/film/film/release_date_s./film/film_regional_release_date/film_release_region,**Predicted Relation:** /film/film/release_date_s./film/film_regional_release_date/film_release_region,/film/film/release_date_s./film/film_regional_release_date/film_release_region
679,/m/0c53zb,/m/0fmqp6,/award/award_ceremony/awards_presented./award/award_honor/award_winner,**Predicted Relation:** /award/award_winning_work/awards_won./award/award_honor/award_winner,/award/award_winning_work/awards_won./award/award_honor/award_winner
680,/m/032zq6,/m/0ch6mp2,/film/film/other_crew./film/film_crew_gig/film_crew_role,**Predicted Relation:** /film/film/other_crew./film/film_crew_gig/film_crew_role,/film/film/other_crew./film/film_crew_gig/film_crew_role
681,/m/0dckvs,/m/0cj16,/film/film/film_format,**Predicted Relation:** /film/film/film_format,/film/film/film_format
682,/m/06dv3,/m/02q0k7v,/film/actor/film./film/performance/film,**Predicted Relation:** /film/actor/film./film/performance/film,/film/actor/film./film/performance/film
683,/m/01nn79,/m/064_8sq,/base/schemastaging/organization_extra/phone_number./base/schemastaging/phone_sandbox/service_language,**Predicted Relation:** /location/country/official_language,/location/country/official_language
684,/m/09tcg4,/m/0ctw_b,/film/film/release_date_s./film/film_regional_release_date/film_release_region,**Predicted Relation:** /film/film/release_date_s./film/film_regional_release_date/film_release_region,/film/film/release_date_s./film/film_regional_release_date/film_release_region
685,/m/041738,/m/06by7,/music/genre/parent_genre,**Predicted Relation:** /music/genre/parent_genre,/music/genre/parent_genre
686,/m/051wwp,/m/02krf9,/people/person/profession,**Predicted Relation:** /people/person/profession,/people/person/profession
687,/m/0fg04,/m/01jfsb,/film/film/genre,**Predicted Relation:** /film/film/genre,/film/film/genre
688,/m/02psqkz,/m/06c62,/location/country/capital,**Predicted Relation:** /location/country/capital,/location/country/capital
689,/m/021_z5,/m/0gywn,/music/genre/parent_genre,**Predicted Relation:** /music/genre/artists,/music/genre/artists
690,/m/07y_p6,/m/03c6vl,/award/award_ceremony/awards_presented./award/award_honor/award_winner,**Predicted Relation:** /award/award_nominee/award_nominations./award/award_nomination/nominated_for,/award/award_nominee/award_nominations./award/award_nomination/nominated_for
691,/m/03m6zs,/m/08mbj5d,/common/topic/webpage./common/webpage/category,**Predicted Relation:** /sports/sports_team/official_website,/sports/sports_team/official_website
692,/m/07wtc,/m/05qjt,/education/educational_institution/students_graduates./education/education/major_field_of_study,**Predicted Relation:** /education/educational_institution/students_graduates./education/education/major_field_of_study,/education/educational_institution/students_graduates./education/education/major_field_of_study
693,/m/039crh,/m/06hwzy,/tv/tv_personality/tv_regular_appearances./tv/tv_regular_personal_appearance/program,**Predicted Relation:** /tv/tv_personality/tv_regular_appearances./tv/tv_regular_personal_appearance/program,/tv/tv_personality/tv_regular_appearances./tv/tv_regular_personal_appearance/program
694,/m/0gt1k,/m/02vzc,/film/film/release_date_s./film/film_regional_release_date/film_release_region,**Predicted Relation:** /film/film/release_date_s./film/film_regional_release_date/film_release_region,/film/film/release_date_s./film/film_regional_release_date/film_release_region
695,/m/0276g40,/m/05zppz,/people/person/gender,**Predicted Relation:** /people/person/gender,/people/person/gender
696,/m/03ckfl9,/m/0283d,/music/genre/parent_genre,**Predicted Relation:** /music/genre/parent_genre,/music/genre/parent_genre
697,/m/06cqb,/m/01s1zk,/music/genre/artists,**Predicted Relation:** /music/genre/artists,/music/genre/artists
698,/m/0b90_r,/m/0lk8j,/olympics/olympic_participating_country/medals_won./olympics/olympic_medal_honor/olympics,**Predicted Relation:** /olympics/olympic_participating_country/athletes./olympics/olympic_athlete_affiliation/olympics,/olympics/olympic_participating_country/athletes./olympics/olympic_athlete_affiliation/olympics
699,/m/0127m7,/m/09c7w0,/people/person/nationality,**Predicted Relation:** /people/person/nationality,/people/person/nationality
700,/m/02k_kn,/m/02s6sh,/music/genre/artists,**Predicted Relation:** /music/genre/artists,/music/genre/artists
701,/m/01fszq,/m/09c7w0,/tv/tv_program/country_of_origin,**Predicted Relation:** /award/award_winning_work/awards_won./award/award_honor/award_winner,/award/award_winning_work/awards_won./award/award_honor/award_winner
702,/m/0h3y,/m/02lq67,/olympics/olympic_participating_country/medals_won./olympics/olympic_medal_honor/medal,**Predicted Relation:** /olympics/olympic_participating_country/medals_won./olympics/olympic_medal_honor/medal,/olympics/olympic_participating_country/medals_won./olympics/olympic_medal_honor/medal
703,/m/0c3ybss,/m/029j_,/film/film/release_date_s./film/film_regional_release_date/film_release_distribution_medium,**Predicted Relation:** /film/film/release_date_s./film/film_regional_release_date/film_release_distribution_medium,/film/film/release_date_s./film/film_regional_release_date/film_release_distribution_medium
704,/m/0415ggl,/m/0d060g,/film/film/country,**Predicted Relation:** /film/film/featured_film_locations,/film/film/featured_film_locations
705,/m/0272_vz,/m/06cvj,/film/film/genre,**Predicted Relation:** /film/film/genre,/film/film/genre
706,/m/015w8_,/m/02wrhj,/tv/tv_program/regular_cast./tv/regular_tv_appearance/actor,**Predicted Relation:** /tv/tv_program/regular_cast./tv/regular_tv_appearance/actor,/tv/tv_program/regular_cast./tv/regular_tv_appearance/actor
707,/m/09byk,/m/03s6l2,/film/actor/film./film/performance/film,**Predicted Relation:** /film/actor/film./film/performance/film,/film/actor/film./film/performance/film
708,/m/09v7wsg,/m/0d68qy,/award/award_category/nominees./award/award_nomination/nominated_for,**Predicted Relation:** /award/award_category/winners./award/award_honor/award_winner,/award/award_category/winners./award/award_honor/award_winner
709,/m/07y8l9,/m/02vyyl8,/film/actor/film./film/performance/film,**Predicted Relation:** /film/actor/film./film/performance/film,/film/actor/film./film/performance/film
710,/m/0hhggmy,/m/09nqf,/film/film/estimated_budget./measurement_unit/dated_money_value/currency,**Predicted Relation:** /film/film/release_date_s./film/film_regional_release_date/film_release_region,/film/film/release_date_s./film/film_regional_release_date/film_release_region
711,/m/02r1c18,/m/03sb38,/film/film/production_companies,**Predicted Relation:** /film/film/production_companies,/film/film/production_companies
712,/m/024qqx,/m/04yc76,/media_common/netflix_genre/titles,**Predicted Relation:** /film/film/distributors./film/film_film_distributor_relationship/film_distribution_medium,/film/film/distributors./film/film_film_distributor_relationship/film_distribution_medium
713,/m/04b7xr,/m/0nbcg,/people/person/profession,**Predicted Relation:** /people/person/profession,/people/person/profession
714,/m/07fpm3,/m/0d6_s,/film/actor/film./film/performance/film,**Predicted Relation:** /film/actor/film./film/performance/film,/film/actor/film./film/performance/film
715,/m/027r7k,/m/09c7w0,/film/film/release_date_s./film/film_regional_release_date/film_release_region,**Predicted Relation:** /film/film/country,/film/film/country
716,/m/07z4fy,/m/02hrh0_,/people/deceased_person/place_of_death,**Predicted Relation:** /people/person/place_of_birth,/people/person/place_of_birth
717,/m/07h1h5,/m/0k6nt,/people/person/nationality,**Predicted Relation:** /sports/pro_athlete/teams./sports/sports_team_roster/team,/sports/pro_athlete/teams./sports/sports_team_roster/team
718,/m/03j1p2n,/m/08mbj5d,/common/topic/webpage./common/webpage/category,**Predicted Relation:** /common/topic/webpage./common/webpage/category,/common/topic/webpage./common/webpage/category
719,/m/03c7ln,/m/039v1,/people/person/profession,**Predicted Relation:** /people/person/profession,/people/person/profession
720,/m/02825nf,/m/07ylj,/film/film/release_date_s./film/film_regional_release_date/film_release_region,**Predicted Relation:** /film/film/country,/film/film/country
721,/m/05qm9f,/m/06kbb6,/award/award_winning_work/awards_won./award/award_honor/award_winner,**Predicted Relation:** /film/film/written_by,/film/film/written_by
722,/m/07vjm,/m/05jxkf,/education/educational_institution/school_type,**Predicted Relation:** /education/educational_institution/school_type,/education/educational_institution/school_type
723,/m/0jvt9,/m/02sj1x,/film/film/music,**Predicted Relation:** /film/film/music,/film/film/music
724,/m/0p_pd,/m/018gz8,/people/person/profession,**Predicted Relation:** /people/person/profession,/people/person/profession
725,/m/047vnkj,/m/09pmkv,/film/film/release_date_s./film/film_regional_release_date/film_release_region,**Predicted Relation:** /film/film/country,/film/film/country
726,/m/0f1jhc,/m/09c7w0,/people/person/nationality,**Predicted Relation:** /people/person/place_of_birth,/people/person/place_of_birth
727,/m/01w40h,/m/01k3qj,/music/record_label/artist,**Predicted Relation:** /music/record_label/artist,/music/record_label/artist
728,/m/01l3wr,/m/02vx4,/sports/sports_team/sport,**Predicted Relation:** /sports/sports_team/sport,/sports/sports_team/sport
729,/m/04svwx,/m/01htzx,/tv/tv_program/genre,**Predicted Relation:** /tv/tv_program/genre,/tv/tv_program/genre
730,/m/0161h5,/m/0_7w6,/film/actor/film./film/performance/film,**Predicted Relation:** /film/actor/film./film/performance/film,/film/actor/film./film/performance/film
731,/m/05l71,/m/07w0v,/sports/professional_sports_team/draft_picks./sports/sports_league_draft_pick/school,**Predicted Relation:** /sports/professional_sports_team/draft_picks./sports/sports_league_draft_pick/school,/sports/professional_sports_team/draft_picks./sports/sports_league_draft_pick/school
732,/m/049g_xj,/m/047p798,/film/actor/film./film/performance/film,**Predicted Relation:** /film/actor/film./film/performance/film,/film/actor/film./film/performance/film
733,/m/0n5gq,/m/02hcv8,/location/location/time_zones,**Predicted Relation:** /location/location/time_zones,/location/location/time_zones
734,/m/0gr4k,/m/03cw411,/award/award_category/nominees./award/award_nomination/nominated_for,**Predicted Relation:** /award/award_category/winners./award/award_honor/ceremony,/award/award_category/winners./award/award_honor/ceremony
735,/m/0crc2cp,/m/09zzb8,/film/film/other_crew./film/film_crew_gig/film_crew_role,**Predicted Relation:** /film/film/other_crew./film/film_crew_gig/film_crew_role,/film/film/other_crew./film/film_crew_gig/film_crew_role
736,/m/016cjb,/m/0147jt,/music/genre/artists,**Predicted Relation:** /music/genre/artists,/music/genre/artists
737,/m/04vg8,/m/01fpfn,/location/country/form_of_government,**Predicted Relation:** /location/country/form_of_government,/location/country/form_of_government
738,/m/05q96q6,/m/03k9fj,/film/film/genre,**Predicted Relation:** /film/film/genre,/film/film/genre
739,/m/07vyf,/m/01t6b4,/education/educational_institution/students_graduates./education/education/student,**Predicted Relation:** /people/person/profession,/people/person/profession
740,/m/054knh,/m/026kq4q,/award/award_category/winners./award/award_honor/ceremony,**Predicted Relation:** /award/award_category/winners./award/award_honor/ceremony,/award/award_category/winners./award/award_honor/ceremony
741,/m/0f4x7,/m/0_b3d,/award/award_category/nominees./award/award_nomination/nominated_for,**Predicted Relation:** /award/award_category/nominees./award/award_nomination/nominated_for,/award/award_category/nominees./award/award_nomination/nominated_for
742,/m/032xky,/m/01jfsb,/film/film/genre,**Predicted Relation:** /film/film/genre,/film/film/genre
743,/m/06tpmy,/m/03h64,/film/film/release_date_s./film/film_regional_release_date/film_release_region,**Predicted Relation:** /film/film/language,/film/film/language
744,/m/027kp3,/m/01g5v,/education/educational_institution/colors,**Predicted Relation:** /education/educational_institution/colors,/education/educational_institution/colors
745,/m/088q4,/m/07t65,/organization/organization_member/member_of./organization/organization_membership/organization,**Predicted Relation:** /organization/organization_member/member_of./organization/organization_membership/organization,/organization/organization_member/member_of./organization/organization_membership/organization
746,/m/0jmj7,/m/02yr3z,/sports/professional_sports_team/draft_picks./sports/sports_league_draft_pick/school,**Predicted Relation:** /sports/professional_sports_team/draft_picks./sports/sports_league_draft_pick/school,/sports/professional_sports_team/draft_picks./sports/sports_league_draft_pick/school
747,/m/0130sy,/m/05zppz,/people/person/gender,**Predicted Relation:** /people/person/gender,/people/person/gender
748,/m/026g4l_,/m/05sxg2,/people/person/profession,**Predicted Relation:** /people/person/profession,/people/person/profession
749,/m/0gj9tn5,/m/0f8l9c,/film/film/release_date_s./film/film_regional_release_date/film_release_region,**Predicted Relation:** /film/film/release_date_s./film/film_regional_release_date/film_release_region,/film/film/release_date_s./film/film_regional_release_date/film_release_region
750,/m/0gyv0b4,/m/054_mz,/film/film/produced_by,**Predicted Relation:** /film/film/produced_by,/film/film/produced_by
751,/m/032_wv,/m/0219x_,/film/film/genre,**Predicted Relation:** /film/film/genre,/film/film/genre
752,/m/014zfs,/m/09qrn4,/award/award_nominee/award_nominations./award/award_nomination/award,**Predicted Relation:** /award/award_category/winners./award/award_honor/award_winner,/award/award_category/winners./award/award_honor/award_winner
753,/m/07c52,/m/03l6q0,/film/film_subject/films,**Predicted Relation:** /film/film_subject/films,/film/film_subject/films
754,/m/0mhfr,/m/0p8h0,/music/genre/artists,**Predicted Relation:** /music/genre/artists,/music/genre/artists
755,/m/016clz,/m/0cbm64,/music/genre/artists,**Predicted Relation:** /music/genre/artists,/music/genre/artists
756,/m/05ldxl,/m/0lsxr,/film/film/genre,**Predicted Relation:** /film/film/genre,/film/film/genre
757,/m/0jpdn,/m/0dxtg,/people/person/profession,**Predicted Relation:** /people/person/profession,/people/person/profession
758,/m/0l14md,/m/0fcsd,/music/performance_role/regular_performances./music/group_membership/group,**Predicted Relation:** /music/performance_role/regular_performances./music/group_membership/group,/music/performance_role/regular_performances./music/group_membership/group
759,/m/03bdkd,/m/03mqtr,/film/film/genre,**Predicted Relation:** /film/film/genre,/film/film/genre
760,/m/026390q,/m/02z1nbg,/award/award_winning_work/awards_won./award/award_honor/award,**Predicted Relation:** /award/award_category/nominees./award/award_nomination/nominated_for,/award/award_category/nominees./award/award_nomination/nominated_for
761,/m/0f13b,/m/0872p_c,/film/actor/film./film/performance/film,**Predicted Relation:** /film/actor/film./film/performance/film,/film/actor/film./film/performance/film
762,/m/01x1fq,/m/01vdm0,/music/artist/track_contributions./music/track_contribution/role,**Predicted Relation:** /music/artist/track_contributions./music/track_contribution/role,/music/artist/track_contributions./music/track_contribution/role
763,/m/0ldd,/m/0kyk,/people/person/profession,**Predicted Relation:** /people/person/profession,/people/person/profession
764,/m/02f6ym,/m/0dl567,/award/award_category/winners./award/award_honor/award_winner,**Predicted Relation:** /award/award_nominee/award_nominations./award/award_nomination/nominated_for,/award/award_nominee/award_nominations./award/award_nomination/nominated_for
765,/m/02h758,/m/0ckh4k,/tv/tv_network/programs./tv/tv_network_duration/program,**Predicted Relation:** /tv/tv_network/programs./tv/tv_network_duration/program,/tv/tv_network/programs./tv/tv_network_duration/program
766,/m/0llcx,/m/0k611,/award/award_winning_work/awards_won./award/award_honor/award,**Predicted Relation:** /award/award_nominee/award_nominations./award/award_nomination/nominated_for,/award/award_nominee/award_nominations./award/award_nomination/nominated_for
767,/m/0gqwc,/m/073hgx,/award/award_category/winners./award/award_honor/ceremony,**Predicted Relation:** /award/award_category/nominees./award/award_nomination/nominated_for,/award/award_category/nominees./award/award_nomination/nominated_for
768,/m/04qw17,/m/027571b,/award/award_winning_work/awards_won./award/award_honor/award,**Predicted Relation:** /award/award_category/nominees./award/award_nomination/nominated_for,/award/award_category/nominees./award/award_nomination/nominated_for
769,/m/0fpv_3_,/m/094hwz,/film/film/other_crew./film/film_crew_gig/film_crew_role,**Predicted Relation:** /film/film/other_crew./film/film_crew_gig/film_crew_role,/film/film/other_crew./film/film_crew_gig/film_crew_role
770,/m/04j53,/m/02lpp7,/olympics/olympic_participating_country/medals_won./olympics/olympic_medal_honor/medal,**Predicted Relation:** /olympics/olympic_participating_country/medals_won./olympics/olympic_medal_honor/medal,/olympics/olympic_participating_country/medals_won./olympics/olympic_medal_honor/medal
771,/m/018vs,/m/01t_xp_,/music/performance_role/regular_performances./music/group_membership/group,**Predicted Relation:** /music/performance_role/regular_performances./music/group_membership/role,/music/performance_role/regular_performances./music/group_membership/role
772,/m/0cbn7c,/m/0d6lp,/film/film/featured_film_locations,**Predicted Relation:** /film/film/featured_film_locations,/film/film/featured_film_locations
773,/m/03mkk4,/m/0bwfn,/education/educational_degree/people_with_this_degree./education/education/institution,**Predicted Relation:** /education/educational_institution/students_graduates./education/education/major_field_of_study,/education/educational_institution/students_graduates./education/education/major_field_of_study
774,/m/02frhbc,/m/07jdr,/travel/travel_destination/how_to_get_here./travel/transportation/mode_of_transportation,**Predicted Relation:** /travel/travel_destination/how_to_get_here./travel/transportation/mode_of_transportation,/travel/travel_destination/how_to_get_here./travel/transportation/mode_of_transportation
775,/m/0gr51,/m/02yv_b,/award/award_category/winners./award/award_honor/ceremony,**Predicted Relation:** /award/award_category/category_of,/award/award_category/category_of
776,/m/089j8p,/m/05p553,/film/film/genre,**Predicted Relation:** /film/film/genre,/film/film/genre
777,/m/02r1ysd,/m/08mbj5d,/common/topic/webpage./common/webpage/category,**Predicted Relation:** /common/topic/webpage./common/webpage/category,/common/topic/webpage./common/webpage/category
778,/m/02yvct,/m/03rjj,/film/film/release_date_s./film/film_regional_release_date/film_release_region,**Predicted Relation:** /film/film/country,/film/film/country
779,/m/0hgnl3t,/m/02vzc,/film/film/release_date_s./film/film_regional_release_date/film_release_region,**Predicted Relation:** /film/film/release_date_s./film/film_regional_release_date/film_release_region,/film/film/release_date_s./film/film_regional_release_date/film_release_region
780,/m/02cpp,/m/08mbj5d,/common/topic/webpage./common/webpage/category,**Predicted Relation:** /music/artist/official_website,/music/artist/official_website
781,/m/02ndbd,/m/0ckd1,/tv/tv_producer/programs_produced./tv/tv_producer_term/producer_type,**Predicted Relation:** /tv/tv_producer/programs_produced./tv/tv_producer_term/producer_type,/tv/tv_producer/programs_produced./tv/tv_producer_term/producer_type
782,/m/02mt4k,/m/02x4sn8,/award/award_nominee/award_nominations./award/award_nomination/award,**Predicted Relation:** /award/award_nominee/award_nominations./award/award_nomination/nominated_for,/award/award_nominee/award_nominations./award/award_nomination/nominated_for
783,/m/02h4rq6,/m/02zd2b,/education/educational_degree/people_with_this_degree./education/education/institution,**Predicted Relation:** /education/educational_degree/people_with_this_degree./education/education/institution,/education/educational_degree/people_with_this_degree./education/education/institution
784,/m/051vz,/m/047dpm0,/sports/professional_sports_team/draft_picks./sports/sports_league_draft_pick/draft,**Predicted Relation:** /sports/professional_sports_team/draft_picks./sports/sports_league_draft_pick/school,/sports/professional_sports_team/draft_picks./sports/sports_league_draft_pick/school
785,/m/07f_7h,/m/07f1x,/film/film/release_date_s./film/film_regional_release_date/film_release_region,**Predicted Relation:** /film/film/release_date_s./film/film_regional_release_date/film_release_region,/film/film/release_date_s./film/film_regional_release_date/film_release_region
786,/m/0783m_,/m/08mbj5d,/common/topic/webpage./common/webpage/category,**Predicted Relation:** /common/topic/webpage./common/webpage/category,/common/topic/webpage./common/webpage/category
787,/m/09c7w0,/m/0mwx6,/location/country/second_level_divisions,**Predicted Relation:** /location/country/second_level_divisions,/location/country/second_level_divisions
788,/m/0hhtgcw,/m/06mt91,/award/award_ceremony/awards_presented./award/award_honor/award_winner,**Predicted Relation:** /award/award_category/winners./award/award_honor/award_winner,/award/award_category/winners./award/award_honor/award_winner
789,/m/01xllf,/m/04ztj,/people/person/spouse_s./people/marriage/type_of_union,**Predicted Relation:** /people/person/spouse_s./people/marriage/type_of_union,/people/person/spouse_s./people/marriage/type_of_union
790,/m/0k4kk,/m/0gr42,/award/award_winning_work/awards_won./award/award_honor/award,**Predicted Relation:** /award/award_nominee/award_nominations./award/award_nomination/nominated_for,/award/award_nominee/award_nominations./award/award_nomination/nominated_for
791,/m/0g4vmj8,/m/02vzc,/film/film/release_date_s./film/film_regional_release_date/film_release_region,**Predicted Relation:** /film/film/release_date_s./film/film_regional_release_date/film_release_region,/film/film/release_date_s./film/film_regional_release_date/film_release_region
792,/m/0bkj86,/m/0kz2w,/education/educational_degree/people_with_this_degree./education/education/institution,**Predicted Relation:** /education/educational_degree/people_with_this_degree./education/education/institution,/education/educational_degree/people_with_this_degree./education/education/institution
793,/m/01wdl3,/m/0325pb,/education/university/fraternities_and_sororities,**Predicted Relation:** /education/university/fraternities_and_sororities,/education/university/fraternities_and_sororities
794,/m/0fpj9pm,/m/039v1,/people/person/profession,**Predicted Relation:** /people/person/profession,/people/person/profession
795,/m/09y6pb,/m/014kq6,/award/award_nominated_work/award_nominations./award/award_nomination/nominated_for,**Predicted Relation:** /film/film/genre,/film/film/genre
796,/m/016tt2,/m/072r5v,/film/film_distributor/films_distributed./film/film_film_distributor_relationship/film,**Predicted Relation:** /film/film/distributors./film/film_film_distributor_relationship/film_distribution_medium,/film/film/distributors./film/film_film_distributor_relationship/film_distribution_medium
797,/m/07zl6m,/m/02bv9,/base/schemastaging/organization_extra/phone_number./base/schemastaging/phone_sandbox/service_language,**Predicted Relation:** /organization/organization/place_founded,/organization/organization/place_founded
798,/m/06w87,/m/03qjg,/music/performance_role/regular_performances./music/group_membership/role,**Predicted Relation:** /music/instrument/instrumentalists,/music/instrument/instrumentalists
799,/m/01chpn,/m/01t_vv,/film/film/genre,**Predicted Relation:** /film/film/genre,/film/film/genre
800,/m/02w9sd7,/m/01cj6y,/award/award_category/winners./award/award_honor/award_winner,**Predicted Relation:** /award/award_category/winners./award/award_honor/award_winner,/award/award_category/winners./award/award_honor/award_winner
801,/m/05t0zfv,/m/0hcr,/film/film/genre,**Predicted Relation:** /film/film/genre,/film/film/genre
802,/m/07vn_9,/m/08mbj5d,/common/topic/webpage./common/webpage/category,**Predicted Relation:** /film/film/production_companies,/film/film/production_companies
803,/m/0645k5,/m/0345h,/film/film/country,**Predicted Relation:** /film/film/country,/film/film/country
804,/m/072hx4,/m/05qhw,/film/film/release_date_s./film/film_regional_release_date/film_release_region,**Predicted Relation:** /film/film/release_date_s./film/film_regional_release_date/film_release_region,/film/film/release_date_s./film/film_regional_release_date/film_release_region
805,/m/023rwm,/m/08mbj5d,/common/topic/webpage./common/webpage/category,**Predicted Relation:** /music/record_label/artist,/music/record_label/artist
806,/m/0lbj1,/m/02f6xy,/award/award_nominee/award_nominations./award/award_nomination/award,**Predicted Relation:** /award/award_nominee/award_nominations./award/award_nomination/award,/award/award_nominee/award_nominations./award/award_nomination/award
807,/m/0vbk,/m/01y0s9,/location/statistical_region/religions./location/religion_percentage/religion,**Predicted Relation:** /location/statistical_region/religions./location/religion_percentage/religion,/location/statistical_region/religions./location/religion_percentage/religion
808,/m/03bw6,/m/02jknp,/people/person/profession,**Predicted Relation:** /people/person/profession,/people/person/profession
809,/m/050f0s,/m/0ch6mp2,/film/film/other_crew./film/film_crew_gig/film_crew_role,**Predicted Relation:** /film/film/other_crew./film/film_crew_gig/film_crew_role,/film/film/other_crew./film/film_crew_gig/film_crew_role
810,/m/02jxk,/m/03rjj,/user/ktrueman/default_domain/international_organization/member_states,**Predicted Relation:** /location/location/adjoin_s./location/adjoining_relationship/adjoins,/location/location/adjoin_s./location/adjoining_relationship/adjoins
811,/m/0_7w6,/m/06qd3,/film/film/release_date_s./film/film_regional_release_date/film_release_region,**Predicted Relation:** /film/film/country,/film/film/country
812,/m/05148p4,/m/0jg77,/music/performance_role/regular_performances./music/group_membership/group,**Predicted Relation:** /music/instrument/instrumentalists,/music/instrument/instrumentalists
813,/m/04k9y6,/m/05prs8,/film/film/produced_by,**Predicted Relation:** /film/film/produced_by,/film/film/produced_by
814,/m/0dnw1,/m/01t_vv,/film/film/genre,**Predicted Relation:** /film/film/genre,/film/film/genre
815,/m/09_94,/m/018ctl,/olympics/olympic_sport/athletes./olympics/olympic_athlete_affiliation/olympics,**Predicted Relation:** /olympics/olympic_participating_country/athletes./olympics/olympic_athlete_affiliation/olympics,/olympics/olympic_participating_country/athletes./olympics/olympic_athlete_affiliation/olympics
816,/m/0dy04,/m/062z7,/education/educational_institution/students_graduates./education/education/major_field_of_study,**Predicted Relation:** /education/educational_institution/students_graduates./education/education/major_field_of_study,/education/educational_institution/students_graduates./education/education/major_field_of_study
817,/m/02ylg6,/m/03_3d,/film/film/release_date_s./film/film_regional_release_date/film_release_region,**Predicted Relation:** /film/film/release_date_s./film/film_regional_release_date/film_release_region,/film/film/release_date_s./film/film_regional_release_date/film_release_region
818,/m/01trhmt,/m/04ztj,/people/person/spouse_s./people/marriage/type_of_union,**Predicted Relation:** /people/person/spouse_s./people/marriage/type_of_union,/people/person/spouse_s./people/marriage/type_of_union
819,/m/08jcfy,/m/01v2xl,/business/job_title/people_with_this_title./business/employment_tenure/company,**Predicted Relation:** /organization/role/leaders./organization/leadership/organization,/organization/role/leaders./organization/leadership/organization
820,/m/04q01mn,/m/09nqf,/film/film/estimated_budget./measurement_unit/dated_money_value/currency,**Predicted Relation:** /film/film/estimated_budget./measurement_unit/dated_money_value/currency,/film/film/estimated_budget./measurement_unit/dated_money_value/currency
821,/m/01hkhq,/m/05fcbk7,/film/actor/film./film/performance/film,**Predicted Relation:** /film/actor/film./film/performance/film,/film/actor/film./film/performance/film
822,/m/05p7tx,/m/02llzg,/location/location/time_zones,**Predicted Relation:** /location/location/time_zones,/location/location/time_zones
823,/m/015qy1,/m/09c7w0,/film/film/release_date_s./film/film_regional_release_date/film_release_region,**Predicted Relation:** /film/film/release_date_s./film/film_regional_release_date/film_release_region,/film/film/release_date_s./film/film_regional_release_date/film_release_region
824,/m/01lz4tf,/m/09c7w0,/people/person/nationality,**Predicted Relation:** /people/person/nationality,/people/person/nationality
825,/m/01vz80y,/m/01c72t,/people/person/profession,**Predicted Relation:** /people/person/profession,/people/person/profession
826,/m/03zrc_,/m/03d0d7,/base/x2010fifaworldcupsouthafrica/world_cup_squad/current_world_cup_squad./base/x2010fifaworldcupsouthafrica/current_world_cup_squad/current_club,**Predicted Relation:** /soccer/football_team/current_roster./sports/sports_team_roster/position,/soccer/football_team/current_roster./sports/sports_team_roster/position
827,/m/03c_cxn,/m/09zzb8,/film/film/other_crew./film/film_crew_gig/film_crew_role,**Predicted Relation:** /film/film/other_crew./film/film_crew_gig/film_crew_role,/film/film/other_crew./film/film_crew_gig/film_crew_role
828,/m/054ks3,/m/07tw_b,/award/award_category/nominees./award/award_nomination/nominated_for,**Predicted Relation:** /award/award_category/nominees./award/award_nomination/nominated_for,/award/award_category/nominees./award/award_nomination/nominated_for
829,/m/0gs96,/m/0qmd5,/award/award_category/nominees./award/award_nomination/nominated_for,**Predicted Relation:** /award/award_winning_work/awards_won./award/award_honor/award_winner,/award/award_winning_work/awards_won./award/award_honor/award_winner
830,/m/017gm7,/m/02xlf,/film/film/genre,**Predicted Relation:** /film/film/genre,/film/film/genre
831,/m/0dgrmp,/m/02b14q,/sports/sports_position/players./sports/sports_team_roster/team,**Predicted Relation:** /soccer/football_team/current_roster./soccer/football_roster_position/position,/soccer/football_team/current_roster./soccer/football_roster_position/position
832,/m/0d05w3,/m/027jk,/location/statistical_region/places_exported_to./location/imports_and_exports/exported_to,**Predicted Relation:** /location/statistical_region/places_exported_to./location/imports_and_exports/exported_to,/location/statistical_region/places_exported_to./location/imports_and_exports/exported_to
833,/m/0ff0x,/m/02hcv8,/location/location/time_zones,**Predicted Relation:** /base/aareas/schema/administrative_area/administrative_parent,/base/aareas/schema/administrative_area/administrative_parent
834,/m/019z7q,/m/0cc56,/people/deceased_person/place_of_death,**Predicted Relation:** /people/person/place_of_birth,/people/person/place_of_birth
835,/m/01slc,/m/09s5q8,/sports/professional_sports_team/draft_picks./sports/sports_league_draft_pick/school,**Predicted Relation:** /sports/professional_sports_team/draft_picks./sports/sports_league_draft_pick/school,/sports/professional_sports_team/draft_picks./sports/sports_league_draft_pick/school
836,/m/06z8gn,/m/011ycb,/film/actor/film./film/performance/film,**Predicted Relation:** /film/actor/film,/film/actor/film
837,/m/025sc50,/m/0pyg6,/music/genre/artists,**Predicted Relation:** /music/genre/artists,/music/genre/artists
838,/m/073hkh,/m/0k2cb,/award/award_ceremony/awards_presented./award/award_honor/honored_for,**Predicted Relation:** /award/award_category/nominees./award/award_nomination/nominated_for,/award/award_category/nominees./award/award_nomination/nominated_for
839,/m/01fsz,/m/03bxh,/music/genre/artists,**Predicted Relation:** /music/genre/artists,/music/genre/artists
840,/m/0gqz2,/m/0c53vt,/award/award_category/winners./award/award_honor/ceremony,**Predicted Relation:** /award/award_category/category_of,/award/award_category/category_of
841,/m/06q8qh,/m/02_340,/film/film/executive_produced_by,**Predicted Relation:** /film/film/executive_produced_by,/film/film/executive_produced_by
842,/m/01xk7r,/m/03_1pg,/education/educational_institution/students_graduates./education/education/student,**Predicted Relation:** /tv/tv_program/regular_cast./tv/regular_tv_appearance/actor,/tv/tv_program/regular_cast./tv/regular_tv_appearance/actor
843,/m/01c22t,/m/0154j,/film/film/release_date_s./film/film_regional_release_date/film_release_region,**Predicted Relation:** /film/film/release_date_s./film/film_regional_release_date/film_release_region,/film/film/release_date_s./film/film_regional_release_date/film_release_region
844,/m/039crh,/m/064_8sq,/people/person/languages,**Predicted Relation:** /people/person/languages,/people/person/languages
845,/m/0b66qd,/m/01ggbx,/people/person/spouse_s./people/marriage/spouse,**Predicted Relation:** /film/actor/film,/film/actor/film
846,/m/01vtg4q,/m/01pb34,/film/actor/film./film/performance/special_performance_type,**Predicted Relation:** /film/person_or_entity_appearing_in_film/films./film/personal_film_appearance/type_of_appearance,/film/person_or_entity_appearing_in_film/films./film/personal_film_appearance/type_of_appearance
847,/m/01520h,/m/01d_h8,/people/person/profession,**Predicted Relation:** /film/film/produced_by,/film/film/produced_by
848,/m/016clz,/m/01vs14j,/music/genre/artists,**Predicted Relation:** /music/genre/artists,/music/genre/artists
849,/m/053yx,/m/0nbcg,/people/person/profession,**Predicted Relation:** /music/instrument/instrumentalists,/music/instrument/instrumentalists
850,/m/02fqxm,/m/0f8l9c,/film/film/country,**Predicted Relation:** /film/film/country,/film/film/country
851,/m/02z3r8t,/m/01t_vv,/film/film/genre,**Predicted Relation:** /film/film/genre,/film/film/genre
852,/m/0fx2s,/m/01jw67,/film/film_subject/films,**Predicted Relation:** /film/film_subject/films,/film/film_subject/films
853,/m/013pk3,/m/02hrh1q,/people/person/profession,**Predicted Relation:** /people/person/profession,/people/person/profession
854,/m/064_8sq,/m/01n6c,/language/human_language/countries_spoken_in,**Predicted Relation:** /location/country/official_language,/location/country/official_language
855,/m/0cks1m,/m/08mbj5d,/common/topic/webpage./common/webpage/category,**Predicted Relation:** /film/film_distributor/films_distributed./film/film_film_distributor_relationship/film,/film/film_distributor/films_distributed./film/film_film_distributor_relationship/film
856,/m/019vgs,/m/014zfs,/influence/influence_node/influenced_by,**Predicted Relation:** /people/person/profession,/people/person/profession
857,/m/0x67,/m/0hcs3,/people/ethnicity/people,**Predicted Relation:** /sports/pro_athlete/teams./sports/sports_team_roster/team,/sports/pro_athlete/teams./sports/sports_team_roster/team
858,/m/09p5mwg,/m/07ssc,/film/film/distributors./film/film_film_distributor_relationship/region,**Predicted Relation:** /film/film/country,/film/film/country
859,/m/016kb7,/m/0b4lkx,/film/actor/film./film/performance/film,**Predicted Relation:** /film/actor/film./film/performance/film,/film/actor/film./film/performance/film
860,/m/01gst9,/m/0498y,/government/legislative_session/members./government/government_position_held/district_represented,**Predicted Relation:** /government/legislative_session/members./government/government_position_held/district_represented,/government/legislative_session/members./government/government_position_held/district_represented
861,/m/06c53w,/m/0c8tk,/people/person/spouse_s./people/marriage/location_of_ceremony,**Predicted Relation:** /people/person/place_of_birth,/people/person/place_of_birth
862,/m/078mm1,/m/03rjj,/film/film/release_date_s./film/film_regional_release_date/film_release_region,**Predicted Relation:** /film/film/country,/film/film/country
863,/m/015ynm,/m/06n90,/film/film/genre,**Predicted Relation:** /film/film/genre,/film/film/genre
864,/m/01vsksr,/m/07mvp,/music/group_member/membership./music/group_membership/group,**Predicted Relation:** /music/group_member/membership./music/group_membership/group,/music/group_member/membership./music/group_membership/group
865,/m/0sg4x,/m/02fqwt,/location/location/time_zones,**Predicted Relation:** /location/location/time_zones,/location/location/time_zones
866,/m/0g83dv,/m/09vw2b7,/film/film/other_crew./film/film_crew_gig/film_crew_role,**Predicted Relation:** /film/film/other_crew./film/film_crew_gig/film_crew_role,/film/film/other_crew./film/film_crew_gig/film_crew_role
867,/m/053yx,/m/029bkp,/people/person/profession,**Predicted Relation:** /music/artist/track_contributions./music/track_contribution/role,/music/artist/track_contributions./music/track_contribution/role
868,/m/01vs_v8,/m/09c7w0,/people/person/nationality,**Predicted Relation:** /people/person/places_lived./people/place_lived/location,/people/person/places_lived./people/place_lived/location
869,/m/02r3cn,/m/05zppz,/people/person/gender,**Predicted Relation:** /people/person/gender,/people/person/gender
870,/m/089j8p,/m/04rlf,/film/film/genre,**Predicted Relation:** /film/film/genre,/film/film/genre
871,/m/01n5309,/m/02hrh1q,/people/person/profession,**Predicted Relation:** /people/person/profession,/people/person/profession
872,/m/0jgd,/m/04n6k,/user/tsegaran/random/taxonomy_subject/entry./user/tsegaran/random/taxonomy_entry/taxonomy,**Predicted Relation:** /location/country/official_language,/location/country/official_language
873,/m/03ncb2,/m/056878,/award/award_category/winners./award/award_honor/ceremony,**Predicted Relation:** /award/award_category/category_of,/award/award_category/category_of
874,/m/02rqxc,/m/023fb,/base/x2010fifaworldcupsouthafrica/world_cup_squad/current_world_cup_squad./base/x2010fifaworldcupsouthafrica/current_world_cup_squad/current_club,**Predicted Relation:** /soccer/football_team/current_roster./soccer/football_roster_position/position,/soccer/football_team/current_roster./soccer/football_roster_position/position
875,/m/0p9tm,/m/07s9rl0,/film/film/genre,**Predicted Relation:** /film/film/genre,/film/film/genre
876,/m/02404v,/m/05zppz,/people/person/gender,**Predicted Relation:** /people/person/gender,/people/person/gender
877,/m/015l4k,/m/02lq67,/olympics/olympic_games/medals_awarded./olympics/olympic_medal_honor/medal,**Predicted Relation:** /olympics/olympic_participating_country/medals_won./olympics/olympic_medal_honor/medal,/olympics/olympic_participating_country/medals_won./olympics/olympic_medal_honor/medal
878,/m/03ys48,/m/0kq9l,/base/x2010fifaworldcupsouthafrica/world_cup_squad/current_world_cup_squad./base/x2010fifaworldcupsouthafrica/current_world_cup_squad/current_club,**Predicted Relation:** /soccer/football_team/current_roster./soccer/football_roster_position/position,/soccer/football_team/current_roster./soccer/football_roster_position/position
879,/m/047csmy,/m/013ksx,/film/film/featured_film_locations,**Predicted Relation:** /film/film/featured_film_locations,/film/film/featured_film_locations
880,/m/09pl3f,/m/01d_h8,/people/person/profession,**Predicted Relation:** /people/person/profession,/people/person/profession
881,/m/0267wwv,/m/03gj2,/film/film/release_date_s./film/film_regional_release_date/film_release_region,**Predicted Relation:** /film/film/country,/film/film/country
882,/m/01pcq3,/m/0ck27z,/award/award_nominee/award_nominations./award/award_nomination/award,**Predicted Relation:** /award/award_nominee/award_nominations./award/award_nomination/award,/award/award_nominee/award_nominations./award/award_nomination/award
883,/m/03s0w,/m/09nqf,/location/statistical_region/gdp_nominal./measurement_unit/dated_money_value/currency,**Predicted Relation:** /location/statistical_region/gdp_nominal./measurement_unit/dated_money_value/currency,/location/statistical_region/gdp_nominal./measurement_unit/dated_money_value/currency
884,/m/092j54,/m/02q253,/sports/sports_league_draft/picks./sports/sports_league_draft_pick/school,**Predicted Relation:** /sports/professional_sports_team/draft_picks./sports/sports_league_draft_pick/school,/sports/professional_sports_team/draft_picks./sports/sports_league_draft_pick/school
885,/m/04w8f,/m/0hzc9wc,/base/aareas/schema/administrative_area/administrative_area_type,**Predicted Relation:** /location/administrative_division/country,/location/administrative_division/country
886,/m/07ddz9,/m/02x73k6,/award/award_nominee/award_nominations./award/award_nomination/award,**Predicted Relation:** /award/award_nominee/award_nominations./award/award_nomination/award,/award/award_nominee/award_nominations./award/award_nomination/award
887,/m/035hm,/m/01q20,/location/country/form_of_government,**Predicted Relation:** /location/administrative_division/country,/location/administrative_division/country
888,/m/03swmf,/m/01d_h8,/people/person/profession,**Predicted Relation:** /people/person/profession,/people/person/profession
889,/m/0f4x7,/m/0fy59t,/award/award_category/winners./award/award_honor/ceremony,**Predicted Relation:** /award/award_category/nominees./award/award_nomination/nominated_for,/award/award_category/nominees./award/award_nomination/nominated_for
890,/m/0j8hd,/m/02kmx6,/people/cause_of_death/people,**Predicted Relation:** /medicine/disease/notable_people_with_this_condition,/medicine/disease/notable_people_with_this_condition
891,/m/01dpdh,/m/01s695,/award/award_category/winners./award/award_honor/ceremony,**Predicted Relation:** /award/award_category/winners./award/award_honor/ceremony,/award/award_category/winners./award/award_honor/ceremony
892,/m/0dx_q,/m/01g63y,/people/person/spouse_s./people/marriage/type_of_union,**Predicted Relation:** /base/popstra/celebrity/dated./base/popstra/dated/participant,/base/popstra/celebrity/dated./base/popstra/dated/participant
893,/m/02c4s,/m/05zppz,/people/person/gender,**Predicted Relation:** /people/person/gender,/people/person/gender
894,/m/0cdbq,/m/06b_j,/location/country/official_language,**Predicted Relation:** /location/country/official_language,/location/country/official_language
895,/m/01fs_4,/m/0161h5,/base/popstra/celebrity/friendship./base/popstra/friendship/participant,**Predicted Relation:** /people/person/profession,/people/person/profession
896,/m/0dvqq,/m/02wh75,/award/award_nominee/award_nominations./award/award_nomination/award,**Predicted Relation:** /award/award_nominee/award_nominations./award/award_nomination/award,/award/award_nominee/award_nominations./award/award_nomination/award
897,/m/09c7w0,/m/02j416,/location/location/contains,**Predicted Relation:** /location/location/contains,/location/location/contains
898,/m/03_nq,/m/01gkgk,/government/politician/government_positions_held./government/government_position_held/basic_title,**Predicted Relation:** /government/politician/government_positions_held./government/government_position_held/basic_title,/government/politician/government_positions_held./government/government_position_held/basic_title
899,/m/0c6cwg,/m/0jdd,/time/event/locations,**Predicted Relation:** /military/military_conflict/combatants./military/military_combatant_group/combatants,/military/military_conflict/combatants./military/military_combatant_group/combatants
900,/m/075npt,/m/04ztj,/people/person/spouse_s./people/marriage/type_of_union,**Predicted Relation:** /people/person/spouse_s./people/marriage/location_of_ceremony,/people/person/spouse_s./people/marriage/location_of_ceremony
901,/m/0253b6,/m/04ztj,/people/person/spouse_s./people/marriage/type_of_union,**Predicted Relation:** /people/person/spouse_s./people/marriage/type_of_union,/people/person/spouse_s./people/marriage/type_of_union
902,/m/09sb52,/m/03cvvlg,/award/award_category/nominees./award/award_nomination/nominated_for,**Predicted Relation:** /award/award_nominee/award_nominations./award/award_nomination/nominated_for,/award/award_nominee/award_nominations./award/award_nomination/nominated_for
903,/m/017mbb,/m/02f77l,/award/award_nominee/award_nominations./award/award_nomination/award,**Predicted Relation:** /award/award_nominee/award_nominations./award/award_nomination/award,/award/award_nominee/award_nominations./award/award_nomination/award
904,/m/0cnl09,/m/01_d4,/people/person/place_of_birth,**Predicted Relation:** /people/person/place_of_birth,/people/person/place_of_birth
905,/m/0gs96,/m/05qb8vx,/award/award_category/winners./award/award_honor/ceremony,**Predicted Relation:** /award/award_category/winners./award/award_honor/award_winner,/award/award_category/winners./award/award_honor/award_winner
906,/m/03bx2lk,/m/08mbj5d,/common/topic/webpage./common/webpage/category,**Predicted Relation:** /film/film/distributors./film/film_film_distributor_relationship/film_distribution_medium,/film/film/distributors./film/film_film_distributor_relationship/film_distribution_medium
907,/m/04z0g,/m/0kq2,/people/person/religion,**Predicted Relation:** /people/person/religion,/people/person/religion
908,/m/01mylz,/m/01dc0c,/film/actor/film./film/performance/film,**Predicted Relation:** /film/actor/film,/film/actor/film
909,/m/0fz2y7,/m/01938t,/award/award_ceremony/awards_presented./award/award_honor/award_winner,**Predicted Relation:** /award/award_category/winners./award/award_honor/award_winner,/award/award_category/winners./award/award_honor/award_winner
910,/m/0mb8c,/m/029j_,/film/film/release_date_s./film/film_regional_release_date/film_release_distribution_medium,**Predicted Relation:** /film/film/release_date_s./film/film_regional_release_date/film_release_distribution_medium,/film/film/release_date_s./film/film_regional_release_date/film_release_distribution_medium
911,/m/08yx9q,/m/04ztj,/people/person/spouse_s./people/marriage/type_of_union,**Predicted Relation:** /people/person/spouse_s./people/marriage/type_of_union,/people/person/spouse_s./people/marriage/type_of_union
912,/m/0jnrk,/m/0jc_p,/sports/sports_team/colors,**Predicted Relation:** /sports/sports_team/colors,/sports/sports_team/colors
913,/m/02w59b,/m/06fvc,/sports/sports_team/colors,**Predicted Relation:** /sports/sports_team/colors,/sports/sports_team/colors
914,/m/01dhmw,/m/05mph,/people/person/places_lived./people/place_lived/location,**Predicted Relation:** /people/person/place_of_birth,/people/person/place_of_birth
915,/m/0pvms,/m/0f3zsq,/film/film/cinematography,**Predicted Relation:** /film/film/cinematography,/film/film/cinematography
916,/m/060c4,/m/0p7tb,/organization/role/leaders./organization/leadership/organization,**Predicted Relation:** /government/government_office_category/officeholders./government/government_position_held/jurisdiction_of_office,/government/government_office_category/officeholders./government/government_position_held/jurisdiction_of_office
917,/m/07z31v,/m/01j7mr,/award/award_ceremony/awards_presented./award/award_honor/honored_for,**Predicted Relation:** /award/award_ceremony/awards_presented./award/award_honor/award_winner,/award/award_ceremony/awards_presented./award/award_honor/award_winner
918,/m/06fcqw,/m/02r96rf,/film/film/other_crew./film/film_crew_gig/film_crew_role,**Predicted Relation:** /film/film/other_crew./film/film_crew_gig/film_crew_role,/film/film/other_crew./film/film_crew_gig/film_crew_role
919,/m/01713c,/m/05zppz,/people/person/gender,**Predicted Relation:** /people/person/gender,/people/person/gender
920,/m/01gglm,/m/02_n3z,/film/film/other_crew./film/film_crew_gig/film_crew_role,**Predicted Relation:** /film/film/edited_by,/film/film/edited_by
921,/m/01h7xx,/m/07h34,/government/legislative_session/members./government/government_position_held/district_represented,**Predicted Relation:** /government/legislative_session/members./government/government_position_held/district_represented,/government/legislative_session/members./government/government_position_held/district_represented
922,/m/018w0j,/m/079dy,/base/culturalevent/event/entity_involved,**Predicted Relation:** /military/military_conflict/combatants./military/military_combatant_group/combatants,/military/military_conflict/combatants./military/military_combatant_group/combatants
923,/m/03rjj,/m/0hb37,/location/location/contains,**Predicted Relation:** /base/aareas/schema/administrative_area/administrative_parent,/base/aareas/schema/administrative_area/administrative_parent
924,/m/05148p4,/m/01wv9xn,/music/performance_role/regular_performances./music/group_membership/group,**Predicted Relation:** /music/performance_role/regular_performances./music/group_membership/group,/music/performance_role/regular_performances./music/group_membership/group
925,/m/01v1d8,/m/0k60,/music/instrument/instrumentalists,**Predicted Relation:** /music/instrument/instrumentalists,/music/instrument/instrumentalists
926,/m/0gr0m,/m/0b_5d,/award/award_category/nominees./award/award_nomination/nominated_for,**Predicted Relation:** /award/award_nominee/award_nominations./award/award_nomination/nominated_for,/award/award_nominee/award_nominations./award/award_nomination/nominated_for
927,/m/03q45x,/m/0c422z4,/award/award_nominee/award_nominations./award/award_nomination/award,**Predicted Relation:** /award/award_nominee/award_nominations./award/award_nomination/award,/award/award_nominee/award_nominations./award/award_nomination/award
928,/m/014mlp,/m/03_nq,/education/educational_degree/people_with_this_degree./education/education/student,**Predicted Relation:** /education/educational_degree/people_with_this_degree./education/education/student,/education/educational_degree/people_with_this_degree./education/education/student
929,/m/02r22gf,/m/02ll45,/award/award_category/nominees./award/award_nomination/nominated_for,**Predicted Relation:** /award/award_category/nominees./award/award_nomination/nominated_for,/award/award_category/nominees./award/award_nomination/nominated_for
930,/m/0fvt2,/m/01yz0x,/award/award_nominee/award_nominations./award/award_nomination/award,**Predicted Relation:** /award/award_nominee/award_nominations./award/award_nomination/award,/award/award_nominee/award_nominations./award/award_nomination/award
931,/m/0nm3n,/m/0n5_t,/location/location/adjoin_s./location/adjoining_relationship/adjoins,**Predicted Relation:** /location/location/adjoin_s./location/adjoining_relationship/adjoins,/location/location/adjoin_s./location/adjoining_relationship/adjoins
932,/m/064t9,/m/017l4,/music/genre/artists,**Predicted Relation:** /film/film/executive_produced_by,/film/film/executive_produced_by
933,/m/01vvpjj,/m/0nbcg,/people/person/profession,**Predicted Relation:** /people/person/profession,/people/person/profession
934,/m/03w9sgh,/m/02krf9,/people/person/profession,**Predicted Relation:** /people/person/profession,/people/person/profession
935,/m/0106dv,/m/0106dv,/location/hud_county_place/place,**Predicted Relation:** /location/location/contains,/location/location/contains
936,/m/0h0wc,/m/01pgzn_,/award/award_nominee/award_nominations./award/award_nomination/award_nominee,**Predicted Relation:** /award/award_nominee/award_nominations./award/award_nomination/award_nominee,/award/award_nominee/award_nominations./award/award_nomination/award_nominee
937,/m/064t9,/m/0lbj1,/music/genre/artists,**Predicted Relation:** /music/genre/artists,/music/genre/artists
938,/m/04fhxp,/m/018gz8,/people/person/profession,**Predicted Relation:** /people/person/profession,/people/person/profession
939,/m/014g9y,/m/0dxtg,/people/person/profession,**Predicted Relation:** /people/person/profession,/people/person/profession
940,/m/06f32,/m/02j71,/base/aareas/schema/administrative_area/administrative_parent,**Predicted Relation:** /location/location/adjoin_s./location/adjoining_relationship/adjoins,/location/location/adjoin_s./location/adjoining_relationship/adjoins
941,/m/0gd0c7x,/m/0b90_r,/film/film/release_date_s./film/film_regional_release_date/film_release_region,**Predicted Relation:** /film/film/country,/film/film/country
942,/m/02bkdn,/m/071ynp,/award/award_nominee/award_nominations./award/award_nomination/award_nominee,**Predicted Relation:** /award/award_nominee/award_nominations./award/award_nomination/nominated_for,/award/award_nominee/award_nominations./award/award_nomination/nominated_for
943,/m/07jjt,/m/0kbvb,/olympics/olympic_sport/athletes./olympics/olympic_athlete_affiliation/olympics,**Predicted Relation:** /olympics/olympic_sport/athletes./olympics/olympic_athlete_affiliation/olympics,/olympics/olympic_sport/athletes./olympics/olympic_athlete_affiliation/olympics
944,/m/0gvbw,/m/07ssc,/base/schemastaging/organization_extra/phone_number./base/schemastaging/phone_sandbox/service_location,**Predicted Relation:** /location/statistical_region/places_exported_to./location/imports_and_exports/exported_to,/location/statistical_region/places_exported_to./location/imports_and_exports/exported_to
945,/m/0736qr,/m/02d4ct,/award/award_nominee/award_nominations./award/award_nomination/award_nominee,**Predicted Relation:** /tv/tv_program/regular_cast./tv/regular_tv_appearance/actor,/tv/tv_program/regular_cast./tv/regular_tv_appearance/actor
946,/m/021vwt,/m/049xgc,/film/actor/film./film/performance/film,**Predicted Relation:** /film/actor/film./film/performance/film,/film/actor/film./film/performance/film
947,/m/02tjl3,/m/029j_,/film/film/release_date_s./film/film_regional_release_date/film_release_distribution_medium,**Predicted Relation:** /film/film/release_date_s./film/film_regional_release_date/film_release_distribution_medium,/film/film/release_date_s./film/film_regional_release_date/film_release_distribution_medium
948,/m/04swx,/m/04w58,/location/location/adjoin_s./location/adjoining_relationship/adjoins,**Predicted Relation:** /location/location/adjoin_s./location/adjoining_relationship/adjoins,/location/location/adjoin_s./location/adjoining_relationship/adjoins
949,/m/0fq7dv_,/m/0d060g,/film/film/release_date_s./film/film_regional_release_date/film_release_region,**Predicted Relation:** /film/film/country,/film/film/country
950,/m/02wwmhc,/m/0fpjyd,/film/film/music,**Predicted Relation:** /film/film/music,/film/film/music
951,/m/095zvfg,/m/07cyl,/award/award_nominee/award_nominations./award/award_nomination/nominated_for,**Predicted Relation:** /award/award_nominee/award_nominations./award/award_nomination/nominated_for,/award/award_nominee/award_nominations./award/award_nomination/nominated_for
952,/m/0b3n61,/m/09nqf,/film/film/estimated_budget./measurement_unit/dated_money_value/currency,**Predicted Relation:** /film/film/estimated_budget./measurement_unit/dated_money_value/currency,/film/film/estimated_budget./measurement_unit/dated_money_value/currency
953,/m/0971v,/m/0838f,/food/food/nutrients./food/nutrition_fact/nutrient,**Predicted Relation:** /food/food/nutrients./food/nutrition_fact/nutrient,/food/food/nutrients./food/nutrition_fact/nutrient
954,/m/0fpzwf,/m/02fqwt,/location/location/time_zones,**Predicted Relation:** /location/location/time_zones,/location/location/time_zones
955,/m/04v3q,/m/02jxk,/organization/organization_member/member_of./organization/organization_membership/organization,**Predicted Relation:** /location/country/official_language,/location/country/official_language
956,/m/0f4x7,/m/02p86pb,/award/award_category/nominees./award/award_nomination/nominated_for,**Predicted Relation:** /award/award_nominee/award_nominations./award/award_nomination/nominated_for,/award/award_nominee/award_nominations./award/award_nomination/nominated_for
957,/m/06bc59,/m/082gq,/film/film/genre,**Predicted Relation:** /film/film/genre,/film/film/genre
958,/m/050t68,/m/02p7_k,/award/award_nominee/award_nominations./award/award_nomination/award_nominee,**Predicted Relation:** /tv/tv_program/regular_cast./tv/regular_tv_appearance/actor,/tv/tv_program/regular_cast./tv/regular_tv_appearance/actor
959,/m/06f5j,/m/05zppz,/people/person/gender,**Predicted Relation:** /people/person/gender,/people/person/gender
960,/m/0gq9h,/m/0h3k3f,/award/award_category/nominees./award/award_nomination/nominated_for,**Predicted Relation:** /award/award_category/winners./award/award_honor/ceremony,/award/award_category/winners./award/award_honor/ceremony
961,/m/0d060g,/m/0pmp2,/location/location/contains,**Predicted Relation:** /location/administrative_division/capital,/location/administrative_division/capital
962,/m/09ftwr,/m/019f4v,/award/award_nominee/award_nominations./award/award_nomination/award,**Predicted Relation:** /award/award_nominee/award_nominations./award/award_nomination/award,/award/award_nominee/award_nominations./award/award_nomination/award
963,/m/0fhp9,/m/05lf_,/travel/travel_destination/climate./travel/travel_destination_monthly_climate/month,**Predicted Relation:** /travel/travel_destination/climate./travel/travel_destination_monthly_climate/month,/travel/travel_destination/climate./travel/travel_destination_monthly_climate/month
964,/m/07jjt,/m/09lxtg,/olympics/olympic_sport/athletes./olympics/olympic_athlete_affiliation/country,**Predicted Relation:** /olympics/olympic_participating_country/athletes./olympics/olympic_athlete_affiliation/olympics,/olympics/olympic_participating_country/athletes./olympics/olympic_athlete_affiliation/olympics
965,/m/0jyb4,/m/04jpl,/film/film/release_date_s./film/film_regional_release_date/film_regional_debut_venue,**Predicted Relation:** /film/film_distributor/films_distributed./film/film_film_distributor_relationship/film,/film/film_distributor/films_distributed./film/film_film_distributor_relationship/film
966,/m/0n6nl,/m/09nqf,/location/statistical_region/rent50_2./measurement_unit/dated_money_value/currency,**Predicted Relation:** /location/statistical_region/gdp_nominal_per_capita./measurement_unit/dated_money_value/currency,/location/statistical_region/gdp_nominal_per_capita./measurement_unit/dated_money_value/currency
967,/m/05p3738,/m/09vw2b7,/film/film/other_crew./film/film_crew_gig/film_crew_role,**Predicted Relation:** /film/film/other_crew./film/film_crew_gig/film_crew_role,/film/film/other_crew./film/film_crew_gig/film_crew_role
968,/m/01mjq,/m/02llzg,/location/location/time_zones,**Predicted Relation:** /location/location/time_zones,/location/location/time_zones
969,/m/02wkmx,/m/0gpx6,/award/award_category/nominees./award/award_nomination/nominated_for,**Predicted Relation:** /award/award_winning_work/awards_won./award/award_honor/award_winner,/award/award_winning_work/awards_won./award/award_honor/award_winner
970,/m/057lbk,/m/029j_,/film/film/release_date_s./film/film_regional_release_date/film_release_distribution_medium,**Predicted Relation:** /film/film/release_date_s./film/film_regional_release_date/film_release_distribution_medium,/film/film/release_date_s./film/film_regional_release_date/film_release_distribution_medium
971,/m/0gx_st,/m/0hz55,/award/award_ceremony/awards_presented./award/award_honor/honored_for,**Predicted Relation:** /award/award_ceremony/awards_presented./award/award_honor/award_winner,/award/award_ceremony/awards_presented./award/award_honor/award_winner
972,/m/026l37,/m/0_816,/film/actor/film./film/performance/film,**Predicted Relation:** /film/actor/film./film/performance/film,/film/actor/film./film/performance/film
973,/m/02mhfy,/m/0291ck,/film/actor/film./film/performance/film,**Predicted Relation:** /film/actor/film,/film/actor/film
974,/m/018_lb,/m/0d04z6,/people/person/places_lived./people/place_lived/location,**Predicted Relation:** /people/person/nationality,/people/person/nationality
975,/m/022fdt,/m/032f6,/people/ethnicity/languages_spoken,**Predicted Relation:** /people/ethnicity/languages_spoken,/people/ethnicity/languages_spoken
976,/m/02c8d7,/m/09z1lg,/music/genre/artists,**Predicted Relation:** /music/genre/artists,/music/genre/artists
977,/m/023zsh,/m/0crd8q6,/film/actor/film./film/performance/film,**Predicted Relation:** /film/actor/film./film/performance/film,/film/actor/film./film/performance/film
978,/m/023p33,/m/09nqf,/film/film/estimated_budget./measurement_unit/dated_money_value/currency,**Predicted Relation:** /film/film/distributors./film/film_film_distributor_relationship/region,/film/film/distributors./film/film_film_distributor_relationship/region
979,/m/043tvp3,/m/02k54,/film/film/release_date_s./film/film_regional_release_date/film_release_region,**Predicted Relation:** /film/film/release_date_s./film/film_regional_release_date/film_release_region,/film/film/release_date_s./film/film_regional_release_date/film_release_region
980,/m/04gnbv1,/m/02f9wb,/award/award_winner/awards_won./award/award_honor/award_winner,**Predicted Relation:** /award/award_nominee/award_nominations./award/award_nomination/award_nominee,/award/award_nominee/award_nominations./award/award_nomination/award_nominee
981,/m/01q_ph,/m/02qyp19,/award/award_nominee/award_nominations./award/award_nomination/award,**Predicted Relation:** /award/award_category/nominees./award/award_nomination/nominated_for,/award/award_category/nominees./award/award_nomination/nominated_for
982,/m/017j69,/m/01xdf5,/education/educational_institution/students_graduates./education/education/student,**Predicted Relation:** /education/educational_institution/students_graduates./education/education/student,/education/educational_institution/students_graduates./education/education/student
983,/m/035yn8,/m/05b4w,/film/film/release_date_s./film/film_regional_release_date/film_release_region,**Predicted Relation:** /film/film/release_date_s./film/film_regional_release_date/film_release_region,/film/film/release_date_s./film/film_regional_release_date/film_release_region
984,/m/060c4,/m/06nvzg,/organization/role/leaders./organization/leadership/organization,**Predicted Relation:** /organization/role/leaders./organization/leadership/organization,/organization/role/leaders./organization/leadership/organization
985,/m/0bkj86,/m/01r4k,/education/educational_degree/people_with_this_degree./education/education/major_field_of_study,**Predicted Relation:** /education/educational_degree/people_with_this_degree./education/education/major_field_of_study,/education/educational_degree/people_with_this_degree./education/education/major_field_of_study
986,/m/01cf93,/m/0132k4,/music/record_label/artist,**Predicted Relation:** /music/record_label/artist,/music/record_label/artist
987,/m/0xxc,/m/01lj9,/education/educational_institution/students_graduates./education/education/major_field_of_study,**Predicted Relation:** /education/educational_institution/students_graduates./education/education/major_field_of_study,/education/educational_institution/students_graduates./education/education/major_field_of_study
988,/m/02_xgp2,/m/0lfgr,/education/educational_degree/people_with_this_degree./education/education/institution,**Predicted Relation:** /education/educational_degree/people_with_this_degree./education/education/institution,/education/educational_degree/people_with_this_degree./education/education/institution
989,/m/0jmwg,/m/012ycy,/music/genre/artists,**Predicted Relation:** /music/genre/artists,/music/genre/artists
990,/m/047hpm,/m/02z3r8t,/film/actor/film./film/performance/film,**Predicted Relation:** /film/actor/film./film/performance/film,/film/actor/film./film/performance/film
991,/m/0k269,/m/03mh94,/film/actor/film./film/performance/film,**Predicted Relation:** /film/actor/film./film/performance/film,/film/actor/film./film/performance/film
992,/m/0f4vx0,/m/01jszm,/sports/sports_league_draft/picks./sports/sports_league_draft_pick/school,**Predicted Relation:** /sports/sports_league_draft/picks./sports/sports_league_draft_pick/school,/sports/sports_league_draft/picks./sports/sports_league_draft_pick/school
993,/m/06k5_,/m/01vs_v8,/base/popstra/location/vacationers./base/popstra/vacation_choice/vacationer,**Predicted Relation:** /people/person/place_of_birth,/people/person/place_of_birth
994,/m/0x25q,/m/06n90,/film/film/genre,**Predicted Relation:** /film/film/genre,/film/film/genre
995,/m/0fv4v,/m/06cx9,/location/country/form_of_government,**Predicted Relation:** /location/country/form_of_government,/location/country/form_of_government
996,/m/02nx2k,/m/02r96rf,/film/film/other_crew./film/film_crew_gig/film_crew_role,**Predicted Relation:** /film/film/other_crew./film/film_crew_gig/film_crew_role,/film/film/other_crew./film/film_crew_gig/film_crew_role
997,/m/0kv238,/m/09zzb8,/film/film/other_crew./film/film_crew_gig/film_crew_role,**Predicted Relation:** /film/film/award_won./award/award_honor/award,/film/film/award_won./award/award_honor/award
998,/m/042d1,/m/0g0vx,/people/person/profession,**Predicted Relation:** /people/person/profession,/people/person/profession
999,/m/04nm0n0,/m/03_3d,/film/film/release_date_s./film/film_regional_release_date/film_release_region,**Predicted Relation:** /film/film/language./language/human_language/countries_spoken_in,/film/film/language./language/human_language/countries_spoken_in
1000,/m/095z4q,/m/02r96rf,/film/film/other_crew./film/film_crew_gig/film_crew_role,**Predicted Relation:** /film/film/other_crew./film/film_crew_gig/film_crew_role,/film/film/other_crew./film/film_crew_gig/film_crew_role
1001,/m/02h4rq6,/m/017v3q,/education/educational_degree/people_with_this_degree./education/education/institution,**Predicted Relation:** /education/educational_institution/students_graduates./education/education/major_field_of_study,/education/educational_institution/students_graduates./education/education/major_field_of_study
1002,/m/019v9k,/m/01pl14,/education/educational_degree/people_with_this_degree./education/education/institution,**Predicted Relation:** /education/educational_degree/people_with_this_degree./education/education/student,/education/educational_degree/people_with_this_degree./education/education/student
1003,/m/01yf85,/m/0wq36,/people/person/places_lived./people/place_lived/location,**Predicted Relation:** /people/person/place_of_birth,/people/person/place_of_birth
1004,/m/02qk3fk,/m/0d0vqn,/film/film/release_date_s./film/film_regional_release_date/film_release_region,**Predicted Relation:** /film/film/release_date_s./film/film_regional_release_date/film_release_region,/film/film/release_date_s./film/film_regional_release_date/film_release_region
1005,/m/0ldqf,/m/06z6r,/user/jg/default_domain/olympic_games/sports,**Predicted Relation:** /olympics/olympic_sport/athletes./olympics/olympic_athlete_affiliation/country,/olympics/olympic_sport/athletes./olympics/olympic_athlete_affiliation/country
1006,/m/028cg00,/m/01pvkk,/film/film/other_crew./film/film_crew_gig/film_crew_role,**Predicted Relation:** /film/film/other_crew./film/film_crew_gig/film_crew_role,/film/film/other_crew./film/film_crew_gig/film_crew_role
1007,/m/05b4w,/m/01q20,/location/country/form_of_government,**Predicted Relation:** /location/country/form_of_government,/location/country/form_of_government
1008,/m/02rdyk7,/m/05mrf_p,/award/award_category/nominees./award/award_nomination/nominated_for,**Predicted Relation:** /award/award_category/winners./award/award_honor/award_winner,/award/award_category/winners./award/award_honor/award_winner
1009,/m/03975z,/m/05zppz,/people/person/gender,**Predicted Relation:** /people/person/gender,/people/person/gender
1010,/m/0cfywh,/m/02hrh1q,/people/person/profession,**Predicted Relation:** /people/person/profession,/people/person/profession
1011,/m/0ddjy,/m/08mbj5d,/common/topic/webpage./common/webpage/category,**Predicted Relation:** /film/film_distributor/films_distributed./film/film_film_distributor_relationship/film,/film/film_distributor/films_distributed./film/film_film_distributor_relationship/film
1012,/m/012mzw,/m/08mbj5d,/common/topic/webpage./common/webpage/category,**Predicted Relation:** /education/educational_institution/campuses,/education/educational_institution/campuses
1013,/m/0fpzt5,/m/05z96,/people/person/profession,**Predicted Relation:** /people/person/profession,/people/person/profession
1014,/m/033qdy,/m/02nxhr,/film/film/distributors./film/film_film_distributor_relationship/film_distribution_medium,**Predicted Relation:** /film/film/release_date_s./film/film_regional_release_date/film_release_distribution_medium,/film/film/release_date_s./film/film_regional_release_date/film_release_distribution_medium
1015,/m/01jzyx,/m/0g4gr,/education/educational_institution/students_graduates./education/education/major_field_of_study,**Predicted Relation:** /education/educational_institution/students_graduates./education/education/major_field_of_study,/education/educational_institution/students_graduates./education/education/major_field_of_study
1016,/m/03xmy1,/m/05q5t0b,/award/award_nominee/award_nominations./award/award_nomination/award,**Predicted Relation:** /award/award_nominee/award_nominations./award/award_nomination/nominated_for,/award/award_nominee/award_nominations./award/award_nomination/nominated_for
1017,/m/0gywn,/m/016cjb,/music/genre/parent_genre,**Predicted Relation:** /music/genre/artists,/music/genre/artists
1018,/m/033rq,/m/06c62,/people/deceased_person/place_of_death,**Predicted Relation:** /people/person/place_of_birth,/people/person/place_of_birth
1019,/m/03k1vm,/m/09c7w0,/people/person/nationality,**Predicted Relation:** /people/deceased_person/place_of_death,/people/deceased_person/place_of_death
1020,/m/01b3bp,/m/02krf9,/people/person/profession,**Predicted Relation:** /people/person/profession,/people/person/profession
1021,/m/01tzfz,/m/0m0bj,/organization/organization/headquarters./location/mailing_address/citytown,**Predicted Relation:** /education/educational_institution/campuses,/education/educational_institution/campuses
1022,/m/019v9k,/m/07x4c,/education/educational_degree/people_with_this_degree./education/education/institution,**Predicted Relation:** /education/educational_institution/students_graduates./education/education/major_field_of_study,/education/educational_institution/students_graduates./education/education/major_field_of_study
1023,/m/01w5m,/m/05drq5,/education/educational_institution/students_graduates./education/education/student,**Predicted Relation:** /education/educational_institution/students_graduates./education/education/student,/education/educational_institution/students_graduates./education/education/student
1024,/m/03qsdpk,/m/04pp9s,/education/field_of_study/students_majoring./education/education/student,**Predicted Relation:** /film/actor/film./film/performance/film,/film/actor/film./film/performance/film
1025,/m/01sgl,/m/0nbjq,/olympics/olympic_sport/athletes./olympics/olympic_athlete_affiliation/olympics,**Predicted Relation:** /olympics/olympic_participating_country/medals_won./olympics/olympic_medal_honor/olympics,/olympics/olympic_participating_country/medals_won./olympics/olympic_medal_honor/olympics
1026,/m/0g56t9t,/m/015fr,/film/film/release_date_s./film/film_regional_release_date/film_release_region,**Predicted Relation:** /film/film/release_date_s./film/film_regional_release_date/film_release_region,/film/film/release_date_s./film/film_regional_release_date/film_release_region
1027,/m/0h7x,/m/018qb4,/olympics/olympic_participating_country/medals_won./olympics/olympic_medal_honor/olympics,**Predicted Relation:** /olympics/olympic_participating_country/medals_won./olympics/olympic_medal_honor/olympics,/olympics/olympic_participating_country/medals_won./olympics/olympic_medal_honor/olympics
1028,/m/0crlz,/m/0d060g,/olympics/olympic_sport/athletes./olympics/olympic_athlete_affiliation/country,**Predicted Relation:** /olympics/olympic_sport/athletes./olympics/olympic_athlete_affiliation/country,/olympics/olympic_sport/athletes./olympics/olympic_athlete_affiliation/country
1029,/m/03hjv97,/m/01znc_,/film/film/release_date_s./film/film_regional_release_date/film_release_region,**Predicted Relation:** /film/film/language,/film/film/language
1030,/m/06pj8,/m/08nvyr,/award/award_nominee/award_nominations./award/award_nomination/nominated_for,**Predicted Relation:** /award/award_nominee/award_nominations./award/award_nomination/nominated_for,/award/award_nominee/award_nominations./award/award_nomination/nominated_for
1031,/m/07tg4,/m/04_tv,/education/educational_institution/students_graduates./education/education/major_field_of_study,**Predicted Relation:** /education/educational_institution/students_graduates./education/education/major_field_of_study,/education/educational_institution/students_graduates./education/education/major_field_of_study
1032,/m/07c52,/m/0qmk5,/media_common/netflix_genre/titles,**Predicted Relation:** /tv/tv_program/genre,/tv/tv_program/genre
1033,/m/064lsn,/m/06t8v,/film/film/release_date_s./film/film_regional_release_date/film_release_region,**Predicted Relation:** /film/film/release_date_s./film/film_regional_release_date/film_release_region,/film/film/release_date_s./film/film_regional_release_date/film_release_region
1034,/m/05vsxz,/m/06mmb,/award/award_nominee/award_nominations./award/award_nomination/award_nominee,**Predicted Relation:** /award/award_nominee/award_nominations./award/award_nomination/award_nominee,/award/award_nominee/award_nominations./award/award_nomination/award_nominee
1035,/m/0993r,/m/09c7w0,/people/person/nationality,**Predicted Relation:** /people/person/nationality,/people/person/nationality
1036,/m/027b43,/m/05jxkf,/education/educational_institution/school_type,**Predicted Relation:** /education/educational_institution/school_type,/education/educational_institution/school_type
1037,/m/025j1t,/m/035s95,/film/actor/film./film/performance/film,**Predicted Relation:** /film/actor/film./film/performance/film,/film/actor/film./film/performance/film
1038,/m/05_5_22,/m/09nqf,/film/film/estimated_budget./measurement_unit/dated_money_value/currency,**Predicted Relation:** /film/film/estimated_budget./measurement_unit/dated_money_value/currency,/film/film/estimated_budget./measurement_unit/dated_money_value/currency
1039,/m/0h3xztt,/m/06mkj,/film/film/release_date_s./film/film_regional_release_date/film_release_region,**Predicted Relation:** /film/film/country,/film/film/country
1040,/m/06cv1,/m/0693l,/base/popstra/celebrity/friendship./base/popstra/friendship/participant,**Predicted Relation:** /celebrities/celebrity/celebrity_friends./celebrities/friendship/friend,/celebrities/celebrity/celebrity_friends./celebrities/friendship/friend
1041,/m/0524b41,/m/0g8st4,/tv/tv_program/regular_cast./tv/regular_tv_appearance/actor,**Predicted Relation:** /tv/tv_program/regular_cast./tv/regular_tv_appearance/actor,/tv/tv_program/regular_cast./tv/regular_tv_appearance/actor
1042,/m/0btpm6,/m/0ctw_b,/film/film/release_date_s./film/film_regional_release_date/film_release_region,**Predicted Relation:** /film/film/release_date_s./film/film_regional_release_date/film_release_region,/film/film/release_date_s./film/film_regional_release_date/film_release_region
1043,/m/047p7fr,/m/0dxtw,/film/film/other_crew./film/film_crew_gig/film_crew_role,**Predicted Relation:** /film/film/other_crew./film/film_crew_gig/film_crew_role,/film/film/other_crew./film/film_crew_gig/film_crew_role
1044,/m/02h4rq6,/m/01pq4w,/education/educational_degree/people_with_this_degree./education/education/institution,**Predicted Relation:** /education/educational_degree/people_with_this_degree./education/education/institution,/education/educational_degree/people_with_this_degree./education/education/institution
1045,/m/0f61tk,/m/03k9fj,/film/film/genre,**Predicted Relation:** /film/film/genre,/film/film/genre
1046,/m/015fr,/m/06wm0z,/base/popstra/location/vacationers./base/popstra/vacation_choice/vacationer,**Predicted Relation:** /film/actor/film./film/performance/film,/film/actor/film./film/performance/film
1047,/m/089pg7,/m/02f6yz,/award/award_nominee/award_nominations./award/award_nomination/award,**Predicted Relation:** /award/award_nominee/award_nominations./award/award_nomination/award,/award/award_nominee/award_nominations./award/award_nomination/award
1048,/m/0p8r1,/m/08mbj5d,/common/topic/webpage./common/webpage/category,**Predicted Relation:** /film/actor/film./film/performance/film,/film/actor/film./film/performance/film
1049,/m/026fd,/m/08433,/influence/influence_node/influenced_by,**Predicted Relation:** /people/person/profession,/people/person/profession
1050,/m/0fq27fp,/m/029j_,/film/film/release_date_s./film/film_regional_release_date/film_release_distribution_medium,**Predicted Relation:** /film/film/release_date_s./film/film_regional_release_date/film_release_distribution_medium,/film/film/release_date_s./film/film_regional_release_date/film_release_distribution_medium
1051,/m/0mmd6,/m/02vx4,/sports/sports_team/sport,**Predicted Relation:** /sports/sports_team/sport,/sports/sports_team/sport
1052,/m/0g9zcgx,/m/09c7w0,/people/person/nationality,**Predicted Relation:** /film/film/country,/film/film/country
1053,/m/0xhtw,/m/0fhxv,/music/genre/artists,**Predicted Relation:** /music/genre/artists,/music/genre/artists
1054,/m/07bcn,/m/02lcqs,/location/location/time_zones,**Predicted Relation:** /location/location/time_zones,/location/location/time_zones
1055,/m/01nm8w,/m/08mbj5d,/common/topic/webpage./common/webpage/category,**Predicted Relation:** /common/topic/webpage./common/webpage/category,/common/topic/webpage./common/webpage/category
1056,/m/02301,/m/036hv,/education/educational_institution/students_graduates./education/education/major_field_of_study,**Predicted Relation:** /education/educational_institution/students_graduates./education/education/student,/education/educational_institution/students_graduates./education/education/student
1057,/m/0yz30,/m/0yz30,/location/hud_county_place/place,**Predicted Relation:** /location/hud_county_place/county,/location/hud_county_place/county
1058,/m/017cy9,/m/07tf8,/education/educational_institution/school_type,**Predicted Relation:** /education/educational_institution/school_type,/education/educational_institution/school_type
1059,/m/05lwjc,/m/0glt670,/music/genre/parent_genre,**Predicted Relation:** /music/genre/parent_genre,/music/genre/parent_genre
1060,/m/07s9rl0,/m/09gq0x5,/media_common/netflix_genre/titles,**Predicted Relation:** /film/film/genre,/film/film/genre
1061,/m/03jl0_,/m/095sx6,/tv/tv_network/programs./tv/tv_network_duration/program,**Predicted Relation:** /tv/tv_network/programs./tv/tv_network_duration/program,/tv/tv_network/programs./tv/tv_network_duration/program
1062,/m/0c_md_,/m/0v9qg,/people/person/places_lived./people/place_lived/location,**Predicted Relation:** /people/person/place_of_burial,/people/person/place_of_burial
1063,/m/014mlp,/m/037s9x,/education/educational_degree/people_with_this_degree./education/education/institution,**Predicted Relation:** /education/educational_degree/people_with_this_degree./education/education/institution,/education/educational_degree/people_with_this_degree./education/education/institution
1064,/m/09z1lg,/m/08mbj5d,/common/topic/webpage./common/webpage/category,**Predicted Relation:** /common/topic/webpage./common/webpage/category,/common/topic/webpage./common/webpage/category
1065,/m/0p3sf,/m/01vdm0,/music/artist/track_contributions./music/track_contribution/role,**Predicted Relation:** /music/instrument/instrumentalists,/music/instrument/instrumentalists
1066,/m/0345_,/m/02fqwt,/location/location/time_zones,**Predicted Relation:** /location/location/time_zones,/location/location/time_zones
1067,/m/05fyss,/m/05k7sb,/people/person/places_lived./people/place_lived/location,**Predicted Relation:** /people/person/place_of_birth,/people/person/place_of_birth
1068,/m/01vsn38,/m/0gjk1d,/film/actor/film./film/performance/film,**Predicted Relation:** /film/actor/film./film/performance/film,/film/actor/film./film/performance/film
1069,/m/06lpmt,/m/02l7c8,/film/film/genre,**Predicted Relation:** /film/film/genre,/film/film/genre
1070,/m/0p9sw,/m/0298n7,/award/award_category/nominees./award/award_nomination/nominated_for,**Predicted Relation:** /award/award_category/nominees./award/award_nomination/nominated_for,/award/award_category/nominees./award/award_nomination/nominated_for
1071,/m/02y_rq5,/m/01jw67,/award/award_category/nominees./award/award_nomination/nominated_for,**Predicted Relation:** /award/award_nominee/award_nominations./award/award_nomination/nominated_for,/award/award_nominee/award_nominations./award/award_nomination/nominated_for
1072,/m/078g3l,/m/0rh6k,/people/person/place_of_birth,**Predicted Relation:** /location/country/capital,/location/country/capital
1073,/m/0453t,/m/07dnx,/influence/influence_node/influenced_by,**Predicted Relation:** /influence/influence_node/influenced_by,/influence/influence_node/influenced_by
1074,/m/048cl,/m/039n1,/influence/influence_node/influenced_by,**Predicted Relation:** /influence/influence_node/influenced_by,/influence/influence_node/influenced_by
1075,/m/01vttb9,/m/01bgqh,/award/award_nominee/award_nominations./award/award_nomination/award,**Predicted Relation:** /award/award_nominee/award_nominations./award/award_nomination/award,/award/award_nominee/award_nominations./award/award_nomination/award
1076,/m/06szd3,/m/01kkx2,/award/hall_of_fame/inductees./award/hall_of_fame_induction/inductee,**Predicted Relation:** /award/award_category/winners./award/award_honor/award_winner,/award/award_category/winners./award/award_honor/award_winner
1077,/m/0sxfd,/m/01q415,/film/film/story_by,**Predicted Relation:** /award/award_category/winners./award/award_honor/award_winner,/award/award_category/winners./award/award_honor/award_winner
1078,/m/0342h,/m/0979zs,/music/performance_role/track_performances./music/track_contribution/role,**Predicted Relation:** /music/instrument/instrumentalists,/music/instrument/instrumentalists
1079,/m/02pqp12,/m/0ggbhy7,/award/award_category/nominees./award/award_nomination/nominated_for,**Predicted Relation:** /award/award_category/nominees./award/award_nomination/nominated_for,/award/award_category/nominees./award/award_nomination/nominated_for
1080,/m/09gkdln,/m/0416y94,/award/award_ceremony/awards_presented./award/award_honor/honored_for,**Predicted Relation:** /award/award_nominee/award_nominations./award/award_nomination/nominated_for,/award/award_nominee/award_nominations./award/award_nomination/nominated_for
1081,/m/02x8n1n,/m/0djlxb,/award/award_category/nominees./award/award_nomination/nominated_for,**Predicted Relation:** /award/award_nominee/award_nominations./award/award_nomination/nominated_for,/award/award_nominee/award_nominations./award/award_nomination/nominated_for
1082,/m/03bwzr4,/m/02d_zc,/education/educational_degree/people_with_this_degree./education/education/institution,**Predicted Relation:** /education/educational_degree/people_with_this_degree./education/education/institution,/education/educational_degree/people_with_this_degree./education/education/institution
1083,/m/010h9y,/m/08mbj5d,/common/topic/webpage./common/webpage/category,**Predicted Relation:** /common/topic/webpage./common/webpage/category,/common/topic/webpage./common/webpage/category
1084,/m/0gvvf4j,/m/02vzc,/film/film/release_date_s./film/film_regional_release_date/film_release_region,**Predicted Relation:** /film/film/release_date_s./film/film_regional_release_date/film_release_region,/film/film/release_date_s./film/film_regional_release_date/film_release_region
1085,/m/07hwkr,/m/01s21dg,/people/ethnicity/people,**Predicted Relation:** /base/popstra/celebrity/friendship./base/popstra/friendship/participant,/base/popstra/celebrity/friendship./base/popstra/friendship/participant
1086,/m/0gqxm,/m/0bzn6_,/award/award_category/winners./award/award_honor/ceremony,**Predicted Relation:** /award/award_category/winners./award/award_honor/ceremony,/award/award_category/winners./award/award_honor/ceremony
1087,/m/0ds11z,/m/04jpl,/film/film/featured_film_locations,**Predicted Relation:** /film/film/country,/film/film/country
1088,/m/02xs6_,/m/0bn3jg,/film/film/edited_by,**Predicted Relation:** /film/film/edited_by,/film/film/edited_by
1089,/m/098z9w,/m/06ntj,/tv/tv_program/genre,**Predicted Relation:** /tv/tv_program/genre,/tv/tv_program/genre
1090,/m/01wdj_,/m/016vqk,/education/educational_institution/students_graduates./education/education/student,**Predicted Relation:** /education/educational_institution/students_graduates./education/education/student,/education/educational_institution/students_graduates./education/education/student
1091,/m/019rg5,/m/06cx9,/location/country/form_of_government,**Predicted Relation:** /location/country/form_of_government,/location/country/form_of_government
1092,/m/0g9yrw,/m/03jm6c,/film/film/story_by,**Predicted Relation:** /film/film/written_by,/film/film/written_by
1093,/m/0697s,/m/0jdk_,/olympics/olympic_participating_country/medals_won./olympics/olympic_medal_honor/olympics,**Predicted Relation:** /olympics/olympic_participating_country/athletes./olympics/olympic_athlete_affiliation/olympics,/olympics/olympic_participating_country/athletes./olympics/olympic_athlete_affiliation/olympics
1094,/m/0d9v9q,/m/0162v,/people/person/nationality,**Predicted Relation:** /people/person/nationality,/people/person/nationality
1095,/m/09b0xs,/m/0h6l4,/people/person/places_lived./people/place_lived/location,**Predicted Relation:** /people/person/places_lived./people/place_lived/location,/people/person/places_lived./people/place_lived/location
1096,/m/0g1x2_,/m/035xwd,/film/film_subject/films,**Predicted Relation:** /film/film_subject/films,/film/film_subject/films
1097,/m/06gjk9,/m/07ssc,/film/film/country,**Predicted Relation:** /film/film/featured_film_locations,/film/film/featured_film_locations
1098,/m/016cyt,/m/06cqb,/music/genre/parent_genre,**Predicted Relation:** /music/genre/parent_genre,/music/genre/parent_genre
1099,/m/0gs96,/m/0ftlkg,/award/award_category/winners./award/award_honor/ceremony,**Predicted Relation:** /award/award_category/nominees./award/award_nomination/nominated_for,/award/award_category/nominees./award/award_nomination/nominated_for
1100,/m/07ssc,/m/01t21q,/location/location/contains,**Predicted Relation:** /location/location/contains,/location/location/contains
1101,/m/01wmgrf,/m/02ktrs,/base/popstra/celebrity/friendship./base/popstra/friendship/participant,**Predicted Relation:** /music/genre/artists,/music/genre/artists
1102,/m/01x4sb,/m/0psxp,/people/person/places_lived./people/place_lived/location,**Predicted Relation:** /people/person/places_lived./people/place_lived/location,/people/person/places_lived./people/place_lived/location
1103,/m/0jfqp,/m/026xxv_,/sports/sports_team_location/teams,**Predicted Relation:** /education/educational_institution/students_graduates./education/education/student,/education/educational_institution/students_graduates./education/education/student
1104,/m/0btyf5z,/m/0345h,/film/film/release_date_s./film/film_regional_release_date/film_release_region,**Predicted Relation:** /film/film/country,/film/film/country
1105,/m/01jqr_5,/m/01445t,/people/person/profession,**Predicted Relation:** /people/person/profession,/people/person/profession
1106,/m/049n3s,/m/0dgrmp,/soccer/football_team/current_roster./sports/sports_team_roster/position,**Predicted Relation:** /soccer/football_team/current_roster./soccer/football_roster_position/position,/soccer/football_team/current_roster./soccer/football_roster_position/position
1107,/m/014cw2,/m/0l15bq,/music/artist/track_contributions./music/track_contribution/role,**Predicted Relation:** /music/artist/track_contributions./music/track_contribution/role,/music/artist/track_contributions./music/track_contribution/role
1108,/m/03hpr,/m/02664f,/award/award_nominee/award_nominations./award/award_nomination/award,**Predicted Relation:** /award/award_nominee/award_nominations./award/award_nomination/award,/award/award_nominee/award_nominations./award/award_nomination/award
1109,/m/01wgfp6,/m/0nbcg,/people/person/profession,**Predicted Relation:** /people/person/profession,/people/person/profession
1110,/m/0fh2v5,/m/06nm1,/film/film/language,**Predicted Relation:** /film/film/language,/film/film/language
1111,/m/02_xgp2,/m/05bnp0,/education/educational_degree/people_with_this_degree./education/education/student,**Predicted Relation:** /education/educational_degree/people_with_this_degree./education/education/student,/education/educational_degree/people_with_this_degree./education/education/student
1112,/m/0661ql3,/m/02g3ft,/award/award_winning_work/awards_won./award/award_honor/award,**Predicted Relation:** /award/award_category/nominees./award/award_nomination/nominated_for,/award/award_category/nominees./award/award_nomination/nominated_for
1113,/m/05b4rcb,/m/05zppz,/people/person/gender,**Predicted Relation:** /people/person/profession,/people/person/profession
1114,/m/033tf_,/m/02g8h,/people/ethnicity/people,**Predicted Relation:** /people/ethnicity/people,/people/ethnicity/people
1115,/m/01dbns,/m/05qjt,/education/educational_institution/students_graduates./education/education/major_field_of_study,**Predicted Relation:** /education/educational_institution/students_graduates./education/education/major_field_of_study,/education/educational_institution/students_graduates./education/education/major_field_of_study
1116,/m/0bwfn,/m/02lnhv,/education/educational_institution/students_graduates./education/education/student,**Predicted Relation:** /people/person/employment_history./business/employment_tenure/company,/people/person/employment_history./business/employment_tenure/company
1117,/m/06j0md,/m/03gjzk,/people/person/profession,**Predicted Relation:** /tv/tv_program/program_creator,/tv/tv_program/program_creator
1118,/m/02bqm0,/m/0488g,/government/legislative_session/members./government/government_position_held/district_represented,**Predicted Relation:** /government/legislative_session/members./government/government_position_held/district_represented,/government/legislative_session/members./government/government_position_held/district_represented
1119,/m/043hg,/m/04dn09n,/award/award_nominee/award_nominations./award/award_nomination/award,**Predicted Relation:** /award/award_nominee/award_nominations./award/award_nomination/nominated_for,/award/award_nominee/award_nominations./award/award_nomination/nominated_for
1120,/m/06rq2l,/m/07bdd_,/award/award_nominee/award_nominations./award/award_nomination/award,**Predicted Relation:** /award/award_nominee/award_nominations./award/award_nomination/nominated_for,/award/award_nominee/award_nominations./award/award_nomination/nominated_for
1121,/m/08s_lw,/m/030qb3t,/people/person/place_of_birth,**Predicted Relation:** /people/person/places_lived./people/place_lived/location,/people/person/places_lived./people/place_lived/location
1122,/m/0gvrws1,/m/01jfsb,/film/film/genre,**Predicted Relation:** /film/film/genre,/film/film/genre
1123,/m/0cd25,/m/04n6k,/user/tsegaran/random/taxonomy_subject/entry./user/tsegaran/random/taxonomy_entry/taxonomy,**Predicted Relation:** /education/educational_degree/people_with_this_degree./education/education/major_field_of_study,/education/educational_degree/people_with_this_degree./education/education/major_field_of_study
1124,/m/0gq9h,/m/09306z,/award/award_category/winners./award/award_honor/ceremony,**Predicted Relation:** /award/award_category/nominees./award/award_nomination/nominated_for,/award/award_category/nominees./award/award_nomination/nominated_for
1125,/m/01gvr1,/m/02_286,/people/person/places_lived./people/place_lived/location,**Predicted Relation:** /people/person/places_lived./people/place_lived/location,/people/person/places_lived./people/place_lived/location
1126,/m/042ly5,/m/0f502,/award/award_nominee/award_nominations./award/award_nomination/award_nominee,**Predicted Relation:** /award/award_nominee/award_nominations./award/award_nomination/award_nominee,/award/award_nominee/award_nominations./award/award_nomination/award_nominee
1127,/m/09306z,/m/0k2m6,/award/award_ceremony/awards_presented./award/award_honor/honored_for,**Predicted Relation:** /award/award_winning_work/awards_won./award/award_honor/award_winner,/award/award_winning_work/awards_won./award/award_honor/award_winner
1128,/m/01q24l,/m/0r4z7,/government/government_office_category/officeholders./government/government_position_held/jurisdiction_of_office,**Predicted Relation:** /government/government_office_category/officeholders./government/government_position_held/jurisdiction_of_office,/government/government_office_category/officeholders./government/government_position_held/jurisdiction_of_office
1129,/m/01r9md,/m/08mbj5d,/common/topic/webpage./common/webpage/category,**Predicted Relation:** /common/topic/webpage./common/webpage/category,/common/topic/webpage./common/webpage/category
1130,/m/0k3p,/m/040fv,/travel/travel_destination/climate./travel/travel_destination_monthly_climate/month,**Predicted Relation:** /travel/travel_destination/climate./travel/travel_destination_monthly_climate/month,/travel/travel_destination/climate./travel/travel_destination_monthly_climate/month
1131,/m/0969fd,/m/04ztj,/people/person/spouse_s./people/marriage/type_of_union,**Predicted Relation:** /people/person/spouse_s./people/marriage/type_of_union,/people/person/spouse_s./people/marriage/type_of_union
1132,/m/025y9fn,/m/0kfv9,/award/award_nominee/award_nominations./award/award_nomination/nominated_for,**Predicted Relation:** /tv/tv_producer/programs_produced./tv/tv_producer_term/program,/tv/tv_producer/programs_produced./tv/tv_producer_term/program
1133,/m/0hv8w,/m/0345h,/film/film/release_date_s./film/film_regional_release_date/film_release_region,**Predicted Relation:** /film/film/release_date_s./film/film_regional_release_date/film_release_region,/film/film/release_date_s./film/film_regional_release_date/film_release_region
1134,/m/0fpgp26,/m/0345_,/film/film/release_date_s./film/film_regional_release_date/film_release_region,**Predicted Relation:** /film/film/release_date_s./film/film_regional_release_date/film_release_region,/film/film/release_date_s./film/film_regional_release_date/film_release_region
1135,/m/02z0dfh,/m/04b_jc,/award/award_category/nominees./award/award_nomination/nominated_for,**Predicted Relation:** /award/award_nominated_work/award_nominations./award/award_nomination/nominated_for,/award/award_nominated_work/award_nominations./award/award_nomination/nominated_for
1136,/m/0778_3,/m/01_njt,/education/educational_institution/students_graduates./education/education/student,**Predicted Relation:** /award/award_nominee/award_nominations./award/award_nomination/award_nominee,/award/award_nominee/award_nominations./award/award_nomination/award_nominee
1137,/m/04v68c,/m/04ztj,/people/person/spouse_s./people/marriage/type_of_union,**Predicted Relation:** /people/person/spouse_s./people/marriage/location_of_ceremony,/people/person/spouse_s./people/marriage/location_of_ceremony
1138,/m/0gwlfnb,/m/03qcfvw,/film/film/prequel,**Predicted Relation:** /film/film/prequel,/film/film/prequel
1139,/m/07s9rl0,/m/02vp1f_,/media_common/netflix_genre/titles,**Predicted Relation:** /film/film/genre,/film/film/genre
1140,/m/032t2z,/m/01wv9xn,/music/group_member/membership./music/group_membership/group,**Predicted Relation:** /music/group_member/membership./music/group_membership/group,/music/group_member/membership./music/group_membership/group
1141,/m/0cc5qkt,/m/01j1n2,/film/film/genre,**Predicted Relation:** /film/film/genre,/film/film/genre
1142,/m/042v_gx,/m/0kr_t,/music/performance_role/regular_performances./music/group_membership/group,**Predicted Relation:** /music/performance_role/regular_performances./music/group_membership/group,/music/performance_role/regular_performances./music/group_membership/group
1143,/m/0hc8h,/m/0cv5l,/base/aareas/schema/administrative_area/administrative_parent,**Predicted Relation:** /location/capital_of_administrative_division/capital_of,/location/capital_of_administrative_division/capital_of
1144,/m/064lsn,/m/03spz,/film/film/release_date_s./film/film_regional_release_date/film_release_region,**Predicted Relation:** /film/film/language,/film/film/language
1145,/m/064p92m,/m/02jknp,/people/person/profession,**Predicted Relation:** /people/person/profession,/people/person/profession
1146,/m/01ffx4,/m/059j2,/film/film/release_date_s./film/film_regional_release_date/film_release_region,**Predicted Relation:** /film/film/release_date_s./film/film_regional_release_date/film_release_region,/film/film/release_date_s./film/film_regional_release_date/film_release_region
1147,/m/0__wm,/m/08mbj5d,/common/topic/webpage./common/webpage/category,**Predicted Relation:** /location/location/contains,/location/location/contains
1148,/m/02vrr,/m/04jvt,/medicine/disease/notable_people_with_this_condition,**Predicted Relation:** /medicine/disease/notable_people_with_this_condition,/medicine/disease/notable_people_with_this_condition
1149,/m/0pgjm,/m/07tw_b,/film/actor/film./film/performance/film,**Predicted Relation:** /film/actor/film./film/performance/film,/film/actor/film./film/performance/film
1150,/m/01dpdh,/m/01mhwk,/award/award_category/winners./award/award_honor/ceremony,**Predicted Relation:** /award/award_category/winners./award/award_honor/award_winner,/award/award_category/winners./award/award_honor/award_winner
1151,/m/04n32,/m/04ztj,/people/person/spouse_s./people/marriage/type_of_union,**Predicted Relation:** /people/person/spouse_s./people/marriage/type_of_union,/people/person/spouse_s./people/marriage/type_of_union
1152,/m/06t8b,/m/0dgd_,/people/person/profession,**Predicted Relation:** /people/person/profession,/people/person/profession
1153,/m/099jhq,/m/09tqkv2,/award/award_category/nominees./award/award_nomination/nominated_for,**Predicted Relation:** /award/award_nominee/award_nominations./award/award_nomination/nominated_for,/award/award_nominee/award_nominations./award/award_nomination/nominated_for
1154,/m/01bx35,/m/06rgq,/award/award_ceremony/awards_presented./award/award_honor/award_winner,**Predicted Relation:** /award/award_category/winners./award/award_honor/award_winner,/award/award_category/winners./award/award_honor/award_winner
1155,/m/01vrncs,/m/0kyk,/people/person/profession,**Predicted Relation:** /people/person/profession,/people/person/profession
1156,/m/09v0p2c,/m/0d68qy,/award/award_ceremony/awards_presented./award/award_honor/honored_for,**Predicted Relation:** /award/award_category/winners./award/award_honor/award_winner,/award/award_category/winners./award/award_honor/award_winner
1157,/m/01twdk,/m/02jknp,/people/person/profession,**Predicted Relation:** /people/person/profession,/people/person/profession
1158,/m/0bksh,/m/0d1pc,/people/person/profession,**Predicted Relation:** /people/person/profession,/people/person/profession
1159,/m/019v9k,/m/06pwq,/education/educational_degree/people_with_this_degree./education/education/institution,**Predicted Relation:** /education/educational_degree/people_with_this_degree./education/education/institution,/education/educational_degree/people_with_this_degree./education/education/institution
1160,/m/06t8b,/m/05zppz,/people/person/gender,**Predicted Relation:** /people/person/gender,/people/person/gender
1161,/m/02glmx,/m/0sz28,/award/award_ceremony/awards_presented./award/award_honor/award_winner,**Predicted Relation:** /award/award_ceremony/awards_presented./award/award_honor/award_winner,/award/award_ceremony/awards_presented./award/award_honor/award_winner
1162,/m/064jjy,/m/0gkr9q,/award/award_nominee/award_nominations./award/award_nomination/award,**Predicted Relation:** /award/award_nominee/award_nominations./award/award_nomination/nominated_for,/award/award_nominee/award_nominations./award/award_nomination/nominated_for
1163,/m/01gw4f,/m/0gqyl,/award/award_nominee/award_nominations./award/award_nomination/award,**Predicted Relation:** /award/award_nominee/award_nominations./award/award_nomination/award,/award/award_nominee/award_nominations./award/award_nomination/award
1164,/m/027l4q,/m/09c7w0,/base/biblioness/bibs_location/country,**Predicted Relation:** /location/location/contains,/location/location/contains
1165,/m/0c_mvb,/m/0kyk,/people/person/profession,**Predicted Relation:** /people/person/profession,/people/person/profession
1166,/m/01hq1,/m/0lsxr,/film/film/genre,**Predicted Relation:** /film/film/genre,/film/film/genre
1167,/m/0f7hc,/m/04ztj,/people/person/spouse_s./people/marriage/type_of_union,**Predicted Relation:** /people/person/spouse_s./people/marriage/type_of_union,/people/person/spouse_s./people/marriage/type_of_union
1168,/m/04gfy7,/m/02hxcvy,/people/ethnicity/languages_spoken,**Predicted Relation:** /people/ethnicity/languages_spoken,/people/ethnicity/languages_spoken
1169,/m/0gq9h,/m/051zy_b,/award/award_category/nominees./award/award_nomination/nominated_for,**Predicted Relation:** /award/award_nominee/award_nominations./award/award_nomination/nominated_for,/award/award_nominee/award_nominations./award/award_nomination/nominated_for
1170,/m/012_53,/m/0c8wxp,/people/person/religion,**Predicted Relation:** /people/person/religion,/people/person/religion
1171,/m/0bxy67,/m/05zppz,/people/person/gender,**Predicted Relation:** /people/person/gender,/people/person/gender
1172,/m/0fngy,/m/0gsrz4,/location/location/time_zones,**Predicted Relation:** /location/location/time_zones,/location/location/time_zones
1173,/m/02bn_p,/m/04gp1d,/government/legislative_session/members./government/government_position_held/legislative_sessions,**Predicted Relation:** /government/legislative_session/members./government/government_position_held/legislative_sessions,/government/legislative_session/members./government/government_position_held/legislative_sessions
1174,/m/02cg41,/m/01htxr,/award/award_ceremony/awards_presented./award/award_honor/award_winner,**Predicted Relation:** /award/award_category/winners./award/award_honor/award_winner,/award/award_category/winners./award/award_honor/award_winner
1175,/m/0gbtbm,/m/03pzf,/film/film/featured_film_locations,**Predicted Relation:** /film/film/featured_film_locations,/film/film/featured_film_locations
1176,/m/030_1m,/m/02vxn,/business/business_operation/industry,**Predicted Relation:** /business/business_operation/industry,/business/business_operation/industry
1177,/m/0ggq0m,/m/031x_3,/music/genre/artists,**Predicted Relation:** /music/genre/artists,/music/genre/artists
1178,/m/07ss8_,/m/01d38g,/award/award_nominee/award_nominations./award/award_nomination/award,**Predicted Relation:** /award/award_nominee/award_nominations./award/award_nomination/award,/award/award_nominee/award_nominations./award/award_nomination/award
1179,/m/0cmc26r,/m/012wgb,/film/film/release_date_s./film/film_regional_release_date/film_release_region,**Predicted Relation:** /film/film/country,/film/film/country
1180,/m/0f2v0,/m/0km5c,/base/petbreeds/city_with_dogs/top_breeds./base/petbreeds/dog_city_relationship/dog_breed,**Predicted Relation:** /base/petbreeds/city_with_dogs/top_breeds./base/petbreeds/dog_city_relationship/dog_breed,/base/petbreeds/city_with_dogs/top_breeds./base/petbreeds/dog_city_relationship/dog_breed
1181,/m/01vj9c,/m/017_hq,/music/performance_role/regular_performances./music/group_membership/group,**Predicted Relation:** /music/performance_role/regular_performances./music/group_membership/role,/music/performance_role/regular_performances./music/group_membership/role
1182,/m/040b5k,/m/01pvkk,/film/film/other_crew./film/film_crew_gig/film_crew_role,**Predicted Relation:** /film/film/other_crew./film/film_crew_gig/film_crew_role,/film/film/other_crew./film/film_crew_gig/film_crew_role
1183,/m/02h48,/m/04ztj,/people/person/spouse_s./people/marriage/type_of_union,**Predicted Relation:** /people/person/spouse_s./people/marriage/type_of_union,/people/person/spouse_s./people/marriage/type_of_union
1184,/m/057bc6m,/m/01wb95,/film/film_set_designer/film_sets_designed,**Predicted Relation:** /award/award_nominee/award_nominations./award/award_nomination/nominated_for,/award/award_nominee/award_nominations./award/award_nomination/nominated_for
1185,/m/04shbh,/m/02hrh1q,/people/person/profession,**Predicted Relation:** /people/person/profession,/people/person/profession
1186,/m/0gq_v,/m/02jxrw,/award/award_category/nominees./award/award_nomination/nominated_for,**Predicted Relation:** /award/award_nominee/award_nominations./award/award_nomination/nominated_for,/award/award_nominee/award_nominations./award/award_nomination/nominated_for
1187,/m/09c7w0,/m/06fq2,/location/location/contains,**Predicted Relation:** /location/location/contains,/location/location/contains
1188,/m/0gy0l_,/m/082gq,/film/film/genre,**Predicted Relation:** /film/film/genre,/film/film/genre
1189,/m/0151w_,/m/02j69w,/film/actor/film./film/performance/film,**Predicted Relation:** /film/actor/film./film/performance/film,/film/actor/film./film/performance/film
1190,/m/06jcc,/m/03j0d,/influence/influence_node/influenced_by,**Predicted Relation:** /influence/influence_node/influenced_by,/influence/influence_node/influenced_by
1191,/m/0kzy0,/m/05148p4,/music/group_member/membership./music/group_membership/role,**Predicted Relation:** /music/instrument/instrumentalists,/music/instrument/instrumentalists
1192,/m/072hv,/m/0c58k,/medicine/disease/risk_factors,**Predicted Relation:** /medicine/disease/risk_factors,/medicine/disease/risk_factors
1193,/m/0137hn,/m/07_hy,/base/eating/practicer_of_diet/diet,**Predicted Relation:** /base/eating/practicer_of_diet/diet,/base/eating/practicer_of_diet/diet
1194,/m/02k6hp,/m/0c5vh,/people/cause_of_death/people,**Predicted Relation:** /people/person/profession,/people/person/profession
1195,/m/01lqnff,/m/0gl2ny2,/people/person/profession,**Predicted Relation:** /people/person/profession,/people/person/profession
1196,/m/02r251z,/m/03gjzk,/people/person/profession,**Predicted Relation:** /people/person/profession,/people/person/profession
1197,/m/01zmpg,/m/05zppz,/people/person/gender,**Predicted Relation:** /people/person/gender,/people/person/gender
1198,/m/07j8r,/m/03rjj,/film/film/release_date_s./film/film_regional_release_date/film_release_region,**Predicted Relation:** /film/film/release_date_s./film/film_regional_release_date/film_release_region,/film/film/release_date_s./film/film_regional_release_date/film_release_region
1199,/m/0257__,/m/0jzphpx,/award/award_category/winners./award/award_honor/ceremony,**Predicted Relation:** /award/award_category/winners./award/award_honor/award_winner,/award/award_category/winners./award/award_honor/award_winner
1200,/m/01skxk,/m/06by7,/music/genre/parent_genre,**Predicted Relation:** /music/genre/parent_genre,/music/genre/parent_genre
1201,/m/03twd6,/m/07ssc,/film/film/release_date_s./film/film_regional_release_date/film_release_region,**Predicted Relation:** /film/film/release_date_s./film/film_regional_release_date/film_release_region,/film/film/release_date_s./film/film_regional_release_date/film_release_region
1202,/m/0dclg,/m/07jdr,/travel/travel_destination/how_to_get_here./travel/transportation/mode_of_transportation,**Predicted Relation:** /travel/travel_destination/how_to_get_here./travel/transportation/mode_of_transportation,/travel/travel_destination/how_to_get_here./travel/transportation/mode_of_transportation
1203,/m/02mg7n,/m/0170qf,/education/educational_institution/students_graduates./education/education/student,**Predicted Relation:** /people/person/profession,/people/person/profession
1204,/m/026390q,/m/04228s,/film/film/genre,**Predicted Relation:** /film/film/genre,/film/film/genre
1205,/m/0pd64,/m/02kdv5l,/film/film/genre,**Predicted Relation:** /film/film/genre,/film/film/genre
1206,/m/02tfl8,/m/0h1wz,/medicine/symptom/symptom_of,**Predicted Relation:** /medicine/symptom/symptom_of,/medicine/symptom/symptom_of
1207,/m/01cj6y,/m/03wy8t,/film/actor/film./film/performance/film,**Predicted Relation:** /film/actor/film./film/performance/film,/film/actor/film./film/performance/film
1208,/m/0137n0,/m/05jbn,/people/person/places_lived./people/place_lived/location,**Predicted Relation:** /music/artist/origin,/music/artist/origin
1209,/m/017jv5,/m/0hv27,/film/film_distributor/films_distributed./film/film_film_distributor_relationship/film,**Predicted Relation:** /film/film/production_companies,/film/film/production_companies
1210,/m/05kwx2,/m/031hcx,/film/actor/film./film/performance/film,**Predicted Relation:** /film/actor/film./film/performance/film,/film/actor/film./film/performance/film
1211,/m/085h1,/m/035dk,/user/ktrueman/default_domain/international_organization/member_states,**Predicted Relation:** /user/ktrueman/default_domain/international_organization/member_states,/user/ktrueman/default_domain/international_organization/member_states
1212,/m/050z2,/m/0dwsp,/music/artist/track_contributions./music/track_contribution/role,**Predicted Relation:** /music/artist/contribution./music/recording_contribution/performance_role,/music/artist/contribution./music/recording_contribution/performance_role
1213,/m/03m6t5,/m/02f6s3,/base/americancomedy/celebrity_impressionist/celebrities_impersonated,**Predicted Relation:** /base/base/popstra/celebrity_impressionist/celebrities_impersonated,/base/base/popstra/celebrity_impressionist/celebrities_impersonated
1214,/m/0cjyzs,/m/05zr0xl,/award/award_category/nominees./award/award_nomination/nominated_for,**Predicted Relation:** /award/award_category/winners./award/award_honor/award_winner,/award/award_category/winners./award/award_honor/award_winner
1215,/m/036dyy,/m/02xj3rw,/award/award_nominee/award_nominations./award/award_nomination/award,**Predicted Relation:** /award/award_nominee/award_nominations./award/award_nomination/nominated_for,/award/award_nominee/award_nominations./award/award_nomination/nominated_for
1216,/m/01lyv,/m/015cxv,/music/genre/artists,**Predicted Relation:** /music/genre/artists,/music/genre/artists
1217,/m/01jbx1,/m/0d2ww,/people/person/profession,**Predicted Relation:** /people/person/profession,/people/person/profession
1218,/m/026lgs,/m/047yc,/film/film/release_date_s./film/film_regional_release_date/film_release_region,**Predicted Relation:** /film/film/country,/film/film/country
1219,/m/042v_gx,/m/0myk8,/music/performance_role/track_performances./music/track_contribution/role,**Predicted Relation:** /music/instrument/family,/music/instrument/family
1220,/m/09rvcvl,/m/02z2xdf,/film/film/executive_produced_by,**Predicted Relation:** /film/film/executive_produced_by,/film/film/executive_produced_by
1221,/m/01bzr4,/m/0dclg,/people/person/place_of_birth,**Predicted Relation:** /people/person/place_of_birth,/people/person/place_of_birth
1222,/m/016clz,/m/01wl38s,/music/genre/artists,**Predicted Relation:** /music/genre/artists,/music/genre/artists
1223,/m/05tjm3,/m/01_d4,/people/person/place_of_birth,**Predicted Relation:** /people/person/place_of_birth,/people/person/place_of_birth
1224,/m/053y0s,/m/0106dv,/people/person/place_of_birth,**Predicted Relation:** /people/person/places_lived./people/place_lived/location,/people/person/places_lived./people/place_lived/location
1225,/m/053rxgm,/m/03h64,/film/film/release_date_s./film/film_regional_release_date/film_release_region,**Predicted Relation:** /film/film/release_date_s./film/film_regional_release_date/film_release_region,/film/film/release_date_s./film/film_regional_release_date/film_release_region
1226,/m/0qf2t,/m/04pyp5,/film/film/other_crew./film/film_crew_gig/film_crew_role,**Predicted Relation:** /film/film/other_crew./film/film_crew_gig/film_crew_role,/film/film/other_crew./film/film_crew_gig/film_crew_role
1227,/m/023n39,/m/030qb3t,/people/person/places_lived./people/place_lived/location,**Predicted Relation:** /people/person/places_lived./people/place_lived/location,/people/person/places_lived./people/place_lived/location
1228,/m/065mm1,/m/09c7w0,/people/person/nationality,**Predicted Relation:** /film/film/country,/film/film/country
1229,/m/0gq_v,/m/02z0f6l,/award/award_category/nominees./award/award_nomination/nominated_for,**Predicted Relation:** /award/award_nominee/award_nominations./award/award_nomination/nominated_for,/award/award_nominee/award_nominations./award/award_nomination/nominated_for
1230,/m/0bmfnjs,/m/06t2t,/film/film/release_date_s./film/film_regional_release_date/film_release_region,**Predicted Relation:** /film/film/country,/film/film/country
1231,/m/016yr0,/m/069ld1,/award/award_nominee/award_nominations./award/award_nomination/award_nominee,**Predicted Relation:** /tv/tv_program/regular_cast./tv/regular_tv_appearance/actor,/tv/tv_program/regular_cast./tv/regular_tv_appearance/actor
1232,/m/0785v8,/m/0pmhf,/award/award_nominee/award_nominations./award/award_nomination/award_nominee,**Predicted Relation:** /award/award_nominee/award_nominations./award/award_nomination/award_nominee,/award/award_nominee/award_nominations./award/award_nomination/award_nominee
1233,/m/03j1p2n,/m/09jwl,/people/person/profession,**Predicted Relation:** /people/person/profession,/people/person/profession
1234,/m/02y6fz,/m/0jmnl,/business/job_title/people_with_this_title./business/employment_tenure/company,**Predicted Relation:** /business/job_title/people_with_this_title./business/employment_tenure/company,/business/job_title/people_with_this_title./business/employment_tenure/company
1235,/m/0jsf6,/m/05glt,/award/ranked_item/appears_in_ranked_lists./award/ranking/list,**Predicted Relation:** /award/award_winning_work/awards_won./award/award_honor/award_winner,/award/award_winning_work/awards_won./award/award_honor/award_winner
1236,/m/048lv,/m/02w9sd7,/award/award_nominee/award_nominations./award/award_nomination/award,**Predicted Relation:** /award/award_category/nominees./award/award_nomination/nominated_for,/award/award_category/nominees./award/award_nomination/nominated_for
1237,/m/02r0csl,/m/0ch26b_,/award/award_category/nominees./award/award_nomination/nominated_for,**Predicted Relation:** /award/award_category/nominees./award/award_nomination/nominated_for,/award/award_category/nominees./award/award_nomination/nominated_for
1238,/m/01nyl,/m/0gkjy,/organization/organization_member/member_of./organization/organization_membership/organization,**Predicted Relation:** /location/location/adjoin_s./location/adjoining_relationship/adjoins,/location/location/adjoin_s./location/adjoining_relationship/adjoins
1239,/m/03yj_0n,/m/06dn58,/award/award_nominee/award_nominations./award/award_nomination/award_nominee,**Predicted Relation:** /tv/tv_program/regular_cast./tv/regular_tv_appearance/actor,/tv/tv_program/regular_cast./tv/regular_tv_appearance/actor
1240,/m/0glt670,/m/01vxlbm,/music/genre/artists,**Predicted Relation:** /music/genre/artists,/music/genre/artists
1241,/m/0g56t9t,/m/02h40lc,/film/film/language,**Predicted Relation:** /film/film/language,/film/film/language
1242,/m/01ft2l,/m/0c57yj,/film/actor/film./film/performance/film,**Predicted Relation:** /film/actor/film./film/performance/film,/film/actor/film./film/performance/film
1243,/m/0cv9fc,/m/07bdd_,/award/award_nominee/award_nominations./award/award_nomination/award,**Predicted Relation:** /award/award_nominee/award_nominations./award/award_nomination/award,/award/award_nominee/award_nominations./award/award_nomination/award
1244,/m/0cxn2,/m/014d7f,/food/food/nutrients./food/nutrition_fact/nutrient,**Predicted Relation:** /food/food/nutrients./food/nutrition_fact/nutrient,/food/food/nutrients./food/nutrition_fact/nutrient
1245,/m/02z9hqn,/m/03_9r,/film/film/language,**Predicted Relation:** /film/film/language,/film/film/language
1246,/m/06q6jz,/m/0c73z,/music/genre/artists,**Predicted Relation:** /music/genre/artists,/music/genre/artists
1247,/m/01771z,/m/069q4f,/award/award_winning_work/awards_won./award/award_honor/honored_for,**Predicted Relation:** /film/film/genre,/film/film/genre
1248,/m/02qkt,/m/0d0kn,/location/location/contains,**Predicted Relation:** /location/location/contains,/location/location/contains
1249,/m/0htcn,/m/04ztj,/people/person/spouse_s./people/marriage/type_of_union,**Predicted Relation:** /people/person/spouse_s./people/marriage/type_of_union,/people/person/spouse_s./people/marriage/type_of_union
1250,/m/07g_0c,/m/027kmrb,/film/film/produced_by,**Predicted Relation:** /film/film/executive_produced_by,/film/film/executive_produced_by
1251,/m/02k_kn,/m/02jqjm,/music/genre/artists,**Predicted Relation:** /music/genre/artists,/music/genre/artists
1252,/m/058nh2,/m/0dxtg,/people/person/profession,**Predicted Relation:** /film/director/film,/film/director/film
1253,/m/05ch98,/m/09c7w0,/film/film/country,**Predicted Relation:** /film/film/country,/film/film/country
1254,/m/06182p,/m/01p1z_,/education/educational_institution/students_graduates./education/education/student,**Predicted Relation:** /education/educational_institution/students_graduates./education/education/student,/education/educational_institution/students_graduates./education/education/student
1255,/m/0mlyw,/m/02lcqs,/location/location/time_zones,**Predicted Relation:** /location/location/time_zones,/location/location/time_zones
1256,/m/01f8f7,/m/03_9r,/film/film/language,**Predicted Relation:** /film/film/language,/film/film/language
1257,/m/0f4x7,/m/09gb_4p,/award/award_category/nominees./award/award_nomination/nominated_for,**Predicted Relation:** /award/award_nominee/award_nominations./award/award_nomination/nominated_for,/award/award_nominee/award_nominations./award/award_nomination/nominated_for
1258,/m/0fn5bx,/m/02h40lc,/people/person/languages,**Predicted Relation:** /people/person/languages,/people/person/languages
1259,/m/0fxmbn,/m/03k9fj,/film/film/genre,**Predicted Relation:** /film/film/genre,/film/film/genre
1260,/m/016clz,/m/01k_yf,/music/genre/artists,**Predicted Relation:** /music/genre/artists,/music/genre/artists
1261,/m/06gbnc,/m/05b2f_k,/people/ethnicity/people,**Predicted Relation:** /people/person/nationality,/people/person/nationality
1262,/m/078jt5,/m/02jknp,/people/person/profession,**Predicted Relation:** /people/person/profession,/people/person/profession
1263,/m/0ccvx,/m/01qcx_,/location/location/contains,**Predicted Relation:** /location/location/contains,/location/location/contains
1264,/m/01wxdn3,/m/07ssc,/people/person/nationality,**Predicted Relation:** /people/person/nationality,/people/person/nationality
1265,/m/05nlx4,/m/09vw2b7,/film/film/other_crew./film/film_crew_gig/film_crew_role,**Predicted Relation:** /film/film/other_crew./film/film_crew_gig/film_crew_role,/film/film/other_crew./film/film_crew_gig/film_crew_role
1266,/m/01p7x7,/m/08mbj5d,/common/topic/webpage./common/webpage/category,**Predicted Relation:** /common/topic/webpage./common/webpage/category,/common/topic/webpage./common/webpage/category
1267,/m/0n5yh,/m/0jbk9,/location/hud_foreclosure_area/estimated_number_of_mortgages./measurement_unit/dated_integer/source,**Predicted Relation:** /location/location/contains,/location/location/contains
1268,/m/016t_3,/m/0bsnm,/education/educational_degree/people_with_this_degree./education/education/institution,**Predicted Relation:** /education/educational_degree/people_with_this_degree./education/education/institution,/education/educational_degree/people_with_this_degree./education/education/institution
1269,/m/0dr_9t7,/m/07ssc,/film/film/release_date_s./film/film_regional_release_date/film_release_region,**Predicted Relation:** /film/film/release_date_s./film/film_regional_release_date/film_release_region,/film/film/release_date_s./film/film_regional_release_date/film_release_region
1270,/m/01s0ps,/m/026t6,/music/performance_role/track_performances./music/track_contribution/role,**Predicted Relation:** /music/performance_role/track_performances./music/track_contribution/role,/music/performance_role/track_performances./music/track_contribution/role
1271,/m/047xyn,/m/02y49,/award/award_category/winners./award/award_honor/award_winner,**Predicted Relation:** /award/award_category/winners./award/award_honor/award_winner,/award/award_category/winners./award/award_honor/award_winner
1272,/m/04w58,/m/01rz1,/organization/organization_member/member_of./organization/organization_membership/organization,**Predicted Relation:** /organization/organization_member/member_of./organization/organization_membership/organization,/organization/organization_member/member_of./organization/organization_membership/organization
1273,/m/058cm,/m/058cm,/location/hud_county_place/place,**Predicted Relation:** /location/us_county/county_seat,/location/us_county/county_seat
1274,/m/05wkw,/m/02k21g,/education/field_of_study/students_majoring./education/education/student,**Predicted Relation:** /base/saturdaynightlive/snl_cast_member/seasons./base/saturdaynightlive/snl_season_tenure/cast_members,/base/saturdaynightlive/snl_cast_member/seasons./base/saturdaynightlive/snl_season_tenure/cast_members
1275,/m/02z0dfh,/m/06fpsx,/award/award_category/nominees./award/award_nomination/nominated_for,**Predicted Relation:** /award/award_category/nominees./award/award_nomination/nominated_for,/award/award_category/nominees./award/award_nomination/nominated_for
1276,/m/0bp_b2,/m/063ykwt,/award/award_category/nominees./award/award_nomination/nominated_for,**Predicted Relation:** /award/award_category/nominees./award/award_nomination/nominated_for,/award/award_category/nominees./award/award_nomination/nominated_for
1277,/m/01vtj38,/m/0gkvb7,/award/award_nominee/award_nominations./award/award_nomination/award,**Predicted Relation:** /award/award_category/winners./award/award_honor/award_winner,/award/award_category/winners./award/award_honor/award_winner
1278,/m/0kz2w,/m/05qfh,/education/educational_institution/students_graduates./education/education/major_field_of_study,**Predicted Relation:** /education/educational_institution/students_graduates./education/education/major_field_of_study,/education/educational_institution/students_graduates./education/education/major_field_of_study
1279,/m/0fhpv4,/m/0g4vmj8,/award/award_category/nominees./award/award_nomination/nominated_for,**Predicted Relation:** /award/award_category/nominees./award/award_nomination/nominated_for,/award/award_category/nominees./award/award_nomination/nominated_for
1280,/m/03fyrh,/m/05b4w,/olympics/olympic_sport/athletes./olympics/olympic_athlete_affiliation/country,**Predicted Relation:** /olympics/olympic_sport/athletes./olympics/olympic_athlete_affiliation/country,/olympics/olympic_sport/athletes./olympics/olympic_athlete_affiliation/country
1281,/m/03fts,/m/02kdv5l,/film/film/genre,**Predicted Relation:** /film/film/genre,/film/film/genre
1282,/m/06mmb,/m/03l2n,/people/person/place_of_birth,**Predicted Relation:** /people/person/places_lived./people/place_lived/location,/people/person/places_lived./people/place_lived/location
1283,/m/01cwkq,/m/02zsn,/people/person/gender,**Predicted Relation:** /people/person/gender,/people/person/gender
1284,/m/01vh08,/m/02h40lc,/people/person/languages,**Predicted Relation:** /people/person/languages,/people/person/languages
1285,/m/0hw1j,/m/09c7w0,/people/person/nationality,**Predicted Relation:** /people/person/place_of_birth,/people/person/place_of_birth
1286,/m/01vj9c,/m/04k05,/music/performance_role/regular_performances./music/group_membership/group,**Predicted Relation:** /music/group_member/membership./music/group_membership/role,/music/group_member/membership./music/group_membership/role
1287,/m/0gywn,/m/01l1b90,/music/genre/artists,**Predicted Relation:** /music/genre/artists,/music/genre/artists
1288,/m/04mby,/m/0kyk,/people/person/profession,**Predicted Relation:** /people/person/profession,/people/person/profession
1289,/m/0512p,/m/01q0kg,/sports/professional_sports_team/draft_picks./sports/sports_league_draft_pick/school,**Predicted Relation:** /sports/professional_sports_team/draft_picks./sports/sports_league_draft_pick/school,/sports/professional_sports_team/draft_picks./sports/sports_league_draft_pick/school
1290,/m/0d3k14,/m/01cx_,/people/person/places_lived./people/place_lived/location,**Predicted Relation:** /people/person/places_lived./people/place_lived/location,/people/person/places_lived./people/place_lived/location
1291,/m/01kvqc,/m/09jwl,/people/person/profession,**Predicted Relation:** /people/person/profession,/people/person/profession
1292,/m/0170pk,/m/04z4j2,/film/actor/film./film/performance/film,**Predicted Relation:** /film/actor/film./film/performance/film,/film/actor/film./film/performance/film
1293,/m/02_qt,/m/09nqf,/film/film/estimated_budget./measurement_unit/dated_money_value/currency,**Predicted Relation:** /film/film/country,/film/film/country
1294,/m/01w58n3,/m/06nm1,/people/person/languages,**Predicted Relation:** /people/person/languages,/people/person/languages
1295,/m/05lnk0,/m/0cbd2,/people/person/profession,**Predicted Relation:** /people/person/profession,/people/person/profession
1296,/m/03tp4,/m/08959,/people/cause_of_death/people,**Predicted Relation:** /people/person/profession,/people/person/profession
1297,/m/01k5y0,/m/02h40lc,/film/film/language,**Predicted Relation:** /film/film/language,/film/film/language
1298,/m/06by7,/m/0152cw,/music/genre/artists,**Predicted Relation:** /music/genre/artists,/music/genre/artists
1299,/m/0j5ym,/m/01k31p,/base/culturalevent/event/entity_involved,**Predicted Relation:** /military/military_conflict/combatants./military/military_combatant_group/combatants,/military/military_conflict/combatants./military/military_combatant_group/combatants
1300,/m/05myd2,/m/05zppz,/people/person/gender,**Predicted Relation:** /people/person/gender,/people/person/gender
1301,/m/06j6l,/m/0gs6vr,/music/genre/artists,**Predicted Relation:** /music/genre/artists,/music/genre/artists
1302,/m/02k84w,/m/01cblr,/music/performance_role/regular_performances./music/group_membership/group,**Predicted Relation:** /music/performance_role/regular_performances./music/group_membership/group,/music/performance_role/regular_performances./music/group_membership/group
1303,/m/0j2pg,/m/0dgrmp,/soccer/football_team/current_roster./sports/sports_team_roster/position,**Predicted Relation:** /soccer/football_team/current_roster./soccer/football_roster_position/position,/soccer/football_team/current_roster./soccer/football_roster_position/position
1304,/m/0byq0v,/m/02vx4,/sports/sports_team/sport,**Predicted Relation:** /sports/sports_team/sport,/sports/sports_team/sport
1305,/m/088gzp,/m/0ddfph,/education/educational_institution/students_graduates./education/education/student,**Predicted Relation:** /education/educational_institution/students_graduates./education/education/student,/education/educational_institution/students_graduates./education/education/student
1306,/m/09glbnt,/m/059rby,/organization/organization/headquarters./location/mailing_address/state_province_region,**Predicted Relation:** /organization/organization/headquarters./location/mailing_address/state_province_region,/organization/organization/headquarters./location/mailing_address/state_province_region
1307,/m/099ck7,/m/08zrbl,/award/award_category/nominees./award/award_nomination/nominated_for,**Predicted Relation:** /award/award_category/winners./award/award_honor/award_winner,/award/award_category/winners./award/award_honor/award_winner
1308,/m/07jdr,/m/0c_j9x,/film/film_subject/films,**Predicted Relation:** /film/film_subject/films,/film/film_subject/films
1309,/m/02z1nbg,/m/0chw_,/award/award_category/winners./award/award_honor/award_winner,**Predicted Relation:** /award/award_category/winners./award/award_honor/award_winner,/award/award_category/winners./award/award_honor/award_winner
1310,/m/02g8h,/m/02hrh1q,/people/person/profession,**Predicted Relation:** /people/person/profession,/people/person/profession
1311,/m/016wvy,/m/01c72t,/people/person/profession,**Predicted Relation:** /people/person/profession,/people/person/profession
1312,/m/08phg9,/m/033smt,/film/film/other_crew./film/film_crew_gig/film_crew_role,**Predicted Relation:** /film/film/other_crew./film/film_crew_gig/film_crew_role,/film/film/other_crew./film/film_crew_gig/film_crew_role
1313,/m/0gxtknx,/m/09zzb8,/film/film/other_crew./film/film_crew_gig/film_crew_role,**Predicted Relation:** /film/film/other_crew./film/film_crew_gig/film_crew_role,/film/film/other_crew./film/film_crew_gig/film_crew_role
1314,/m/06rqw,/m/01w5gg6,/music/genre/artists,**Predicted Relation:** /music/genre/artists,/music/genre/artists
1315,/m/0j1yf,/m/0j862,/music/group_member/membership./music/group_membership/role,**Predicted Relation:** /music/instrument/instrumentalists,/music/instrument/instrumentalists
1316,/m/0cmf0m0,/m/0dxtw,/film/film/other_crew./film/film_crew_gig/film_crew_role,**Predicted Relation:** /film/film/other_crew./film/film_crew_gig/film_crew_role,/film/film/other_crew./film/film_crew_gig/film_crew_role
1317,/m/04ztj,/m/0yyh,/people/marriage_union_type/unions_of_this_type./people/marriage/location_of_ceremony,**Predicted Relation:** /people/marriage_union_type/unions_of_this_type./people/marriage/location_of_ceremony,/people/marriage_union_type/unions_of_this_type./people/marriage/location_of_ceremony
1318,/m/07x4qr,/m/03ryn,/film/film/release_date_s./film/film_regional_release_date/film_release_region,**Predicted Relation:** /film/film/language,/film/film/language
1319,/m/06z6r,/m/035yg,/olympics/olympic_sport/athletes./olympics/olympic_athlete_affiliation/country,**Predicted Relation:** /olympics/olympic_participating_country/athletes./olympics/olympic_athlete_affiliation/olympics,/olympics/olympic_participating_country/athletes./olympics/olympic_athlete_affiliation/olympics
1320,/m/0c4hgj,/m/030qb3t,/time/event/locations,**Predicted Relation:** /award/award_category/winners./award/award_honor/ceremony,/award/award_category/winners./award/award_honor/ceremony
1321,/m/0gs96,/m/01k5y0,/award/award_category/nominees./award/award_nomination/nominated_for,**Predicted Relation:** /award/award_nominee/award_nominations./award/award_nomination/nominated_for,/award/award_nominee/award_nominations./award/award_nomination/nominated_for
1322,/m/01vvycq,/m/09nqf,/base/schemastaging/person_extra/net_worth./measurement_unit/dated_money_value/currency,**Predicted Relation:** /base/schemastaging/person_extra/net_worth./measurement_unit/dated_money_value/currency,/base/schemastaging/person_extra/net_worth./measurement_unit/dated_money_value/currency
1323,/m/02hnl,/m/01shhf,/music/performance_role/regular_performances./music/group_membership/group,**Predicted Relation:** /music/performance_role/regular_performances./music/group_membership/group,/music/performance_role/regular_performances./music/group_membership/group
1324,/m/011ycb,/m/07ssc,/film/film/release_date_s./film/film_regional_release_date/film_release_region,**Predicted Relation:** /film/film/release_date_s./film/film_regional_release_date/film_release_region,/film/film/release_date_s./film/film_regional_release_date/film_release_region
1325,/m/01hkck,/m/09c7w0,/people/person/nationality,**Predicted Relation:** /people/person/nationality,/people/person/nationality
1326,/m/02h4rq6,/m/0b1xl,/education/educational_degree/people_with_this_degree./education/education/institution,**Predicted Relation:** /education/educational_institution/students_graduates./education/education/major_field_of_study,/education/educational_institution/students_graduates./education/education/major_field_of_study
1327,/m/06ybb1,/m/09c7w0,/film/film/release_date_s./film/film_regional_release_date/film_release_region,**Predicted Relation:** /film/film/country,/film/film/country
1328,/m/0cwx_,/m/03cvv4,/education/educational_institution/students_graduates./education/education/student,**Predicted Relation:** /education/educational_institution/students_graduates./education/education/student,/education/educational_institution/students_graduates./education/education/student
1329,/m/02bkg,/m/07ssc,/olympics/olympic_sport/athletes./olympics/olympic_athlete_affiliation/country,**Predicted Relation:** /olympics/olympic_sport/athletes./olympics/olympic_athlete_affiliation/country,/olympics/olympic_sport/athletes./olympics/olympic_athlete_affiliation/country
1330,/m/032clf,/m/03h64,/film/film/release_date_s./film/film_regional_release_date/film_release_region,**Predicted Relation:** /film/film/language,/film/film/language
1331,/m/05148p4,/m/07_3qd,/music/instrument/instrumentalists,**Predicted Relation:** /music/instrument/instrumentalists,/music/instrument/instrumentalists
1332,/m/037hgm,/m/039v1,/people/person/profession,**Predicted Relation:** /people/person/profession,/people/person/profession
1333,/m/014zcr,/m/0gs9p,/award/award_nominee/award_nominations./award/award_nomination/award,**Predicted Relation:** /award/award_nominee/award_nominations./award/award_nomination/nominated_for,/award/award_nominee/award_nominations./award/award_nomination/nominated_for
1334,/m/03pc89,/m/02h40lc,/film/film/language,**Predicted Relation:** /film/film/language,/film/film/language
1335,/m/09qvf4,/m/0gcf2r,/award/award_category/category_of,**Predicted Relation:** /award/award_category/winners./award/award_honor/ceremony,/award/award_category/winners./award/award_honor/ceremony
1336,/m/07b_l,/m/013m43,/location/location/contains,**Predicted Relation:** /location/location/contains,/location/location/contains
1337,/m/01lxd4,/m/0p3sf,/music/genre/artists,**Predicted Relation:** /music/genre/artists,/music/genre/artists
1338,/m/027gs1_,/m/07y_p6,/award/award_category/winners./award/award_honor/ceremony,**Predicted Relation:** /award/award_category/category_of,/award/award_category/category_of
1339,/m/0x25q,/m/01vx2h,/film/film/other_crew./film/film_crew_gig/film_crew_role,**Predicted Relation:** /film/film/other_crew./film/film_crew_gig/film_crew_role,/film/film/other_crew./film/film_crew_gig/film_crew_role
1340,/m/01900g,/m/05zppz,/people/person/gender,**Predicted Relation:** /people/person/gender,/people/person/gender
1341,/m/02qny_,/m/09c7w0,/people/person/nationality,**Predicted Relation:** /sports/sport/pro_athletes./sports/pro_sports_played/athlete,/sports/sport/pro_athletes./sports/pro_sports_played/athlete
1342,/m/02lnbg,/m/01k3qj,/music/genre/artists,**Predicted Relation:** /music/genre/artists,/music/genre/artists
1343,/m/0gq9h,/m/0n0bp,/award/award_category/nominees./award/award_nomination/nominated_for,**Predicted Relation:** /award/award_nominee/award_nominations./award/award_nomination/nominated_for,/award/award_nominee/award_nominations./award/award_nomination/nominated_for
1344,/m/08qvhv,/m/02krf9,/people/person/profession,**Predicted Relation:** /people/person/profession,/people/person/profession
1345,/m/0fxrk,/m/08mbj5d,/common/topic/webpage./common/webpage/category,**Predicted Relation:** /location/location/contains,/location/location/contains
1346,/m/04n1q6,/m/04rwx,/business/job_title/people_with_this_title./business/employment_tenure/company,**Predicted Relation:** /organization/role/leaders./organization/leadership/organization,/organization/role/leaders./organization/leadership/organization
1347,/m/01vsxdm,/m/0l14qv,/music/artist/track_contributions./music/track_contribution/role,**Predicted Relation:** /music/artist/track_contributions./music/track_contribution/role,/music/artist/track_contributions./music/track_contribution/role
1348,/m/0342h,/m/018ndc,/music/performance_role/regular_performances./music/group_membership/group,**Predicted Relation:** /music/instrument/instrumentalists,/music/instrument/instrumentalists
1349,/m/016clz,/m/04b7xr,/music/genre/artists,**Predicted Relation:** /music/genre/artists,/music/genre/artists
1350,/m/01309x,/m/09c7w0,/people/person/nationality,**Predicted Relation:** /people/person/place_of_birth,/people/person/place_of_birth
1351,/m/0l14md,/m/01s560x,/music/performance_role/regular_performances./music/group_membership/group,**Predicted Relation:** /music/performance_role/regular_performances./music/group_membership/group,/music/performance_role/regular_performances./music/group_membership/group
1352,/m/03f1d47,/m/02f6ym,/award/award_nominee/award_nominations./award/award_nomination/award,**Predicted Relation:** /award/award_nominee/award_nominations./award/award_nomination/award_nominee,/award/award_nominee/award_nominations./award/award_nomination/award_nominee
1353,/m/019l68,/m/0bdwft,/award/award_nominee/award_nominations./award/award_nomination/award,**Predicted Relation:** /award/award_nominee/award_nominations./award/award_nomination/award,/award/award_nominee/award_nominations./award/award_nomination/award
1354,/m/04gqr,/m/0b6css,/organization/organization_member/member_of./organization/organization_membership/organization,**Predicted Relation:** /location/location/adjoin_s./location/adjoining_relationship/adjoins,/location/location/adjoin_s./location/adjoining_relationship/adjoins
1355,/m/01kwh5j,/m/05pyrb,/film/actor/film./film/performance/film,**Predicted Relation:** /film/actor/film./film/performance/film,/film/actor/film./film/performance/film
1356,/m/0fphgb,/m/09zzb8,/film/film/other_crew./film/film_crew_gig/film_crew_role,**Predicted Relation:** /film/film/other_crew./film/film_crew_gig/film_crew_role,/film/film/other_crew./film/film_crew_gig/film_crew_role
1357,/m/029jpy,/m/07_f2,/location/location/contains,**Predicted Relation:** /location/location/contains,/location/location/contains
1358,/m/02z6l5f,/m/04g2jz2,/award/award_nominee/award_nominations./award/award_nomination/award,**Predicted Relation:** /award/award_nominee/award_nominations./award/award_nomination/award,/award/award_nominee/award_nominations./award/award_nomination/award
1359,/m/0mws3,/m/09nqf,/location/statistical_region/rent50_2./measurement_unit/dated_money_value/currency,**Predicted Relation:** /location/statistical_region/gdp_nominal_per_capita./measurement_unit/dated_money_value/currency,/location/statistical_region/gdp_nominal_per_capita./measurement_unit/dated_money_value/currency
1360,/m/016cjb,/m/01vrncs,/music/genre/artists,**Predicted Relation:** /music/genre/artists,/music/genre/artists
1361,/m/06nvzg,/m/02_286,/organization/organization/headquarters./location/mailing_address/citytown,**Predicted Relation:** /organization/organization/headquarters./location/mailing_address/state_province_region,/organization/organization/headquarters./location/mailing_address/state_province_region
1362,/m/0sz28,/m/07cbcy,/award/award_nominee/award_nominations./award/award_nomination/award,**Predicted Relation:** /award/award_nominee/award_nominations./award/award_nomination/nominated_for,/award/award_nominee/award_nominations./award/award_nomination/nominated_for
1363,/m/05pcn59,/m/02ylg6,/award/award_category/nominees./award/award_nomination/nominated_for,**Predicted Relation:** /film/actor/film./film/performance/film,/film/actor/film./film/performance/film
1364,/m/0g56t9t,/m/01znc_,/film/film/release_date_s./film/film_regional_release_date/film_release_region,**Predicted Relation:** /film/film/release_date_s./film/film_regional_release_date/film_release_region,/film/film/release_date_s./film/film_regional_release_date/film_release_region
1365,/m/05p1tzf,/m/07f1x,/film/film/release_date_s./film/film_regional_release_date/film_release_region,**Predicted Relation:** /film/film/featured_film_locations,/film/film/featured_film_locations
1366,/m/05w3f,/m/0134wr,/music/genre/artists,**Predicted Relation:** /music/genre/artists,/music/genre/artists
1367,/m/05c1t6z,/m/0828jw,/award/award_ceremony/awards_presented./award/award_honor/honored_for,**Predicted Relation:** /award/award_category/nominees./award/award_nomination/nominated_for,/award/award_category/nominees./award/award_nomination/nominated_for
1368,/m/0c921,/m/05zppz,/people/person/gender,**Predicted Relation:** /people/person/gender,/people/person/gender
1369,/m/023l9y,/m/05zppz,/people/person/gender,**Predicted Relation:** /people/person/gender,/people/person/gender
1370,/m/029h45,/m/025352,/people/person/profession,**Predicted Relation:** /people/person/profession,/people/person/profession
1371,/m/0hwqz,/m/09td7p,/award/award_nominee/award_nominations./award/award_nomination/award,**Predicted Relation:** /award/award_nominee/award_nominations./award/award_nomination/nominated_for,/award/award_nominee/award_nominations./award/award_nomination/nominated_for
1372,/m/094qd5,/m/0cvkv5,/award/award_category/nominees./award/award_nomination/nominated_for,**Predicted Relation:** /award/award_category/nominees./award/award_nomination/nominated_for,/award/award_category/nominees./award/award_nomination/nominated_for
1373,/m/017371,/m/01p9hgt,/music/genre/artists,**Predicted Relation:** /music/genre/artists,/music/genre/artists
1374,/m/042fgh,/m/0btmb,/film/film/genre,**Predicted Relation:** /film/film/genre,/film/film/genre
1375,/m/0gwjw0c,/m/01p1v,/film/film/release_date_s./film/film_regional_release_date/film_release_region,**Predicted Relation:** /film/film/release_date_s./film/film_regional_release_date/film_release_region,/film/film/release_date_s./film/film_regional_release_date/film_release_region
1376,/m/055c8,/m/0287477,/film/actor/film./film/performance/film,**Predicted Relation:** /film/actor/film./film/performance/film,/film/actor/film./film/performance/film
1377,/m/02784z,/m/04ztj,/people/person/spouse_s./people/marriage/type_of_union,**Predicted Relation:** /people/person/spouse_s./people/marriage/location_of_ceremony,/people/person/spouse_s./people/marriage/location_of_ceremony
1378,/m/0125xq,/m/03k9fj,/film/film/genre,**Predicted Relation:** /film/film/genre,/film/film/genre
1379,/m/01wk7ql,/m/05c9zr,/film/actor/film./film/performance/film,**Predicted Relation:** /film/actor/film./film/performance/film,/film/actor/film./film/performance/film
1380,/m/023mdt,/m/02h40lc,/people/person/languages,**Predicted Relation:** /people/person/languages,/people/person/languages
1381,/m/06rq2l,/m/0dxtg,/people/person/profession,**Predicted Relation:** /people/person/profession,/people/person/profession
1382,/m/07tl0,/m/0c9c0,/education/educational_institution/students_graduates./education/education/student,**Predicted Relation:** /education/educational_institution/students_graduates./education/education/student,/education/educational_institution/students_graduates./education/education/student
1383,/m/0h96g,/m/0bsjcw,/award/award_nominee/award_nominations./award/award_nomination/award,**Predicted Relation:** /award/award_nominee/award_nominations./award/award_nomination/award,/award/award_nominee/award_nominations./award/award_nomination/award
1384,/m/047cqr,/m/01xndd,/award/award_nominee/award_nominations./award/award_nomination/award_nominee,**Predicted Relation:** /tv/tv_program/program_creator,/tv/tv_program/program_creator
1385,/m/047vnfs,/m/04_tv,/people/profession/specialization_of,**Predicted Relation:** /people/person/profession,/people/person/profession
1386,/m/01q_ph,/m/0gr51,/award/award_nominee/award_nominations./award/award_nomination/award,**Predicted Relation:** /award/award_nominee/award_nominations./award/award_nomination/nominated_for,/award/award_nominee/award_nominations./award/award_nomination/nominated_for
1387,/m/016t_3,/m/021996,/education/educational_degree/people_with_this_degree./education/education/institution,**Predicted Relation:** /education/educational_degree/people_with_this_degree./education/education/institution,/education/educational_degree/people_with_this_degree./education/education/institution
1388,/m/05m_jsg,/m/02l7c8,/film/film/genre,**Predicted Relation:** /film/film/genre,/film/film/genre
1389,/m/0dzlbx,/m/047yc,/film/film/release_date_s./film/film_regional_release_date/film_release_region,**Predicted Relation:** /film/film/country,/film/film/country
1390,/m/02h22,/m/06qd3,/film/film/release_date_s./film/film_regional_release_date/film_release_region,**Predicted Relation:** /film/film/release_date_s./film/film_regional_release_date/film_release_region,/film/film/release_date_s./film/film_regional_release_date/film_release_region
1391,/m/038nv6,/m/09c7w0,/people/person/nationality,**Predicted Relation:** /people/person/nationality,/people/person/nationality
1392,/m/063_t,/m/0dxtg,/people/person/profession,**Predicted Relation:** /people/person/profession,/people/person/profession
1393,/m/016nvh,/m/04ztj,/people/person/spouse_s./people/marriage/type_of_union,**Predicted Relation:** /people/person/spouse_s./people/marriage/type_of_union,/people/person/spouse_s./people/marriage/type_of_union
1394,/m/09lxv9,/m/01hmnh,/film/film/genre,**Predicted Relation:** /film/film/genre,/film/film/genre
1395,/m/041rx,/m/078jnn,/people/ethnicity/people,**Predicted Relation:** /base/popstra/celebrity/dated./base/popstra/dated/participant,/base/popstra/celebrity/dated./base/popstra/dated/participant
1396,/m/018p4y,/m/07s467s,/people/person/profession,**Predicted Relation:** /people/person/profession,/people/person/profession
1397,/m/07r4c,/m/0dxtg,/people/person/profession,**Predicted Relation:** /people/person/profession,/people/person/profession
1398,/m/048_p,/m/0262zm,/award/award_nominee/award_nominations./award/award_nomination/award,**Predicted Relation:** /award/award_nominee/award_nominations./award/award_nomination/award,/award/award_nominee/award_nominations./award/award_nomination/award
1399,/m/042d1,/m/01grmk,/government/politician/government_positions_held./government/government_position_held/legislative_sessions,**Predicted Relation:** /government/politician/government_positions_held./government/government_position_held/legislative_sessions,/government/politician/government_positions_held./government/government_position_held/legislative_sessions
1400,/m/02hkv5,/m/02hrh1q,/people/person/profession,**Predicted Relation:** /people/person/profession,/people/person/profession
1401,/m/0g768,/m/02qsjt,/music/record_label/artist,**Predicted Relation:** /music/record_label/artist,/music/record_label/artist
1402,/m/0g60z,/m/05l4yg,/tv/tv_program/regular_cast./tv/regular_tv_appearance/actor,**Predicted Relation:** /tv/tv_program/regular_cast./tv/regular_tv_appearance/actor,/tv/tv_program/regular_cast./tv/regular_tv_appearance/actor
1403,/m/031786,/m/02r96rf,/film/film/other_crew./film/film_crew_gig/film_crew_role,**Predicted Relation:** /award/award_nominee/award_nominations./award/award_nomination/nominated_for,/award/award_nominee/award_nominations./award/award_nomination/nominated_for
1404,/m/073h9x,/m/01zfzb,/award/award_ceremony/awards_presented./award/award_honor/honored_for,**Predicted Relation:** /award/award_category/nominees./award/award_nomination/nominated_for,/award/award_category/nominees./award/award_nomination/nominated_for
1405,/m/0f2sx4,/m/02r251z,/film/film/produced_by,**Predicted Relation:** /film/film/produced_by,/film/film/produced_by
1406,/m/02x2gy0,/m/07yvsn,/award/award_category/nominees./award/award_nomination/nominated_for,**Predicted Relation:** /award/award_nominated_work/award_nominations./award/award_nomination/nominated_for,/award/award_nominated_work/award_nominations./award/award_nomination/nominated_for
1407,/m/057xs89,/m/02xs6_,/award/award_category/nominees./award/award_nomination/nominated_for,**Predicted Relation:** /award/award_nominee/award_nominations./award/award_nomination/nominated_for,/award/award_nominee/award_nominations./award/award_nomination/nominated_for
1408,/m/0fq27fp,/m/0d05w3,/film/film/release_date_s./film/film_regional_release_date/film_release_region,**Predicted Relation:** /film/film/release_date_s./film/film_regional_release_date/film_release_region,/film/film/release_date_s./film/film_regional_release_date/film_release_region
1409,/m/0cm2xh,/m/0bx0l,/film/film_subject/films,**Predicted Relation:** /military/military_conflict/combatants./military/military_combatant_group/combatants,/military/military_conflict/combatants./military/military_combatant_group/combatants
1410,/m/01dy7j,/m/02x4x18,/award/award_nominee/award_nominations./award/award_nomination/award,**Predicted Relation:** /award/award_nominee/award_nominations./award/award_nomination/award,/award/award_nominee/award_nominations./award/award_nomination/award
1411,/m/01d259,/m/015fr,/film/film/release_date_s./film/film_regional_release_date/film_release_region,**Predicted Relation:** /film/film/release_date_s./film/film_regional_release_date/film_release_region,/film/film/release_date_s./film/film_regional_release_date/film_release_region
1412,/m/033hn8,/m/01wn718,/music/record_label/artist,**Predicted Relation:** /music/record_label/artist,/music/record_label/artist
1413,/m/016kv6,/m/01jfsb,/film/film/genre,**Predicted Relation:** /film/film/genre,/film/film/genre
1414,/m/035gjq,/m/026zvx7,/award/award_nominee/award_nominations./award/award_nomination/award_nominee,**Predicted Relation:** /award/award_nominee/award_nominations./award/award_nomination/award_nominee,/award/award_nominee/award_nominations./award/award_nomination/award_nominee
1415,/m/01by1l,/m/02r4qs,/award/award_category/winners./award/award_honor/award_winner,**Predicted Relation:** /award/award_category/winners./award/award_honor/award_winner,/award/award_category/winners./award/award_honor/award_winner
1416,/m/0n839,/m/05zppz,/people/person/gender,**Predicted Relation:** /people/person/gender,/people/person/gender
1417,/m/07qy0b,/m/0hvvf,/award/award_nominee/award_nominations./award/award_nomination/nominated_for,**Predicted Relation:** /film/film/written_by,/film/film/written_by
1418,/m/06c44,/m/04ztj,/people/person/spouse_s./people/marriage/type_of_union,**Predicted Relation:** /people/person/spouse_s./people/marriage/type_of_union,/people/person/spouse_s./people/marriage/type_of_union
1419,/m/01q4qv,/m/05zppz,/people/person/gender,**Predicted Relation:** /people/person/gender,/people/person/gender
1420,/m/02frhbc,/m/025t3bg,/travel/travel_destination/how_to_get_here./travel/transportation/mode_of_transportation,**Predicted Relation:** /travel/travel_destination/how_to_get_here./travel/transportation/mode_of_transportation,/travel/travel_destination/how_to_get_here./travel/transportation/mode_of_transportation
1421,/m/02gn8s,/m/0lkr7,/education/educational_institution/students_graduates./education/education/student,**Predicted Relation:** /people/person/profession,/people/person/profession
1422,/m/07l450,/m/01jfsb,/film/film/genre,**Predicted Relation:** /film/film/genre,/film/film/genre
1423,/m/06wm0z,/m/047bynf,/film/actor/film./film/performance/film,**Predicted Relation:** /film/actor/film./film/performance/film,/film/actor/film./film/performance/film
1424,/m/06cgy,/m/01_xtx,/award/award_nominee/award_nominations./award/award_nomination/award_nominee,**Predicted Relation:** /award/award_nominee/award_nominations./award/award_nomination/award_nominee,/award/award_nominee/award_nominations./award/award_nomination/award_nominee
1425,/m/015v3r,/m/05pcn59,/award/award_nominee/award_nominations./award/award_nomination/award,**Predicted Relation:** /award/award_nominee/award_nominations./award/award_nomination/nominated_for,/award/award_nominee/award_nominations./award/award_nomination/nominated_for
1426,/m/01w1sx,/m/0q9sg,/film/film_subject/films,**Predicted Relation:** /film/film_subject/films,/film/film_subject/films
1427,/m/09vc4s,/m/03yk8z,/people/ethnicity/people,**Predicted Relation:** /people/ethnicity/people,/people/ethnicity/people
1428,/m/03x6w8,/m/038hg,/sports/sports_team/colors,**Predicted Relation:** /sports/sports_team/colors,/sports/sports_team/colors
1429,/m/07sbbz2,/m/01vwyqp,/music/genre/artists,**Predicted Relation:** /music/genre/artists,/music/genre/artists
1430,/m/05fhy,/m/04pk9,/location/statistical_region/religions./location/religion_percentage/religion,**Predicted Relation:** /location/statistical_region/religions./location/religion_percentage/religion,/location/statistical_region/religions./location/religion_percentage/religion
1431,/m/0mnm2,/m/0mnm2,/location/hud_county_place/place,**Predicted Relation:** /location/location/contains,/location/location/contains
1432,/m/05cj4r,/m/02jx1,/people/person/nationality,**Predicted Relation:** /people/person/nationality,/people/person/nationality
1433,/m/06__m6,/m/07v4dm,/film/film/music,**Predicted Relation:** /film/film/music,/film/film/music
1434,/m/019bk0,/m/01vx5w7,/award/award_ceremony/awards_presented./award/award_honor/award_winner,**Predicted Relation:** /award/award_category/winners./award/award_honor/award_winner,/award/award_category/winners./award/award_honor/award_winner
1435,/m/013q0p,/m/029j_,/film/film/release_date_s./film/film_regional_release_date/film_release_distribution_medium,**Predicted Relation:** /film/film/release_date_s./film/film_regional_release_date/film_release_distribution_medium,/film/film/release_date_s./film/film_regional_release_date/film_release_distribution_medium
1436,/m/0g6ff,/m/01y665,/people/ethnicity/people,**Predicted Relation:** /film/actor/film./film/performance/film,/film/actor/film./film/performance/film
1437,/m/01bkb,/m/0flw86,/location/statistical_region/religions./location/religion_percentage/religion,**Predicted Relation:** /location/statistical_region/religions./location/religion_percentage/religion,/location/statistical_region/religions./location/religion_percentage/religion
1438,/m/07b_l,/m/0104lr,/location/location/contains,**Predicted Relation:** /location/location/contains,/location/location/contains
1439,/m/050llt,/m/02h40lc,/people/person/languages,**Predicted Relation:** /people/person/languages,/people/person/languages
1440,/m/01z4y,/m/01jft4,/media_common/netflix_genre/titles,**Predicted Relation:** /film/film/genre,/film/film/genre
1441,/m/03nt7j,/m/0160nk,/sports/sports_league_draft/picks./sports/sports_league_draft_pick/school,**Predicted Relation:** /sports/sports_league_draft/picks./sports/sports_league_draft_pick/school,/sports/sports_league_draft/picks./sports/sports_league_draft_pick/school
1442,/m/01z7dr,/m/01nqfh_,/music/genre/artists,**Predicted Relation:** /music/genre/artists,/music/genre/artists
1443,/m/02xfj0,/m/08mbj5d,/common/topic/webpage./common/webpage/category,**Predicted Relation:** /tv/tv_producer/programs_produced./tv/tv_producer_term/program,/tv/tv_producer/programs_produced./tv/tv_producer_term/program
1444,/m/04gcyg,/m/09c7w0,/film/film/country,**Predicted Relation:** /film/film/country,/film/film/country
1445,/m/0b6tzs,/m/06nm1,/film/film/language,**Predicted Relation:** /film/film/language,/film/film/language
1446,/m/045gzq,/m/09c7w0,/people/person/nationality,**Predicted Relation:** /people/person/place_of_birth,/people/person/place_of_birth
1447,/m/0407yfx,/m/0k6nt,/film/film/release_date_s./film/film_regional_release_date/film_release_region,**Predicted Relation:** /film/film/country,/film/film/country
1448,/m/0fdys,/m/060j8b,/education/field_of_study/students_majoring./education/education/student,**Predicted Relation:** /base/popstra/celebrity/friendship./base/popstra/friendship/participant,/base/popstra/celebrity/friendship./base/popstra/friendship/participant
1449,/m/09qrn4,/m/02r1ysd,/award/award_category/nominees./award/award_nomination/nominated_for,**Predicted Relation:** /award/award_category/winners./award/award_honor/ceremony,/award/award_category/winners./award/award_honor/ceremony
1450,/m/0hm4q,/m/09b_0m,/organization/role/leaders./organization/leadership/organization,**Predicted Relation:** /education/educational_institution/students_graduates./education/education/major_field_of_study,/education/educational_institution/students_graduates./education/education/major_field_of_study
1451,/m/060bp,/m/04vjh,/government/government_office_category/officeholders./government/government_position_held/jurisdiction_of_office,**Predicted Relation:** /government/politician/government_positions_held./government/government_position_held/jurisdiction_of_office,/government/politician/government_positions_held./government/government_position_held/jurisdiction_of_office
1452,/m/016zwt,/m/08hbxv,/location/location/contains,**Predicted Relation:** /location/administrative_division/first_level_division_of,/location/administrative_division/first_level_division_of
1453,/m/0gyh,/m/03x1s8,/location/location/contains,**Predicted Relation:** /location/location/contains,/location/location/contains
1454,/m/0fkvn,/m/01n4w,/government/government_office_category/officeholders./government/government_position_held/jurisdiction_of_office,**Predicted Relation:** /government/government_office_category/officeholders./government/government_position_held/jurisdiction_of_office,/government/government_office_category/officeholders./government/government_position_held/jurisdiction_of_office
1455,/m/04yg13l,/m/03ryn,/film/film/release_date_s./film/film_regional_release_date/film_release_region,**Predicted Relation:** /film/film/language,/film/film/language
1456,/m/010t4v,/m/02lcqs,/location/location/time_zones,**Predicted Relation:** /location/location/time_zones,/location/location/time_zones
1457,/m/0fpgp26,/m/06bnz,/film/film/release_date_s./film/film_regional_release_date/film_release_region,**Predicted Relation:** /film/film/release_date_s./film/film_regional_release_date/film_release_region,/film/film/release_date_s./film/film_regional_release_date/film_release_region
1458,/m/01lqf49,/m/09c7w0,/people/person/nationality,**Predicted Relation:** /people/person/place_of_birth,/people/person/place_of_birth
1459,/m/0168ls,/m/03h64,/film/film/release_date_s./film/film_regional_release_date/film_release_region,**Predicted Relation:** /film/film/language,/film/film/language
1460,/m/060c4,/m/037s9x,/organization/role/leaders./organization/leadership/organization,**Predicted Relation:** /organization/role/leaders./organization/leadership/organization,/organization/role/leaders./organization/leadership/organization
1461,/m/055c8,/m/04ztj,/people/person/spouse_s./people/marriage/type_of_union,**Predicted Relation:** /people/person/spouse_s./people/marriage/type_of_union,/people/person/spouse_s./people/marriage/type_of_union
1462,/m/04n52p6,/m/02r96rf,/film/film/other_crew./film/film_crew_gig/film_crew_role,**Predicted Relation:** /film/film/other_crew./film/film_crew_gig/film_crew_role,/film/film/other_crew./film/film_crew_gig/film_crew_role
1463,/m/03mp8k,/m/02k5sc,/music/record_label/artist,**Predicted Relation:** /music/record_label/artist,/music/record_label/artist
1464,/m/0crs0b8,/m/01jfsb,/film/film/genre,**Predicted Relation:** /film/film/genre,/film/film/genre
1465,/m/07f8wg,/m/09bjv,/people/person/place_of_birth,**Predicted Relation:** /people/person/place_of_birth,/people/person/place_of_birth
1466,/m/02kcz,/m/02j71,/base/aareas/schema/administrative_area/administrative_parent,**Predicted Relation:** /location/country/official_language,/location/country/official_language
1467,/m/02kxwk,/m/02q5g1z,/film/actor/film./film/performance/film,**Predicted Relation:** /film/actor/film./film/performance/film,/film/actor/film./film/performance/film
1468,/m/03bx0bm,/m/09z1lg,/music/performance_role/regular_performances./music/group_membership/group,**Predicted Relation:** /music/performance_role/regular_performances./music/group_membership/role,/music/performance_role/regular_performances./music/group_membership/role
1469,/m/05qgd9,/m/09gffmz,/education/educational_institution/students_graduates./education/education/student,**Predicted Relation:** /education/educational_institution/students_graduates./education/education/student,/education/educational_institution/students_graduates./education/education/student
1470,/m/07wbk,/m/081t6,/government/political_party/politicians_in_this_party./government/political_party_tenure/politician,**Predicted Relation:** /government/political_party/politicians_in_this_party./government/political_party_tenure/politician,/government/political_party/politicians_in_this_party./government/political_party_tenure/politician
1471,/m/01n30p,/m/0d_skg,/film/film/executive_produced_by,**Predicted Relation:** /film/film/produced_by,/film/film/produced_by
1472,/m/0523v5y,/m/030qb3t,/people/deceased_person/place_of_death,**Predicted Relation:** /people/deceased_person/place_of_death,/people/deceased_person/place_of_death
1473,/m/026p_bs,/m/02vzc,/film/film/release_date_s./film/film_regional_release_date/film_release_region,**Predicted Relation:** /film/film/country,/film/film/country
1474,/m/0178kd,/m/01ckcd,/award/award_nominee/award_nominations./award/award_nomination/award,**Predicted Relation:** /award/award_nominee/award_nominations./award/award_nomination/award,/award/award_nominee/award_nominations./award/award_nomination/award
1475,/m/0dbb3,/m/0dclg,/people/person/place_of_birth,**Predicted Relation:** /people/person/place_of_birth,/people/person/place_of_birth
1476,/m/0qf3p,/m/02f79n,/award/award_nominee/award_nominations./award/award_nomination/award,**Predicted Relation:** /award/award_nominee/award_nominations./award/award_nomination/award,/award/award_nominee/award_nominations./award/award_nomination/award
1477,/m/0292l3,/m/0dx8gj,/film/actor/film./film/performance/film,**Predicted Relation:** /film/actor/film,/film/actor/film
1478,/m/023kzp,/m/0d0x8,/people/person/places_lived./people/place_lived/location,**Predicted Relation:** /people/person/places_lived./people/place_lived/location,/people/person/places_lived./people/place_lived/location
1479,/m/012vct,/m/05zppz,/people/person/gender,**Predicted Relation:** /people/person/gender,/people/person/gender
1480,/m/0k345,/m/02whj,/music/genre/artists,**Predicted Relation:** /music/genre/artists,/music/genre/artists
1481,/m/03w94xt,/m/01vt5c_,/music/genre/artists,**Predicted Relation:** /music/genre/artists,/music/genre/artists
1482,/m/064t9,/m/0152cw,/music/genre/artists,**Predicted Relation:** /music/genre/artists,/music/genre/artists
1483,/m/0g1rw,/m/06pyc2,/film/film_distributor/films_distributed./film/film_film_distributor_relationship/film,**Predicted Relation:** /film/film_distributor/films_distributed./film/film_film_distributor_relationship/film,/film/film_distributor/films_distributed./film/film_film_distributor_relationship/film
1484,/m/0gr42,/m/073hgx,/award/award_category/winners./award/award_honor/ceremony,**Predicted Relation:** /award/award_category/winners./award/award_honor/ceremony,/award/award_category/winners./award/award_honor/ceremony
1485,/m/015njf,/m/0grd7,/people/person/place_of_birth,**Predicted Relation:** /people/person/place_of_birth,/people/person/place_of_birth
1486,/m/039c26,/m/05w1vf,/tv/tv_program/regular_cast./tv/regular_tv_appearance/actor,**Predicted Relation:** /tv/tv_program/regular_cast./tv/regular_tv_appearance/actor,/tv/tv_program/regular_cast./tv/regular_tv_appearance/actor
1487,/m/0g768,/m/030155,/music/record_label/artist,**Predicted Relation:** /music/record_label/artist,/music/record_label/artist
1488,/m/04gcyg,/m/03k9fj,/film/film/genre,**Predicted Relation:** /film/film/genre,/film/film/genre
1489,/m/0hmm7,/m/0cj16,/film/film/film_format,**Predicted Relation:** /film/film/film_format,/film/film/film_format
1490,/m/02bqy,/m/05pcjw,/education/educational_institution/school_type,**Predicted Relation:** /education/educational_institution/school_type,/education/educational_institution/school_type
1491,/m/014mlp,/m/01y9qr,/education/educational_degree/people_with_this_degree./education/education/institution,**Predicted Relation:** /education/educational_degree/people_with_this_degree./education/education/institution,/education/educational_degree/people_with_this_degree./education/education/institution
1492,/m/03_gd,/m/02hrh1q,/people/person/profession,**Predicted Relation:** /people/person/profession,/people/person/profession
1493,/m/03hl6lc,/m/03mz5b,/award/award_category/nominees./award/award_nomination/nominated_for,**Predicted Relation:** /award/award_category/nominees./award/award_nomination/nominated_for,/award/award_category/nominees./award/award_nomination/nominated_for
1494,/m/024tcq,/m/05fhy,/government/legislative_session/members./government/government_position_held/district_represented,**Predicted Relation:** /government/legislative_session/members./government/government_position_held/district_represented,/government/legislative_session/members./government/government_position_held/district_represented
1495,/m/0gq9h,/m/05hmp6,/award/award_category/winners./award/award_honor/ceremony,**Predicted Relation:** /award/award_category/winners./award/award_honor/award_winner,/award/award_category/winners./award/award_honor/award_winner
1496,/m/0b_dy,/m/04kxsb,/award/award_nominee/award_nominations./award/award_nomination/award,**Predicted Relation:** /award/award_nominee/award_nominations./award/award_nomination/nominated_for,/award/award_nominee/award_nominations./award/award_nomination/nominated_for
1497,/m/02v3yy,/m/0nbcg,/people/person/profession,**Predicted Relation:** /people/person/profession,/people/person/profession
1498,/m/035gnh,/m/07fb8_,/film/film/film_format,**Predicted Relation:** /film/film/film_format,/film/film/film_format
1499,/m/03kts,/m/02qk3fk,/film/actor/film./film/performance/film,**Predicted Relation:** /film/actor/film./film/performance/film,/film/actor/film./film/performance/film
1500,/m/02x1dht,/m/0gvt53w,/award/award_category/nominees./award/award_nomination/nominated_for,**Predicted Relation:** /award/award_nominee/award_nominations./award/award_nomination/nominated_for,/award/award_nominee/award_nominations./award/award_nomination/nominated_for
1501,/m/047qxs,/m/029j_,/film/film/release_date_s./film/film_regional_release_date/film_release_distribution_medium,**Predicted Relation:** /film/film/release_date_s./film/film_regional_release_date/film_release_distribution_medium,/film/film/release_date_s./film/film_regional_release_date/film_release_distribution_medium
1502,/m/025t9b,/m/04jpl,/people/person/places_lived./people/place_lived/location,**Predicted Relation:** /people/person/places_lived./people/place_lived/location,/people/person/places_lived./people/place_lived/location
1503,/m/02w86hz,/m/05sb1,/film/film/release_date_s./film/film_regional_release_date/film_release_region,**Predicted Relation:** /film/film/country,/film/film/country
1504,/m/027xx3,/m/05qjt,/education/educational_institution/students_graduates./education/education/major_field_of_study,**Predicted Relation:** /education/educational_institution/students_graduates./education/education/major_field_of_study,/education/educational_institution/students_graduates./education/education/major_field_of_study
1505,/m/0ggx5q,/m/0840vq,/music/genre/artists,**Predicted Relation:** /music/genre/artists,/music/genre/artists
1506,/m/05zy2cy,/m/0jgd,/film/film/runtime./film/film_cut/film_release_region,**Predicted Relation:** /film/film/country,/film/film/country
1507,/m/01vsn38,/m/0830vk,/film/actor/film./film/performance/film,**Predicted Relation:** /film/actor/film./film/performance/film,/film/actor/film./film/performance/film
1508,/m/01fmys,/m/04g5k,/film/film/release_date_s./film/film_regional_release_date/film_release_region,**Predicted Relation:** /film/film/release_date_s./film/film_regional_release_date/film_release_region,/film/film/release_date_s./film/film_regional_release_date/film_release_region
1509,/m/0pz7h,/m/03ccq3s,/award/award_nominee/award_nominations./award/award_nomination/award,**Predicted Relation:** /award/award_winner/awards_won./award/award_honor/award,/award/award_winner/awards_won./award/award_honor/award
1510,/m/02633g,/m/09nqf,/base/schemastaging/person_extra/net_worth./measurement_unit/dated_money_value/currency,**Predicted Relation:** /base/schemastaging/person_extra/net_worth./measurement_unit/dated_money_value/currency,/base/schemastaging/person_extra/net_worth./measurement_unit/dated_money_value/currency
1511,/m/0d075m,/m/06bss,/government/political_party/politicians_in_this_party./government/political_party_tenure/politician,**Predicted Relation:** /government/political_party/politicians_in_this_party./government/political_party_tenure/politician,/government/political_party/politicians_in_this_party./government/political_party_tenure/politician
1512,/m/0jsf6,/m/0gq_v,/award/award_winning_work/awards_won./award/award_honor/award,**Predicted Relation:** /award/award_winning_work/awards_won./award/award_honor/award,/award/award_winning_work/awards_won./award/award_honor/award
1513,/m/0f61tk,/m/029j_,/film/film/release_date_s./film/film_regional_release_date/film_release_distribution_medium,**Predicted Relation:** /film/film/release_date_s./film/film_regional_release_date/film_release_distribution_medium,/film/film/release_date_s./film/film_regional_release_date/film_release_distribution_medium
1514,/m/06by7,/m/07yg2,/music/genre/artists,**Predicted Relation:** /music/genre/artists,/music/genre/artists
1515,/m/01cf93,/m/0259r0,/music/record_label/artist,**Predicted Relation:** /music/record_label/artist,/music/record_label/artist
1516,/m/0gx_st,/m/05lfwd,/award/award_ceremony/awards_presented./award/award_honor/honored_for,**Predicted Relation:** /award/award_category/nominees./award/award_nomination/nominated_for,/award/award_category/nominees./award/award_nomination/nominated_for
1517,/m/01vs_v8,/m/0dz3r,/people/person/profession,**Predicted Relation:** /people/person/profession,/people/person/profession
1518,/m/02prwdh,/m/02h40lc,/film/film/language,**Predicted Relation:** /film/film/country./location/country/official_language,/film/film/country./location/country/official_language
1519,/m/0gcs9,/m/01vdm0,/music/artist/track_contributions./music/track_contribution/role,**Predicted Relation:** /music/artist/track_contributions./music/track_contribution/role,/music/artist/track_contributions./music/track_contribution/role
1520,/m/04ydr95,/m/01jfsb,/film/film/genre,**Predicted Relation:** /film/film/genre,/film/film/genre
1521,/m/017drs,/m/049n7,/sports/sports_position/players./sports/sports_team_roster/team,**Predicted Relation:** /sports/sports_position/players./sports/sports_team_roster/team,/sports/sports_position/players./sports/sports_team_roster/team
1522,/m/08b0cj,/m/0fnc_,/people/person/spouse_s./people/marriage/location_of_ceremony,**Predicted Relation:** /location/country/capital,/location/country/capital
1523,/m/029qzx,/m/01yg9y,/education/educational_institution/students_graduates./education/education/student,**Predicted Relation:** /award/award_nominee/award_nominations./award/award_nomination/nominated_for,/award/award_nominee/award_nominations./award/award_nomination/nominated_for
1524,/m/01nm3s,/m/027l4q,/people/person/places_lived./people/place_lived/location,**Predicted Relation:** /people/person/places_lived./people/place_lived/location,/people/person/places_lived./people/place_lived/location
1525,/m/0gqng,/m/0bzknt,/award/award_category/winners./award/award_honor/ceremony,**Predicted Relation:** /award/award_category/winners./award/award_honor/ceremony,/award/award_category/winners./award/award_honor/ceremony
1526,/m/0lx2l,/m/07_jd,/base/eating/practicer_of_diet/diet,**Predicted Relation:** /base/eating/practicer_of_diet/diet,/base/eating/practicer_of_diet/diet
1527,/m/0kz2w,/m/02j62,/education/educational_institution/students_graduates./education/education/major_field_of_study,**Predicted Relation:** /education/educational_institution/students_graduates./education/education/major_field_of_study,/education/educational_institution/students_graduates./education/education/major_field_of_study
1528,/m/0cqh57,/m/01cssf,/award/award_nominee/award_nominations./award/award_nomination/nominated_for,**Predicted Relation:** /film/film/cinematography,/film/film/cinematography
1529,/m/0ff2k,/m/0kyk,/people/person/profession,**Predicted Relation:** /people/person/profession,/people/person/profession
1530,/m/06c62,/m/0ytc,/sports/sports_team_location/teams,**Predicted Relation:** /sports/sports_team/sport,/sports/sports_team/sport
1531,/m/0k2sk,/m/02kdv5l,/film/film/genre,**Predicted Relation:** /film/film/genre,/film/film/genre
1532,/m/0bqytm,/m/0345h,/people/person/nationality,**Predicted Relation:** /people/person/nationality,/people/person/nationality
1533,/m/0f2sx4,/m/074w86,/award/award_nominated_work/award_nominations./award/award_nomination/nominated_for,**Predicted Relation:** /film/film/production_companies,/film/film/production_companies
1534,/m/0fphf3v,/m/0k6nt,/film/film/release_date_s./film/film_regional_release_date/film_release_region,**Predicted Relation:** /film/film/release_date_s./film/film_regional_release_date/film_release_region,/film/film/release_date_s./film/film_regional_release_date/film_release_region
1535,/m/0dwz3t,/m/02vx4,/sports/sports_team/sport,**Predicted Relation:** /sports/pro_athlete/teams./sports/sports_team_roster/team,/sports/pro_athlete/teams./sports/sports_team_roster/team
1536,/m/09qwmm,/m/0416y94,/award/award_category/nominees./award/award_nomination/nominated_for,**Predicted Relation:** /film/actor/film./film/performance/film,/film/actor/film./film/performance/film
1537,/m/0478__m,/m/0nbcg,/people/person/profession,**Predicted Relation:** /people/person/profession,/people/person/profession
1538,/m/02hct1,/m/01l9p,/tv/tv_program/regular_cast./tv/regular_tv_appearance/actor,**Predicted Relation:** /tv/tv_program/regular_cast,/tv/tv_program/regular_cast
1539,/m/0hgnl3t,/m/0ch6mp2,/film/film/other_crew./film/film_crew_gig/film_crew_role,**Predicted Relation:** /film/film/other_crew./film/film_crew_gig/film_crew_role,/film/film/other_crew./film/film_crew_gig/film_crew_role
1540,/m/043sct5,/m/01mjq,/film/film/release_date_s./film/film_regional_release_date/film_release_region,**Predicted Relation:** /film/film/release_date_s./film/film_regional_release_date/film_release_region,/film/film/release_date_s./film/film_regional_release_date/film_release_region
1541,/m/01g5kv,/m/0dxtg,/people/person/profession,**Predicted Relation:** /people/person/profession,/people/person/profession
1542,/m/0g2jl,/m/05qjt,/education/educational_institution/students_graduates./education/education/major_field_of_study,**Predicted Relation:** /education/educational_institution/students_graduates./education/education/major_field_of_study,/education/educational_institution/students_graduates./education/education/major_field_of_study
1543,/m/01hkhq,/m/02hrh1q,/people/person/profession,**Predicted Relation:** /people/person/profession,/people/person/profession
1544,/m/04cppj,/m/0b90_r,/film/film/release_date_s./film/film_regional_release_date/film_release_region,**Predicted Relation:** /film/film/country,/film/film/country
1545,/m/041rx,/m/0mdyn,/people/ethnicity/people,**Predicted Relation:** /people/person/profession,/people/person/profession
1546,/m/021q1c,/m/01k7xz,/business/job_title/people_with_this_title./business/employment_tenure/company,**Predicted Relation:** /education/educational_institution/students_graduates./education/education/institution,/education/educational_institution/students_graduates./education/education/institution
1547,/m/0f25w9,/m/0g5gq,/food/food/nutrients./food/nutrition_fact/nutrient,**Predicted Relation:** /food/food/nutrients./food/nutrition_fact/nutrient,/food/food/nutrients./food/nutrition_fact/nutrient
1548,/m/06w38l,/m/0gr4k,/award/award_nominee/award_nominations./award/award_nomination/award,**Predicted Relation:** /award/award_nominee/award_nominations./award/award_nomination/award,/award/award_nominee/award_nominations./award/award_nomination/award
1549,/m/02jx1,/m/01z28b,/location/location/contains,**Predicted Relation:** /location/location/contains,/location/location/contains
1550,/m/06pk8,/m/0dxtg,/people/person/profession,**Predicted Relation:** /people/person/profession,/people/person/profession
1551,/m/01mwsnc,/m/0dz3r,/people/person/profession,**Predicted Relation:** /people/person/profession,/people/person/profession
1552,/m/09xvf7,/m/0gq9h,/award/award_nominee/award_nominations./award/award_nomination/award,**Predicted Relation:** /award/award_nominee/award_nominations./award/award_nomination/award,/award/award_nominee/award_nominations./award/award_nomination/award
1553,/m/01q460,/m/062z7,/education/educational_institution/students_graduates./education/education/major_field_of_study,**Predicted Relation:** /education/educational_institution/students_graduates./education/education/major_field_of_study,/education/educational_institution/students_graduates./education/education/major_field_of_study
1554,/m/03hkv_r,/m/071nw5,/award/award_category/nominees./award/award_nomination/nominated_for,**Predicted Relation:** /award/award_nominee/award_nominations./award/award_nomination/nominated_for,/award/award_nominee/award_nominations./award/award_nomination/nominated_for
1555,/m/01trhmt,/m/08swgx,/base/popstra/celebrity/canoodled./base/popstra/canoodled/participant,**Predicted Relation:** /people/person/profession,/people/person/profession
1556,/m/0173b0,/m/0889x,/music/genre/artists,**Predicted Relation:** /music/genre/artists,/music/genre/artists
1557,/m/01ync,/m/09ggk,/sports/sports_team/colors,**Predicted Relation:** /sports/sports_team/colors,/sports/sports_team/colors
1558,/m/0frq6,/m/075pwf,/food/food/nutrients./food/nutrition_fact/nutrient,**Predicted Relation:** /food/food/nutrients./food/nutrition_fact/nutrient,/food/food/nutrients./food/nutrition_fact/nutrient
1559,/m/05c26ss,/m/03ryn,/film/film/release_date_s./film/film_regional_release_date/film_release_region,**Predicted Relation:** /film/film/language,/film/film/language
1560,/m/0bvn25,/m/030qb3t,/film/film/featured_film_locations,**Predicted Relation:** /film/film/production_companies,/film/film/production_companies
1561,/m/0fbvqf,/m/0gvstc3,/award/award_category/winners./award/award_honor/ceremony,**Predicted Relation:** /award/award_category/nominees./award/award_nomination/nominated_for,/award/award_category/nominees./award/award_nomination/nominated_for
1562,/m/014w_8,/m/01hbgs,/medicine/disease/risk_factors,**Predicted Relation:** /medicine/disease/risk_factors,/medicine/disease/risk_factors
1563,/m/0f7hw,/m/02l7c8,/film/film/genre,**Predicted Relation:** /film/film/genre,/film/film/genre
1564,/m/09p30_,/m/0l76z,/award/award_ceremony/awards_presented./award/award_honor/honored_for,**Predicted Relation:** /award/award_winning_work/awards_won./award/award_honor/award_winner,/award/award_winning_work/awards_won./award/award_honor/award_winner
1565,/m/0k345,/m/06br6t,/music/genre/artists,**Predicted Relation:** /music/genre/artists,/music/genre/artists
1566,/m/03hl6lc,/m/08nvyr,/award/award_category/nominees./award/award_nomination/nominated_for,**Predicted Relation:** /award/award_category/nominees./award/award_nomination/nominated_for,/award/award_category/nominees./award/award_nomination/nominated_for
1567,/m/05z7c,/m/0k0rf,/award/award_nominated_work/award_nominations./award/award_nomination/nominated_for,**Predicted Relation:** /film/director/film,/film/director/film
1568,/m/08815,/m/08mbj5d,/common/topic/webpage./common/webpage/category,**Predicted Relation:** /education/educational_institution/students_graduates./education/education/student,/education/educational_institution/students_graduates./education/education/student
1569,/m/0gh65c5,/m/06mkj,/film/film/release_date_s./film/film_regional_release_date/film_release_region,**Predicted Relation:** /film/film/release_date_s./film/film_regional_release_date/film_release_region,/film/film/release_date_s./film/film_regional_release_date/film_release_region
1570,/m/01y_px,/m/0gr07,/award/award_nominee/award_nominations./award/award_nomination/award,**Predicted Relation:** /award/award_nominee/award_nominations./award/award_nomination/award,/award/award_nominee/award_nominations./award/award_nomination/award
1571,/m/03q5t,/m/025cbm,/music/performance_role/track_performances./music/track_contribution/role,**Predicted Relation:** /music/artist/track_contributions./music/track_contribution/role,/music/artist/track_contributions./music/track_contribution/role
1572,/m/04s934,/m/06fvc,/education/educational_institution/colors,**Predicted Relation:** /education/educational_institution/colors,/education/educational_institution/colors
1573,/m/02r0csl,/m/01mgw,/award/award_category/nominees./award/award_nomination/nominated_for,**Predicted Relation:** /award/award_category/nominees./award/award_nomination/nominated_for,/award/award_category/nominees./award/award_nomination/nominated_for
1574,/m/02773m2,/m/02krf9,/people/person/profession,**Predicted Relation:** /people/person/profession,/people/person/profession
1575,/m/0bmpm,/m/02h40lc,/film/film/language,**Predicted Relation:** /film/film/language,/film/film/language
1576,/m/02825cv,/m/0jgd,/film/film/release_date_s./film/film_regional_release_date/film_release_region,**Predicted Relation:** /film/film/language,/film/film/language
1577,/m/035s95,/m/09vw2b7,/film/film/other_crew./film/film_crew_gig/film_crew_role,**Predicted Relation:** /film/film/other_crew./film/film_crew_gig/film_crew_role,/film/film/other_crew./film/film_crew_gig/film_crew_role
1578,/m/01ycck,/m/02jx1,/people/person/nationality,**Predicted Relation:** /people/person/place_of_birth,/people/person/place_of_birth
1579,/m/02gnmp,/m/016yr0,/education/educational_institution/students_graduates./education/education/student,**Predicted Relation:** /people/person/place_of_birth,/people/person/place_of_birth
1580,/m/08fn5b,/m/01_d4,/film/film/featured_film_locations,**Predicted Relation:** /film/film/featured_film_locations,/film/film/featured_film_locations
1581,/m/0d060g,/m/04k4l,/organization/organization_member/member_of./organization/organization_membership/organization,**Predicted Relation:** /organization/organization_member/member_of./organization/organization_membership/organization,/organization/organization_member/member_of./organization/organization_membership/organization
1582,/m/0hdf8,/m/01mxt_,/music/genre/artists,**Predicted Relation:** /music/genre/artists,/music/genre/artists
1583,/m/09sh8k,/m/02h40lc,/film/film/language,**Predicted Relation:** /film/film/language,/film/film/language
1584,/m/01d38g,/m/015bwt,/award/award_category/winners./award/award_honor/award_winner,**Predicted Relation:** /award/award_category/nominees./award/award_nomination/nominated_for,/award/award_category/nominees./award/award_nomination/nominated_for
1585,/m/0dkv90,/m/01vx2h,/film/film/other_crew./film/film_crew_gig/film_crew_role,**Predicted Relation:** /film/film/other_crew./film/film_crew_gig/film_crew_role,/film/film/other_crew./film/film_crew_gig/film_crew_role
1586,/m/03mh_tp,/m/01m5m5b,/film/film/music,**Predicted Relation:** /film/film/music,/film/film/music
1587,/m/03bx0bm,/m/01xqw,/music/performance_role/regular_performances./music/group_membership/role,**Predicted Relation:** /music/performance_role/regular_performances./music/group_membership/role,/music/performance_role/regular_performances./music/group_membership/role
1588,/m/04wlz2,/m/083jv,/education/educational_institution/colors,**Predicted Relation:** /education/educational_institution/colors,/education/educational_institution/colors
1589,/m/01jzyx,/m/0c1ps1,/education/educational_institution/students_graduates./education/education/student,**Predicted Relation:** /tv/tv_program/regular_cast./tv/regular_tv_appearance/actor,/tv/tv_program/regular_cast./tv/regular_tv_appearance/actor
1590,/m/07nxnw,/m/029j_,/film/film/release_date_s./film/film_regional_release_date/film_release_distribution_medium,**Predicted Relation:** /film/film/release_date_s./film/film_regional_release_date/film_release_distribution_medium,/film/film/release_date_s./film/film_regional_release_date/film_release_distribution_medium
1591,/m/015vq_,/m/09sb52,/award/award_nominee/award_nominations./award/award_nomination/award,**Predicted Relation:** /award/award_nominee/award_nominations./award/award_nomination/award,/award/award_nominee/award_nominations./award/award_nomination/award
1592,/m/01vwbts,/m/026t6,/music/artist/track_contributions./music/track_contribution/role,**Predicted Relation:** /music/instrument/instrumentalists,/music/instrument/instrumentalists
1593,/m/03c_cxn,/m/03crcpt,/film/film/edited_by,**Predicted Relation:** /film/film/edited_by,/film/film/edited_by
1594,/m/024n3z,/m/04ztj,/people/person/spouse_s./people/marriage/type_of_union,**Predicted Relation:** /people/person/spouse_s./people/marriage/type_of_union,/people/person/spouse_s./people/marriage/type_of_union
1595,/m/025vry,/m/04ztj,/people/person/spouse_s./people/marriage/type_of_union,**Predicted Relation:** /people/person/spouse_s./people/marriage/location_of_ceremony,/people/person/spouse_s./people/marriage/location_of_ceremony
1596,/m/0fkvn,/m/0498y,/government/government_office_category/officeholders./government/government_position_held/jurisdiction_of_office,**Predicted Relation:** /government/politician/government_positions_held./government/government_position_held/jurisdiction_of_office,/government/politician/government_positions_held./government/government_position_held/jurisdiction_of_office
1597,/m/017_cl,/m/0j2jr,/sports/sports_team_location/teams,**Predicted Relation:** /sports/pro_athlete/teams./sports/sports_team_roster/team,/sports/pro_athlete/teams./sports/sports_team_roster/team
1598,/m/04b_46,/m/058ncz,/education/educational_institution/students_graduates./education/education/student,**Predicted Relation:** /education/educational_institution/students_graduates./education/education/student,/education/educational_institution/students_graduates./education/education/student
1599,/m/02tktw,/m/09nqf,/film/film/estimated_budget./measurement_unit/dated_money_value/currency,**Predicted Relation:** /film/film/country,/film/film/country
1600,/m/05v10,/m/06sks6,/olympics/olympic_participating_country/athletes./olympics/olympic_athlete_affiliation/olympics,**Predicted Relation:** /olympics/olympic_participating_country/athletes./olympics/olympic_athlete_affiliation/olympics,/olympics/olympic_participating_country/athletes./olympics/olympic_athlete_affiliation/olympics
1601,/m/025rzfc,/m/02psqkz,/military/military_conflict/combatants./military/military_combatant_group/combatants,**Predicted Relation:** /military/military_conflict/combatants./military/military_combatant_group/combatants,/military/military_conflict/combatants./military/military_combatant_group/combatants
1602,/m/0m63c,/m/09pmkv,/film/film/release_date_s./film/film_regional_release_date/film_release_region,**Predicted Relation:** /film/film/language,/film/film/language
1603,/m/0p9sw,/m/08720,/award/award_category/nominees./award/award_nomination/nominated_for,**Predicted Relation:** /award/award_nominee/award_nominations./award/award_nomination/nominated_for,/award/award_nominee/award_nominations./award/award_nomination/nominated_for
1604,/m/07jq_,/m/02bvt,/people/cause_of_death/people,**Predicted Relation:** /people/deceased_person/place_of_death,/people/deceased_person/place_of_death
1605,/m/0btpm6,/m/02hvd,/film/film/production_companies,**Predicted Relation:** /film/film/production_companies,/film/film/production_companies
1606,/m/029ql,/m/09c7w0,/people/person/nationality,**Predicted Relation:** /people/person/place_of_birth,/people/person/place_of_birth
1607,/m/0h7h6,/m/0jmcb,/sports/sports_team_location/teams,**Predicted Relation:** /sports/pro_athlete/teams./sports/sports_team_roster/team,/sports/pro_athlete/teams./sports/sports_team_roster/team
1608,/m/04f0xq,/m/05fjf,/organization/organization/headquarters./location/mailing_address/state_province_region,**Predicted Relation:** /organization/organization/headquarters./location/mailing_address/state_province_region,/organization/organization/headquarters./location/mailing_address/state_province_region
1609,/m/01k3s2,/m/05jxkf,/education/educational_institution/school_type,**Predicted Relation:** /education/educational_institution/school_type,/education/educational_institution/school_type
1610,/m/0h3xztt,/m/01p8s,/film/film/release_date_s./film/film_regional_release_date/film_release_region,**Predicted Relation:** /film/film/release_date_s./film/film_regional_release_date/film_release_region,/film/film/release_date_s./film/film_regional_release_date/film_release_region
1611,/m/0chghy,/m/0c8wxp,/location/statistical_region/religions./location/religion_percentage/religion,**Predicted Relation:** /location/statistical_region/religions./location/religion_percentage/religion,/location/statistical_region/religions./location/religion_percentage/religion
1612,/m/0gvbw,/m/0cr3d,/organization/organization/place_founded,**Predicted Relation:** /organization/organization/headquarters./location/mailing_address/citytown,/organization/organization/headquarters./location/mailing_address/citytown
1613,/m/02pjc1h,/m/01t_vv,/film/film/genre,**Predicted Relation:** /film/film/genre,/film/film/genre
1614,/m/02js6_,/m/01zfzb,/film/actor/film./film/performance/film,**Predicted Relation:** /award/award_nominee/award_nominations./award/award_nomination/award,/award/award_nominee/award_nominations./award/award_nomination/award
1615,/m/0181dw,/m/0892sx,/music/record_label/artist,**Predicted Relation:** /music/record_label/artist,/music/record_label/artist
1616,/m/081pw,/m/0bs4r,/film/film_subject/films,**Predicted Relation:** /film/film_subject/films,/film/film_subject/films
1617,/m/07y_7,/m/0134wr,/music/performance_role/regular_performances./music/group_membership/group,**Predicted Relation:** /music/instrument/instrumentalists,/music/instrument/instrumentalists
1618,/m/027x7z5,/m/09vw2b7,/film/film/other_crew./film/film_crew_gig/film_crew_role,**Predicted Relation:** /film/film/other_crew./film/film_crew_gig/film_crew_role,/film/film/other_crew./film/film_crew_gig/film_crew_role
1619,/m/0cz_ym,/m/04rtpt,/film/film/production_companies,**Predicted Relation:** /film/film/production_companies,/film/film/production_companies
1620,/m/060c4,/m/02bm1v,/business/job_title/people_with_this_title./business/employment_tenure/company,**Predicted Relation:** /organization/organization/headquarters./location/mailing_address/country,/organization/organization/headquarters./location/mailing_address/country
1621,/m/03n3gl,/m/0ch6mp2,/film/film/other_crew./film/film_crew_gig/film_crew_role,**Predicted Relation:** /film/film/other_crew./film/film_crew_gig/film_crew_role,/film/film/other_crew./film/film_crew_gig/film_crew_role
1622,/m/043q4d,/m/0gps0z,/tv/non_character_role/tv_regular_personal_appearances./tv/tv_regular_personal_appearance/person,**Predicted Relation:** /tv/non_character_role/tv_regular_personal_appearances./tv/tv_regular_personal_appearance/person,/tv/non_character_role/tv_regular_personal_appearances./tv/tv_regular_personal_appearance/person
1623,/m/0sxdg,/m/06jplb,/organization/organization/child./organization/organization_relationship/child,**Predicted Relation:** /organization/organization_founder/organizations_founded,/organization/organization_founder/organizations_founded
1624,/m/01z5tr,/m/09c7w0,/people/person/nationality,**Predicted Relation:** /people/person/place_of_birth,/people/person/place_of_birth
1625,/m/01k60v,/m/06lbpz,/film/film/genre,**Predicted Relation:** /film/film/genre,/film/film/genre
1626,/m/056878,/m/0p7h7,/award/award_ceremony/awards_presented./award/award_honor/award_winner,**Predicted Relation:** /award/award_category/winners./award/award_honor/award_winner,/award/award_category/winners./award/award_honor/award_winner
1627,/m/03z_g7,/m/05zppz,/people/person/gender,**Predicted Relation:** /people/person/gender,/people/person/gender
1628,/m/01z7s_,/m/02hrh1q,/people/person/profession,**Predicted Relation:** /people/person/profession,/people/person/profession
1629,/m/04mhl,/m/0kyk,/people/person/profession,**Predicted Relation:** /people/person/profession,/people/person/profession
1630,/m/01f2w0,/m/0dl6fv,/tv/tv_network/programs./tv/tv_network_duration/program,**Predicted Relation:** /tv/tv_network/programs./tv/tv_network_duration/program,/tv/tv_network/programs./tv/tv_network_duration/program
1631,/m/01hb6v,/m/05wh0sh,/influence/influence_node/influenced_by,**Predicted Relation:** /influence/influence_node/influenced_by,/influence/influence_node/influenced_by
1632,/m/02yy88,/m/03lty,/music/genre/parent_genre,**Predicted Relation:** /music/genre/parent_genre,/music/genre/parent_genre
1633,/m/018mxj,/m/035qy,/base/schemastaging/organization_extra/phone_number./base/schemastaging/phone_sandbox/service_location,**Predicted Relation:** /location/country/contains,/location/country/contains
1634,/m/05r6t,/m/02t3ln,/music/genre/artists,**Predicted Relation:** /music/genre/artists,/music/genre/artists
1635,/m/011ycb,/m/05r4w,/film/film/release_date_s./film/film_regional_release_date/film_release_region,**Predicted Relation:** /film/film/release_date_s./film/film_regional_release_date/film_release_region,/film/film/release_date_s./film/film_regional_release_date/film_release_region
1636,/m/06sy4c,/m/05zppz,/people/person/gender,**Predicted Relation:** /people/person/gender,/people/person/gender
1637,/m/03_87,/m/04jwp,/influence/influence_node/influenced_by,**Predicted Relation:** /influence/influence_node/influenced_by,/influence/influence_node/influenced_by
1638,/m/0hwbd,/m/059rby,/people/person/places_lived./people/place_lived/location,**Predicted Relation:** /people/person/place_of_birth,/people/person/place_of_birth
1639,/m/0b_j2,/m/02v1m7,/award/award_nominee/award_nominations./award/award_nomination/award,**Predicted Relation:** /award/award_nominee/award_nominations./award/award_nomination/award,/award/award_nominee/award_nominations./award/award_nomination/award
1640,/m/038c0q,/m/0225bv,/sports/sports_league_draft/picks./sports/sports_league_draft_pick/school,**Predicted Relation:** /sports/sports_league_draft/picks./sports/sports_league_draft_pick/school,/sports/sports_league_draft/picks./sports/sports_league_draft_pick/school
1641,/m/025mbn,/m/01bx35,/award/award_category/winners./award/award_honor/ceremony,**Predicted Relation:** /award/award_category/winners./award/award_honor/ceremony,/award/award_category/winners./award/award_honor/ceremony
1642,/m/0dr_4,/m/02qt02v,/award/award_winning_work/awards_won./award/award_honor/award,**Predicted Relation:** /award/award_winning_work/awards_won./award/award_honor/award_winner,/award/award_winning_work/awards_won./award/award_honor/award_winner
1643,/m/02byfd,/m/04ztj,/people/person/spouse_s./people/marriage/type_of_union,**Predicted Relation:** /people/person/spouse_s./people/marriage/spouse,/people/person/spouse_s./people/marriage/spouse
1644,/m/031b3h,/m/013b2h,/award/award_category/winners./award/award_honor/ceremony,**Predicted Relation:** /award/award_category/winners./award/award_honor/ceremony,/award/award_category/winners./award/award_honor/ceremony
1645,/m/017gm7,/m/09nqf,/film/film/estimated_budget./measurement_unit/dated_money_value/currency,**Predicted Relation:** /film/film/release_date_s./film/film_regional_release_date/film_release_region,/film/film/release_date_s./film/film_regional_release_date/film_release_region
1646,/m/0653m,/m/043n0v_,/media_common/netflix_genre/titles,**Predicted Relation:** /film/film/language,/film/film/language
1647,/m/0853g,/m/0chghy,/location/statistical_region/places_exported_to./location/imports_and_exports/exported_to,**Predicted Relation:** /location/country/capital,/location/country/capital
1648,/m/01r3kd,/m/09c7w0,/organization/organization/headquarters./location/mailing_address/country,**Predicted Relation:** /organization/organization_member/member_of./organization/organization_membership/organization,/organization/organization_member/member_of./organization/organization_membership/organization
1649,/m/05pbsry,/m/0bz5v2,/tv/tv_program/regular_cast./tv/regular_tv_appearance/actor,**Predicted Relation:** /tv/tv_program/regular_cast./tv/regular_tv_appearance/actor,/tv/tv_program/regular_cast./tv/regular_tv_appearance/actor
1650,/m/029bkp,/m/028kk_,/people/profession/specialization_of,**Predicted Relation:** /people/person/profession,/people/person/profession
1651,/m/014l7h,/m/06v99d,/business/job_title/people_with_this_title./business/employment_tenure/company,**Predicted Relation:** /tv/tv_network/programs,/tv/tv_network/programs
1652,/m/01lyv,/m/028hc2,/music/genre/artists,**Predicted Relation:** /music/genre/artists,/music/genre/artists
1653,/m/03w94xt,/m/0191h5,/music/genre/artists,**Predicted Relation:** /music/genre/artists,/music/genre/artists
1654,/m/01pny5,/m/01g63y,/people/person/spouse_s./people/marriage/type_of_union,**Predicted Relation:** /people/marriage_union_type/unions_of_this_type./people/marriage/location_of_ceremony,/people/marriage_union_type/unions_of_this_type./people/marriage/location_of_ceremony
1655,/m/04_jsg,/m/05zppz,/people/person/gender,**Predicted Relation:** /people/person/gender,/people/person/gender
1656,/m/0jrny,/m/07w8f,/people/person/religion,**Predicted Relation:** /people/person/religion,/people/person/religion
1657,/m/07wm6,/m/05jxkf,/education/educational_institution/school_type,**Predicted Relation:** /education/educational_institution/school_type,/education/educational_institution/school_type
1658,/m/02x73k6,/m/0blpg,/award/award_category/nominees./award/award_nomination/nominated_for,**Predicted Relation:** /award/award_category/nominees./award/award_nomination/nominated_for,/award/award_category/nominees./award/award_nomination/nominated_for
1659,/m/03f7xg,/m/09c7w0,/film/film/country,**Predicted Relation:** /film/film/country,/film/film/country
1660,/m/0mbql,/m/0735l,/film/film/distributors./film/film_film_distributor_relationship/film_distribution_medium,**Predicted Relation:** /film/film/distributors./film/film_film_distributor_relationship/film_distribution_medium,/film/film/distributors./film/film_film_distributor_relationship/film_distribution_medium
1661,/m/0ckm4x,/m/013d7t,/people/person/place_of_birth,**Predicted Relation:** /people/person/place_of_birth,/people/person/place_of_birth
1662,/m/0gdh5,/m/092bf5,/people/person/religion,**Predicted Relation:** /people/person/religion,/people/person/religion
1663,/m/013b2h,/m/01mskc3,/award/award_ceremony/awards_presented./award/award_honor/award_winner,**Predicted Relation:** /award/award_category/nominees./award/award_nomination/nominated_for,/award/award_category/nominees./award/award_nomination/nominated_for
1664,/m/0404j37,/m/09vw2b7,/film/film/other_crew./film/film_crew_gig/film_crew_role,**Predicted Relation:** /film/film/other_crew./film/film_crew_gig/film_crew_role,/film/film/other_crew./film/film_crew_gig/film_crew_role
1665,/m/01jpqb,/m/05qfh,/education/educational_institution/students_graduates./education/education/major_field_of_study,**Predicted Relation:** /education/educational_institution/students_graduates./education/education/major_field_of_study,/education/educational_institution/students_graduates./education/education/major_field_of_study
1666,/m/02fj8n,/m/01wgr,/film/film/language,**Predicted Relation:** /film/film/language,/film/film/language
1667,/m/02w7gg,/m/01v9724,/people/ethnicity/people,**Predicted Relation:** /people/person/nationality,/people/person/nationality
1668,/m/09f2j,/m/0g26h,/education/educational_institution/students_graduates./education/education/major_field_of_study,**Predicted Relation:** /education/educational_institution/students_graduates./education/education/major_field_of_study,/education/educational_institution/students_graduates./education/education/major_field_of_study
1669,/m/05p3738,/m/02kdv5l,/film/film/genre,**Predicted Relation:** /film/film/genre,/film/film/genre
1670,/m/02r2j8,/m/09c7w0,/tv/tv_program/country_of_origin,**Predicted Relation:** /film/film/country,/film/film/country
1671,/m/014g91,/m/04ztj,/people/person/spouse_s./people/marriage/type_of_union,**Predicted Relation:** /people/marriage_union_type/unions_of_this_type./people/marriage/location_of_ceremony,/people/marriage_union_type/unions_of_this_type./people/marriage/location_of_ceremony
1672,/m/09gq0x5,/m/02h40lc,/film/film/language,**Predicted Relation:** /film/film/language,/film/film/language
1673,/m/015_1q,/m/04d_mtq,/music/record_label/artist,**Predicted Relation:** /music/record_label/artist,/music/record_label/artist
1674,/m/0fx2s,/m/02d413,/film/film_subject/films,**Predicted Relation:** /film/film_subject/films,/film/film_subject/films
1675,/m/03xx9l,/m/03gjzk,/people/person/profession,**Predicted Relation:** /people/person/profession,/people/person/profession
1676,/m/06gn7r,/m/03rk0,/people/person/nationality,**Predicted Relation:** /people/person/nationality,/people/person/nationality
1677,/m/0g9wdmc,/m/030qb3t,/film/film/release_date_s./film/film_regional_release_date/film_release_region,**Predicted Relation:** /film/film_distributor/films_distributed./film/film_film_distributor_relationship/film_distribution_medium,/film/film_distributor/films_distributed./film/film_film_distributor_relationship/film_distribution_medium
1678,/m/03lt8g,/m/09c7w0,/people/person/nationality,**Predicted Relation:** /people/person/nationality,/people/person/nationality
1679,/m/01l9p,/m/09sb52,/award/award_nominee/award_nominations./award/award_nomination/award,**Predicted Relation:** /award/award_nominee/award_nominations./award/award_nomination/nominated_for,/award/award_nominee/award_nominations./award/award_nomination/nominated_for
1680,/m/02vkvcz,/m/07ssc,/people/person/nationality,**Predicted Relation:** /people/person/nationality,/people/person/nationality
1681,/m/019z7q,/m/01tz6vs,/influence/influence_node/influenced_by,**Predicted Relation:** /influence/influence_node/influenced_by,/influence/influence_node/influenced_by
1682,/m/04z257,/m/09nqf,/film/film/estimated_budget./measurement_unit/dated_money_value/currency,**Predicted Relation:** /film/film/country,/film/film/country
1683,/m/0cfz_z,/m/03rk0,/people/person/place_of_birth,**Predicted Relation:** /people/person/nationality,/people/person/nationality
1684,/m/05gp3x,/m/04ztj,/people/person/spouse_s./people/marriage/type_of_union,**Predicted Relation:** /people/person/spouse_s./people/marriage/type_of_union,/people/person/spouse_s./people/marriage/type_of_union
1685,/m/057lbk,/m/09nqf,/film/film/estimated_budget./measurement_unit/dated_money_value/currency,**Predicted Relation:** /film/film/production_companies,/film/film/production_companies
1686,/m/0fvt2,/m/07ssc,/people/person/nationality,**Predicted Relation:** /people/person/nationality,/people/person/nationality
1687,/m/04shbh,/m/02x8n1n,/award/award_nominee/award_nominations./award/award_nomination/award,**Predicted Relation:** /award/award_nominee/award_nominations./award/award_nomination/award,/award/award_nominee/award_nominations./award/award_nomination/award
1688,/m/015p37,/m/0dxtg,/people/person/profession,**Predicted Relation:** /people/person/profession,/people/person/profession
1689,/m/03qy3l,/m/0jn38,/music/record_label/artist,**Predicted Relation:** /music/record_label/artist,/music/record_label/artist
1690,/m/0677j,/m/01lj9,/education/educational_institution/students_graduates./education/education/major_field_of_study,**Predicted Relation:** /education/educational_institution/students_graduates./education/education/major_field_of_study,/education/educational_institution/students_graduates./education/education/major_field_of_study
1691,/m/06pcz0,/m/0cp0ph6,/film/actor/film./film/performance/film,**Predicted Relation:** /film/actor/film./film/performance/film,/film/actor/film./film/performance/film
1692,/m/022p06,/m/02_286,/people/person/places_lived./people/place_lived/location,**Predicted Relation:** /people/person/place_of_birth,/people/person/place_of_birth
1693,/m/0gtx63s,/m/05b4w,/film/film/release_date_s./film/film_regional_release_date/film_release_region,**Predicted Relation:** /film/film/release_date_s./film/film_regional_release_date/film_release_region,/film/film/release_date_s./film/film_regional_release_date/film_release_region
1694,/m/05ztjjw,/m/07024,/award/award_category/nominees./award/award_nomination/nominated_for,**Predicted Relation:** /award/award_category/nominees./award/award_nomination/nominated_for,/award/award_category/nominees./award/award_nomination/nominated_for
1695,/m/03r0g9,/m/02r96rf,/film/film/other_crew./film/film_crew_gig/film_crew_role,**Predicted Relation:** /film/film/other_crew./film/film_crew_gig/film_crew_role,/film/film/other_crew./film/film_crew_gig/film_crew_role
1696,/m/03y82t6,/m/0np9r,/people/person/profession,**Predicted Relation:** /people/person/profession,/people/person/profession
1697,/m/04d817,/m/02_j1w,/soccer/football_team/current_roster./sports/sports_team_roster/position,**Predicted Relation:** /soccer/football_team/current_roster./soccer/football_roster_position/position,/soccer/football_team/current_roster./soccer/football_roster_position/position
1698,/m/03ckfl9,/m/01516r,/music/genre/artists,**Predicted Relation:** /music/genre/artists,/music/genre/artists
1699,/m/0ywrc,/m/082fr,/film/film/release_date_s./film/film_regional_release_date/film_release_region,**Predicted Relation:** /film/film/release_date_s./film/film_regional_release_date/film_release_region,/film/film/release_date_s./film/film_regional_release_date/film_release_region
1700,/m/0dw4g,/m/02f72n,/award/award_nominee/award_nominations./award/award_nomination/award,**Predicted Relation:** /award/award_nominee/award_nominations./award/award_nomination/award,/award/award_nominee/award_nominations./award/award_nomination/award
1701,/m/016_nr,/m/03f4xvm,/music/genre/artists,**Predicted Relation:** /music/genre/artists,/music/genre/artists
1702,/m/03bwzr4,/m/04chyn,/education/educational_degree/people_with_this_degree./education/education/institution,**Predicted Relation:** /education/educational_degree/people_with_this_degree./education/education/institution,/education/educational_degree/people_with_this_degree./education/education/institution
1703,/m/0f_y9,/m/01c72t,/people/person/profession,**Predicted Relation:** /people/person/profession,/people/person/profession
1704,/m/02qfv5d,/m/07j8r,/media_common/netflix_genre/titles,**Predicted Relation:** /film/film/genre,/film/film/genre
1705,/m/04h1rz,/m/03gh4,/government/legislative_session/members./government/government_position_held/district_represented,**Predicted Relation:** /government/legislative_session/members./government/government_position_held/district_represented,/government/legislative_session/members./government/government_position_held/district_represented
1706,/m/018yj6,/m/07cbcy,/award/award_nominee/award_nominations./award/award_nomination/award,**Predicted Relation:** /award/award_nominee/award_nominations./award/award_nomination/nominated_for,/award/award_nominee/award_nominations./award/award_nomination/nominated_for
1707,/m/03f1r6t,/m/02_286,/people/person/places_lived./people/place_lived/location,**Predicted Relation:** /people/person/place_of_birth,/people/person/place_of_birth
1708,/m/01zb_g,/m/08mbj5d,/common/topic/webpage./common/webpage/category,**Predicted Relation:** /common/topic/webpage./common/webpage/category,/common/topic/webpage./common/webpage/category
1709,/m/01vsykc,/m/02f705,/award/award_nominee/award_nominations./award/award_nomination/award,**Predicted Relation:** /award/award_nominee/award_nominations./award/award_nomination/award,/award/award_nominee/award_nominations./award/award_nomination/award
1710,/m/01zhs3,/m/02vx4,/sports/sports_team/sport,**Predicted Relation:** /sports/sport/pro_athletes./sports/pro_sports_played/athlete,/sports/sport/pro_athletes./sports/pro_sports_played/athlete
1711,/m/070m6c,/m/05mph,/government/legislative_session/members./government/government_position_held/district_represented,**Predicted Relation:** /government/legislative_session/members./government/government_position_held/district_represented,/government/legislative_session/members./government/government_position_held/district_represented
1712,/m/02g5bf,/m/04vmp,/people/deceased_person/place_of_death,**Predicted Relation:** /people/person/place_of_birth,/people/person/place_of_birth
1713,/m/069nzr,/m/0cqhb3,/award/award_nominee/award_nominations./award/award_nomination/award,**Predicted Relation:** /award/award_category/nominees./award/award_nomination/nominated_for,/award/award_category/nominees./award/award_nomination/nominated_for
1714,/m/03bx2lk,/m/03rj0,/film/film/release_date_s./film/film_regional_release_date/film_release_region,**Predicted Relation:** /film/film/country,/film/film/country
1715,/m/0c0nhgv,/m/02vzc,/film/film/release_date_s./film/film_regional_release_date/film_release_region,**Predicted Relation:** /film/film/release_date_s./film/film_regional_release_date/film_release_region,/film/film/release_date_s./film/film_regional_release_date/film_release_region
1716,/m/0cvkv5,/m/05p553,/film/film/genre,**Predicted Relation:** /film/film/genre,/film/film/genre
1717,/m/086k8,/m/02gpkt,/film/film_distributor/films_distributed./film/film_film_distributor_relationship/film,**Predicted Relation:** /film/film/distributors./film/film_film_distributor_relationship/film,/film/film/distributors./film/film_film_distributor_relationship/film
1718,/m/0glbqt,/m/0cq7tx,/award/award_winning_work/awards_won./award/award_honor/honored_for,**Predicted Relation:** /film/film/genre,/film/film/genre
1719,/m/0n3g,/m/05r7t,/location/statistical_region/places_exported_to./location/imports_and_exports/exported_to,**Predicted Relation:** /location/country/official_language,/location/country/official_language
1720,/m/02d45s,/m/01g63y,/people/person/spouse_s./people/marriage/type_of_union,**Predicted Relation:** /people/person/spouse_s./people/marriage/type_of_union,/people/person/spouse_s./people/marriage/type_of_union
1721,/m/02ny6g,/m/030qb3t,/film/film/featured_film_locations,**Predicted Relation:** /film/film/featured_film_locations,/film/film/featured_film_locations
1722,/m/08m4c8,/m/0345h,/people/person/nationality,**Predicted Relation:** /people/person/nationality,/people/person/nationality
1723,/m/024qwq,/m/029bkp,/people/person/profession,**Predicted Relation:** /people/person/profession,/people/person/profession
1724,/m/0f4vbz,/m/09c7w0,/people/person/nationality,**Predicted Relation:** /people/person/place_of_birth,/people/person/place_of_birth
1725,/m/0f102,/m/062z7,/education/educational_institution/students_graduates./education/education/major_field_of_study,**Predicted Relation:** /education/educational_institution/students_graduates./education/education/major_field_of_study,/education/educational_institution/students_graduates./education/education/major_field_of_study
1726,/m/0ftns,/m/08mbj5d,/common/topic/webpage./common/webpage/category,**Predicted Relation:** /common/topic/webpage./common/webpage/category,/common/topic/webpage./common/webpage/category
1727,/m/0j_c,/m/0c8wxp,/people/person/religion,**Predicted Relation:** /people/person/religion,/people/person/religion
1728,/m/027c924,/m/04sry,/award/award_category/winners./award/award_honor/award_winner,**Predicted Relation:** /award/award_category/winners./award/award_honor/award_winner,/award/award_category/winners./award/award_honor/award_winner
1729,/m/011k1h,/m/06mj4,/music/record_label/artist,**Predicted Relation:** /music/record_label/artist,/music/record_label/artist
1730,/m/03ylxn,/m/0mmd6,/base/x2010fifaworldcupsouthafrica/world_cup_squad/current_world_cup_squad./base/x2010fifaworldcupsouthafrica/current_world_cup_squad/current_club,**Predicted Relation:** /soccer/football_team/current_roster./soccer/football_roster_position/position,/soccer/football_team/current_roster./soccer/football_roster_position/position
1731,/m/049fgvm,/m/05zppz,/people/person/gender,**Predicted Relation:** /people/person/gender,/people/person/gender
1732,/m/0k1jg,/m/09nqf,/location/statistical_region/rent50_2./measurement_unit/dated_money_value/currency,**Predicted Relation:** /location/statistical_region/gdp_nominal_per_capita./measurement_unit/dated_money_value/currency,/location/statistical_region/gdp_nominal_per_capita./measurement_unit/dated_money_value/currency
1733,/m/05bcl,/m/02h40lc,/location/country/official_language,**Predicted Relation:** /location/administrative_division/first_level_division_of./location/country/official_language,/location/administrative_division/first_level_division_of./location/country/official_language
1734,/m/07f_t4,/m/01pvkk,/film/film/other_crew./film/film_crew_gig/film_crew_role,**Predicted Relation:** /film/film/other_crew./film/film_crew_gig/film_crew_role,/film/film/other_crew./film/film_crew_gig/film_crew_role
1735,/m/0jkvj,/m/03fyrh,/user/jg/default_domain/olympic_games/sports,**Predicted Relation:** /olympics/olympic_participating_country/athletes./olympics/olympic_athlete_affiliation/olympics,/olympics/olympic_participating_country/athletes./olympics/olympic_athlete_affiliation/olympics
1736,/m/070j61,/m/03ccq3s,/award/award_nominee/award_nominations./award/award_nomination/award,**Predicted Relation:** /award/award_nominee/award_nominations./award/award_nomination/nominated_for,/award/award_nominee/award_nominations./award/award_nomination/nominated_for
1737,/m/05k7sb,/m/0qkcb,/location/location/contains,**Predicted Relation:** /location/location/contains,/location/location/contains
1738,/m/0k0sb,/m/0bjv6,/language/human_language/countries_spoken_in,**Predicted Relation:** /language/human_language/countries_spoken_in,/language/human_language/countries_spoken_in
1739,/m/0gx1bnj,/m/0jgd,/film/film/release_date_s./film/film_regional_release_date/film_release_region,**Predicted Relation:** /film/film/release_date_s./film/film_regional_release_date/film_release_region,/film/film/release_date_s./film/film_regional_release_date/film_release_region
1740,/m/0892sx,/m/059rby,/music/artist/origin,**Predicted Relation:** /music/artist/origin,/music/artist/origin
1741,/m/06jvj7,/m/09jwl,/people/person/profession,**Predicted Relation:** /people/person/profession,/people/person/profession
1742,/m/02cg41,/m/04vrxh,/award/award_ceremony/awards_presented./award/award_honor/award_winner,**Predicted Relation:** /award/award_nominee/award_nominations./award/award_nomination/award,/award/award_nominee/award_nominations./award/award_nomination/award
1743,/m/02mqc4,/m/0gqwc,/award/award_nominee/award_nominations./award/award_nomination/award,**Predicted Relation:** /award/award_nominee/award_nominations./award/award_nomination/award,/award/award_nominee/award_nominations./award/award_nomination/award
1744,/m/0gmdkyy,/m/06r_by,/award/award_ceremony/awards_presented./award/award_honor/award_winner,**Predicted Relation:** /award/award_ceremony/awards_presented./award/award_honor/award_winner,/award/award_ceremony/awards_presented./award/award_honor/award_winner
1745,/m/01wv9p,/m/0c8wxp,/people/person/religion,**Predicted Relation:** /people/person/religion,/people/person/religion
1746,/m/0gs9p,/m/0dbbz,/award/award_category/winners./award/award_honor/award_winner,**Predicted Relation:** /award/award_category/winners./award/award_honor/award_winner,/award/award_category/winners./award/award_honor/award_winner
1747,/m/089j8p,/m/015fr,/film/film/release_date_s./film/film_regional_release_date/film_release_region,**Predicted Relation:** /film/film/release_date_s./film/film_regional_release_date/film_release_region,/film/film/release_date_s./film/film_regional_release_date/film_release_region
1748,/m/06g2d1,/m/04ztj,/people/person/spouse_s./people/marriage/type_of_union,**Predicted Relation:** /people/person/spouse_s./people/marriage/type_of_union,/people/person/spouse_s./people/marriage/type_of_union
1749,/m/07gknc,/m/02h40lc,/film/actor/dubbing_performances./film/dubbing_performance/language,**Predicted Relation:** /people/person/languages,/people/person/languages
1750,/m/0488g,/m/02fqwt,/location/location/time_zones,**Predicted Relation:** /location/location/time_zones,/location/location/time_zones
1751,/m/0ccck7,/m/03h64,/film/film/release_date_s./film/film_regional_release_date/film_release_region,**Predicted Relation:** /film/film/language,/film/film/language
1752,/m/02w4v,/m/01_ztw,/music/genre/artists,**Predicted Relation:** /music/genre/artists,/music/genre/artists
1753,/m/07nt8p,/m/02h40lc,/film/film/language,**Predicted Relation:** /film/film/language,/film/film/language
1754,/m/07bdd_,/m/03nx8mj,/award/award_category/nominees./award/award_nomination/nominated_for,**Predicted Relation:** /award/award_category/nominees./award/award_nomination/nominated_for,/award/award_category/nominees./award/award_nomination/nominated_for
1755,/m/0btpm6,/m/03rjj,/film/film/release_date_s./film/film_regional_release_date/film_release_region,**Predicted Relation:** /film/film/release_date_s./film/film_regional_release_date/film_release_region,/film/film/release_date_s./film/film_regional_release_date/film_release_region
1756,/m/01z4y,/m/04h41v,/media_common/netflix_genre/titles,**Predicted Relation:** /film/film/genre,/film/film/genre
1757,/m/04hwbq,/m/015fr,/film/film/release_date_s./film/film_regional_release_date/film_release_region,**Predicted Relation:** /film/film/release_date_s./film/film_regional_release_date/film_release_region,/film/film/release_date_s./film/film_regional_release_date/film_release_region
1758,/m/09r9dp,/m/01g63y,/people/person/spouse_s./people/marriage/type_of_union,**Predicted Relation:** /people/person/spouse_s./people/marriage/type_of_union,/people/person/spouse_s./people/marriage/type_of_union
1759,/m/02cl1,/m/0km5c,/base/petbreeds/city_with_dogs/top_breeds./base/petbreeds/dog_city_relationship/dog_breed,**Predicted Relation:** /base/petbreeds/city_with_dogs/top_breeds./base/petbreeds/dog_city_relationship/dog_breed,/base/petbreeds/city_with_dogs/top_breeds./base/petbreeds/dog_city_relationship/dog_breed
1760,/m/028dcg,/m/021996,/education/educational_degree/people_with_this_degree./education/education/institution,**Predicted Relation:** /education/educational_degree/people_with_this_degree./education/education/institution,/education/educational_degree/people_with_this_degree./education/education/institution
1761,/m/0h96g,/m/0bdwft,/award/award_nominee/award_nominations./award/award_nomination/award,**Predicted Relation:** /award/award_category/winners./award/award_honor/award_winner,/award/award_category/winners./award/award_honor/award_winner
1762,/m/06mmb,/m/049k07,/award/award_winner/awards_won./award/award_honor/award_winner,**Predicted Relation:** /film/actor/film./film/performance/film,/film/actor/film./film/performance/film
1763,/m/0blpg,/m/0219x_,/film/film/genre,**Predicted Relation:** /film/film/genre,/film/film/genre
1764,/m/01xllf,/m/02rrfzf,/film/actor/film./film/performance/film,**Predicted Relation:** /film/actor/film,/film/actor/film
1765,/m/02jx1,/m/013t85,/location/location/contains,**Predicted Relation:** /location/location/contains,/location/location/contains
1766,/m/028tv0,/m/0j862,/music/performance_role/regular_performances./music/group_membership/role,**Predicted Relation:** /music/performance_role/regular_performances./music/group_membership/role,/music/performance_role/regular_performances./music/group_membership/role
1767,/m/02lf1j,/m/02kk_c,/award/award_nominee/award_nominations./award/award_nomination/nominated_for,**Predicted Relation:** /tv/tv_program/regular_cast./tv/regular_tv_appearance/actor,/tv/tv_program/regular_cast./tv/regular_tv_appearance/actor
1768,/m/0gr4k,/m/09306z,/award/award_category/winners./award/award_honor/ceremony,**Predicted Relation:** /award/award_category/winners./award/award_honor/ceremony,/award/award_category/winners./award/award_honor/ceremony
1769,/m/01bx35,/m/02f1c,/award/award_ceremony/awards_presented./award/award_honor/award_winner,**Predicted Relation:** /award/award_category/winners./award/award_honor/award_winner,/award/award_category/winners./award/award_honor/award_winner
1770,/m/0f2v0,/m/02b9g4,/base/popstra/location/vacationers./base/popstra/vacation_choice/vacationer,**Predicted Relation:** /base/popstra/celebrity/friendship./base/popstra/friendship/participant,/base/popstra/celebrity/friendship./base/popstra/friendship/participant
1771,/m/09_9n,/m/06qd3,/olympics/olympic_sport/athletes./olympics/olympic_athlete_affiliation/country,**Predicted Relation:** /olympics/olympic_participating_country/athletes./olympics/olympic_athlete_affiliation/country,/olympics/olympic_participating_country/athletes./olympics/olympic_athlete_affiliation/country
1772,/m/01m15br,/m/026mg3,/award/award_nominee/award_nominations./award/award_nomination/award,**Predicted Relation:** /award/award_nominee/award_nominations./award/award_nomination/award,/award/award_nominee/award_nominations./award/award_nomination/award
1773,/m/029_3,/m/0dxtg,/people/person/profession,**Predicted Relation:** /people/person/profession,/people/person/profession
1774,/m/0dl5d,/m/047cx,/music/genre/artists,**Predicted Relation:** /music/genre/artists,/music/genre/artists
1775,/m/02lmk,/m/01g63y,/people/person/spouse_s./people/marriage/type_of_union,**Predicted Relation:** /people/person/spouse_s./people/marriage/type_of_union,/people/person/spouse_s./people/marriage/type_of_union
1776,/m/015fr,/m/0b6css,/organization/organization_member/member_of./organization/organization_membership/organization,**Predicted Relation:** /location/location/adjoin_s./location/adjoining_relationship/adjoins,/location/location/adjoin_s./location/adjoining_relationship/adjoins
1777,/m/01f7jt,/m/06n90,/film/film/genre,**Predicted Relation:** /film/film/genre,/film/film/genre
1778,/m/03x31g,/m/04vmp,/people/person/places_lived./people/place_lived/location,**Predicted Relation:** /people/person/place_of_birth,/people/person/place_of_birth
1779,/m/017s11,/m/025n07,/film/film_distributor/films_distributed./film/film_film_distributor_relationship/film,**Predicted Relation:** /film/film/production_companies,/film/film/production_companies
1780,/m/02_p8v,/m/01hp5,/film/actor/film./film/performance/film,**Predicted Relation:** /film/actor/film./film/performance/film,/film/actor/film./film/performance/film
1781,/m/07cbcy,/m/0bv8h2,/award/award_category/nominees./award/award_nomination/nominated_for,**Predicted Relation:** /award/award_category/nominees./award/award_nomination/nominated_for,/award/award_category/nominees./award/award_nomination/nominated_for
1782,/m/0163v,/m/0hzc9wc,/base/aareas/schema/administrative_area/administrative_area_type,**Predicted Relation:** /location/country/second_level_divisions,/location/country/second_level_divisions
1783,/m/0dq630k,/m/05148p4,/music/performance_role/track_performances./music/track_contribution/role,**Predicted Relation:** /music/instrument/instrumentalists,/music/instrument/instrumentalists
1784,/m/0j_sncb,/m/034h1h,/organization/organization_member/member_of./organization/organization_membership/organization,**Predicted Relation:** /organization/organization_member/member_of./organization/organization_membership/organization,/organization/organization_member/member_of./organization/organization_membership/organization
1785,/m/01wwnh2,/m/05r5c,/music/artist/track_contributions./music/track_contribution/role,**Predicted Relation:** /music/artist/track_contributions./music/track_contribution/role,/music/artist/track_contributions./music/track_contribution/role
1786,/m/0jgx,/m/0jhn7,/olympics/olympic_participating_country/medals_won./olympics/olympic_medal_honor/olympics,**Predicted Relation:** /olympics/olympic_participating_country/athletes./olympics/olympic_athlete_affiliation/olympics,/olympics/olympic_participating_country/athletes./olympics/olympic_athlete_affiliation/olympics
1787,/m/0289q,/m/03nt7j,/sports/professional_sports_team/draft_picks./sports/sports_league_draft_pick/draft,**Predicted Relation:** /sports/professional_sports_team/draft_picks./sports/sports_league_draft_pick/draft,/sports/professional_sports_team/draft_picks./sports/sports_league_draft_pick/draft
1788,/m/018pj3,/m/0tygl,/music/artist/origin,**Predicted Relation:** /people/person/place_of_birth,/people/person/place_of_birth
1789,/m/03v1s,/m/01y0s9,/location/statistical_region/religions./location/religion_percentage/religion,**Predicted Relation:** /location/statistical_region/religions./location/religion_percentage/religion,/location/statistical_region/religions./location/religion_percentage/religion
1790,/m/043q6n_,/m/01d_h8,/people/person/profession,**Predicted Relation:** /people/person/profession,/people/person/profession
1791,/m/06x76,/m/0jm_,/sports/sports_team/sport,**Predicted Relation:** /sports/sports_team/sport,/sports/sports_team/sport
1792,/m/07x4qr,/m/0k6nt,/film/film/release_date_s./film/film_regional_release_date/film_release_region,**Predicted Relation:** /film/film/release_date_s./film/film_regional_release_date/film_release_region,/film/film/release_date_s./film/film_regional_release_date/film_release_region
1793,/m/01npcy7,/m/09c7w0,/people/person/nationality,**Predicted Relation:** /people/person/spouse_s./people/marriage/location_of_ceremony,/people/person/spouse_s./people/marriage/location_of_ceremony
1794,/m/03qk20,/m/01wyz92,/music/record_label/artist,**Predicted Relation:** /music/record_label/artist,/music/record_label/artist
1795,/m/04yt7,/m/0dn44,/award/award_nominee/award_nominations./award/award_nomination/award_nominee,**Predicted Relation:** /film/film/written_by,/film/film/written_by
1796,/m/027pfg,/m/03cx282,/film/film/cinematography,**Predicted Relation:** /film/film/cinematography,/film/film/cinematography
1797,/m/0l99s,/m/03pm9,/influence/influence_node/influenced_by,**Predicted Relation:** /people/person/profession,/people/person/profession
1798,/m/07c5l,/m/0162v,/location/location/contains,**Predicted Relation:** /base/locations/continents/countries_within,/base/locations/continents/countries_within
1799,/m/01ydzx,/m/05zppz,/people/person/gender,**Predicted Relation:** /people/person/gender,/people/person/gender
1800,/m/043qqt5,/m/06b4wb,/tv/tv_program/regular_cast./tv/regular_tv_appearance/actor,**Predicted Relation:** /tv/tv_program/regular_cast./tv/regular_tv_appearance/actor,/tv/tv_program/regular_cast./tv/regular_tv_appearance/actor
1801,/m/06f41,/m/02k8k,/olympics/olympic_sport/athletes./olympics/olympic_athlete_affiliation/country,**Predicted Relation:** /olympics/olympic_sport/athletes./olympics/olympic_athlete_affiliation/country,/olympics/olympic_sport/athletes./olympics/olympic_athlete_affiliation/country
1802,/m/09kzxt,/m/0dgrmp,/soccer/football_team/current_roster./soccer/football_roster_position/position,**Predicted Relation:** /soccer/football_team/current_roster./soccer/football_roster_position/position,/soccer/football_team/current_roster./soccer/football_roster_position/position
1803,/m/01pgzn_,/m/02hrh1q,/people/person/profession,**Predicted Relation:** /people/person/profession,/people/person/profession
1804,/m/022h5x,/m/04hgpt,/education/educational_degree/people_with_this_degree./education/education/institution,**Predicted Relation:** /education/educational_degree/people_with_this_degree./education/education/institution,/education/educational_degree/people_with_this_degree./education/education/institution
1805,/m/09sdmz,/m/01rwpj,/award/award_category/nominees./award/award_nomination/nominated_for,**Predicted Relation:** /award/award_nominee/award_nominations./award/award_nomination/nominated_for,/award/award_nominee/award_nominations./award/award_nomination/nominated_for
1806,/m/07jq_,/m/01jmyj,/film/film_subject/films,**Predicted Relation:** /film/film_subject/films,/film/film_subject/films
1807,/m/0jwmp,/m/07h07,/film/film/written_by,**Predicted Relation:** /film/film/written_by,/film/film/written_by
1808,/m/0jnh,/m/04bbb8,/military/military_conflict/combatants./military/military_combatant_group/combatants,**Predicted Relation:** /military/military_combatant/military_conflicts./military/military_combatant_group/combatants,/military/military_combatant/military_conflicts./military/military_combatant_group/combatants
1809,/m/01cszh,/m/086qd,/music/record_label/artist,**Predicted Relation:** /music/record_label/artist,/music/record_label/artist
1810,/m/02h4rq6,/m/0gjv_,/education/educational_degree/people_with_this_degree./education/education/institution,**Predicted Relation:** /education/educational_degree/people_with_this_degree./education/education/institution,/education/educational_degree/people_with_this_degree./education/education/institution
1811,/m/0821j,/m/012cph,/influence/influence_node/influenced_by,**Predicted Relation:** /people/person/profession,/people/person/profession
1812,/m/0cx7f,/m/04kjrv,/music/genre/artists,**Predicted Relation:** /music/genre/artists,/music/genre/artists
1813,/m/01dtcb,/m/015bwt,/music/record_label/artist,**Predicted Relation:** /music/record_label/artist,/music/record_label/artist
1814,/m/04jwp,/m/02jx1,/people/person/nationality,**Predicted Relation:** /people/person/place_of_birth,/people/person/place_of_birth
1815,/m/0bh8drv,/m/07ssc,/film/film/country,**Predicted Relation:** /film/film/country,/film/film/country
1816,/m/0gqwc,/m/01gvyp,/award/award_category/winners./award/award_honor/award_winner,**Predicted Relation:** /award/award_category/winners./award/award_honor/award_winner,/award/award_category/winners./award/award_honor/award_winner
1817,/m/02cft,/m/0ll3,/travel/travel_destination/climate./travel/travel_destination_monthly_climate/month,**Predicted Relation:** /travel/travel_destination_monthly_climate/month,/travel/travel_destination_monthly_climate/month
1818,/m/05s_k6,/m/01fmys,/film/film_distributor/films_distributed./film/film_film_distributor_relationship/film,**Predicted Relation:** /film/film_distributor/films_distributed./film/film_film_distributor_relationship/film,/film/film_distributor/films_distributed./film/film_film_distributor_relationship/film
1819,/m/01h4rj,/m/09c7w0,/people/person/nationality,**Predicted Relation:** /people/person/nationality,/people/person/nationality
1820,/m/06pj8,/m/0157m,/base/popstra/celebrity/friendship./base/popstra/friendship/participant,**Predicted Relation:** /people/person/spouse_s./people/marriage/spouse,/people/person/spouse_s./people/marriage/spouse
1821,/m/01wkmgb,/m/09jwl,/people/person/profession,**Predicted Relation:** /people/person/profession,/people/person/profession
1822,/m/04rjg,/m/011ypx,/film/film_subject/films,**Predicted Relation:** /film/film_subject/films,/film/film_subject/films
1823,/m/0gq9h,/m/08nvyr,/award/award_category/nominees./award/award_nomination/nominated_for,**Predicted Relation:** /award/award_category/nominees./award/award_nomination/nominated_for,/award/award_category/nominees./award/award_nomination/nominated_for
1824,/m/064t9,/m/05szp,/music/genre/artists,**Predicted Relation:** /music/genre/artists,/music/genre/artists
1825,/m/0315w4,/m/09c7w0,/film/film/release_date_s./film/film_regional_release_date/film_release_region,**Predicted Relation:** /film/film/country,/film/film/country
1826,/m/0275n3y,/m/042xrr,/award/award_ceremony/awards_presented./award/award_honor/award_winner,**Predicted Relation:** /award/award_ceremony/awards_presented./award/award_honor/award_winner,/award/award_ceremony/awards_presented./award/award_honor/award_winner
1827,/m/050xxm,/m/04t36,/film/film/genre,**Predicted Relation:** /film/film/genre,/film/film/genre
1828,/m/05ftw3,/m/065zr,/organization/organization/headquarters./location/mailing_address/state_province_region,**Predicted Relation:** /location/location/contains,/location/location/contains
1829,/m/07z1_q,/m/05lb65,/award/award_nominee/award_nominations./award/award_nomination/award_nominee,**Predicted Relation:** /tv/tv_program/regular_cast./tv/regular_tv_appearance/actor,/tv/tv_program/regular_cast./tv/regular_tv_appearance/actor
1830,/m/0njpq,/m/02hcv8,/location/location/time_zones,**Predicted Relation:** /location/location/time_zones,/location/location/time_zones
1831,/m/02xry,/m/0rql_,/location/location/contains,**Predicted Relation:** /location/location/contains,/location/location/contains
1832,/m/02xwq9,/m/09c7w0,/people/person/nationality,**Predicted Relation:** /people/person/nationality,/people/person/nationality
1833,/m/02gdjb,/m/09n4nb,/award/award_category/winners./award/award_honor/ceremony,**Predicted Relation:** /award/award_category/category_of,/award/award_category/category_of
1834,/m/02f8zw,/m/05jxkf,/education/educational_institution/school_type,**Predicted Relation:** /education/educational_institution/school_type,/education/educational_institution/school_type
1835,/m/0gjc4d3,/m/04gzd,/film/film/release_date_s./film/film_regional_release_date/film_release_region,**Predicted Relation:** /film/film/release_date_s./film/film_regional_release_date/film_release_region,/film/film/release_date_s./film/film_regional_release_date/film_release_region
1836,/m/0c6g1l,/m/076zy_g,/film/actor/film./film/performance/film,**Predicted Relation:** /film/actor/film,/film/actor/film
1837,/m/0dq_5,/m/049mr,/organization/role/leaders./organization/leadership/organization,**Predicted Relation:** /business/job_title/people_with_this_title./business/employment_tenure/company,/business/job_title/people_with_this_title./business/employment_tenure/company
1838,/m/01sn3,/m/01yhm,/sports/sports_team_location/teams,**Predicted Relation:** /sports/professional_sports_team/draft_picks./sports/sports_league_draft_pick/school,/sports/professional_sports_team/draft_picks./sports/sports_league_draft_pick/school
1839,/m/02pyyld,/m/039yzs,/sports/sports_team/sport,**Predicted Relation:** /sports/sports_team/sport,/sports/sports_team/sport
1840,/m/0c8qq,/m/09c7w0,/film/film/release_date_s./film/film_regional_release_date/film_release_region,**Predicted Relation:** /film/film/distributors./film/film_film_distributor_relationship/region,/film/film/distributors./film/film_film_distributor_relationship/region
1841,/m/01ktz1,/m/02hcv8,/location/location/time_zones,**Predicted Relation:** /location/location/time_zones,/location/location/time_zones
1842,/m/0n6ds,/m/02l7c8,/film/film/genre,**Predicted Relation:** /film/film/genre,/film/film/genre
1843,/m/016zp5,/m/0bs0bh,/award/award_nominee/award_nominations./award/award_nomination/award,**Predicted Relation:** /award/award_nominee/award_nominations./award/award_nomination/award,/award/award_nominee/award_nominations./award/award_nomination/award
1844,/m/09c7w0,/m/010t4v,/location/location/contains,**Predicted Relation:** /location/location/contains,/location/location/contains
1845,/m/013xrm,/m/04306rv,/people/ethnicity/languages_spoken,**Predicted Relation:** /people/ethnicity/languages_spoken,/people/ethnicity/languages_spoken
1846,/m/065z3_x,/m/02r96rf,/film/film/other_crew./film/film_crew_gig/film_crew_role,**Predicted Relation:** /film/film/other_crew./film/film_crew_gig/film_crew_role,/film/film/other_crew./film/film_crew_gig/film_crew_role
1847,/m/0478__m,/m/09889g,/influence/influence_node/influenced_by,**Predicted Relation:** /award/award_nominee/award_nominations./award/award_nomination/award,/award/award_nominee/award_nominations./award/award_nomination/award
1848,/m/0cf08,/m/0k611,/award/award_winning_work/awards_won./award/award_honor/award,**Predicted Relation:** /award/award_winning_work/awards_won./award/award_honor/award,/award/award_winning_work/awards_won./award/award_honor/award
1849,/m/077q8x,/m/0chghy,/film/film/release_date_s./film/film_regional_release_date/film_release_region,**Predicted Relation:** /film/film/country,/film/film/country
1850,/m/0pgm3,/m/02ywwy,/award/award_nominee/award_nominations./award/award_nomination/nominated_for,**Predicted Relation:** /tv/tv_writer/tv_programs./tv/tv_program_writer_relationship/tv_program,/tv/tv_writer/tv_programs./tv/tv_program_writer_relationship/tv_program
1851,/m/01ck6v,/m/0gpjbt,/award/award_category/winners./award/award_honor/ceremony,**Predicted Relation:** /award/award_category/category_of,/award/award_category/category_of
1852,/m/06d4h,/m/023gxx,/film/film_subject/films,**Predicted Relation:** /film/film_subject/films,/film/film_subject/films
1853,/m/04zx3q1,/m/02cttt,/education/educational_degree/people_with_this_degree./education/education/institution,**Predicted Relation:** /education/educational_degree/people_with_this_degree./education/education/institution,/education/educational_degree/people_with_this_degree./education/education/institution
1854,/m/04z0g,/m/025v3k,/people/person/employment_history./business/employment_tenure/company,**Predicted Relation:** /education/educational_institution/students_graduates./education/education/student,/education/educational_institution/students_graduates./education/education/student
1855,/m/01z4y,/m/058kh7,/media_common/netflix_genre/titles,**Predicted Relation:** /film/film/genre,/film/film/genre
1856,/m/01nczg,/m/04ztj,/people/person/spouse_s./people/marriage/type_of_union,**Predicted Relation:** /people/person/spouse_s./people/marriage/type_of_union,/people/person/spouse_s./people/marriage/type_of_union
1857,/m/06by7,/m/04rcr,/music/genre/artists,**Predicted Relation:** /music/genre/artists,/music/genre/artists
1858,/m/01v40wd,/m/02hrh1q,/people/person/profession,**Predicted Relation:** /people/person/profession,/people/person/profession
1859,/m/046f3p,/m/02r96rf,/film/film/other_crew./film/film_crew_gig/film_crew_role,**Predicted Relation:** /film/film/other_crew./film/film_crew_gig/film_crew_role,/film/film/other_crew./film/film_crew_gig/film_crew_role
1860,/m/0947l,/m/05cw8,/travel/travel_destination/climate./travel/travel_destination_monthly_climate/month,**Predicted Relation:** /travel/travel_destination/climate./travel/travel_destination_monthly_climate/month,/travel/travel_destination/climate./travel/travel_destination_monthly_climate/month
1861,/m/0gr4k,/m/0pv3x,/award/award_category/nominees./award/award_nomination/nominated_for,**Predicted Relation:** /award/award_winning_work/awards_won./award/award_honor/award_winner,/award/award_winning_work/awards_won./award/award_honor/award_winner
1862,/m/02ppm4q,/m/0fgpvf,/award/award_category/nominees./award/award_nomination/nominated_for,**Predicted Relation:** /award/award_category/nominees./award/award_nomination/nominated_for,/award/award_category/nominees./award/award_nomination/nominated_for
1863,/m/05zksls,/m/0flw6,/award/award_ceremony/awards_presented./award/award_honor/award_winner,**Predicted Relation:** /award/award_category/nominees./award/award_nomination/nominated_for,/award/award_category/nominees./award/award_nomination/nominated_for
1864,/m/027752,/m/08mbj5d,/common/topic/webpage./common/webpage/category,**Predicted Relation:** /organization/organization/official_website,/organization/organization/official_website
1865,/m/0m9p3,/m/082gq,/film/film/genre,**Predicted Relation:** /film/film/genre,/film/film/genre
1866,/m/0243cq,/m/0dq6p,/film/film/distributors./film/film_film_distributor_relationship/film_distribution_medium,**Predicted Relation:** /film/film/distributors./film/film_film_distributor_relationship/film_distribution_medium,/film/film/distributors./film/film_film_distributor_relationship/film_distribution_medium
1867,/m/065ym0c,/m/0j1z8,/film/film/release_date_s./film/film_regional_release_date/film_release_region,**Predicted Relation:** /film/film/release_date_s./film/film_regional_release_date/film_release_region,/film/film/release_date_s./film/film_regional_release_date/film_release_region
1868,/m/064p92m,/m/02hrh1q,/people/person/profession,**Predicted Relation:** /people/person/profession,/people/person/profession
1869,/m/05b3ts,/m/0fbq2n,/sports/sports_position/players./sports/sports_team_roster/team,**Predicted Relation:** /sports/sports_position/players./sports/sports_team_roster/team,/sports/sports_position/players./sports/sports_team_roster/team
1870,/m/01540,/m/01mkq,/education/field_of_study/students_majoring./education/education/major_field_of_study,**Predicted Relation:** /education/field_of_study/students_majoring./education/education/major_field_of_study,/education/field_of_study/students_majoring./education/education/major_field_of_study
1871,/m/014mlp,/m/02gnh0,/education/educational_degree/people_with_this_degree./education/education/institution,**Predicted Relation:** /education/educational_institution/students_graduates./education/education/major_field_of_study,/education/educational_institution/students_graduates./education/education/major_field_of_study
1872,/m/0dzkq,/m/01hng3,/people/person/religion,**Predicted Relation:** /people/person/religion,/people/person/religion
1873,/m/03c7tr1,/m/0fphf3v,/award/award_category/nominees./award/award_nomination/nominated_for,**Predicted Relation:** /award/award_category/nominees./award/award_nomination/nominated_for,/award/award_category/nominees./award/award_nomination/nominated_for
1874,/m/03rbzn,/m/01znc_,/olympics/olympic_sport/athletes./olympics/olympic_athlete_affiliation/country,**Predicted Relation:** /olympics/olympic_sport/athletes./olympics/olympic_athlete_affiliation/country,/olympics/olympic_sport/athletes./olympics/olympic_athlete_affiliation/country
1875,/m/01cf5,/m/03z19,/organization/non_profit_organization/registered_with./organization/non_profit_registration/registering_agency,**Predicted Relation:** /organization/non_profit_organization/registered_with./organization/non_profit_registration/registering_agency,/organization/non_profit_organization/registered_with./organization/non_profit_registration/registering_agency
1876,/m/0byq0v,/m/0jc_p,/sports/sports_team/colors,**Predicted Relation:** /sports/sports_team/colors,/sports/sports_team/colors
1877,/m/02ckl3,/m/05pcjw,/education/educational_institution/school_type,**Predicted Relation:** /education/educational_institution/school_type,/education/educational_institution/school_type
1878,/m/0k611,/m/02k1pr,/award/award_category/nominees./award/award_nomination/nominated_for,**Predicted Relation:** /award/award_nominee/award_nominations./award/award_nomination/nominated_for,/award/award_nominee/award_nominations./award/award_nomination/nominated_for
1879,/m/02q52q,/m/0gqz2,/award/award_winning_work/awards_won./award/award_honor/award,**Predicted Relation:** /award/award_category/winners./award/award_honor/award_winner,/award/award_category/winners./award/award_honor/award_winner
1880,/m/0xhtw,/m/0187x8,/music/genre/artists,**Predicted Relation:** /music/genre/artists,/music/genre/artists
1881,/m/0jmdb,/m/02bhj4,/sports/professional_sports_team/draft_picks./sports/sports_league_draft_pick/school,**Predicted Relation:** /sports/professional_sports_team/draft_picks./sports/sports_league_draft_pick/school,/sports/professional_sports_team/draft_picks./sports/sports_league_draft_pick/school
1882,/m/02x1dht,/m/0404j37,/award/award_category/nominees./award/award_nomination/nominated_for,**Predicted Relation:** /award/award_category/nominees./award/award_nomination/nominated_for,/award/award_category/nominees./award/award_nomination/nominated_for
1883,/m/026lg0s,/m/08mbj5d,/common/topic/webpage./common/webpage/category,**Predicted Relation:** /sports/sports_team/roster./american_football/football_historical_roster_position/position_s,/sports/sports_team/roster./american_football/football_historical_roster_position/position_s
1884,/m/019w9j,/m/015qh,/olympics/olympic_sport/athletes./olympics/olympic_athlete_affiliation/country,**Predicted Relation:** /olympics/olympic_sport/athletes./olympics/olympic_athlete_affiliation/country,/olympics/olympic_sport/athletes./olympics/olympic_athlete_affiliation/country
1885,/m/01dpsv,/m/02v1m7,/award/award_nominee/award_nominations./award/award_nomination/award,**Predicted Relation:** /award/award_nominee/award_nominations./award/award_nomination/award,/award/award_nominee/award_nominations./award/award_nomination/award
1886,/m/09d28z,/m/081lh,/award/award_category/winners./award/award_honor/award_winner,**Predicted Relation:** /award/award_category/winners./award/award_honor/award_winner,/award/award_category/winners./award/award_honor/award_winner
1887,/m/01mt1fy,/m/0bdw6t,/award/award_nominee/award_nominations./award/award_nomination/award,**Predicted Relation:** /award/award_nominee/award_nominations./award/award_nomination/award,/award/award_nominee/award_nominations./award/award_nomination/award
1888,/m/07s6fsf,/m/01r3w7,/education/educational_degree/people_with_this_degree./education/education/institution,**Predicted Relation:** /education/educational_degree/people_with_this_degree./education/education/institution,/education/educational_degree/people_with_this_degree./education/education/institution
1889,/m/0ljc_,/m/03r0rq,/media_common/netflix_genre/titles,**Predicted Relation:** /tv/tv_network/programs./tv/tv_network_duration/program,/tv/tv_network/programs./tv/tv_network_duration/program
1890,/m/04w7rn,/m/064_8sq,/film/film/language,**Predicted Relation:** /film/film/language,/film/film/language
1891,/m/03gkn5,/m/05zppz,/people/person/gender,**Predicted Relation:** /people/person/gender,/people/person/gender
1892,/m/03nl5k,/m/019bk0,/award/award_category/winners./award/award_honor/ceremony,**Predicted Relation:** /award/award_category/winners./award/award_honor/ceremony,/award/award_category/winners./award/award_honor/ceremony
1893,/m/01vw26l,/m/08mbj5d,/common/topic/webpage./common/webpage/category,**Predicted Relation:** /common/topic/webpage./common/webpage/category,/common/topic/webpage./common/webpage/category
1894,/m/0660b9b,/m/09zzb8,/film/film/other_crew./film/film_crew_gig/film_crew_role,**Predicted Relation:** /film/film/other_crew./film/film_crew_gig/film_crew_role,/film/film/other_crew./film/film_crew_gig/film_crew_role
1895,/m/0n04r,/m/06mkj,/film/film/release_date_s./film/film_regional_release_date/film_release_region,**Predicted Relation:** /film/film/country,/film/film/country
1896,/m/01wbsdz,/m/013yq,/people/person/places_lived./people/place_lived/location,**Predicted Relation:** /people/person/places_lived./people/place_lived/location,/people/person/places_lived./people/place_lived/location
1897,/m/066yfh,/m/0ckd1,/tv/tv_producer/programs_produced./tv/tv_producer_term/producer_type,**Predicted Relation:** /tv/tv_producer/programs_produced./tv/tv_producer_term/producer_type,/tv/tv_producer/programs_produced./tv/tv_producer_term/producer_type
1898,/m/0vmt,/m/01n7q,/location/location/adjoin_s./location/adjoining_relationship/adjoins,**Predicted Relation:** /location/location/adjoin_s./location/adjoining_relationship/adjoins,/location/location/adjoin_s./location/adjoining_relationship/adjoins
1899,/m/0mnm2,/m/0mnm2,/location/hud_county_place/county,**Predicted Relation:** /location/location/contains,/location/location/contains
1900,/m/0gg5kmg,/m/05b4w,/film/film/release_date_s./film/film_regional_release_date/film_release_region,**Predicted Relation:** /film/film/release_date_s./film/film_regional_release_date/film_release_region,/film/film/release_date_s./film/film_regional_release_date/film_release_region
1901,/m/0f4vx0,/m/0dzst,/sports/sports_league_draft/picks./sports/sports_league_draft_pick/school,**Predicted Relation:** /sports/professional_sports_team/draft_picks./sports/sports_league_draft_pick/school,/sports/professional_sports_team/draft_picks./sports/sports_league_draft_pick/school
1902,/m/03q8xj,/m/0f8l9c,/film/film/country,**Predicted Relation:** /film/film/country,/film/film/country
1903,/m/060c4,/m/01rr31,/organization/role/leaders./organization/leadership/organization,**Predicted Relation:** /organization/role/leaders./organization/leadership/organization,/organization/role/leaders./organization/leadership/organization
1904,/m/0gv2r,/m/04ztj,/people/person/spouse_s./people/marriage/type_of_union,**Predicted Relation:** /people/person/spouse_s./people/marriage/type_of_union,/people/person/spouse_s./people/marriage/type_of_union
1905,/m/034np8,/m/0640y35,/film/actor/film./film/performance/film,**Predicted Relation:** /film/actor/film./film/performance/film,/film/actor/film./film/performance/film
1906,/m/016z43,/m/09c7w0,/film/film/country,**Predicted Relation:** /film/film/production_companies,/film/film/production_companies
1907,/m/016tt2,/m/0ddj0x,/film/film_distributor/films_distributed./film/film_film_distributor_relationship/film,**Predicted Relation:** /film/film/distributors./film/film_film_distributor_relationship/film_distribution_medium,/film/film/distributors./film/film_film_distributor_relationship/film_distribution_medium
1908,/m/043tg,/m/039n1,/influence/influence_node/influenced_by,**Predicted Relation:** /influence/influence_node/influenced_by,/influence/influence_node/influenced_by
1909,/m/0gjc4d3,/m/01_d4,/film/film/featured_film_locations,**Predicted Relation:** /film/film/featured_film_locations,/film/film/featured_film_locations
1910,/m/01y3_q,/m/0hh2s,/music/genre/parent_genre,**Predicted Relation:** /music/genre/parent_genre,/music/genre/parent_genre
1911,/m/0gq_v,/m/0kb57,/award/award_category/nominees./award/award_nomination/nominated_for,**Predicted Relation:** /award/award_nominee/award_nominations./award/award_nomination/nominated_for,/award/award_nominee/award_nominations./award/award_nomination/nominated_for
1912,/m/0146bp,/m/01336l,/medicine/disease/risk_factors,**Predicted Relation:** /medicine/disease/risk_factors,/medicine/disease/risk_factors
1913,/m/09cdxn,/m/05zppz,/people/person/gender,**Predicted Relation:** /people/person/gender,/people/person/gender
1914,/m/06szd3,/m/081nh,/award/hall_of_fame/inductees./award/hall_of_fame_induction/inductee,**Predicted Relation:** /award/award_category/winners./award/award_honor/award_winner,/award/award_category/winners./award/award_honor/award_winner
1915,/m/0565cz,/m/06w7v,/music/artist/track_contributions./music/track_contribution/role,**Predicted Relation:** /music/instrument/instrumentalists,/music/instrument/instrumentalists
1916,/m/01hq1,/m/06s26c,/film/film/executive_produced_by,**Predicted Relation:** /film/film/executive_produced_by,/film/film/executive_produced_by
1917,/m/04bpm6,/m/08mbj5d,/common/topic/webpage./common/webpage/category,**Predicted Relation:** /common/topic/webpage./common/webpage/category,/common/topic/webpage./common/webpage/category
1918,/m/09hd16,/m/02xcb6n,/award/award_nominee/award_nominations./award/award_nomination/award,**Predicted Relation:** /award/award_nominee/award_nominations./award/award_nomination/award,/award/award_nominee/award_nominations./award/award_nomination/award
1919,/m/01skmp,/m/05b4l5x,/award/award_nominee/award_nominations./award/award_nomination/award,**Predicted Relation:** /award/award_nominee/award_nominations./award/award_nomination/nominated_for,/award/award_nominee/award_nominations./award/award_nomination/nominated_for
1920,/m/02x4wr9,/m/02s4l6,/award/award_category/nominees./award/award_nomination/nominated_for,**Predicted Relation:** /award/award_nominee/award_nominations./award/award_nomination/nominated_for,/award/award_nominee/award_nominations./award/award_nomination/nominated_for
1921,/m/031t2d,/m/09c7w0,/film/film/country,**Predicted Relation:** /film/film/country,/film/film/country
1922,/m/0c422z4,/m/0ds3t5x,/award/award_category/nominees./award/award_nomination/nominated_for,**Predicted Relation:** /award/award_category/nominees./award/award_nomination/nominated_for,/award/award_category/nominees./award/award_nomination/nominated_for
1923,/m/0146pg,/m/09nqf,/base/schemastaging/person_extra/net_worth./measurement_unit/dated_money_value/currency,**Predicted Relation:** /film/film/music,/film/film/music
1924,/m/04cmrt,/m/0688f,/people/person/languages,**Predicted Relation:** /people/person/languages,/people/person/languages
1925,/m/0fb0v,/m/01nz1q6,/music/record_label/artist,**Predicted Relation:** /people/person/spouse_s./people/marriage/spouse,/people/person/spouse_s./people/marriage/spouse
1926,/m/014zcr,/m/05zr6wv,/award/award_nominee/award_nominations./award/award_nomination/award,**Predicted Relation:** /award/award_nominee/award_nominations./award/award_nomination/nominated_for,/award/award_nominee/award_nominations./award/award_nomination/nominated_for
1927,/m/07kc_,/m/01v1d8,/music/performance_role/track_performances./music/track_contribution/role,**Predicted Relation:** /music/artist/track_contributions./music/track_contribution/role,/music/artist/track_contributions./music/track_contribution/role
1928,/m/01wqg8,/m/04sh3,/education/educational_institution/students_graduates./education/education/major_field_of_study,**Predicted Relation:** /education/educational_institution/students_graduates./education/education/major_field_of_study,/education/educational_institution/students_graduates./education/education/major_field_of_study
1929,/m/02vkvcz,/m/04ztj,/people/person/spouse_s./people/marriage/type_of_union,**Predicted Relation:** /people/person/spouse_s./people/marriage/spouse,/people/person/spouse_s./people/marriage/spouse
1930,/m/06wrt,/m/07twz,/olympics/olympic_sport/athletes./olympics/olympic_athlete_affiliation/country,**Predicted Relation:** /olympics/olympic_games/participating_countries,/olympics/olympic_games/participating_countries
1931,/m/073q1,/m/02lx0,/location/location/contains,**Predicted Relation:** /base/locations/continents/countries_within,/base/locations/continents/countries_within
1932,/m/0dc7hc,/m/01vx2h,/film/film/other_crew./film/film_crew_gig/film_crew_role,**Predicted Relation:** /film/film/visual_effects_by,/film/film/visual_effects_by
1933,/m/01323p,/m/02f716,/award/award_nominee/award_nominations./award/award_nomination/award,**Predicted Relation:** /award/award_nominee/award_nominations./award/award_nomination/nominated_for,/award/award_nominee/award_nominations./award/award_nomination/nominated_for
1934,/m/0466p0j,/m/07n3s,/award/award_ceremony/awards_presented./award/award_honor/award_winner,**Predicted Relation:** /award/award_category/winners./award/award_honor/award_winner,/award/award_category/winners./award/award_honor/award_winner
1935,/m/09v82c0,/m/03nnm4t,/award/award_category/winners./award/award_honor/ceremony,**Predicted Relation:** /award/award_category/nominees./award/award_nomination/nominated_for,/award/award_category/nominees./award/award_nomination/nominated_for
1936,/m/06s1qy,/m/04dn09n,/award/award_nominee/award_nominations./award/award_nomination/award,**Predicted Relation:** /award/award_nominee/award_nominations./award/award_nomination/nominated_for,/award/award_nominee/award_nominations./award/award_nomination/nominated_for
1937,/m/021j72,/m/03rbj2,/award/award_nominee/award_nominations./award/award_nomination/award,**Predicted Relation:** /award/award_nominee/award_nominations./award/award_nomination/nominated_for,/award/award_nominee/award_nominations./award/award_nomination/nominated_for
1938,/m/0jzphpx,/m/0k7pf,/award/award_ceremony/awards_presented./award/award_honor/award_winner,**Predicted Relation:** /award/award_category/winners./award/award_honor/award_winner,/award/award_category/winners./award/award_honor/award_winner
1939,/m/03m73lj,/m/0g55tzk,/award/award_category/winners./award/award_honor/ceremony,**Predicted Relation:** /award/award_category/winners./award/award_honor/ceremony,/award/award_category/winners./award/award_honor/ceremony
1940,/m/0kc6x,/m/01x73,/organization/organization/headquarters./location/mailing_address/state_province_region,**Predicted Relation:** /organization/organization/headquarters./location/mailing_address/state_province_region,/organization/organization/headquarters./location/mailing_address/state_province_region
1941,/m/0_75d,/m/08mbj5d,/common/topic/webpage./common/webpage/category,**Predicted Relation:** /common/topic/webpage./common/webpage/category,/common/topic/webpage./common/webpage/category
1942,/m/07024,/m/02w_6xj,/award/award_winning_work/awards_won./award/award_honor/award,**Predicted Relation:** /award/award_category/winners./award/award_honor/award_winner,/award/award_category/winners./award/award_honor/award_winner
1943,/m/0gbfn9,/m/03_3d,/film/film/release_date_s./film/film_regional_release_date/film_release_region,**Predicted Relation:** /film/film/language,/film/film/language
1944,/m/01nwwl,/m/04qw17,/film/actor/film./film/performance/film,**Predicted Relation:** /film/actor/film./film/performance/film,/film/actor/film./film/performance/film
1945,/m/0c8qq,/m/0d0vqn,/film/film/release_date_s./film/film_regional_release_date/film_release_region,**Predicted Relation:** /film/film/distributors./film/film_film_distributor_relationship/region,/film/film/distributors./film/film_film_distributor_relationship/region
1946,/m/0282x,/m/04jpl,/people/person/places_lived./people/place_lived/location,**Predicted Relation:** /people/person/place_of_birth,/people/person/place_of_birth
1947,/m/019v9k,/m/0dplh,/education/educational_degree/people_with_this_degree./education/education/institution,**Predicted Relation:** /education/educational_degree/people_with_this_degree./education/educational_institution/students_graduates,/education/educational_degree/people_with_this_degree./education/educational_institution/students_graduates
1948,/m/0d35y,/m/01t032,/base/petbreeds/city_with_dogs/top_breeds./base/petbreeds/dog_city_relationship/dog_breed,**Predicted Relation:** /base/petbreeds/city_with_dogs/top_breeds./base/petbreeds/dog_city_relationship/dog_breed,/base/petbreeds/city_with_dogs/top_breeds./base/petbreeds/dog_city_relationship/dog_breed
1949,/m/019z7q,/m/0d8qb,/people/person/profession,**Predicted Relation:** /people/person/profession,/people/person/profession
1950,/m/0rh6k,/m/01_gx_,/base/petbreeds/city_with_dogs/top_breeds./base/petbreeds/dog_city_relationship/dog_breed,**Predicted Relation:** /base/petbreeds/city_with_dogs/top_breeds./base/petbreeds/dog_city_relationship/dog_breed,/base/petbreeds/city_with_dogs/top_breeds./base/petbreeds/dog_city_relationship/dog_breed
1951,/m/07m77x,/m/028k57,/award/award_nominee/award_nominations./award/award_nomination/award_nominee,**Predicted Relation:** /film/actor/film./film/performance/film,/film/actor/film./film/performance/film
1952,/m/01vw26l,/m/02hrh1q,/people/person/profession,**Predicted Relation:** /people/person/profession,/people/person/profession
1953,/m/0gvrws1,/m/07t21,/film/film/release_date_s./film/film_regional_release_date/film_release_region,**Predicted Relation:** /film/film/release_date_s./film/film_regional_release_date/film_release_region,/film/film/release_date_s./film/film_regional_release_date/film_release_region
1954,/m/05b1610,/m/03rtz1,/award/award_category/nominees./award/award_nomination/nominated_for,**Predicted Relation:** /award/award_nominated_work/award_nominations./award/award_nomination/nominated_for,/award/award_nominated_work/award_nominations./award/award_nomination/nominated_for
1955,/m/01nfys,/m/07yvsn,/film/actor/film./film/performance/film,**Predicted Relation:** /film/film/other_crew./film/film_crew_gig/film_crew_role,/film/film/other_crew./film/film_crew_gig/film_crew_role
1956,/m/04yt7,/m/0cbd2,/people/person/profession,**Predicted Relation:** /people/person/profession,/people/person/profession
1957,/m/03d_zl4,/m/0gkvb7,/award/award_nominee/award_nominations./award/award_nomination/award,**Predicted Relation:** /award/award_category/winners./award/award_honor/award_winner,/award/award_category/winners./award/award_honor/award_winner
1958,/m/030tjk,/m/04ztj,/people/person/spouse_s./people/marriage/type_of_union,**Predicted Relation:** /people/person/spouse_s./people/marriage/type_of_union,/people/person/spouse_s./people/marriage/type_of_union
1959,/m/0gq_d,/m/0fk0xk,/award/award_category/winners./award/award_honor/ceremony,**Predicted Relation:** /award/award_category/winners./award/award_honor/ceremony,/award/award_category/winners./award/award_honor/ceremony
1960,/m/0n6kf,/m/03f47xl,/influence/influence_node/influenced_by,**Predicted Relation:** /influence/influence_node/influenced_by,/influence/influence_node/influenced_by
1961,/m/02c7lt,/m/02hrh1q,/people/person/profession,**Predicted Relation:** /people/person/profession,/people/person/profession
1962,/m/0x3b7,/m/026m9w,/award/award_nominee/award_nominations./award/award_nomination/award,**Predicted Relation:** /award/award_nominee/award_nominations./award/award_nomination/award,/award/award_nominee/award_nominations./award/award_nomination/award
1963,/m/0f6rc,/m/0p7qm,/film/film_subject/films,**Predicted Relation:** /film/film/country,/film/film/country
1964,/m/06z6r,/m/0jgx,/olympics/olympic_sport/athletes./olympics/olympic_athlete_affiliation/country,**Predicted Relation:** /olympics/olympic_participating_country/athletes./olympics/olympic_athlete_affiliation/olympics,/olympics/olympic_participating_country/athletes./olympics/olympic_athlete_affiliation/olympics
1965,/m/099bk,/m/03sbs,/influence/influence_node/influenced_by,**Predicted Relation:** /influence/influence_node/influenced_by,/influence/influence_node/influenced_by
1966,/m/01v9724,/m/081k8,/influence/influence_node/influenced_by,**Predicted Relation:** /influence/influence_node/influenced_by,/influence/influence_node/influenced_by
1967,/m/03f4n1,/m/0h5m7,/location/country/capital,**Predicted Relation:** /location/country/capital,/location/country/capital
1968,/m/01j5ql,/m/028v3,/film/film/genre,**Predicted Relation:** /film/film/genre,/film/film/genre
1969,/m/01c6k4,/m/04pnx,/base/schemastaging/organization_extra/phone_number./base/schemastaging/phone_sandbox/service_location,**Predicted Relation:** /location/location/contains,/location/location/contains
1970,/m/01j6t0,/m/01qqwn,/medicine/symptom/symptom_of,**Predicted Relation:** /medicine/symptom/symptom_of,/medicine/symptom/symptom_of
1971,/m/0c40vxk,/m/03ryn,/film/film/release_date_s./film/film_regional_release_date/film_release_region,**Predicted Relation:** /film/film/country,/film/film/country
1972,/m/018yj6,/m/02v8kmz,/film/actor/film./film/performance/film,**Predicted Relation:** /film/actor/film,/film/actor/film
1973,/m/0gyfp9c,/m/0d0vqn,/film/film/release_date_s./film/film_regional_release_date/film_release_region,**Predicted Relation:** /film/film/release_date_s./film/film_regional_release_date/film_release_region,/film/film/release_date_s./film/film_regional_release_date/film_release_region
1974,/m/0gk7z,/m/09g7thr,/award/ranked_item/appears_in_ranked_lists./award/ranking/list,**Predicted Relation:** /award/ranked_item/appears_in_ranked_lists./award/ranking/list,/award/ranked_item/appears_in_ranked_lists./award/ranking/list
1975,/m/04twmk,/m/02h3d1,/award/award_nominee/award_nominations./award/award_nomination/award,**Predicted Relation:** /award/award_nominee/award_nominations./award/award_nomination/award,/award/award_nominee/award_nominations./award/award_nomination/award
1976,/m/0dq9p,/m/06dl_,/people/cause_of_death/people,**Predicted Relation:** /people/cause_of_death/people,/people/cause_of_death/people
1977,/m/0d1t3,/m/0d0vqn,/olympics/olympic_sport/athletes./olympics/olympic_athlete_affiliation/country,**Predicted Relation:** /olympics/olympic_participating_country/medals_won./olympics/olympic_medal_honor/olympics,/olympics/olympic_participating_country/medals_won./olympics/olympic_medal_honor/olympics
1978,/m/0193qj,/m/04k4l,/organization/organization_member/member_of./organization/organization_membership/organization,**Predicted Relation:** /organization/organization_member/member_of./organization/organization_membership/organization,/organization/organization_member/member_of./organization/organization_membership/organization
1979,/m/02r0csl,/m/0ndwt2w,/award/award_category/nominees./award/award_nomination/nominated_for,**Predicted Relation:** /award/award_category/nominees./award/award_nomination/nominated_for,/award/award_category/nominees./award/award_nomination/nominated_for
1980,/m/04ztj,/m/09949m,/people/marriage_union_type/unions_of_this_type./people/marriage/location_of_ceremony,**Predicted Relation:** /people/person/places_lived./people/place_lived/location,/people/person/places_lived./people/place_lived/location
1981,/m/03s5t,/m/051kv,/location/statistical_region/religions./location/religion_percentage/religion,**Predicted Relation:** /location/statistical_region/religions./location/religion_percentage/religion,/location/statistical_region/religions./location/religion_percentage/religion
1982,/m/0drtkx,/m/0g5b0q5,/award/award_category/winners./award/award_honor/ceremony,**Predicted Relation:** /award/award_category/nominees./award/award_nomination/nominated_for,/award/award_category/nominees./award/award_nomination/nominated_for
1983,/m/026spg,/m/01cw7s,/award/award_nominee/award_nominations./award/award_nomination/award,**Predicted Relation:** /award/award_nominee/award_nominations./award/award_nomination/award,/award/award_nominee/award_nominations./award/award_nomination/award
1984,/m/03k545,/m/02hrh1q,/people/person/profession,**Predicted Relation:** /people/person/profession,/people/person/profession
1985,/m/048xyn,/m/03bxz7,/film/film/genre,**Predicted Relation:** /film/film/genre,/film/film/genre
1986,/m/0b90_r,/m/039cpd,/location/location/contains,**Predicted Relation:** /tv/tv_network/programs,/tv/tv_network/programs
1987,/m/04lhc4,/m/09nqf,/film/film/estimated_budget./measurement_unit/dated_money_value/currency,**Predicted Relation:** /film/film/estimated_budget./measurement_unit/dated_money_value/currency,/film/film/estimated_budget./measurement_unit/dated_money_value/currency
1988,/m/01c427,/m/019bk0,/award/award_category/winners./award/award_honor/ceremony,**Predicted Relation:** /award/award_category/winners./award/award_honor/award_winner,/award/award_category/winners./award/award_honor/award_winner
1989,/m/0j_t1,/m/07s9rl0,/film/film/genre,**Predicted Relation:** /film/film/genre,/film/film/genre
1990,/m/06mmb,/m/020bv3,/film/actor/film./film/performance/film,**Predicted Relation:** /film/actor/film./film/performance/film,/film/actor/film./film/performance/film
1991,/m/0830vk,/m/08mbj5d,/common/topic/webpage./common/webpage/category,**Predicted Relation:** /film/film_distributor/films_distributed./film/film_film_distributor_relationship/film,/film/film_distributor/films_distributed./film/film_film_distributor_relationship/film
1992,/m/03k7bd,/m/0g22z,/film/actor/film./film/performance/film,**Predicted Relation:** /film/actor/film./film/performance/film,/film/actor/film./film/performance/film
1993,/m/02wh0,/m/015n8,/influence/influence_node/influenced_by,**Predicted Relation:** /influence/influence_node/influenced_by,/influence/influence_node/influenced_by
1994,/m/031sn,/m/0jbk9,/location/hud_foreclosure_area/estimated_number_of_mortgages./measurement_unit/dated_integer/source,**Predicted Relation:** /location/hud_county_place/county,/location/hud_county_place/county
1995,/m/0cjyzs,/m/02rkkn1,/award/award_category/nominees./award/award_nomination/nominated_for,**Predicted Relation:** /award/award_nominee/award_nominations./award/award_nomination/nominated_for,/award/award_nominee/award_nominations./award/award_nomination/nominated_for
1996,/m/06j6l,/m/016kjs,/music/genre/artists,**Predicted Relation:** /music/genre/artists,/music/genre/artists
1997,/m/01qhm_,/m/02qhm3,/people/ethnicity/people,**Predicted Relation:** /people/person/profession,/people/person/profession
1998,/m/0p07l,/m/0k9wp,/location/location/contains,**Predicted Relation:** /location/location/contains,/location/location/contains
1999,/m/0gkz3nz,/m/03_3d,/film/film/release_date_s./film/film_regional_release_date/film_release_region,**Predicted Relation:** /film/film/country,/film/film/country
2000,/m/0b_fw,/m/0c8wxp,/people/person/religion,**Predicted Relation:** /people/person/religion,/people/person/religion
2001,/m/0kvgxk,/m/02r96rf,/film/film/other_crew./film/film_crew_gig/film_crew_role,**Predicted Relation:** /film/film/other_crew./film/film_crew_gig/film_crew_role,/film/film/other_crew./film/film_crew_gig/film_crew_role
2002,/m/040z9,/m/09sr0,/film/actor/film./film/performance/film,**Predicted Relation:** /film/actor/film./film/performance/film,/film/actor/film./film/performance/film
2003,/m/01grpq,/m/07_f2,/government/legislative_session/members./government/government_position_held/district_represented,**Predicted Relation:** /government/legislative_session/members./government/government_position_held/district_represented,/government/legislative_session/members./government/government_position_held/district_represented
2004,/m/0jrv_,/m/01dqhq,/music/genre/parent_genre,**Predicted Relation:** /music/genre/parent_genre,/music/genre/parent_genre
2005,/m/02211by,/m/0k8z,/business/job_title/people_with_this_title./business/employment_tenure/company,**Predicted Relation:** /business/job_title/people_with_this_title./business/employment_tenure/company,/business/job_title/people_with_this_title./business/employment_tenure/company
2006,/m/05zvzf3,/m/0cj16,/film/film/film_format,**Predicted Relation:** /film/film/film_format,/film/film/film_format
2007,/m/04crrxr,/m/02hrh1q,/people/person/profession,**Predicted Relation:** /people/person/profession,/people/person/profession
2008,/m/03_8r,/m/019rg5,/olympics/olympic_sport/athletes./olympics/olympic_athlete_affiliation/country,**Predicted Relation:** /olympics/olympic_participating_country/medals_won./olympics/olympic_medal_honor/olympics,/olympics/olympic_participating_country/medals_won./olympics/olympic_medal_honor/olympics
2009,/m/07pd_j,/m/05p553,/film/film/genre,**Predicted Relation:** /film/film/genre,/film/film/genre
2010,/m/01fs_4,/m/01rp13,/award/award_nominee/award_nominations./award/award_nomination/nominated_for,**Predicted Relation:** /tv/tv_program/regular_cast./tv/regular_tv_appearance/actor,/tv/tv_program/regular_cast./tv/regular_tv_appearance/actor
2011,/m/07j8r,/m/05qhw,/film/film/release_date_s./film/film_regional_release_date/film_release_region,**Predicted Relation:** /film/film/release_date_s./film/film_regional_release_date/film_release_region,/film/film/release_date_s./film/film_regional_release_date/film_release_region
2012,/m/02gr81,/m/0_jm,/education/educational_institution/students_graduates./education/education/major_field_of_study,**Predicted Relation:** /education/educational_institution/students_graduates./education/education/major_field_of_study,/education/educational_institution/students_graduates./education/education/major_field_of_study
2013,/m/06mmb,/m/0bsxd3,/tv/tv_personality/tv_regular_appearances./tv/tv_regular_personal_appearance/program,**Predicted Relation:** /tv/tv_program/regular_cast./tv/regular_tv_appearance/actor,/tv/tv_program/regular_cast./tv/regular_tv_appearance/actor
2014,/m/05p1dby,/m/03qcfvw,/award/award_category/nominees./award/award_nomination/nominated_for,**Predicted Relation:** /award/award_nominee/award_nominations./award/award_nomination/nominated_for,/award/award_nominee/award_nominations./award/award_nomination/nominated_for
2015,/m/04y9mm8,/m/02kdv5l,/film/film/genre,**Predicted Relation:** /film/film/genre,/film/film/genre
2016,/m/0170vn,/m/0f4x7,/award/award_nominee/award_nominations./award/award_nomination/award,**Predicted Relation:** /award/award_nominee/award_nominations./award/award_nomination/nominated_for,/award/award_nominee/award_nominations./award/award_nomination/nominated_for
2017,/m/0257w4,/m/05pd94v,/award/award_category/winners./award/award_honor/ceremony,**Predicted Relation:** /award/award_category/winners./award/award_honor/ceremony,/award/award_category/winners./award/award_honor/ceremony
2018,/m/03hhd3,/m/05ztrmj,/award/award_nominee/award_nominations./award/award_nomination/award,**Predicted Relation:** /award/award_nominee/award_nominations./award/award_nomination/award,/award/award_nominee/award_nominations./award/award_nomination/award
2019,/m/02px_23,/m/02vkdwz,/sports/sports_team/roster./american_football/football_roster_position/position,**Predicted Relation:** /sports/sports_team/roster./american_football/football_roster_position/position,/sports/sports_team/roster./american_football/football_roster_position/position
2020,/m/0dq3c,/m/02l48d,/business/job_title/people_with_this_title./business/employment_tenure/company,**Predicted Relation:** /business/job_title/people_with_this_title./business/employment_tenure/company,/business/job_title/people_with_this_title./business/employment_tenure/company
2021,/m/07b_l,/m/013m4v,/location/location/contains,**Predicted Relation:** /location/location/contains,/location/location/contains
2022,/m/0m2l9,/m/0dxtg,/people/person/profession,**Predicted Relation:** /people/person/profession,/people/person/profession
2023,/m/02k76g,/m/05zppz,/people/person/gender,**Predicted Relation:** /people/person/gender,/people/person/gender
2024,/m/0hnlx,/m/065y4w7,/people/person/employment_history./business/employment_tenure/company,**Predicted Relation:** /education/educational_institution_campus/educational_institution,/education/educational_institution_campus/educational_institution
2025,/m/057lbk,/m/01r2c7,/film/film/executive_produced_by,**Predicted Relation:** /film/film/executive_produced_by,/film/film/executive_produced_by
2026,/m/0661ql3,/m/06qd3,/film/film/release_date_s./film/film_regional_release_date/film_release_region,**Predicted Relation:** /film/film/country,/film/film/country
2027,/m/0mcl0,/m/03k9fj,/film/film/genre,**Predicted Relation:** /film/film/genre,/film/film/genre
2028,/m/0584r4,/m/02h40lc,/tv/tv_program/languages,**Predicted Relation:** /tv/tv_program/languages,/tv/tv_program/languages
2029,/m/0bynt,/m/0chghy,/olympics/olympic_sport/athletes./olympics/olympic_athlete_affiliation/country,**Predicted Relation:** /olympics/olympic_participating_country/athletes./olympics/olympic_athlete_affiliation/olympics,/olympics/olympic_participating_country/athletes./olympics/olympic_athlete_affiliation/olympics
2030,/m/05fnl9,/m/0g4vmj8,/film/actor/film./film/performance/film,**Predicted Relation:** /film/actor/film./film/performance/film,/film/actor/film./film/performance/film
2031,/m/02624g,/m/0ck27z,/award/award_nominee/award_nominations./award/award_nomination/award,**Predicted Relation:** /award/award_nominee/award_nominations./award/award_nomination/award,/award/award_nominee/award_nominations./award/award_nomination/award
2032,/m/02yxh9,/m/0d5wn3,/award/award_ceremony/awards_presented./award/award_honor/award_winner,**Predicted Relation:** /award/award_nominee/award_nominations./award/award_nomination/nominated_for,/award/award_nominee/award_nominations./award/award_nomination/nominated_for
2033,/m/022yb4,/m/0bp_b2,/award/award_nominee/award_nominations./award/award_nomination/award,**Predicted Relation:** /award/award_category/nominees./award/award_nomination/nominated_for,/award/award_category/nominees./award/award_nomination/nominated_for
2034,/m/02z6l5f,/m/06chf,/award/award_nominee/award_nominations./award/award_nomination/award_nominee,**Predicted Relation:** /people/person/profession,/people/person/profession
2035,/m/06j8wx,/m/0h2zvzr,/film/actor/film./film/performance/film,**Predicted Relation:** /film/actor/film./film/performance/film,/film/actor/film./film/performance/film
2036,/m/0gwf191,/m/09vw2b7,/film/film/other_crew./film/film_crew_gig/film_crew_role,**Predicted Relation:** /film/film/other_crew./film/film_crew_gig/film_crew_role,/film/film/other_crew./film/film_crew_gig/film_crew_role
2037,/m/0432_5,/m/029j_,/film/film/release_date_s./film/film_regional_release_date/film_release_distribution_medium,**Predicted Relation:** /film/film/release_date_s./film/film_regional_release_date/film_release_distribution_medium,/film/film/release_date_s./film/film_regional_release_date/film_release_distribution_medium
2038,/m/028fjr,/m/03qbm,/business/job_title/people_with_this_title./business/employment_tenure/company,**Predicted Relation:** /business/job_title/people_with_this_title./business/employment_tenure/company,/business/job_title/people_with_this_title./business/employment_tenure/company
2039,/m/02_p5w,/m/0k2sk,/film/actor/film./film/performance/film,**Predicted Relation:** /film/actor/film,/film/actor/film
2040,/m/035xwd,/m/092kgw,/film/film/produced_by,**Predicted Relation:** /film/film/produced_by,/film/film/produced_by
2041,/m/08fbnx,/m/0jxy,/film/film/genre,**Predicted Relation:** /film/film/genre,/film/film/genre
2042,/m/0bsjcw,/m/039x1k,/award/award_category/winners./award/award_honor/award_winner,**Predicted Relation:** /award/award_category/winners./award/award_honor/award_winner,/award/award_category/winners./award/award_honor/award_winner
2043,/m/06jz0,/m/019f4v,/award/award_nominee/award_nominations./award/award_nomination/award,**Predicted Relation:** /award/award_category/nominees./award/award_nomination/nominated_for,/award/award_category/nominees./award/award_nomination/nominated_for
2044,/m/06thjt,/m/02n9k,/education/educational_institution/students_graduates./education/education/student,**Predicted Relation:** /people/person/place_of_birth,/people/person/place_of_birth
2045,/m/07_l6,/m/0k4gf,/music/instrument/instrumentalists,**Predicted Relation:** /music/instrument/instrumentalists,/music/instrument/instrumentalists
2046,/m/07ssc,/m/05vz3zq,/military/military_combatant/military_conflicts./military/military_combatant_group/combatants,**Predicted Relation:** /military/military_combatant/military_conflicts./military/military_combatant_group/combatants,/military/military_combatant/military_conflicts./military/military_combatant_group/combatants
2047,/m/017z49,/m/07zmj,/film/film/release_date_s./film/film_regional_release_date/film_regional_debut_venue,**Predicted Relation:** /film/film/film_festivals,/film/film/film_festivals
2048,/m/01vj9c,/m/027kwc,/music/performance_role/regular_performances./music/group_membership/group,**Predicted Relation:** /music/performance_role/regular_performances./music/group_membership/group,/music/performance_role/regular_performances./music/group_membership/group
2049,/m/0bth54,/m/01zhp,/film/film/genre,**Predicted Relation:** /film/film/genre,/film/film/genre
2050,/m/04znsy,/m/0161sp,/award/award_nominee/award_nominations./award/award_nomination/award_nominee,**Predicted Relation:** /people/person/spouse_s./people/marriage/type_of_union,/people/person/spouse_s./people/marriage/type_of_union
2051,/m/03lt8g,/m/06nm1,/people/person/languages,**Predicted Relation:** /people/person/languages,/people/person/languages
2052,/m/0gt3p,/m/0bdwqv,/award/award_nominee/award_nominations./award/award_nomination/award,**Predicted Relation:** /award/award_nominee/award_nominations./award/award_nomination/award,/award/award_nominee/award_nominations./award/award_nomination/award
2053,/m/087vz,/m/0l998,/olympics/olympic_participating_country/medals_won./olympics/olympic_medal_honor/olympics,**Predicted Relation:** /olympics/olympic_participating_country/medals_won./olympics/olympic_medal_honor/olympics,/olympics/olympic_participating_country/medals_won./olympics/olympic_medal_honor/olympics
2054,/m/0bxs_d,/m/0ph24,/award/award_ceremony/awards_presented./award/award_honor/honored_for,**Predicted Relation:** /award/award_category/nominees./award/award_nomination/nominated_for,/award/award_category/nominees./award/award_nomination/nominated_for
2055,/m/01z7_f,/m/0789_m,/award/award_nominee/award_nominations./award/award_nomination/award,**Predicted Relation:** /award/award_nominee/award_nominations./award/award_nomination/award,/award/award_nominee/award_nominations./award/award_nomination/award
2056,/m/0241jw,/m/02dr9j,/film/actor/film./film/performance/film,**Predicted Relation:** /film/actor/film./film/performance/film,/film/actor/film./film/performance/film
2057,/m/07q1v4,/m/09c7w0,/people/person/nationality,**Predicted Relation:** /people/person/nationality,/people/person/nationality
2058,/m/06w2sn5,/m/03qbnj,/award/award_nominee/award_nominations./award/award_nomination/award,**Predicted Relation:** /award/award_nominee/award_nominations./award/award_nomination/award,/award/award_nominee/award_nominations./award/award_nomination/award
2059,/m/02_j1w,/m/058dm9,/sports/sports_position/players./sports/sports_team_roster/team,**Predicted Relation:** /soccer/football_player/current_team./sports/sports_team_roster/team,/soccer/football_player/current_team./sports/sports_team_roster/team
2060,/m/07_grx,/m/06_kh,/people/deceased_person/place_of_death,**Predicted Relation:** /people/person/place_of_birth,/people/person/place_of_birth
2061,/m/0f4x7,/m/026p4q7,/award/award_category/nominees./award/award_nomination/nominated_for,**Predicted Relation:** /award/award_category/nominees./award/award_nomination/nominated_for,/award/award_category/nominees./award/award_nomination/nominated_for
2062,/m/0gfsq9,/m/09vw2b7,/film/film/other_crew./film/film_crew_gig/film_crew_role,**Predicted Relation:** /film/film/other_crew./film/film_crew_gig/film_crew_role,/film/film/other_crew./film/film_crew_gig/film_crew_role
2063,/m/0dq_5,/m/07zlqp,/organization/role/leaders./organization/leadership/organization,**Predicted Relation:** /business/job_title/people_with_this_title./business/employment_tenure/company,/business/job_title/people_with_this_title./business/employment_tenure/company
2064,/m/0727h,/m/0bk25,/military/military_conflict/combatants./military/military_combatant_group/combatants,**Predicted Relation:** /military/military_conflict/combatants./military/military_combatant_group/combatants,/military/military_conflict/combatants./military/military_combatant_group/combatants
2065,/m/03shp,/m/07t65,/organization/organization_member/member_of./organization/organization_membership/organization,**Predicted Relation:** /location/location/adjoin_s./location/adjoining_relationship/adjoins,/location/location/adjoin_s./location/adjoining_relationship/adjoins
2066,/m/0b_dh,/m/05zppz,/people/person/gender,**Predicted Relation:** /people/person/gender,/people/person/gender
2067,/m/02t4yc,/m/06fvc,/education/educational_institution/colors,**Predicted Relation:** /education/educational_institution/colors,/education/educational_institution/colors
2068,/m/01kj0p,/m/05v38p,/film/actor/film./film/performance/film,**Predicted Relation:** /film/actor/film./film/performance/film,/film/actor/film./film/performance/film
2069,/m/03ryks,/m/013y1f,/music/artist/track_contributions./music/track_contribution/role,**Predicted Relation:** /music/artist/track_contributions./music/track_contribution/role,/music/artist/track_contributions./music/track_contribution/role
2070,/m/014kq6,/m/0fx02,/film/film/written_by,**Predicted Relation:** /film/film/written_by,/film/film/written_by
2071,/m/0gx1bnj,/m/01pj7,/film/film/release_date_s./film/film_regional_release_date/film_release_region,**Predicted Relation:** /film/film/country,/film/film/country
2072,/m/01tt27,/m/08mbj5d,/common/topic/webpage./common/webpage/category,**Predicted Relation:** /common/topic/webpage./common/webpage/category,/common/topic/webpage./common/webpage/category
2073,/m/01nwwl,/m/04qk12,/film/actor/film./film/performance/film,**Predicted Relation:** /film/actor/film./film/performance/film,/film/actor/film./film/performance/film
2074,/m/0cbkc,/m/02zsn,/people/person/gender,**Predicted Relation:** /people/person/gender,/people/person/gender
2075,/m/0f6lx,/m/03qlv7,/music/artist/track_contributions./music/track_contribution/role,**Predicted Relation:** /music/instrument/instrumentalists,/music/instrument/instrumentalists
2076,/m/011ypx,/m/09nqf,/film/film/estimated_budget./measurement_unit/dated_money_value/currency,**Predicted Relation:** /film/film/estimated_budget./measurement_unit/dated_money_value/currency,/film/film/estimated_budget./measurement_unit/dated_money_value/currency
2077,/m/0846v,/m/0c8wxp,/location/statistical_region/religions./location/religion_percentage/religion,**Predicted Relation:** /location/statistical_region/religions./location/religion_percentage/religion,/location/statistical_region/religions./location/religion_percentage/religion
2078,/m/01y_px,/m/0p_pd,/award/award_nominee/award_nominations./award/award_nomination/award_nominee,**Predicted Relation:** /award/award_nominee/award_nominations./award/award_nomination/award_nominee,/award/award_nominee/award_nominations./award/award_nomination/award_nominee
2079,/m/01vw20h,/m/0nbcg,/people/person/profession,**Predicted Relation:** /people/person/profession,/people/person/profession
2080,/m/07fj_,/m/01fpfn,/location/country/form_of_government,**Predicted Relation:** /location/country/form_of_government,/location/country/form_of_government
2081,/m/03rg2b,/m/0h7x,/film/film/release_date_s./film/film_regional_release_date/film_release_region,**Predicted Relation:** /film/film/country,/film/film/country
2082,/m/01w5jwb,/m/0c4z8,/award/award_nominee/award_nominations./award/award_nomination/award,**Predicted Relation:** /award/award_nominee/award_nominations./award/award_nomination/award,/award/award_nominee/award_nominations./award/award_nomination/award
2083,/m/0f6c3,/m/04ly1,/government/government_office_category/officeholders./government/government_position_held/jurisdiction_of_office,**Predicted Relation:** /government/politician/government_positions_held./government/government_position_held/jurisdiction_of_office,/government/politician/government_positions_held./government/government_position_held/jurisdiction_of_office
2084,/m/0cp0ph6,/m/03gj2,/film/film/release_date_s./film/film_regional_release_date/film_release_region,**Predicted Relation:** /film/film/release_date_s./film/film_regional_release_date/film_release_region,/film/film/release_date_s./film/film_regional_release_date/film_release_region
2085,/m/043n0v_,/m/07s9rl0,/film/film/genre,**Predicted Relation:** /film/film/genre,/film/film/genre
2086,/m/05z55,/m/02kc_w5,/food/food/nutrients./food/nutrition_fact/nutrient,**Predicted Relation:** /food/food/nutrients./food/nutrition_fact/nutrient,/food/food/nutrients./food/nutrition_fact/nutrient
2087,/m/0f8l9c,/m/01f1jy,/olympics/olympic_participating_country/medals_won./olympics/olympic_medal_honor/olympics,**Predicted Relation:** /olympics/olympic_participating_country/medals_won./olympics/olympic_medal_honor/olympics,/olympics/olympic_participating_country/medals_won./olympics/olympic_medal_honor/olympics
2088,/m/02d4ct,/m/0f2tj,/people/person/place_of_birth,**Predicted Relation:** /people/person/place_of_birth,/people/person/place_of_birth
2089,/m/02x73k6,/m/0k4p0,/award/award_category/nominees./award/award_nomination/nominated_for,**Predicted Relation:** /award/award_nominee/award_nominations./award/award_nomination/nominated_for,/award/award_nominee/award_nominations./award/award_nomination/nominated_for
2090,/m/04r1t,/m/08mbj5d,/common/topic/webpage./common/webpage/category,**Predicted Relation:** /music/artist/official_website,/music/artist/official_website
2091,/m/09yrh,/m/0r0m6,/people/person/spouse_s./people/marriage/location_of_ceremony,**Predicted Relation:** /people/person/places_lived./people/place_lived/location,/people/person/places_lived./people/place_lived/location
2092,/m/0tz1x,/m/02hcv8,/location/location/time_zones,**Predicted Relation:** /location/location/time_zones,/location/location/time_zones
2093,/m/0ply0,/m/0ll3,/travel/travel_destination/climate./travel/travel_destination_monthly_climate/month,**Predicted Relation:** /travel/travel_destination_monthly_climate/month,/travel/travel_destination_monthly_climate/month
2094,/m/01vsgrn,/m/09c7w0,/people/person/nationality,**Predicted Relation:** /people/person/nationality,/people/person/nationality
2095,/m/06yrj6,/m/05zppz,/people/person/gender,**Predicted Relation:** /people/person/gender,/people/person/gender
2096,/m/017j69,/m/034h1h,/organization/organization_member/member_of./organization/organization_membership/organization,**Predicted Relation:** /organization/non_profit_organization/registered_with./organization/non_profit_registration/registering_agency,/organization/non_profit_organization/registered_with./organization/non_profit_registration/registering_agency
2097,/m/0b05xm,/m/02jknp,/people/person/profession,**Predicted Relation:** /people/person/profession,/people/person/profession
2098,/m/0cq806,/m/04h9h,/film/film/language,**Predicted Relation:** /film/film/language,/film/film/language
2099,/m/0ftlkg,/m/02psgq,/award/award_ceremony/awards_presented./award/award_honor/honored_for,**Predicted Relation:** /award/award_nominee/award_nominations./award/award_nomination/nominated_for,/award/award_nominee/award_nominations./award/award_nomination/nominated_for
2100,/m/09m6kg,/m/02r96rf,/film/film/other_crew./film/film_crew_gig/film_crew_role,**Predicted Relation:** /film/film/other_crew./film/film_crew_gig/film_crew_role,/film/film/other_crew./film/film_crew_gig/film_crew_role
2101,/m/0bdt8,/m/0ktpx,/film/actor/film./film/performance/film,**Predicted Relation:** /film/actor/film./film/performance/film,/film/actor/film./film/performance/film
2102,/m/05ft32,/m/05qhw,/film/film/release_date_s./film/film_regional_release_date/film_release_region,**Predicted Relation:** /film/film/country,/film/film/country
2103,/m/018phr,/m/09jwl,/people/person/profession,**Predicted Relation:** /people/person/profession,/people/person/profession
2104,/m/0gqy2,/m/07yk1xz,/award/award_category/nominees./award/award_nomination/nominated_for,**Predicted Relation:** /award/award_nominee/award_nominations./award/award_nomination/nominated_for,/award/award_nominee/award_nominations./award/award_nomination/nominated_for
2105,/m/0cc63l,/m/05zppz,/people/person/gender,**Predicted Relation:** /people/person/gender,/people/person/gender
2106,/m/0svqs,/m/08mbj5d,/common/topic/webpage./common/webpage/category,**Predicted Relation:** /common/topic/webpage./common/webpage/category,/common/topic/webpage./common/webpage/category
2107,/m/01hgwkr,/m/016z4k,/people/person/profession,**Predicted Relation:** /people/person/profession,/people/person/profession
2108,/m/0342h,/m/01qbl,/music/performance_role/track_performances./music/track_contribution/role,**Predicted Relation:** /music/instrument/instrumentalists,/music/instrument/instrumentalists
2109,/m/01wqflx,/m/0d193h,/music/group_member/membership./music/group_membership/group,**Predicted Relation:** /music/group_member/membership./music/group_membership/group,/music/group_member/membership./music/group_membership/group
2110,/m/01c9jp,/m/01bx35,/award/award_category/winners./award/award_honor/ceremony,**Predicted Relation:** /award/award_category/winners./award/award_honor/ceremony,/award/award_category/winners./award/award_honor/ceremony
2111,/m/0blbxk,/m/09c7w0,/people/person/nationality,**Predicted Relation:** /people/person/place_of_birth,/people/person/place_of_birth
2112,/m/0fqy4p,/m/0ds3t5x,/film/film_distributor/films_distributed./film/film_film_distributor_relationship/film,**Predicted Relation:** /film/film/distributors./film/film_film_distributor_relationship/film,/film/film/distributors./film/film_film_distributor_relationship/film
2113,/m/09k0h5,/m/07dfk,/organization/organization/headquarters./location/mailing_address/state_province_region,**Predicted Relation:** /organization/organization/headquarters./location/mailing_address/citytown,/organization/organization/headquarters./location/mailing_address/citytown
2114,/m/01vrz41,/m/099vwn,/award/award_nominee/award_nominations./award/award_nomination/award,**Predicted Relation:** /award/award_nominee/award_nominations./award/award_nomination/award,/award/award_nominee/award_nominations./award/award_nomination/award
2115,/m/03_8r,/m/0jgd,/olympics/olympic_sport/athletes./olympics/olympic_athlete_affiliation/country,**Predicted Relation:** /olympics/olympic_sport/athletes./olympics/olympic_athlete_affiliation/country,/olympics/olympic_sport/athletes./olympics/olympic_athlete_affiliation/country
2116,/m/0gr4k,/m/0jym0,/award/award_category/nominees./award/award_nomination/nominated_for,**Predicted Relation:** /award/award_nominee/award_nominations./award/award_nomination/nominated_for,/award/award_nominee/award_nominations./award/award_nomination/nominated_for
2117,/m/0739z6,/m/016z4k,/people/person/profession,**Predicted Relation:** /people/person/profession,/people/person/profession
2118,/m/01hlwv,/m/05r7t,/base/schemastaging/organization_extra/phone_number./base/schemastaging/phone_sandbox/service_location,**Predicted Relation:** /location/country/official_language,/location/country/official_language
2119,/m/0gr0m,/m/0bz6l9,/award/award_category/winners./award/award_honor/ceremony,**Predicted Relation:** /award/award_category/nominees./award/award_nomination/nominated_for,/award/award_category/nominees./award/award_nomination/nominated_for
2120,/m/01xvb,/m/07szy,/sports/professional_sports_team/draft_picks./sports/sports_league_draft_pick/school,**Predicted Relation:** /sports/professional_sports_team/draft_picks./sports/sports_league_draft_pick/school,/sports/professional_sports_team/draft_picks./sports/sports_league_draft_pick/school
2121,/m/0w7c,/m/045gzq,/education/field_of_study/students_majoring./education/education/student,**Predicted Relation:** /people/profession/specialization_of,/people/profession/specialization_of
2122,/m/0gtx63s,/m/0ch6mp2,/film/film/other_crew./film/film_crew_gig/film_crew_role,**Predicted Relation:** /film/film/other_crew./film/film_crew_gig/film_crew_role,/film/film/other_crew./film/film_crew_gig/film_crew_role
2123,/m/05qhw,/m/071g6,/location/location/contains,**Predicted Relation:** /location/administrative_division/country,/location/administrative_division/country
2124,/m/02r2j8,/m/016khd,/tv/tv_program/regular_cast./tv/regular_tv_appearance/actor,**Predicted Relation:** /film/actor/film./film/performance/film,/film/actor/film./film/performance/film
2125,/m/03qsdpk,/m/032q8q,/education/field_of_study/students_majoring./education/education/student,**Predicted Relation:** /people/person/profession,/people/person/profession
2126,/m/057176,/m/09nqf,/base/schemastaging/person_extra/net_worth./measurement_unit/dated_money_value/currency,**Predicted Relation:** /film/actor/film./film/performance/film,/film/actor/film./film/performance/film
2127,/m/07bwr,/m/05p553,/film/film/genre,**Predicted Relation:** /film/film/genre,/film/film/genre
2128,/m/0kv238,/m/015qh,/film/film/release_date_s./film/film_regional_release_date/film_release_region,**Predicted Relation:** /film/film/release_date_s./film/film_regional_release_date/film_release_region,/film/film/release_date_s./film/film_regional_release_date/film_release_region
2129,/m/05zvj3m,/m/0fz3b1,/award/award_category/nominees./award/award_nomination/nominated_for,**Predicted Relation:** /award/award_category/nominees./award/award_nomination/nominated_for,/award/award_category/nominees./award/award_nomination/nominated_for
2130,/m/0fb7sd,/m/09c7w0,/film/film/country,**Predicted Relation:** /film/film/country,/film/film/country
2131,/m/0147dk,/m/099ck7,/award/award_nominee/award_nominations./award/award_nomination/award,**Predicted Relation:** /award/award_nominee/award_nominations./award/award_nomination/nominated_for,/award/award_nominee/award_nominations./award/award_nomination/nominated_for
2132,/m/0b44shh,/m/09c7w0,/film/film/release_date_s./film/film_regional_release_date/film_release_region,**Predicted Relation:** /film/film/country,/film/film/country
2133,/m/02pqp12,/m/0bth54,/award/award_category/nominees./award/award_nomination/nominated_for,**Predicted Relation:** /film/director/film,/film/director/film
2134,/m/02zd460,/m/02j62,/education/educational_institution/students_graduates./education/education/major_field_of_study,**Predicted Relation:** /education/educational_institution/students_graduates./education/education/major_field_of_study,/education/educational_institution/students_graduates./education/education/major_field_of_study
2135,/m/07ssc,/m/09bkv,/location/location/contains,**Predicted Relation:** /location/location/contains,/location/location/contains
2136,/m/02fy0z,/m/029g_vk,/education/educational_institution/students_graduates./education/education/major_field_of_study,**Predicted Relation:** /education/educational_institution/students_graduates./education/education/major_field_of_study,/education/educational_institution/students_graduates./education/education/major_field_of_study
2137,/m/03f2_rc,/m/01d_h8,/people/person/profession,**Predicted Relation:** /people/person/profession,/people/person/profession
2138,/m/0jmfv,/m/018w8,/sports/sports_team/sport,**Predicted Relation:** /sports/sports_team/sport,/sports/sports_team/sport
2139,/m/027qq9b,/m/0jt3qpk,/award/award_category/winners./award/award_honor/ceremony,**Predicted Relation:** /award/award_category/winners./award/award_honor/ceremony,/award/award_category/winners./award/award_honor/ceremony
2140,/m/09c7w0,/m/0r3tb,/location/location/contains,**Predicted Relation:** /location/location/contains,/location/location/contains
2141,/m/01k5y0,/m/0dky9n,/film/film/edited_by,**Predicted Relation:** /film/film/edited_by,/film/film/edited_by
2142,/m/018vs,/m/03q_w5,/music/performance_role/regular_performances./music/group_membership/group,**Predicted Relation:** /music/performance_role/regular_performances./music/group_membership/group,/music/performance_role/regular_performances./music/group_membership/group
2143,/m/0cmdwwg,/m/02r96rf,/film/film/other_crew./film/film_crew_gig/film_crew_role,**Predicted Relation:** /film/film/other_crew./film/film_crew_gig/film_crew_role,/film/film/other_crew./film/film_crew_gig/film_crew_role
2144,/m/0q9jk,/m/01z4y,/tv/tv_program/genre,**Predicted Relation:** /tv/tv_program/genre,/tv/tv_program/genre
2145,/m/0y_9q,/m/04cb4x,/film/film/genre,**Predicted Relation:** /film/film/genre,/film/film/genre
2146,/m/06z6r,/m/06s0l,/olympics/olympic_sport/athletes./olympics/olympic_athlete_affiliation/country,**Predicted Relation:** /olympics/olympic_participating_country/athletes./olympics/olympic_athlete_affiliation/olympics,/olympics/olympic_participating_country/athletes./olympics/olympic_athlete_affiliation/olympics
2147,/m/07x4qr,/m/03rt9,/film/film/release_date_s./film/film_regional_release_date/film_release_region,**Predicted Relation:** /film/film/release_date_s./film/film_regional_release_date/film_release_region,/film/film/release_date_s./film/film_regional_release_date/film_release_region
2148,/m/087wc7n,/m/01crd5,/film/film/release_date_s./film/film_regional_release_date/film_release_region,**Predicted Relation:** /film/film/release_date_s./film/film_regional_release_date/film_release_region,/film/film/release_date_s./film/film_regional_release_date/film_release_region
2149,/m/026m9w,/m/01h5f8,/award/award_category/winners./award/award_honor/award_winner,**Predicted Relation:** /award/award_category/winners./award/award_honor/award_winner,/award/award_category/winners./award/award_honor/award_winner
2150,/m/0c_zj,/m/02cpb7,/education/educational_institution/students_graduates./education/education/student,**Predicted Relation:** /people/person/profession,/people/person/profession
2151,/m/02w7gg,/m/021yzs,/people/ethnicity/people,**Predicted Relation:** /people/person/nationality,/people/person/nationality
2152,/m/02tfl8,/m/0167bx,/medicine/symptom/symptom_of,**Predicted Relation:** /medicine/symptom/symptom_of,/medicine/symptom/symptom_of
2153,/m/0dryh9k,/m/05yvfd,/people/ethnicity/people,**Predicted Relation:** /people/person/profession,/people/person/profession
2154,/m/07ssc,/m/0194zl,/media_common/netflix_genre/titles,**Predicted Relation:** /film/film/country,/film/film/country
2155,/m/0f4x7,/m/015qt5,/award/award_category/winners./award/award_honor/award_winner,**Predicted Relation:** /award/award_category/winners./award/award_honor/award_winner,/award/award_category/winners./award/award_honor/award_winner
2156,/m/0ckrnn,/m/02h40lc,/film/film/language,**Predicted Relation:** /film/film/language,/film/film/language
2157,/m/03sxd2,/m/09vw2b7,/film/film/other_crew./film/film_crew_gig/film_crew_role,**Predicted Relation:** /film/film/other_crew./film/film_crew_gig/film_crew_role,/film/film/other_crew./film/film_crew_gig/film_crew_role
2158,/m/02n9nmz,/m/01chpn,/award/award_category/nominees./award/award_nomination/nominated_for,**Predicted Relation:** /award/award_winning_work/awards_won./award/award_honor/award_winner,/award/award_winning_work/awards_won./award/award_honor/award_winner
2159,/m/0kz10,/m/08cyft,/music/genre/parent_genre,**Predicted Relation:** /music/genre/parent_genre,/music/genre/parent_genre
2160,/m/043t8t,/m/0jn5l,/film/film/music,**Predicted Relation:** /film/film/music,/film/film/music
2161,/m/0f4yh,/m/02kdv5l,/film/film/genre,**Predicted Relation:** /film/film/genre,/film/film/genre
2162,/m/07d2d,/m/0bqsy,/music/genre/artists,**Predicted Relation:** /music/genre/artists,/music/genre/artists
2163,/m/01j5ts,/m/07_fl,/people/person/places_lived./people/place_lived/location,**Predicted Relation:** /people/person/places_lived./people/place_lived/location,/people/person/places_lived./people/place_lived/location
2164,/m/0f04v,/m/0km3f,/base/petbreeds/city_with_dogs/top_breeds./base/petbreeds/dog_city_relationship/dog_breed,**Predicted Relation:** /base/petbreeds/city_with_dogs/top_breeds./base/petbreeds/dog_city_relationship/dog_breed,/base/petbreeds/city_with_dogs/top_breeds./base/petbreeds/dog_city_relationship/dog_breed
2165,/m/045c66,/m/06jzh,/award/award_nominee/award_nominations./award/award_nomination/award_nominee,**Predicted Relation:** /people/person/spouse_s./people/marriage/spouse,/people/person/spouse_s./people/marriage/spouse
2166,/m/01rwpj,/m/0hzlz,/film/film/release_date_s./film/film_regional_release_date/film_release_region,**Predicted Relation:** /film/film/language,/film/film/language
2167,/m/02vq8xn,/m/02hrh1q,/people/person/profession,**Predicted Relation:** /tv/tv_program/regular_cast./tv/regular_tv_appearance/actor,/tv/tv_program/regular_cast./tv/regular_tv_appearance/actor
2168,/m/04cf09,/m/0ck27z,/award/award_nominee/award_nominations./award/award_nomination/award,**Predicted Relation:** /award/award_nominee/award_nominations./award/award_nomination/nominated_for,/award/award_nominee/award_nominations./award/award_nomination/nominated_for
2169,/m/02ghq,/m/01d_h8,/people/person/profession,**Predicted Relation:** /people/person/profession,/people/person/profession
2170,/m/047sxrj,/m/0412f5y,/award/award_nominee/award_nominations./award/award_nomination/award_nominee,**Predicted Relation:** /award/award_nominee/award_nominations./award/award_nomination/award_nominee,/award/award_nominee/award_nominations./award/award_nomination/award_nominee
2171,/m/06cgf,/m/02h40lc,/film/film/language,**Predicted Relation:** /film/film/language,/film/film/language
2172,/m/03x31g,/m/0flw86,/people/person/religion,**Predicted Relation:** /location/statistical_region/religions./location/religion_percentage/religion,/location/statistical_region/religions./location/religion_percentage/religion
2173,/m/01jw4r,/m/03c7tr1,/award/award_nominee/award_nominations./award/award_nomination/award,**Predicted Relation:** /award/award_nominee/award_nominations./award/award_nomination/award,/award/award_nominee/award_nominations./award/award_nomination/award
2174,/m/01h2_6,/m/0cbd2,/people/person/profession,**Predicted Relation:** /people/person/profession,/people/person/profession
2175,/m/0486tv,/m/01znc_,/olympics/olympic_sport/athletes./olympics/olympic_athlete_affiliation/country,**Predicted Relation:** /olympics/olympic_sport/athletes./olympics/olympic_athlete_affiliation/country,/olympics/olympic_sport/athletes./olympics/olympic_athlete_affiliation/country
2176,/m/0gr0m,/m/0jsqk,/award/award_category/nominees./award/award_nomination/nominated_for,**Predicted Relation:** /award/award_category/nominees./award/award_nomination/nominated_for,/award/award_category/nominees./award/award_nomination/nominated_for
2177,/m/0sx8l,/m/06c1y,/olympics/olympic_games/participating_countries,**Predicted Relation:** /olympics/olympic_participating_country/medals_won./olympics/olympic_medal_honor/olympics,/olympics/olympic_participating_country/medals_won./olympics/olympic_medal_honor/olympics
2178,/m/07s9rl0,/m/03hj3b3,/media_common/netflix_genre/titles,**Predicted Relation:** /film/film/genre,/film/film/genre
2179,/m/09l3p,/m/03h0byn,/film/actor/film./film/performance/film,**Predicted Relation:** /film/actor/film./film/performance/film,/film/actor/film./film/performance/film
2180,/m/0k611,/m/0dznvw,/award/award_category/winners./award/award_honor/ceremony,**Predicted Relation:** /award/award_category/category_of,/award/award_category/category_of
2181,/m/05qck,/m/01m4kpp,/award/award_category/winners./award/award_honor/award_winner,**Predicted Relation:** /award/award_category/winners./award/award_honor/award_winner,/award/award_category/winners./award/award_honor/award_winner
2182,/m/03ft8,/m/02hrh1q,/people/person/profession,**Predicted Relation:** /tv/tv_program/program_creator,/tv/tv_program/program_creator
2183,/m/05f7w84,/m/024my5,/tv/tv_program/regular_cast./tv/regular_tv_appearance/actor,**Predicted Relation:** /tv/tv_program/regular_cast./tv/regular_tv_appearance/actor,/tv/tv_program/regular_cast./tv/regular_tv_appearance/actor
2184,/m/044mvs,/m/04ly1,/people/person/places_lived./people/place_lived/location,**Predicted Relation:** /location/administrative_division/first_level_division_of,/location/administrative_division/first_level_division_of
2185,/m/048n7,/m/0ctw_b,/military/military_conflict/combatants./military/military_combatant_group/combatants,**Predicted Relation:** /military/military_conflict/combatants./military/military_combatant_group/combatants,/military/military_conflict/combatants./military/military_combatant_group/combatants
2186,/m/01pcvn,/m/0d1pc,/people/person/profession,**Predicted Relation:** /people/person/profession,/people/person/profession
2187,/m/09c7w0,/m/0lmgy,/location/country/second_level_divisions,**Predicted Relation:** /location/administrative_division/first_level_division_of,/location/administrative_division/first_level_division_of
2188,/m/03cvvlg,/m/01tc9r,/film/film/music,**Predicted Relation:** /film/film/music,/film/film/music
2189,/m/030s5g,/m/05zppz,/people/person/gender,**Predicted Relation:** /people/person/gender,/people/person/gender
2190,/m/0180mw,/m/030_1_,/award/award_winning_work/awards_won./award/award_honor/award_winner,**Predicted Relation:** /tv/tv_program/program_creator,/tv/tv_program/program_creator
2191,/m/03g5_y,/m/08mbj5d,/common/topic/webpage./common/webpage/category,**Predicted Relation:** /common/topic/webpage./common/webpage/category,/common/topic/webpage./common/webpage/category
2192,/m/04f525m,/m/08nvyr,/film/film_distributor/films_distributed./film/film_film_distributor_relationship/film,**Predicted Relation:** /film/film_distributor/films_distributed./film/film_film_distributor_relationship/film,/film/film_distributor/films_distributed./film/film_film_distributor_relationship/film
2193,/m/01dw4q,/m/02rrfzf,/film/actor/film./film/performance/film,**Predicted Relation:** /film/actor/film./film/performance/film,/film/actor/film./film/performance/film
2194,/m/041rx,/m/051wwp,/people/ethnicity/people,**Predicted Relation:** /people/ethnicity/people,/people/ethnicity/people
2195,/m/07ftc0,/m/01d_h8,/people/person/profession,**Predicted Relation:** /film/film/produced_by,/film/film/produced_by
2196,/m/049dyj,/m/0167q3,/people/person/places_lived./people/place_lived/location,**Predicted Relation:** /people/person/place_of_birth,/people/person/place_of_birth
2197,/m/0k611,/m/03tn9w,/award/award_category/winners./award/award_honor/ceremony,**Predicted Relation:** /award/award_category/nominees./award/award_nomination/nominated_for,/award/award_category/nominees./award/award_nomination/nominated_for
2198,/m/09c7w0,/m/01jszm,/location/location/contains,**Predicted Relation:** /base/biblioness/bibs_location/state,/base/biblioness/bibs_location/state
2199,/m/0cv9b,/m/0d05w3,/base/schemastaging/organization_extra/phone_number./base/schemastaging/phone_sandbox/service_location,**Predicted Relation:** /organization/organization/headquarters./location/mailing_address/country,/organization/organization/headquarters./location/mailing_address/country
2200,/m/02cbg0,/m/04qvl7,/film/film/cinematography,**Predicted Relation:** /film/film/cinematography,/film/film/cinematography
2201,/m/0ctw_b,/m/01fpfn,/location/country/form_of_government,**Predicted Relation:** /location/country/form_of_government,/location/country/form_of_government
2202,/m/03f7m4h,/m/03tk6z,/award/award_nominee/award_nominations./award/award_nomination/award,**Predicted Relation:** /award/award_nominee/award_nominations./award/award_nomination/award,/award/award_nominee/award_nominations./award/award_nomination/award
2203,/m/03mdt,/m/0hr41p6,/tv/tv_network/programs./tv/tv_network_duration/program,**Predicted Relation:** /tv/tv_network/programs./tv/tv_network_duration/program,/tv/tv_network/programs./tv/tv_network_duration/program
2204,/m/01c_d,/m/02qw1zx,/sports/professional_sports_team/draft_picks./sports/sports_league_draft_pick/draft,**Predicted Relation:** /sports/professional_sports_team/draft_picks./sports/sports_league_draft_pick/draft,/sports/professional_sports_team/draft_picks./sports/sports_league_draft_pick/draft
2205,/m/0dl9_4,/m/04jpl,/film/film/featured_film_locations,**Predicted Relation:** /film/film/featured_film_locations,/film/film/featured_film_locations
2206,/m/063k3h,/m/02n9k,/people/ethnicity/people,**Predicted Relation:** /people/ethnicity/people,/people/ethnicity/people
2207,/m/04kxsb,/m/064lsn,/award/award_category/nominees./award/award_nomination/nominated_for,**Predicted Relation:** /award/award_winning_work/awards_won./award/award_honor/award_winner,/award/award_winning_work/awards_won./award/award_honor/award_winner
2208,/m/02vqsll,/m/03sb38,/film/film/production_companies,**Predicted Relation:** /film/film/distributors./film/film_film_distributor_relationship/film_distribution_medium,/film/film/distributors./film/film_film_distributor_relationship/film_distribution_medium
2209,/m/011yl_,/m/02l7c8,/film/film/genre,**Predicted Relation:** /film/film/genre,/film/film/genre
2210,/m/01vsy7t,/m/01kjr0,/film/actor/film./film/performance/film,**Predicted Relation:** /film/actor/film./film/performance/film,/film/actor/film./film/performance/film
2211,/m/01mpwj,/m/056wb,/education/educational_institution/students_graduates./education/education/student,**Predicted Relation:** /education/educational_institution/students_graduates./education/education/student,/education/educational_institution/students_graduates./education/education/student
2212,/m/01f1p9,/m/03lty,/music/genre/parent_genre,**Predicted Relation:** /music/genre/parent_genre,/music/genre/parent_genre
2213,/m/02w6s3,/m/012x7b,/music/genre/parent_genre,**Predicted Relation:** /music/genre/parent_genre,/music/genre/parent_genre
2214,/m/02k1pr,/m/01jfsb,/film/film/genre,**Predicted Relation:** /film/film/genre,/film/film/genre
2215,/m/06mt91,/m/01by1l,/award/award_nominee/award_nominations./award/award_nomination/award,**Predicted Relation:** /award/award_nominee/award_nominations./award/award_nomination/award,/award/award_nominee/award_nominations./award/award_nomination/award
2216,/m/06w7v,/m/04kjrv,/music/instrument/instrumentalists,**Predicted Relation:** /music/instrument/instrumentalists,/music/instrument/instrumentalists
2217,/m/0gfq9,/m/01c83m,/base/culturalevent/event/entity_involved,**Predicted Relation:** /people/person/profession,/people/person/profession
2218,/m/033tf_,/m/04d_mtq,/people/ethnicity/people,**Predicted Relation:** /people/ethnicity/people,/people/ethnicity/people
2219,/m/0bg4f9,/m/02vx4,/sports/sports_team/sport,**Predicted Relation:** /sports/sports_team/sport,/sports/sports_team/sport
2220,/m/01_p6t,/m/02hrh1q,/people/person/profession,**Predicted Relation:** /people/person/profession,/people/person/profession
2221,/m/016vg8,/m/0bwhdbl,/film/actor/film./film/performance/film,**Predicted Relation:** /film/actor/film,/film/actor/film
2222,/m/01n30p,/m/09vw2b7,/film/film/other_crew./film/film_crew_gig/film_crew_role,**Predicted Relation:** /film/film/other_crew./film/film_crew_gig/film_crew_role,/film/film/other_crew./film/film_crew_gig/film_crew_role
2223,/m/0symg,/m/01hmnh,/film/film/genre,**Predicted Relation:** /film/film/genre,/film/film/genre
2224,/m/09306z,/m/0sxkh,/award/award_ceremony/awards_presented./award/award_honor/honored_for,**Predicted Relation:** /award/award_category/nominees./award/award_nomination/nominated_for,/award/award_category/nominees./award/award_nomination/nominated_for
2225,/m/01wd02c,/m/028p0,/influence/influence_node/influenced_by,**Predicted Relation:** /people/person/profession,/people/person/profession
2226,/m/0gqyl,/m/0cq7kw,/award/award_category/nominees./award/award_nomination/nominated_for,**Predicted Relation:** /award/award_category/nominees./award/award_nomination/nominated_for,/award/award_category/nominees./award/award_nomination/nominated_for
2227,/m/05nlx4,/m/02h40lc,/film/film/language,**Predicted Relation:** /film/film/language,/film/film/language
2228,/m/03cffvv,/m/02h40lc,/film/film/language,**Predicted Relation:** /film/film/language,/film/film/language
2229,/m/07t_x,/m/03__77,/sports/sports_team_location/teams,**Predicted Relation:** /olympics/olympic_participating_country/athletes./olympics/olympic_athlete_affiliation/olympics,/olympics/olympic_participating_country/athletes./olympics/olympic_athlete_affiliation/olympics
2230,/m/041c4,/m/0164qt,/film/actor/film./film/performance/film,**Predicted Relation:** /film/actor/film./film/performance/film,/film/actor/film./film/performance/film
2231,/m/016ckq,/m/012z8_,/music/record_label/artist,**Predicted Relation:** /music/record_label/artist,/music/record_label/artist
2232,/m/01bvx1,/m/02zdwq,/base/schemastaging/organization_extra/phone_number./base/schemastaging/phone_sandbox/contact_category,**Predicted Relation:** /organization/organization/employee./people/person/employment_history/employer,/organization/organization/employee./people/person/employment_history/employer
2233,/m/07r4c,/m/0rh6k,/people/person/places_lived./people/place_lived/location,**Predicted Relation:** /location/country/capital,/location/country/capital
2234,/m/034ns,/m/04n6k,/user/tsegaran/random/taxonomy_subject/entry./user/tsegaran/random/taxonomy_entry/taxonomy,**Predicted Relation:** /user/tsegaran/random/taxonomy_subject/entry./user/tsegaran/random/taxonomy_entry/taxonomy,/user/tsegaran/random/taxonomy_subject/entry./user/tsegaran/random/taxonomy_entry/taxonomy
2235,/m/09qvms,/m/033w9g,/award/award_ceremony/awards_presented./award/award_honor/award_winner,**Predicted Relation:** /award/award_ceremony/awards_presented./award/award_honor/award_winner,/award/award_ceremony/awards_presented./award/award_honor/award_winner
2236,/m/049tjg,/m/09c7w0,/people/person/nationality,**Predicted Relation:** /people/person/place_of_birth,/people/person/place_of_birth
2237,/m/0bwfn,/m/01zc2w,/education/educational_institution/students_graduates./education/education/major_field_of_study,**Predicted Relation:** /education/educational_institution/students_graduates./education/education/major_field_of_study,/education/educational_institution/students_graduates./education/education/major_field_of_study
2238,/m/01bgqh,/m/01vttb9,/award/award_category/winners./award/award_honor/award_winner,**Predicted Relation:** /award/award_nominee/award_nominations./award/award_nomination/award,/award/award_nominee/award_nominations./award/award_nomination/award
2239,/m/01q24l,/m/0r1yc,/government/government_office_category/officeholders./government/government_position_held/jurisdiction_of_office,**Predicted Relation:** /government/politician/government_positions_held./government/government_position_held/jurisdiction_of_office,/government/politician/government_positions_held./government/government_position_held/jurisdiction_of_office
2240,/m/01qh7,/m/05bnq8,/location/location/contains,**Predicted Relation:** /location/location/contains,/location/location/contains
2241,/m/0crfwmx,/m/0d0vqn,/film/film/release_date_s./film/film_regional_release_date/film_release_region,**Predicted Relation:** /film/film/country,/film/film/country
2242,/m/0d060g,/m/05sfs,/location/statistical_region/religions./location/religion_percentage/religion,**Predicted Relation:** /location/statistical_region/religions./location/religion_percentage/religion,/location/statistical_region/religions./location/religion_percentage/religion
2243,/m/01vvyc_,/m/01c9dd,/award/award_nominee/award_nominations./award/award_nomination/award,**Predicted Relation:** /award/award_nominee/award_nominations./award/award_nomination/award,/award/award_nominee/award_nominations./award/award_nomination/award
2244,/m/057xs89,/m/0j5q3,/award/award_category/winners./award/award_honor/award_winner,**Predicted Relation:** /award/award_category/nominees./award/award_nomination/nominated_for,/award/award_category/nominees./award/award_nomination/nominated_for
2245,/m/01twmp,/m/018gz8,/people/person/profession,**Predicted Relation:** /people/person/profession,/people/person/profession
2246,/m/04093,/m/0f8l9c,/people/person/nationality,**Predicted Relation:** /people/person/place_of_birth,/people/person/place_of_birth
2247,/m/02ld6x,/m/0dxtg,/people/person/profession,**Predicted Relation:** /people/person/profession,/people/person/profession
2248,/m/05f7w84,/m/02h40lc,/tv/tv_program/languages,**Predicted Relation:** /tv/tv_program/country_of_origin./location/country/official_language,/tv/tv_program/country_of_origin./location/country/official_language
2249,/m/0gqwc,/m/02rv_dz,/award/award_category/nominees./award/award_nomination/nominated_for,**Predicted Relation:** /award/award_nominee/award_nominations./award/award_nomination/nominated_for,/award/award_nominee/award_nominations./award/award_nomination/nominated_for
2250,/m/07c52,/m/05lfwd,/media_common/netflix_genre/titles,**Predicted Relation:** /tv/tv_program/genre,/tv/tv_program/genre
2251,/m/01w524f,/m/016z4k,/people/person/profession,**Predicted Relation:** /people/person/profession,/people/person/profession
2252,/m/01w5m,/m/011lvx,/education/educational_institution/students_graduates./education/education/student,**Predicted Relation:** /education/educational_institution/students_graduates./education/education/student,/education/educational_institution/students_graduates./education/education/student
2253,/m/01hbq0,/m/042g97,/film/actor/film./film/performance/film,**Predicted Relation:** /film/actor/film./film/performance/film,/film/actor/film./film/performance/film
2254,/m/0gr4k,/m/05c5z8j,/award/award_category/nominees./award/award_nomination/nominated_for,**Predicted Relation:** /award/award_nominee/award_nominations./award/award_nomination/nominated_for,/award/award_nominee/award_nominations./award/award_nomination/nominated_for
2255,/m/026n9h3,/m/04ztj,/people/person/spouse_s./people/marriage/type_of_union,**Predicted Relation:** /people/person/spouse_s./people/marriage/type_of_union,/people/person/spouse_s./people/marriage/type_of_union
2256,/m/014mlp,/m/03gn1x,/education/educational_degree/people_with_this_degree./education/education/institution,**Predicted Relation:** /education/educational_degree/people_with_this_degree./education/education/student,/education/educational_degree/people_with_this_degree./education/education/student
2257,/m/0j1z8,/m/0j1z8,/location/location/contains,**Predicted Relation:** /location/location/contains,/location/location/contains
2258,/m/0gr0m,/m/0bzn6_,/award/award_category/winners./award/award_honor/ceremony,**Predicted Relation:** /award/award_category/winners./award/award_honor/ceremony,/award/award_category/winners./award/award_honor/ceremony
2259,/m/0pmhf,/m/02hrh1q,/people/person/profession,**Predicted Relation:** /people/person/profession,/people/person/profession
2260,/m/02bqy,/m/06y9bd,/education/educational_institution/students_graduates./education/education/student,**Predicted Relation:** /education/educational_institution/students_graduates./education/education/student,/education/educational_institution/students_graduates./education/education/student
2261,/m/0j_c,/m/03gjzk,/people/person/profession,**Predicted Relation:** /people/person/profession,/people/person/profession
2262,/m/0h1x5f,/m/0219x_,/film/film/genre,**Predicted Relation:** /film/film/genre,/film/film/genre
2263,/m/0gjc4d3,/m/01znc_,/film/film/release_date_s./film/film_regional_release_date/film_release_region,**Predicted Relation:** /film/film/release_date_s./film/film_regional_release_date/film_release_region,/film/film/release_date_s./film/film_regional_release_date/film_release_region
2264,/m/03m2fg,/m/03j6c,/people/person/religion,**Predicted Relation:** /people/person/religion,/people/person/religion
2265,/m/034qt_,/m/089fss,/people/person/profession,**Predicted Relation:** /film/film_set_designer/film_sets_designed,/film/film_set_designer/film_sets_designed
2266,/m/025ts_z,/m/0chghy,/film/film/release_date_s./film/film_regional_release_date/film_release_region,**Predicted Relation:** /film/film/release_date_s./film/film_regional_release_date/film_release_region,/film/film/release_date_s./film/film_regional_release_date/film_release_region
2267,/m/0fd3y,/m/07gxw,/music/genre/parent_genre,**Predicted Relation:** /music/genre/parent_genre,/music/genre/parent_genre
2268,/m/041y2,/m/039bp,/education/field_of_study/students_majoring./education/education/student,**Predicted Relation:** /award/award_winner/awards_won./award/award_honor/award_winner,/award/award_winner/awards_won./award/award_honor/award_winner
2269,/m/0b79gfg,/m/09zzb8,/people/person/profession,**Predicted Relation:** /people/person/profession,/people/person/profession
2270,/m/01lcxbb,/m/01c72t,/people/person/profession,**Predicted Relation:** /people/person/profession,/people/person/profession
2271,/m/0_7w6,/m/0hcr,/film/film/genre,**Predicted Relation:** /film/film/genre,/film/film/genre
2272,/m/017_qw,/m/02sj1x,/music/genre/artists,**Predicted Relation:** /award/award_category/winners./award/award_honor/award_winner,/award/award_category/winners./award/award_honor/award_winner
2273,/m/023p33,/m/081nh,/film/film/produced_by,**Predicted Relation:** /film/film/production_companies,/film/film/production_companies
2274,/m/0zcbl,/m/04t9c0,/film/actor/film./film/performance/film,**Predicted Relation:** /film/actor/film./film/performance/film,/film/actor/film./film/performance/film
2275,/m/09y2k2,/m/0222qb,/dataworld/gardening_hint/split_to,**Predicted Relation:** /people/ethnicity/geographic_distribution,/people/ethnicity/geographic_distribution
2276,/m/01nms7,/m/02zsn,/people/person/gender,**Predicted Relation:** /people/person/gender,/people/person/gender
2277,/m/02vcp0,/m/030qb3t,/people/person/place_of_birth,**Predicted Relation:** /people/person/place_of_birth,/people/person/place_of_birth
2278,/m/0gr0m,/m/05dy7p,/award/award_category/nominees./award/award_nomination/nominated_for,**Predicted Relation:** /award/award_nominated_work/award_nominations./award/award_nomination/nominated_for,/award/award_nominated_work/award_nominations./award/award_nomination/nominated_for
2279,/m/0bmhvpr,/m/06mkj,/film/film/release_date_s./film/film_regional_release_date/film_release_region,**Predicted Relation:** /film/film/country,/film/film/country
2280,/m/05bt6j,/m/0b_xm,/music/genre/artists,**Predicted Relation:** /music/genre/artists,/music/genre/artists
2281,/m/03nk3t,/m/02jx1,/people/person/nationality,**Predicted Relation:** /people/person/place_of_birth,/people/person/place_of_birth
2282,/m/05ty4m,/m/046lt,/influence/influence_node/influenced_by,**Predicted Relation:** /people/person/profession,/people/person/profession
2283,/m/05728w1,/m/0fd6qb,/award/award_nominee/award_nominations./award/award_nomination/award_nominee,**Predicted Relation:** /award/award_nominee/award_nominations./award/award_nomination/nominated_for,/award/award_nominee/award_nominations./award/award_nomination/nominated_for
2284,/m/01271h,/m/03q27t,/award/award_nominee/award_nominations./award/award_nomination/award,**Predicted Relation:** /award/award_nominee/award_nominations./award/award_nomination/award,/award/award_nominee/award_nominations./award/award_nomination/award
2285,/m/09gb_4p,/m/01jfsb,/film/film/genre,**Predicted Relation:** /film/film/genre,/film/film/genre
2286,/m/01hw6wq,/m/04ztj,/people/person/spouse_s./people/marriage/type_of_union,**Predicted Relation:** /people/person/spouse_s./people/marriage/location_of_ceremony,/people/person/spouse_s./people/marriage/location_of_ceremony
2287,/m/0170s4,/m/02d003,/film/actor/film./film/performance/film,**Predicted Relation:** /film/actor/film./film/performance/film,/film/actor/film./film/performance/film
2288,/m/01wqmm8,/m/02f705,/award/award_nominee/award_nominations./award/award_nomination/award,**Predicted Relation:** /award/award_nominee/award_nominations./award/award_nomination/award,/award/award_nominee/award_nominations./award/award_nomination/award
2289,/m/09v4bym,/m/08j7lh,/award/award_category/nominees./award/award_nomination/nominated_for,**Predicted Relation:** /award/award_category/nominees./award/award_nomination/nominated_for,/award/award_category/nominees./award/award_nomination/nominated_for
2290,/m/0424m,/m/01grpc,/government/politician/government_positions_held./government/government_position_held/legislative_sessions,**Predicted Relation:** /government/politician/government_positions_held./government/government_position_held/legislative_sessions,/government/politician/government_positions_held./government/government_position_held/legislative_sessions
2291,/m/03ksy,/m/03xds,/education/educational_institution/students_graduates./education/education/student,**Predicted Relation:** /education/educational_institution/students_graduates./education/education/student,/education/educational_institution/students_graduates./education/education/student
2292,/m/022769,/m/09nqf,/base/schemastaging/person_extra/net_worth./measurement_unit/dated_money_value/currency,**Predicted Relation:** /people/person/nationality,/people/person/nationality
2293,/m/03hl6lc,/m/01sxly,/award/award_category/nominees./award/award_nomination/nominated_for,**Predicted Relation:** /award/award_nominee/award_nominations./award/award_nomination/nominated_for,/award/award_nominee/award_nominations./award/award_nomination/nominated_for
2294,/m/040njc,/m/07cdz,/award/award_category/nominees./award/award_nomination/nominated_for,**Predicted Relation:** /award/award_category/nominees./award/award_nomination/nominated_for,/award/award_category/nominees./award/award_nomination/nominated_for
2295,/m/03bwzr4,/m/037mh8,/education/educational_degree/people_with_this_degree./education/education/major_field_of_study,**Predicted Relation:** /education/educational_degree/people_with_this_degree./education/education/major_field_of_study,/education/educational_degree/people_with_this_degree./education/education/major_field_of_study
2296,/m/032clf,/m/02vzc,/film/film/release_date_s./film/film_regional_release_date/film_release_region,**Predicted Relation:** /film/film/release_date_s./film/film_regional_release_date/film_release_region,/film/film/release_date_s./film/film_regional_release_date/film_release_region
2297,/m/09pnw5,/m/03m_k0,/award/award_ceremony/awards_presented./award/award_honor/award_winner,**Predicted Relation:** /award/award_category/winners./award/award_honor/award_winner,/award/award_category/winners./award/award_honor/award_winner
2298,/m/05w3f,/m/021r7r,/music/genre/artists,**Predicted Relation:** /music/genre/artists,/music/genre/artists
2299,/m/05qd_,/m/030qb3t,/organization/organization/place_founded,**Predicted Relation:** /film/film_distributor/films_distributed./film/film_film_distributor_relationship/film,/film/film_distributor/films_distributed./film/film_film_distributor_relationship/film
2300,/m/04sskp,/m/0dz8b,/film/film/genre,**Predicted Relation:** /film/film/genre,/film/film/genre
2301,/m/064lsn,/m/015fr,/film/film/release_date_s./film/film_regional_release_date/film_release_region,**Predicted Relation:** /film/film/release_date_s./film/film_regional_release_date/film_release_region,/film/film/release_date_s./film/film_regional_release_date/film_release_region
2302,/m/09rvwmy,/m/0215hd,/film/film/other_crew./film/film_crew_gig/film_crew_role,**Predicted Relation:** /film/film/other_crew./film/film_crew_gig/film_crew_role,/film/film/other_crew./film/film_crew_gig/film_crew_role
2303,/m/07bcn,/m/01t032,/base/petbreeds/city_with_dogs/top_breeds./base/petbreeds/dog_city_relationship/dog_breed,**Predicted Relation:** /base/petbreeds/city_with_dogs/top_breeds./base/petbreeds/dog_city_relationship/dog_breed,/base/petbreeds/city_with_dogs/top_breeds./base/petbreeds/dog_city_relationship/dog_breed
2304,/m/0h_9252,/m/04cw0j,/award/award_ceremony/awards_presented./award/award_honor/award_winner,**Predicted Relation:** /award/award_category/winners./award/award_honor/award_winner,/award/award_category/winners./award/award_honor/award_winner
2305,/m/026m3y,/m/05jxkf,/education/educational_institution/school_type,**Predicted Relation:** /education/educational_institution/school_type,/education/educational_institution/school_type
2306,/m/071t0,/m/06m_5,/olympics/olympic_sport/athletes./olympics/olympic_athlete_affiliation/country,**Predicted Relation:** /olympics/olympic_participating_country/athletes./olympics/olympic_athlete_affiliation/olympics,/olympics/olympic_participating_country/athletes./olympics/olympic_athlete_affiliation/olympics
2307,/m/01d_h,/m/01c72t,/people/person/profession,**Predicted Relation:** /people/person/profession,/people/person/profession
2308,/m/0bhwhj,/m/09nqf,/film/film/estimated_budget./measurement_unit/dated_money_value/currency,**Predicted Relation:** /award/award_winning_work/awards_won./award/award_honor/award,/award/award_winning_work/awards_won./award/award_honor/award
2309,/m/01cf93,/m/048xh,/music/record_label/artist,**Predicted Relation:** /music/record_label/artist,/music/record_label/artist
2310,/m/01719t,/m/09vw2b7,/film/film/other_crew./film/film_crew_gig/film_crew_role,**Predicted Relation:** /film/film/other_crew./film/film_crew_gig/film_crew_role,/film/film/other_crew./film/film_crew_gig/film_crew_role
2311,/m/0641kkh,/m/01hq1,/award/award_category/nominees./award/award_nomination/nominated_for,**Predicted Relation:** /award/award_category/nominees./award/award_nomination/nominated_for,/award/award_category/nominees./award/award_nomination/nominated_for
2312,/m/07jnt,/m/018cvf,/film/film/release_date_s./film/film_regional_release_date/film_regional_debut_venue,**Predicted Relation:** /film/film/release_date_s./film/film_regional_release_date/film_regional_debut_venue,/film/film/release_date_s./film/film_regional_release_date/film_regional_debut_venue
2313,/m/01gtcq,/m/0498y,/government/legislative_session/members./government/government_position_held/district_represented,**Predicted Relation:** /government/legislative_session/members./government/government_position_held/district_represented,/government/legislative_session/members./government/government_position_held/district_represented
2314,/m/0cks1m,/m/05p553,/film/film/genre,**Predicted Relation:** /film/film/genre,/film/film/genre
2315,/m/0nht0,/m/02fqwt,/location/location/time_zones,**Predicted Relation:** /location/location/time_zones,/location/location/time_zones
2316,/m/0xwj,/m/059rby,/organization/organization/headquarters./location/mailing_address/state_province_region,**Predicted Relation:** /organization/organization/place_founded,/organization/organization/place_founded
2317,/m/019rg5,/m/0820xz,/location/location/contains,**Predicted Relation:** /location/location/contains,/location/location/contains
2318,/m/0cxn2,/m/025s0zp,/food/food/nutrients./food/nutrition_fact/nutrient,**Predicted Relation:** /food/food/nutrients./food/nutrition_fact/nutrient,/food/food/nutrients./food/nutrition_fact/nutrient
2319,/m/0frmb1,/m/05gnf,/people/person/employment_history./business/employment_tenure/company,**Predicted Relation:** /tv/tv_network/programs,/tv/tv_network/programs
2320,/m/01svw8n,/m/04ztj,/people/person/spouse_s./people/marriage/type_of_union,**Predicted Relation:** /people/person/spouse_s./people/marriage/type_of_union,/people/person/spouse_s./people/marriage/type_of_union
2321,/m/0bdwft,/m/019l68,/award/award_category/winners./award/award_honor/award_winner,**Predicted Relation:** /award/award_category/winners./award/award_honor/award_winner,/award/award_category/winners./award/award_honor/award_winner
2322,/m/023p29,/m/03tcnt,/award/award_nominee/award_nominations./award/award_nomination/award,**Predicted Relation:** /award/award_nominee/award_nominations./award/award_nomination/nominated_for,/award/award_nominee/award_nominations./award/award_nomination/nominated_for
2323,/m/0gq9h,/m/0h1x5f,/award/award_category/nominees./award/award_nomination/nominated_for,**Predicted Relation:** /award/award_category/nominees./award/award_nomination/nominated_for,/award/award_category/nominees./award/award_nomination/nominated_for
2324,/m/01mc11,/m/09c7w0,/base/biblioness/bibs_location/country,**Predicted Relation:** /location/administrative_division/country,/location/administrative_division/country
2325,/m/0dj75,/m/025s7j4,/food/food/nutrients./food/nutrition_fact/nutrient,**Predicted Relation:** /food/food/nutrients./food/nutrition_fact/nutrient,/food/food/nutrients./food/nutrition_fact/nutrient
2326,/m/06t8b,/m/019f4v,/award/award_nominee/award_nominations./award/award_nomination/award,**Predicted Relation:** /award/award_nominee/award_nominations./award/award_nomination/nominated_for,/award/award_nominee/award_nominations./award/award_nomination/nominated_for
2327,/m/030_1m,/m/04cbbz,/film/film_distributor/films_distributed./film/film_film_distributor_relationship/film,**Predicted Relation:** /film/film_distributor/films_distributed./film/film_film_distributor_relationship/film,/film/film_distributor/films_distributed./film/film_film_distributor_relationship/film
2328,/m/0gkz15s,/m/02h40lc,/film/film/language,**Predicted Relation:** /film/film/release_date_s./film/film_regional_release_date/film_release_region./location/country/official_language,/film/film/release_date_s./film/film_regional_release_date/film_release_region./location/country/official_language
2329,/m/0c7xjb,/m/09nqf,/base/schemastaging/person_extra/net_worth./measurement_unit/dated_money_value/currency,**Predicted Relation:** /base/schemastaging/person_extra/net_worth./measurement_unit/dated_money_value/currency,/base/schemastaging/person_extra/net_worth./measurement_unit/dated_money_value/currency
2330,/m/0bh8x1y,/m/04hqz,/film/film/release_date_s./film/film_regional_release_date/film_release_region,**Predicted Relation:** /film/film/release_date_s./film/film_regional_release_date/film_release_region,/film/film/release_date_s./film/film_regional_release_date/film_release_region
2331,/m/0633p0,/m/02zsn,/people/person/gender,**Predicted Relation:** /people/person/gender,/people/person/gender
2332,/m/0mj1l,/m/0421ng,/film/actor/film./film/performance/film,**Predicted Relation:** /film/actor/film./film/performance/film,/film/actor/film./film/performance/film
2333,/m/01n2m6,/m/08mbj5d,/common/topic/webpage./common/webpage/category,**Predicted Relation:** /music/record_label/artist,/music/record_label/artist
2334,/m/06z8gn,/m/023vcd,/film/actor/film./film/performance/film,**Predicted Relation:** /film/actor/film./film/performance/film,/film/actor/film./film/performance/film
2335,/m/06q8qh,/m/02_340,/film/film/produced_by,**Predicted Relation:** /film/film/executive_produced_by,/film/film/executive_produced_by
2336,/m/02q0k7v,/m/09zzb8,/film/film/other_crew./film/film_crew_gig/film_crew_role,**Predicted Relation:** /film/film/other_crew./film/film_crew_gig/film_crew_role,/film/film/other_crew./film/film_crew_gig/film_crew_role
2337,/m/02z9hqn,/m/04306rv,/film/film/language,**Predicted Relation:** /film/film/language,/film/film/language
2338,/m/025t9b,/m/031786,/film/actor/film./film/performance/film,**Predicted Relation:** /film/actor/film./film/performance/film,/film/actor/film./film/performance/film
2339,/m/03q43g,/m/03x7hd,/film/actor/film./film/performance/film,**Predicted Relation:** /film/actor/film./film/performance/film,/film/actor/film./film/performance/film
2340,/m/01tjt2,/m/01yj2,/location/location/contains,**Predicted Relation:** /location/location/contains,/location/location/contains
2341,/m/03q5t,/m/01vnt4,/music/performance_role/track_performances./music/track_contribution/role,**Predicted Relation:** /music/performance_role/track_performances./music/track_contribution/role,/music/performance_role/track_performances./music/track_contribution/role
2342,/m/01gwck,/m/05jxkf,/education/educational_institution/school_type,**Predicted Relation:** /education/educational_institution/school_type,/education/educational_institution/school_type
2343,/m/03y3dk,/m/03902,/people/deceased_person/place_of_death,**Predicted Relation:** /people/person/places_lived./people/place_lived/location,/people/person/places_lived./people/place_lived/location
2344,/m/01n9d9,/m/01d_h8,/people/person/profession,**Predicted Relation:** /people/person/profession,/people/person/profession
2345,/m/05148p4,/m/0cfgd,/music/performance_role/regular_performances./music/group_membership/group,**Predicted Relation:** /music/group_member/membership./music/group_membership/group,/music/group_member/membership./music/group_membership/group
2346,/m/01pfkw,/m/03bxwtd,/award/award_nominee/award_nominations./award/award_nomination/award_nominee,**Predicted Relation:** /people/person/profession,/people/person/profession
2347,/m/02yl42,/m/0grw_,/award/award_nominee/award_nominations./award/award_nomination/award,**Predicted Relation:** /award/award_nominee/award_nominations./award/award_nomination/award,/award/award_nominee/award_nominations./award/award_nomination/award
2348,/m/084w8,/m/0379s,/influence/influence_node/influenced_by,**Predicted Relation:** /influence/influence_node/influenced_by,/influence/influence_node/influenced_by
2349,/m/011k_j,/m/0dvqq,/music/performance_role/regular_performances./music/group_membership/group,**Predicted Relation:** /music/performance_role/regular_performances./music/group_membership/group,/music/performance_role/regular_performances./music/group_membership/group
2350,/m/03bkbh,/m/0h407,/people/ethnicity/languages_spoken,**Predicted Relation:** /people/ethnicity/languages_spoken,/people/ethnicity/languages_spoken
2351,/m/027qb1,/m/03z19,/business/job_title/people_with_this_title./business/employment_tenure/company,**Predicted Relation:** /people/person/profession,/people/person/profession
2352,/m/087pfc,/m/043q6n_,/film/film/produced_by,**Predicted Relation:** /film/film/executive_produced_by,/film/film/executive_produced_by
2353,/m/07bdd_,/m/03t79f,/award/award_category/nominees./award/award_nomination/nominated_for,**Predicted Relation:** /award/award_category/winners./award/award_honor/award_winner,/award/award_category/winners./award/award_honor/award_winner
2354,/m/02yvct,/m/0chghy,/film/film/release_date_s./film/film_regional_release_date/film_release_region,**Predicted Relation:** /location/statistical_region/places_exported_to./location/imports_and_exports/exported_to,/location/statistical_region/places_exported_to./location/imports_and_exports/exported_to
2355,/m/07k2x,/m/0b60sq,/film/film_distributor/films_distributed./film/film_film_distributor_relationship/film,**Predicted Relation:** /film/film_distributor/films_distributed./film/film_film_distributor_relationship/film,/film/film_distributor/films_distributed./film/film_film_distributor_relationship/film
2356,/m/0gn30,/m/02_286,/people/person/places_lived./people/place_lived/location,**Predicted Relation:** /film/film/featured_film_locations,/film/film/featured_film_locations
2357,/m/06nm1,/m/02vr3gz,/media_common/netflix_genre/titles,**Predicted Relation:** /film/film/language,/film/film/language
2358,/m/06gb1w,/m/09nqf,/film/film/estimated_budget./measurement_unit/dated_money_value/currency,**Predicted Relation:** /film/film/estimated_budget./measurement_unit/dated_money_value/currency,/film/film/estimated_budget./measurement_unit/dated_money_value/currency
2359,/m/04vrxh,/m/0fnpj,/people/person/profession,**Predicted Relation:** /music/instrument/instrumentalists,/music/instrument/instrumentalists
2360,/m/02sch9,/m/03fwln,/people/ethnicity/people,**Predicted Relation:** /people/ethnicity/people,/people/ethnicity/people
2361,/m/0qcr0,/m/0cmdwwg,/film/film_subject/films,**Predicted Relation:** /film/actor/film./film/performance/film,/film/actor/film./film/performance/film
2362,/m/04n7njg,/m/0d2b38,/people/person/profession,**Predicted Relation:** /people/person/profession,/people/person/profession
2363,/m/02pxmgz,/m/06n90,/film/film/genre,**Predicted Relation:** /film/film/genre,/film/film/genre
2364,/m/040njc,/m/0jwvf,/award/award_category/nominees./award/award_nomination/nominated_for,**Predicted Relation:** /award/award_category/nominees./award/award_nomination/nominated_for,/award/award_category/nominees./award/award_nomination/nominated_for
2365,/m/02dth1,/m/091rc5,/film/actor/film./film/performance/film,**Predicted Relation:** /film/actor/film./film/performance/film,/film/actor/film./film/performance/film
2366,/m/0f0kz,/m/017jd9,/film/actor/film./film/performance/film,**Predicted Relation:** /award/award_nominee/award_nominations./award/award_nomination/nominated_for,/award/award_nominee/award_nominations./award/award_nomination/nominated_for
2367,/m/0dl5d,/m/03xl77,/music/genre/artists,**Predicted Relation:** /music/genre/artists,/music/genre/artists
2368,/m/01nn6c,/m/0kyk,/people/person/profession,**Predicted Relation:** /people/person/profession,/people/person/profession
2369,/m/07ymr5,/m/02k21g,/base/saturdaynightlive/snl_cast_member/seasons./base/saturdaynightlive/snl_season_tenure/cast_members,**Predicted Relation:** /base/saturdaynightlive/snl_cast_member/seasons./base/saturdaynightlive/snl_season_tenure/cast_members,/base/saturdaynightlive/snl_cast_member/seasons./base/saturdaynightlive/snl_season_tenure/cast_members
2370,/m/0sz28,/m/05bnp0,/award/award_nominee/award_nominations./award/award_nomination/award_nominee,**Predicted Relation:** /award/award_nominee/award_nominations./award/award_nomination/award_nominee,/award/award_nominee/award_nominations./award/award_nomination/award_nominee
2371,/m/0d_2fb,/m/02r96rf,/film/film/other_crew./film/film_crew_gig/film_crew_role,**Predicted Relation:** /film/film/other_crew./film/film_crew_gig/film_crew_role,/film/film/other_crew./film/film_crew_gig/film_crew_role
2372,/m/03yvf2,/m/03spz,/film/film/release_date_s./film/film_regional_release_date/film_release_region,**Predicted Relation:** /film/film/language./language/human_language/countries_spoken_in,/film/film/language./language/human_language/countries_spoken_in
2373,/m/03h_fk5,/m/01by1l,/award/award_nominee/award_nominations./award/award_nomination/award,**Predicted Relation:** /award/award_nominee/award_nominations./award/award_nomination/award,/award/award_nominee/award_nominations./award/award_nomination/award
2374,/m/02vyw,/m/04dn09n,/award/award_nominee/award_nominations./award/award_nomination/award,**Predicted Relation:** /award/award_category/nominees./award/award_nomination/nominated_for,/award/award_category/nominees./award/award_nomination/nominated_for
2375,/m/0btpm6,/m/017fx5,/film/film/film_format,**Predicted Relation:** /film/film/film_format,/film/film/film_format
2376,/m/01z4y,/m/0372j5,/media_common/netflix_genre/titles,**Predicted Relation:** /film/film/genre,/film/film/genre
2377,/m/04z257,/m/04306rv,/film/film/language,**Predicted Relation:** /film/film/language,/film/film/language
2378,/m/01mkn_d,/m/03t95n,/award/award_nominee/award_nominations./award/award_nomination/nominated_for,**Predicted Relation:** /film/film/music,/film/film/music
2379,/m/02fsn,/m/0dw3l,/music/instrument/instrumentalists,**Predicted Relation:** /music/instrument/instrumentalists,/music/instrument/instrumentalists
2380,/m/0bmhvpr,/m/0k6nt,/film/film/release_date_s./film/film_regional_release_date/film_release_region,**Predicted Relation:** /film/film/country,/film/film/country
2381,/m/02zd460,/m/02lp1,/education/educational_institution/students_graduates./education/education/major_field_of_study,**Predicted Relation:** /education/educational_institution/students_graduates./education/education/major_field_of_study,/education/educational_institution/students_graduates./education/education/major_field_of_study
2382,/m/01f2xy,/m/02ky346,/education/educational_institution/students_graduates./education/education/major_field_of_study,**Predicted Relation:** /education/educational_institution/students_graduates./education/education/major_field_of_study,/education/educational_institution/students_graduates./education/education/major_field_of_study
2383,/m/0244r8,/m/0chghy,/people/person/nationality,**Predicted Relation:** /people/person/place_of_birth,/people/person/place_of_birth
2384,/m/0kv238,/m/07ylj,/film/film/release_date_s./film/film_regional_release_date/film_release_region,**Predicted Relation:** /film/film/release_date_s./film/film_regional_release_date/film_release_region,/film/film/release_date_s./film/film_regional_release_date/film_release_region
2385,/m/012s1d,/m/0ch6mp2,/film/film/other_crew./film/film_crew_gig/film_crew_role,**Predicted Relation:** /film/film/other_crew./film/film_crew_gig/film_crew_role,/film/film/other_crew./film/film_crew_gig/film_crew_role
2386,/m/03qjg,/m/015cqh,/music/performance_role/regular_performances./music/group_membership/group,**Predicted Relation:** /music/performance_role/regular_performances./music/group_membership/group,/music/performance_role/regular_performances./music/group_membership/group
2387,/m/0c1jh,/m/07_pf,/people/deceased_person/place_of_death,**Predicted Relation:** /people/person/places_lived./people/place_lived/location,/people/person/places_lived./people/place_lived/location
2388,/m/03v1w7,/m/04pk1f,/award/award_nominee/award_nominations./award/award_nomination/nominated_for,**Predicted Relation:** /film/film/produced_by,/film/film/produced_by
2389,/m/09snz,/m/09snz,/location/hud_county_place/place,**Predicted Relation:** /location/location/contains,/location/location/contains
2390,/m/0b455l,/m/0gr51,/award/award_nominee/award_nominations./award/award_nomination/award,**Predicted Relation:** /award/award_nominee/award_nominations./award/award_nomination/award,/award/award_nominee/award_nominations./award/award_nomination/award
2391,/m/018009,/m/01jrbb,/film/actor/film./film/performance/film,**Predicted Relation:** /film/actor/film./film/performance/film,/film/actor/film./film/performance/film
2392,/m/013rds,/m/0np9r,/people/person/profession,**Predicted Relation:** /people/person/profession,/people/person/profession
2393,/m/040njc,/m/011yxg,/award/award_category/nominees./award/award_nomination/nominated_for,**Predicted Relation:** /award/award_nominee/award_nominations./award/award_nomination/nominated_for,/award/award_nominee/award_nominations./award/award_nomination/nominated_for
2394,/m/0h1mt,/m/04ztj,/people/person/spouse_s./people/marriage/type_of_union,**Predicted Relation:** /people/person/spouse_s./people/marriage/type_of_union,/people/person/spouse_s./people/marriage/type_of_union
2395,/m/0c1pj,/m/06y57,/people/person/places_lived./people/place_lived/location,**Predicted Relation:** /people/person/places_lived./people/place_lived/location,/people/person/places_lived./people/place_lived/location
2396,/m/042g97,/m/01jfsb,/film/film/genre,**Predicted Relation:** /film/film/genre,/film/film/genre
2397,/m/0brkwj,/m/0cskb,/tv/tv_writer/tv_programs./tv/tv_program_writer_relationship/tv_program,**Predicted Relation:** /tv/tv_writer/tv_programs./tv/tv_program_writer_relationship/tv_program,/tv/tv_writer/tv_programs./tv/tv_program_writer_relationship/tv_program
2398,/m/0gh8zks,/m/01znc_,/film/film/release_date_s./film/film_regional_release_date/film_release_region,**Predicted Relation:** /film/film/release_date_s./film/film_regional_release_date/film_release_region,/film/film/release_date_s./film/film_regional_release_date/film_release_region
2399,/m/016_mj,/m/02hrh1q,/people/person/profession,**Predicted Relation:** /people/person/profession,/people/person/profession
2400,/m/02g_7z,/m/025v1sx,/sports/sports_position/players./sports/sports_team_roster/team,**Predicted Relation:** /sports/sports_team/roster./american_football/football_roster_position/position,/sports/sports_team/roster./american_football/football_roster_position/position
2401,/m/027d5g5,/m/0gr51,/award/award_nominee/award_nominations./award/award_nomination/award,**Predicted Relation:** /award/award_nominee/award_nominations./award/award_nomination/award,/award/award_nominee/award_nominations./award/award_nomination/award
2402,/m/030pr,/m/05zppz,/people/person/gender,**Predicted Relation:** /people/person/gender,/people/person/gender
2403,/m/0bx6zs,/m/06j0md,/award/award_ceremony/awards_presented./award/award_honor/award_winner,**Predicted Relation:** /award/award_category/winners./award/award_honor/award_winner,/award/award_category/winners./award/award_honor/award_winner
2404,/m/015y_n,/m/01nn3m,/music/genre/artists,**Predicted Relation:** /music/genre/artists,/music/genre/artists
2405,/m/05p9_ql,/m/09qj50,/award/award_winning_work/awards_won./award/award_honor/award,**Predicted Relation:** /award/award_nominee/award_nominations./award/award_nomination/nominated_for,/award/award_nominee/award_nominations./award/award_nomination/nominated_for
2406,/m/02bqmq,/m/0g0syc,/government/legislative_session/members./government/government_position_held/district_represented,**Predicted Relation:** /government/legislative_session/members./government/government_position_held/district_represented,/government/legislative_session/members./government/government_position_held/district_represented
2407,/m/07l4z,/m/02r6gw6,/sports/professional_sports_team/draft_picks./sports/sports_league_draft_pick/draft,**Predicted Relation:** /sports/professional_sports_team/draft_picks./sports/sports_league_draft_pick/school,/sports/professional_sports_team/draft_picks./sports/sports_league_draft_pick/school
2408,/m/016jny,/m/01w02sy,/music/genre/artists,**Predicted Relation:** /music/genre/artists,/music/genre/artists
2409,/m/026mff,/m/013b2h,/award/award_category/winners./award/award_honor/ceremony,**Predicted Relation:** /award/award_category/winners./award/award_honor/award_winner,/award/award_category/winners./award/award_honor/award_winner
2410,/m/032_jg,/m/01k0vq,/film/actor/film./film/performance/film,**Predicted Relation:** /film/actor/film./film/performance/film,/film/actor/film./film/performance/film
2411,/m/0160nk,/m/01mkq,/education/educational_institution/students_graduates./education/education/major_field_of_study,**Predicted Relation:** /education/educational_institution/students_graduates./education/education/major_field_of_study,/education/educational_institution/students_graduates./education/education/major_field_of_study
2412,/m/0c57yj,/m/01t_vv,/film/film/genre,**Predicted Relation:** /film/film/genre,/film/film/genre
2413,/m/086qd,/m/01wbgdv,/influence/influence_node/influenced_by,**Predicted Relation:** /music/genre/artists,/music/genre/artists
2414,/m/02p7_k,/m/07b_l,/people/person/places_lived./people/place_lived/location,**Predicted Relation:** /people/person/place_of_birth,/people/person/place_of_birth
2415,/m/04vr_f,/m/0bqytm,/film/film/cinematography,**Predicted Relation:** /film/film/cinematography,/film/film/cinematography
2416,/m/0kszw,/m/0ds11z,/award/award_nominee/award_nominations./award/award_nomination/nominated_for,**Predicted Relation:** /film/actor/film./film/performance/film,/film/actor/film./film/performance/film
2417,/m/016h9b,/m/013y1f,/music/group_member/membership./music/group_membership/role,**Predicted Relation:** /music/instrument/family,/music/instrument/family
2418,/m/0drnwh,/m/02h40lc,/film/film/language,**Predicted Relation:** /film/film/language,/film/film/language
2419,/m/02w7fs,/m/01mhwk,/award/award_category/winners./award/award_honor/ceremony,**Predicted Relation:** /award/award_category/winners./award/award_honor/ceremony,/award/award_category/winners./award/award_honor/ceremony
2420,/m/01vvb4m,/m/02725hs,/film/actor/film./film/performance/film,**Predicted Relation:** /film/actor/film./film/performance/film,/film/actor/film./film/performance/film
2421,/m/0bzty,/m/01tsq8,/location/location/contains,**Predicted Relation:** /location/location/contains,/location/location/contains
2422,/m/019f4v,/m/0bmhvpr,/award/award_category/nominees./award/award_nomination/nominated_for,**Predicted Relation:** /award/award_nominee/award_nominations./award/award_nomination/award,/award/award_nominee/award_nominations./award/award_nomination/award
2423,/m/01wg3q,/m/05zppz,/people/person/gender,**Predicted Relation:** /people/person/gender,/people/person/gender
2424,/m/02lm0t,/m/01cx_,/people/person/places_lived./people/place_lived/location,**Predicted Relation:** /sports/pro_athlete/teams./sports/sports_team_roster/team,/sports/pro_athlete/teams./sports/sports_team_roster/team
2425,/m/02r1c18,/m/0154j,/film/film/release_date_s./film/film_regional_release_date/film_release_region,**Predicted Relation:** /film/film/country,/film/film/country
2426,/m/09zcbg,/m/01518s,/music/record_label/artist,**Predicted Relation:** /music/record_label/artist,/music/record_label/artist
2427,/m/016yr0,/m/0np9r,/people/person/profession,**Predicted Relation:** /people/person/profession,/people/person/profession
2428,/m/02mscn,/m/02cx90,/music/genre/artists,**Predicted Relation:** /music/genre/artists,/music/genre/artists
2429,/m/05dtsb,/m/02hrh1q,/people/person/profession,**Predicted Relation:** /people/person/profession,/people/person/profession
2430,/m/02t_99,/m/0c8wxp,/people/person/religion,**Predicted Relation:** /people/person/religion,/people/person/religion
2431,/m/032j_n,/m/01pj_5,/film/film_distributor/films_distributed./film/film_film_distributor_relationship/film,**Predicted Relation:** /film/film_distributor/films_distributed./film/film_film_distributor_relationship/film,/film/film_distributor/films_distributed./film/film_film_distributor_relationship/film
2432,/m/0m0fw,/m/07yg2,/music/genre/artists,**Predicted Relation:** /music/genre/artists,/music/genre/artists
2433,/m/01bpc9,/m/04ztj,/people/person/spouse_s./people/marriage/type_of_union,**Predicted Relation:** /people/person/spouse_s./people/marriage/location_of_ceremony,/people/person/spouse_s./people/marriage/location_of_ceremony
2434,/m/0226cw,/m/04gp1d,/government/politician/government_positions_held./government/government_position_held/legislative_sessions,**Predicted Relation:** /government/politician/government_positions_held./government/government_position_held/legislative_sessions,/government/politician/government_positions_held./government/government_position_held/legislative_sessions
2435,/m/03hkch7,/m/06c0j,/film/film/personal_appearances./film/personal_film_appearance/person,**Predicted Relation:** /government/politician/government_positions_held./government/government_position_held/jurisdiction_of_office,/government/politician/government_positions_held./government/government_position_held/jurisdiction_of_office
2436,/m/0chghy,/m/0ldqf,/olympics/olympic_participating_country/athletes./olympics/olympic_athlete_affiliation/olympics,**Predicted Relation:** /olympics/olympic_games/participating_countries,/olympics/olympic_games/participating_countries
2437,/m/0lpjn,/m/02hrh1q,/people/person/profession,**Predicted Relation:** /people/person/profession,/people/person/profession
2438,/m/09c7w0,/m/01hx2t,/location/location/contains,**Predicted Relation:** /location/location/contains,/location/location/contains
2439,/m/034fl9,/m/02sh8y,/tv/tv_program/regular_cast./tv/regular_tv_appearance/actor,**Predicted Relation:** /tv/tv_program/regular_cast./tv/regular_tv_appearance/actor,/tv/tv_program/regular_cast./tv/regular_tv_appearance/actor
2440,/m/0ply0,/m/02hcv8,/location/location/time_zones,**Predicted Relation:** /location/location/time_zones,/location/location/time_zones
2441,/m/03x16f,/m/01m7mv,/people/person/places_lived./people/place_lived/location,**Predicted Relation:** /people/person/places_lived./people/place_lived/location,/people/person/places_lived./people/place_lived/location
2442,/m/01sp81,/m/06v36,/people/person/nationality,**Predicted Relation:** /people/person/nationality,/people/person/nationality
2443,/m/0chghy,/m/02lq5w,/olympics/olympic_participating_country/medals_won./olympics/olympic_medal_honor/medal,**Predicted Relation:** /olympics/olympic_participating_country/medals_won./olympics/olympic_medal_honor/medal,/olympics/olympic_participating_country/medals_won./olympics/olympic_medal_honor/medal
2444,/m/02qyntr,/m/01mgw,/award/award_category/nominees./award/award_nomination/nominated_for,**Predicted Relation:** /award/award_category/nominees./award/award_nomination/nominated_for,/award/award_category/nominees./award/award_nomination/nominated_for
2445,/m/0280061,/m/01mjq,/film/film/release_date_s./film/film_regional_release_date/film_release_region,**Predicted Relation:** /film/film/release_date_s./film/film_regional_release_date/film_release_region,/film/film/release_date_s./film/film_regional_release_date/film_release_region
2446,/m/0fbtbt,/m/0dsx3f,/award/award_category/nominees./award/award_nomination/nominated_for,**Predicted Relation:** /award/award_category/nominees./award/award_nomination/nominated_for,/award/award_category/nominees./award/award_nomination/nominated_for
2447,/m/059_c,/m/08mbj5d,/common/topic/webpage./common/webpage/category,**Predicted Relation:** /location/location/contains,/location/location/contains
2448,/m/0345h,/m/0lbbj,/olympics/olympic_participating_country/athletes./olympics/olympic_athlete_affiliation/olympics,**Predicted Relation:** /olympics/olympic_participating_country/medals_won./olympics/olympic_medal_honor/olympics,/olympics/olympic_participating_country/medals_won./olympics/olympic_medal_honor/olympics
2449,/m/039xcr,/m/09c7w0,/people/person/nationality,**Predicted Relation:** /film/film/country,/film/film/country
2450,/m/05148p4,/m/02ht0ln,/music/performance_role/regular_performances./music/group_membership/group,**Predicted Relation:** /music/performance_role/regular_performances./music/group_membership/group,/music/performance_role/regular_performances./music/group_membership/group
2451,/m/05h7tk,/m/01d_h8,/people/person/profession,**Predicted Relation:** /people/person/profession,/people/person/profession
2452,/m/01nd9f,/m/0jmwg,/music/genre/parent_genre,**Predicted Relation:** /music/genre/parent_genre,/music/genre/parent_genre
2453,/m/0rp46,/m/0rp46,/location/hud_county_place/place,**Predicted Relation:** /location/location/contains,/location/location/contains
2454,/m/02x1z2s,/m/0275n3y,/award/award_category/winners./award/award_honor/ceremony,**Predicted Relation:** /award/award_category/nominees./award/award_nomination/nominated_for,/award/award_category/nominees./award/award_nomination/nominated_for
2455,/m/03kwtb,/m/0456zg,/award/award_nominee/award_nominations./award/award_nomination/nominated_for,**Predicted Relation:** /film/film/music,/film/film/music
2456,/m/01s73z,/m/02_l39,/organization/organization/child./organization/organization_relationship/child,**Predicted Relation:** /organization/organization/place_founded,/organization/organization/place_founded
2457,/m/041rx,/m/01pw9v,/people/ethnicity/people,**Predicted Relation:** /people/ethnicity/people,/people/ethnicity/people
2458,/m/09728,/m/0h1zw,/food/food/nutrients./food/nutrition_fact/nutrient,**Predicted Relation:** /food/food/nutrients./food/nutrition_fact/nutrient,/food/food/nutrients./food/nutrition_fact/nutrient
2459,/m/026y23w,/m/02jx1,/people/person/nationality,**Predicted Relation:** /people/person/nationality,/people/person/nationality
2460,/m/0ddfwj1,/m/0h7x,/film/film/release_date_s./film/film_regional_release_date/film_release_region,**Predicted Relation:** /film/film/country,/film/film/country
2461,/m/027s39y,/m/0hcr,/film/film/genre,**Predicted Relation:** /film/film/genre,/film/film/genre
2462,/m/0q59y,/m/0bm7fy,/award/award_nominee/award_nominations./award/award_nomination/award,**Predicted Relation:** /award/award_nominee/award_nominations./award/award_nomination/award,/award/award_nominee/award_nominations./award/award_nomination/award
2463,/m/03cd1q,/m/05_swj,/award/award_winner/awards_won./award/award_honor/award_winner,**Predicted Relation:** /award/award_winner/awards_won./award/award_honor/award_winner,/award/award_winner/awards_won./award/award_honor/award_winner
2464,/m/038_0z,/m/09xp_,/sports/sports_team/sport,**Predicted Relation:** /sports/sports_team/sport,/sports/sports_team/sport
2465,/m/0cwy47,/m/09c7w0,/film/film/country,**Predicted Relation:** /film/film/release_date_s./film/film_regional_release_date/film_release_region,/film/film/release_date_s./film/film_regional_release_date/film_release_region
2466,/m/05vsxz,/m/03f1zdw,/award/award_nominee/award_nominations./award/award_nomination/award_nominee,**Predicted Relation:** /award/award_nominee/award_nominations./award/award_nomination/nominated_for,/award/award_nominee/award_nominations./award/award_nomination/nominated_for
2467,/m/06szd3,/m/01xcr4,/award/hall_of_fame/inductees./award/hall_of_fame_induction/inductee,**Predicted Relation:** /award/award_category/winners./award/award_honor/award_winner,/award/award_category/winners./award/award_honor/award_winner
2468,/m/01j5sd,/m/0cr3d,/people/person/places_lived./people/place_lived/location,**Predicted Relation:** /people/person/places_lived./people/place_lived/location,/people/person/places_lived./people/place_lived/location
2469,/m/0blpg,/m/02vzc,/film/film/release_date_s./film/film_regional_release_date/film_release_region,**Predicted Relation:** /film/film/release_date_s./film/film_regional_release_date/film_release_region,/film/film/release_date_s./film/film_regional_release_date/film_release_region
2470,/m/04ljl_l,/m/0jrqq,/award/award_category/winners./award/award_honor/award_winner,**Predicted Relation:** /award/award_nominee/award_nominations./award/award_nomination/nominated_for,/award/award_nominee/award_nominations./award/award_nomination/nominated_for
2471,/m/02m_41,/m/05jxkf,/education/educational_institution/school_type,**Predicted Relation:** /education/educational_institution/school_type,/education/educational_institution/school_type
2472,/m/025v3k,/m/09s1f,/education/educational_institution/students_graduates./education/education/major_field_of_study,**Predicted Relation:** /education/educational_institution/students_graduates./education/education/major_field_of_study,/education/educational_institution/students_graduates./education/education/major_field_of_study
2473,/m/0py9b,/m/01pd60,/award/ranked_item/appears_in_ranked_lists./award/ranking/list,**Predicted Relation:** /award/ranked_item/appears_in_ranked_lists./award/ranking/list,/award/ranked_item/appears_in_ranked_lists./award/ranking/list
2474,/m/01wqg8,/m/056wb,/education/educational_institution/students_graduates./education/education/student,**Predicted Relation:** /education/educational_institution/students_graduates./education/education/student,/education/educational_institution/students_graduates./education/education/student
2475,/m/0g8rj,/m/0325pb,/education/university/fraternities_and_sororities,**Predicted Relation:** /education/university/fraternities_and_sororities,/education/university/fraternities_and_sororities
2476,/m/04zx3q1,/m/04x_3,/education/educational_degree/people_with_this_degree./education/education/major_field_of_study,**Predicted Relation:** /education/educational_degree/people_with_this_degree./education/education/major_field_of_study,/education/educational_degree/people_with_this_degree./education/education/major_field_of_study
2477,/m/0nm87,/m/0jbk9,/location/hud_foreclosure_area/estimated_number_of_mortgages./measurement_unit/dated_integer/source,**Predicted Relation:** /location/hud_county_place/county,/location/hud_county_place/county
2478,/m/017149,/m/02hrh1q,/people/person/profession,**Predicted Relation:** /people/person/profession,/people/person/profession
2479,/m/01pl9g,/m/02h40lc,/people/person/languages,**Predicted Relation:** /people/person/languages,/people/person/languages
2480,/m/0gqwc,/m/0dr_4,/award/award_category/nominees./award/award_nomination/nominated_for,**Predicted Relation:** /award/award_nominee/award_nominations./award/award_nomination/nominated_for,/award/award_nominee/award_nominations./award/award_nomination/nominated_for
2481,/m/01j_cy,/m/04rlf,/education/educational_institution/students_graduates./education/education/major_field_of_study,**Predicted Relation:** /education/educational_institution/students_graduates./education/education/major_field_of_study,/education/educational_institution/students_graduates./education/education/major_field_of_study
2482,/m/0kv238,/m/04jpl,/film/film/featured_film_locations,**Predicted Relation:** /film/film/featured_film_locations,/film/film/featured_film_locations
2483,/m/01p8s,/m/01fpfn,/location/country/form_of_government,**Predicted Relation:** /location/country/form_of_government,/location/country/form_of_government
2484,/m/0693l,/m/06cv1,/base/popstra/celebrity/friendship./base/popstra/friendship/participant,**Predicted Relation:** /film/director/film,/film/director/film
2485,/m/0h3y,/m/0kbvb,/olympics/olympic_participating_country/athletes./olympics/olympic_athlete_affiliation/olympics,**Predicted Relation:** /olympics/olympic_sport/athletes./olympics/olympic_athlete_affiliation/olympics,/olympics/olympic_sport/athletes./olympics/olympic_athlete_affiliation/olympics
2486,/m/06_kh,/m/02lcqs,/location/location/time_zones,**Predicted Relation:** /location/location/time_zones,/location/location/time_zones
2487,/m/01w56k,/m/0m19t,/music/record_label/artist,**Predicted Relation:** /music/record_label/artist,/music/record_label/artist
2488,/m/02jx1,/m/0lbfv,/location/location/contains,**Predicted Relation:** /location/location/contains,/location/location/contains
2489,/m/08gsvw,/m/02bjrlw,/film/film/language,**Predicted Relation:** /film/film/featured_film_locations,/film/film/featured_film_locations
2490,/m/0gs96,/m/0f7hw,/award/award_category/nominees./award/award_nomination/nominated_for,**Predicted Relation:** /award/award_winning_work/awards_won./award/award_honor/award_winner,/award/award_winning_work/awards_won./award/award_honor/award_winner
2491,/m/0872p_c,/m/03ryn,/film/film/release_date_s./film/film_regional_release_date/film_release_region,**Predicted Relation:** /film/film/language,/film/film/language
2492,/m/07ssc,/m/013t85,/location/location/contains,**Predicted Relation:** /location/location/contains,/location/location/contains
2493,/m/0c9c0,/m/03hkv_r,/award/award_nominee/award_nominations./award/award_nomination/award,**Predicted Relation:** /award/award_winning_work/awards_won./award/award_honor/award_winner,/award/award_winning_work/awards_won./award/award_honor/award_winner
2494,/m/05drq5,/m/03ntbmw,/film/director/film,**Predicted Relation:** /film/director/film,/film/director/film
2495,/m/0cg9f,/m/0f4x7,/award/award_nominee/award_nominations./award/award_nomination/award,**Predicted Relation:** /award/award_nominee/award_nominations./award/award_nomination/nominated_for,/award/award_nominee/award_nominations./award/award_nomination/nominated_for
2496,/m/01g4yw,/m/06fvc,/education/educational_institution/colors,**Predicted Relation:** /education/educational_institution/colors,/education/educational_institution/colors
2497,/m/04mg6l,/m/01r97z,/film/actor/film./film/performance/film,**Predicted Relation:** /film/actor/film,/film/actor/film
2498,/m/05g2v,/m/06frc,/location/location/contains,**Predicted Relation:** /location/location/contains,/location/location/contains
2499,/m/01l50r,/m/05b6s5j,/tv/tv_network/programs./tv/tv_network_duration/program,**Predicted Relation:** /tv/tv_network/programs./tv/tv_network_duration/program,/tv/tv_network/programs./tv/tv_network_duration/program
2500,/m/02h4rq6,/m/01l8t8,/education/educational_degree/people_with_this_degree./education/education/institution,**Predicted Relation:** /education/educational_degree/people_with_this_degree./education/education/institution,/education/educational_degree/people_with_this_degree./education/education/institution
2501,/m/07_nf,/m/0333t,/film/film_subject/films,**Predicted Relation:** /film/film_subject/films,/film/film_subject/films
2502,/m/02z0f6l,/m/01f9r0,/film/film/genre,**Predicted Relation:** /film/film/genre,/film/film/genre
2503,/m/01wf86y,/m/01vdm0,/music/artist/track_contributions./music/track_contribution/role,**Predicted Relation:** /music/artist/track_contributions./music/track_contribution/role,/music/artist/track_contributions./music/track_contribution/role
2504,/m/03rhqg,/m/04b7xr,/music/record_label/artist,**Predicted Relation:** /music/record_label/artist,/music/record_label/artist
2505,/m/04rrx,/m/08809,/location/location/contains,**Predicted Relation:** /location/location/contains,/location/location/contains
2506,/m/03qnvdl,/m/06f32,/film/film/release_date_s./film/film_regional_release_date/film_release_region,**Predicted Relation:** /film/film/release_date_s./film/film_regional_release_date/film_release_region,/film/film/release_date_s./film/film_regional_release_date/film_release_region
2507,/m/07c52,/m/030cx,/media_common/netflix_genre/titles,**Predicted Relation:** /tv/tv_program/genre,/tv/tv_program/genre
2508,/m/03hl6lc,/m/0sxmx,/award/award_category/nominees./award/award_nomination/nominated_for,**Predicted Relation:** /award/award_category/nominees./award/award_nomination/nominated_for,/award/award_category/nominees./award/award_nomination/nominated_for
2509,/m/09d5h,/m/030_1m,/organization/organization/child./organization/organization_relationship/child,**Predicted Relation:** /tv/tv_network/programs./tv/tv_network_duration/program,/tv/tv_network/programs./tv/tv_network_duration/program
2510,/m/05cgy8,/m/0cbd2,/people/person/profession,**Predicted Relation:** /people/person/profession,/people/person/profession
2511,/m/03s9b,/m/0d5_f,/influence/influence_node/influenced_by,**Predicted Relation:** /influence/influence_node/influenced_by,/influence/influence_node/influenced_by
2512,/m/01mhwk,/m/01vsykc,/award/award_ceremony/awards_presented./award/award_honor/award_winner,**Predicted Relation:** /award/award_category/winners./award/award_honor/award_winner,/award/award_category/winners./award/award_honor/award_winner
2513,/m/05d6q1,/m/09v42sf,/film/film_distributor/films_distributed./film/film_film_distributor_relationship/film,**Predicted Relation:** /film/film_distributor/films_distributed./film/film_film_distributor_relationship/film,/film/film_distributor/films_distributed./film/film_film_distributor_relationship/film
2514,/m/02c6d,/m/015fr,/film/film/release_date_s./film/film_regional_release_date/film_release_region,**Predicted Relation:** /film/film/release_date_s./film/film_regional_release_date/film_release_region,/film/film/release_date_s./film/film_regional_release_date/film_release_region
2515,/m/06sn8m,/m/063y9fp,/film/actor/film./film/performance/film,**Predicted Relation:** /film/film/dubbing_performances./film/dubbing_performance/actor,/film/film/dubbing_performances./film/dubbing_performance/actor
2516,/m/07s6fsf,/m/08815,/education/educational_degree/people_with_this_degree./education/education/institution,**Predicted Relation:** /education/educational_degree/people_with_this_degree./education/education/institution,/education/educational_degree/people_with_this_degree./education/education/institution
2517,/m/0252fh,/m/02_286,/people/person/places_lived./people/place_lived/location,**Predicted Relation:** /people/person/place_of_birth,/people/person/place_of_birth
2518,/m/0fh2v5,/m/02r96rf,/film/film/other_crew./film/film_crew_gig/film_crew_role,**Predicted Relation:** /film/film/other_crew./film/film_crew_gig/film_crew_role,/film/film/other_crew./film/film_crew_gig/film_crew_role
2519,/m/0bl60p,/m/02hrh1q,/people/person/profession,**Predicted Relation:** /people/person/profession,/people/person/profession
2520,/m/0gr0m,/m/0c4hgj,/award/award_category/winners./award/award_honor/ceremony,**Predicted Relation:** /award/award_category/category_of,/award/award_category/category_of
2521,/m/016yr0,/m/08mbj5d,/common/topic/webpage./common/webpage/category,**Predicted Relation:** /common/topic/webpage./common/webpage/category,/common/topic/webpage./common/webpage/category
2522,/m/041rx,/m/09x8ms,/people/ethnicity/people,**Predicted Relation:** /people/person/profession,/people/person/profession
2523,/m/0gs96,/m/0bzkgg,/award/award_category/winners./award/award_honor/ceremony,**Predicted Relation:** /award/award_category/winners./award/award_honor/ceremony,/award/award_category/winners./award/award_honor/ceremony
2524,/m/08z39v,/m/04ztj,/people/person/spouse_s./people/marriage/type_of_union,**Predicted Relation:** /people/person/spouse_s./people/marriage/type_of_union,/people/person/spouse_s./people/marriage/type_of_union
2525,/m/08966,/m/07jdr,/travel/travel_destination/how_to_get_here./travel/transportation/mode_of_transportation,**Predicted Relation:** /travel/travel_destination/how_to_get_here./travel/transportation/mode_of_transportation,/travel/travel_destination/how_to_get_here./travel/transportation/mode_of_transportation
2526,/m/02v63m,/m/029j_,/film/film/release_date_s./film/film_regional_release_date/film_release_distribution_medium,**Predicted Relation:** /film/film/release_date_s./film/film_regional_release_date/film_release_distribution_medium,/film/film/release_date_s./film/film_regional_release_date/film_release_distribution_medium
2527,/m/01f492,/m/02hrh1q,/people/person/profession,**Predicted Relation:** /people/person/profession,/people/person/profession
2528,/m/016tw3,/m/02j69w,/film/film_distributor/films_distributed./film/film_film_distributor_relationship/film,**Predicted Relation:** /film/film/production_companies,/film/film/production_companies
2529,/m/01cv3n,/m/030qb3t,/people/person/places_lived./people/place_lived/location,**Predicted Relation:** /music/artist/origin,/music/artist/origin
2530,/m/043sct5,/m/06t2t,/film/film/release_date_s./film/film_regional_release_date/film_release_region,**Predicted Relation:** /film/film/release_date_s./film/film_regional_release_date/film_release_region,/film/film/release_date_s./film/film_regional_release_date/film_release_region
2531,/m/045zr,/m/042v_gx,/music/artist/track_contributions./music/track_contribution/role,**Predicted Relation:** /music/artist/track_contributions./music/track_contribution/role,/music/artist/track_contributions./music/track_contribution/role
2532,/m/0fj45,/m/0l3h,/government/government_office_category/officeholders./government/government_position_held/jurisdiction_of_office,**Predicted Relation:** /government/politician/government_positions_held./government/government_position_held/jurisdiction_of_office,/government/politician/government_positions_held./government/government_position_held/jurisdiction_of_office
2533,/m/050t68,/m/02hrh1q,/people/person/profession,**Predicted Relation:** /people/person/profession,/people/person/profession
2534,/m/0d06m5,/m/01dz7z,/government/politician/government_positions_held./government/government_position_held/basic_title,**Predicted Relation:** /government/politician/government_positions_held./government/government_position_held/basic_title,/government/politician/government_positions_held./government/government_position_held/basic_title
2535,/m/01sxdy,/m/02l7c8,/film/film/genre,**Predicted Relation:** /film/film/genre,/film/film/genre
2536,/m/0mgkg,/m/03mbdx_,/organization/organization_member/member_of./organization/organization_membership/organization,**Predicted Relation:** /organization/organization/headquarters./location/mailing_address/country,/organization/organization/headquarters./location/mailing_address/country
2537,/m/0kvbl6,/m/029j_,/film/film/release_date_s./film/film_regional_release_date/film_release_distribution_medium,**Predicted Relation:** /film/film/release_date_s./film/film_regional_release_date/film_release_distribution_medium,/film/film/release_date_s./film/film_regional_release_date/film_release_distribution_medium
2538,/m/04bdxl,/m/09sb52,/award/award_nominee/award_nominations./award/award_nomination/award,**Predicted Relation:** /award/award_nominee/award_nominations./award/award_nomination/award,/award/award_nominee/award_nominations./award/award_nomination/award
2539,/m/02p65p,/m/09qv_s,/award/award_nominee/award_nominations./award/award_nomination/award,**Predicted Relation:** /award/award_nominee/award_nominations./award/award_nomination/nominated_for,/award/award_nominee/award_nominations./award/award_nomination/nominated_for
2540,/m/04180vy,/m/0263ycg,/film/film/other_crew./film/film_crew_gig/film_crew_role,**Predicted Relation:** /film/film/other_crew./film/film_crew_gig/film_crew_role,/film/film/other_crew./film/film_crew_gig/film_crew_role
2541,/m/02k1pr,/m/06kbb6,/film/film/written_by,**Predicted Relation:** /film/film/written_by,/film/film/written_by
2542,/m/03hj5lq,/m/0xszy,/film/film/featured_film_locations,**Predicted Relation:** /film/film/featured_film_locations,/film/film/featured_film_locations
2543,/m/05z7c,/m/06f32,/film/film/release_date_s./film/film_regional_release_date/film_release_region,**Predicted Relation:** /film/film/release_date_s./film/film_regional_release_date/film_release_region,/film/film/release_date_s./film/film_regional_release_date/film_release_region
2544,/m/016tt2,/m/02v8kmz,/film/film_distributor/films_distributed./film/film_film_distributor_relationship/film,**Predicted Relation:** /film/film/distributors./film/film_film_distributor_relationship/film_distribution_medium,/film/film/distributors./film/film_film_distributor_relationship/film_distribution_medium
2545,/m/040njc,/m/0k20s,/award/award_category/nominees./award/award_nomination/nominated_for,**Predicted Relation:** /award/award_nominee/award_nominations./award/award_nomination/nominated_for,/award/award_nominee/award_nominations./award/award_nomination/nominated_for
2546,/m/014mlp,/m/070yzk,/education/educational_degree/people_with_this_degree./education/education/student,**Predicted Relation:** /education/educational_degree/people_with_this_degree./education/education/student,/education/educational_degree/people_with_this_degree./education/education/student
2547,/m/02hnl,/m/0m19t,/music/performance_role/regular_performances./music/group_membership/group,**Predicted Relation:** /music/performance_role/regular_performances./music/group_membership/group,/music/performance_role/regular_performances./music/group_membership/group
2548,/m/01ct6,/m/05kj_,/sports/professional_sports_team/draft_picks./sports/sports_league_draft_pick/school,**Predicted Relation:** /sports/sports_team_location/teams,/sports/sports_team_location/teams
2549,/m/0b2v79,/m/029j_,/film/film/release_date_s./film/film_regional_release_date/film_release_distribution_medium,**Predicted Relation:** /film/film/release_date_s./film/film_regional_release_date/film_release_distribution_medium,/film/film/release_date_s./film/film_regional_release_date/film_release_distribution_medium
2550,/m/085h1,/m/06s6l,/user/ktrueman/default_domain/international_organization/member_states,**Predicted Relation:** /organization/organization_member/member_of./organization/organization_membership/organization,/organization/organization_member/member_of./organization/organization_membership/organization
2551,/m/06j8q_,/m/03gjzk,/people/person/profession,**Predicted Relation:** /people/person/profession,/people/person/profession
2552,/m/02yvct,/m/0154j,/film/film/release_date_s./film/film_regional_release_date/film_release_region,**Predicted Relation:** /film/film/country,/film/film/country
2553,/m/02sh8y,/m/01rp13,/award/award_nominee/award_nominations./award/award_nomination/nominated_for,**Predicted Relation:** /tv/tv_personality/tv_regular_appearances./tv/tv_regular_personal_appearance/program,/tv/tv_personality/tv_regular_appearances./tv/tv_regular_personal_appearance/program
2554,/m/0gkts9,/m/01j67j,/award/award_category/nominees./award/award_nomination/nominated_for,**Predicted Relation:** /award/award_category/nominees./award/award_nomination/nominated_for,/award/award_category/nominees./award/award_nomination/nominated_for
2555,/m/01hn_t,/m/018ygt,/tv/tv_program/regular_cast./tv/regular_tv_appearance/actor,**Predicted Relation:** /tv/tv_program/regular_cast./tv/regular_tv_appearance/actor,/tv/tv_program/regular_cast./tv/regular_tv_appearance/actor
2556,/m/02qw2xb,/m/02hrh1q,/people/person/profession,**Predicted Relation:** /people/person/profession,/people/person/profession
2557,/m/02yw1c,/m/0296y,/music/genre/parent_genre,**Predicted Relation:** /music/genre/parent_genre,/music/genre/parent_genre
2558,/m/02r79_h,/m/03k9fj,/film/film/genre,**Predicted Relation:** /film/film/genre,/film/film/genre
2559,/m/0jm9w,/m/06439y,/sports/professional_sports_team/draft_picks./sports/sports_league_draft_pick/draft,**Predicted Relation:** /sports/professional_sports_team/draft_picks./sports/sports_league_draft_pick/school,/sports/professional_sports_team/draft_picks./sports/sports_league_draft_pick/school
2560,/m/04y5j64,/m/01pvkk,/film/film/other_crew./film/film_crew_gig/film_crew_role,**Predicted Relation:** /film/film/other_crew./film/film_crew_gig/film_crew_role,/film/film/other_crew./film/film_crew_gig/film_crew_role
2561,/m/02vr3gz,/m/07ylj,/film/film/release_date_s./film/film_regional_release_date/film_release_region,**Predicted Relation:** /film/film/release_date_s./film/film_regional_release_date/film_release_region,/film/film/release_date_s./film/film_regional_release_date/film_release_region
2562,/m/01fh9,/m/05fgt1,/film/actor/film./film/performance/film,**Predicted Relation:** /film/actor/film,/film/actor/film
2563,/m/05c26ss,/m/05sb1,/film/film/release_date_s./film/film_regional_release_date/film_release_region,**Predicted Relation:** /film/film/language./language/human_language/countries_spoken_in,/film/film/language./language/human_language/countries_spoken_in
2564,/m/01bpnd,/m/039v1,/people/person/profession,**Predicted Relation:** /people/person/profession,/people/person/profession
2565,/m/01cgz,/m/0j4b,/olympics/olympic_sport/athletes./olympics/olympic_athlete_affiliation/country,**Predicted Relation:** /olympics/olympic_sport/athletes./olympics/olympic_athlete_affiliation/olympics,/olympics/olympic_sport/athletes./olympics/olympic_athlete_affiliation/olympics
2566,/m/04x4gj,/m/0h7pj,/tv/tv_program/regular_cast./tv/regular_tv_appearance/actor,**Predicted Relation:** /tv/tv_program/regular_cast./tv/regular_tv_appearance/actor,/tv/tv_program/regular_cast./tv/regular_tv_appearance/actor
2567,/m/03mqtr,/m/04nm0n0,/media_common/netflix_genre/titles,**Predicted Relation:** /film/film/genre,/film/film/genre
2568,/m/02b1hb,/m/06fvc,/sports/sports_team/colors,**Predicted Relation:** /sports/sports_team/colors,/sports/sports_team/colors
2569,/m/03qmj9,/m/02h40lc,/people/person/languages,**Predicted Relation:** /people/person/languages,/people/person/languages
2570,/m/050z2,/m/09jwl,/people/person/profession,**Predicted Relation:** /people/person/profession,/people/person/profession
2571,/m/03ww_x,/m/02gkzs,/government/legislative_session/members./government/government_position_held/legislative_sessions,**Predicted Relation:** /government/legislative_session/members./government/government_position_held/legislative_sessions,/government/legislative_session/members./government/government_position_held/legislative_sessions
2572,/m/060c4,/m/0jgx,/government/government_office_category/officeholders./government/government_position_held/jurisdiction_of_office,**Predicted Relation:** /government/politician/government_positions_held./government/government_position_held/jurisdiction_of_office,/government/politician/government_positions_held./government/government_position_held/jurisdiction_of_office
2573,/m/05zrvfd,/m/04y9mm8,/award/award_category/nominees./award/award_nomination/nominated_for,**Predicted Relation:** /award/award_category/nominees./award/award_nomination/nominated_for,/award/award_category/nominees./award/award_nomination/nominated_for
2574,/m/0gx9rvq,/m/01p1v,/film/film/release_date_s./film/film_regional_release_date/film_release_region,**Predicted Relation:** /film/film/release_date_s./film/film_regional_release_date/film_release_region,/film/film/release_date_s./film/film_regional_release_date/film_release_region
2575,/m/01tt43d,/m/02x4w6g,/award/award_nominee/award_nominations./award/award_nomination/award,**Predicted Relation:** /award/award_winner/awards_won./award/award_honor/award,/award/award_winner/awards_won./award/award_honor/award
2576,/m/030_3z,/m/040njc,/award/award_nominee/award_nominations./award/award_nomination/award,**Predicted Relation:** /award/award_nominee/award_nominations./award/award_nomination/nominated_for,/award/award_nominee/award_nominations./award/award_nomination/nominated_for
2577,/m/018vs,/m/0d193h,/music/performance_role/regular_performances./music/group_membership/group,**Predicted Relation:** /music/performance_role/regular_performances./music/group_membership/group,/music/performance_role/regular_performances./music/group_membership/group
2578,/m/0fz2y7,/m/081nh,/award/award_ceremony/awards_presented./award/award_honor/award_winner,**Predicted Relation:** /award/award_category/winners./award/award_honor/award_winner,/award/award_category/winners./award/award_honor/award_winner
2579,/m/02rv_dz,/m/02x1dht,/award/award_winning_work/awards_won./award/award_honor/award,**Predicted Relation:** /award/award_nominee/award_nominations./award/award_nomination/nominated_for,/award/award_nominee/award_nominations./award/award_nomination/nominated_for
2580,/m/062zjtt,/m/07s9rl0,/film/film/genre,**Predicted Relation:** /film/film/genre,/film/film/genre
2581,/m/058j2,/m/03w5xm,/base/schemastaging/organization_extra/phone_number./base/schemastaging/phone_sandbox/contact_category,**Predicted Relation:** /base/schemastaging/organization_extra/phone_number./base/schemastaging/phone_sandbox/contact_category,/base/schemastaging/organization_extra/phone_number./base/schemastaging/phone_sandbox/contact_category
2582,/m/05qb8vx,/m/04ls53,/award/award_ceremony/awards_presented./award/award_honor/award_winner,**Predicted Relation:** /award/award_ceremony/awards_presented./award/award_honor/award_winner,/award/award_ceremony/awards_presented./award/award_honor/award_winner
2583,/m/04l5b4,/m/019sc,/sports/sports_team/colors,**Predicted Relation:** /sports/sports_team/colors,/sports/sports_team/colors
2584,/m/0gmd3k7,/m/05b4w,/film/film/release_date_s./film/film_regional_release_date/film_release_region,**Predicted Relation:** /film/film/country,/film/film/country
2585,/m/047p7fr,/m/01p1v,/film/film/release_date_s./film/film_regional_release_date/film_release_region,**Predicted Relation:** /film/film/release_date_s./film/film_regional_release_date/film_release_region,/film/film/release_date_s./film/film_regional_release_date/film_release_region
2586,/m/02jq1,/m/09nqf,/base/schemastaging/person_extra/net_worth./measurement_unit/dated_money_value/currency,**Predicted Relation:** /people/person/nationality,/people/person/nationality
2587,/m/05xvj,/m/03c74_8,/baseball/baseball_team/team_stats./baseball/baseball_team_stats/season,**Predicted Relation:** /sports/sports_team/roster./baseball/baseball_roster_position/position,/sports/sports_team/roster./baseball/baseball_roster_position/position
2588,/m/094qd5,/m/0416y94,/award/award_category/nominees./award/award_nomination/nominated_for,**Predicted Relation:** /award/award_nominee/award_nominations./award/award_nomination/nominated_for,/award/award_nominee/award_nominations./award/award_nomination/nominated_for
2589,/m/0q9kd,/m/02hrh1q,/people/person/profession,**Predicted Relation:** /people/person/profession,/people/person/profession
2590,/m/0crlz,/m/018wrk,/olympics/olympic_sport/athletes./olympics/olympic_athlete_affiliation/olympics,**Predicted Relation:** /olympics/olympic_sport/athletes./olympics/olympic_athlete_affiliation/olympics,/olympics/olympic_sport/athletes./olympics/olympic_athlete_affiliation/olympics
2591,/m/041rx,/m/03hhd3,/people/ethnicity/people,**Predicted Relation:** /people/ethnicity/people,/people/ethnicity/people
2592,/m/07tp2,/m/02lq67,/olympics/olympic_participating_country/medals_won./olympics/olympic_medal_honor/medal,**Predicted Relation:** /olympics/olympic_participating_country/medals_won./olympics/olympic_medal_honor/medal,/olympics/olympic_participating_country/medals_won./olympics/olympic_medal_honor/medal
2593,/m/01mhwk,/m/01wp8w7,/award/award_ceremony/awards_presented./award/award_honor/award_winner,**Predicted Relation:** /award/award_category/winners./award/award_honor/award_winner,/award/award_category/winners./award/award_honor/award_winner
2594,/m/0640m69,/m/0d2b38,/film/film/other_crew./film/film_crew_gig/film_crew_role,**Predicted Relation:** /film/film/other_crew./film/film_crew_gig/film_crew_role,/film/film/other_crew./film/film_crew_gig/film_crew_role
2595,/m/019w9j,/m/03_3d,/olympics/olympic_sport/athletes./olympics/olympic_athlete_affiliation/country,**Predicted Relation:** /olympics/olympic_participating_country/medals_won./olympics/olympic_medal_honor/olympics_inv,/olympics/olympic_participating_country/medals_won./olympics/olympic_medal_honor/olympics_inv
2596,/m/03rk0,/m/02lq67,/olympics/olympic_participating_country/medals_won./olympics/olympic_medal_honor/medal,**Predicted Relation:** /olympics/olympic_participating_country/medals_won./olympics/olympic_medal_honor/medal,/olympics/olympic_participating_country/medals_won./olympics/olympic_medal_honor/medal
2597,/m/0ftps,/m/0b_xm,/music/group_member/membership./music/group_membership/group,**Predicted Relation:** /music/group_member/membership./music/group_membership/group,/music/group_member/membership./music/group_membership/group
2598,/m/060c4,/m/02m0b0,/organization/role/leaders./organization/leadership/organization,**Predicted Relation:** /organization/organization/headquarters./location/mailing_address/country,/organization/organization/headquarters./location/mailing_address/country
2599,/m/01ck6h,/m/019bk0,/award/award_category/winners./award/award_honor/ceremony,**Predicted Relation:** /award/award_category/winners./award/award_honor/ceremony,/award/award_category/winners./award/award_honor/ceremony
2600,/m/0l34j,/m/0bxqq,/location/location/adjoin_s./location/adjoining_relationship/adjoins,**Predicted Relation:** /location/location/adjoin_s./location/adjoining_relationship/adjoins,/location/location/adjoin_s./location/adjoining_relationship/adjoins
2601,/m/0gs973,/m/02h40lc,/film/film/language,**Predicted Relation:** /film/film/language,/film/film/language
2602,/m/03p2xc,/m/02h40lc,/film/film/language,**Predicted Relation:** /film/film/language,/film/film/language
2603,/m/0459z,/m/01c72t,/people/person/profession,**Predicted Relation:** /people/person/profession,/people/person/profession
2604,/m/06chf,/m/019f4v,/award/award_nominee/award_nominations./award/award_nomination/award,**Predicted Relation:** /award/award_category/winners./award/award_honor/award_winner,/award/award_category/winners./award/award_honor/award_winner
2605,/m/0k4f3,/m/05glt,/award/ranked_item/appears_in_ranked_lists./award/ranking/list,**Predicted Relation:** /award/award_winning_work/awards_won./award/award_honor/award_winner,/award/award_winning_work/awards_won./award/award_honor/award_winner
2606,/m/0flbm,/m/02hczc,/location/location/time_zones,**Predicted Relation:** /location/location/time_zones,/location/location/time_zones
2607,/m/06sw9,/m/02h40lc,/location/country/official_language,**Predicted Relation:** /location/country/official_language,/location/country/official_language
2608,/m/0gn30,/m/0dxtg,/people/person/profession,**Predicted Relation:** /people/person/profession,/people/person/profession
2609,/m/01f6zc,/m/031hcx,/film/actor/film./film/performance/film,**Predicted Relation:** /film/actor/film./film/performance/film,/film/actor/film./film/performance/film
2610,/m/03bnv,/m/02jx1,/people/person/nationality,**Predicted Relation:** /people/person/nationality,/people/person/nationality
2611,/m/09c7w0,/m/0p0cw,/location/country/second_level_divisions,**Predicted Relation:** /location/country/second_level_divisions,/location/country/second_level_divisions
2612,/m/040fv,/m/028kb,/base/localfood/seasonal_month/produce_available./base/localfood/produce_availability/seasonal_months,**Predicted Relation:** /travel/travel_destination/climate./travel/travel_destination_monthly_climate/month,/travel/travel_destination/climate./travel/travel_destination_monthly_climate/month
2613,/m/01d34b,/m/02_286,/organization/organization/headquarters./location/mailing_address/citytown,**Predicted Relation:** /location/location/contains,/location/location/contains
2614,/m/06nd8c,/m/02jknp,/people/person/profession,**Predicted Relation:** /film/actor/film,/film/actor/film
2615,/m/05lb30,/m/08mbj5d,/common/topic/webpage./common/webpage/category,**Predicted Relation:** /common/topic/webpage./common/webpage/category,/common/topic/webpage./common/webpage/category
2616,/m/026rm_y,/m/02hrh1q,/people/person/profession,**Predicted Relation:** /people/person/profession,/people/person/profession
2617,/m/0ddbjy4,/m/03gj2,/film/film/release_date_s./film/film_regional_release_date/film_release_region,**Predicted Relation:** /film/film/release_date_s./film/film_regional_release_date/film_release_region,/film/film/release_date_s./film/film_regional_release_date/film_release_region
2618,/m/0525b,/m/02jx1,/people/person/nationality,**Predicted Relation:** /people/person/place_of_birth,/people/person/place_of_birth
2619,/m/012ky3,/m/01c8w0,/people/person/profession,**Predicted Relation:** /people/person/profession,/people/person/profession
2620,/m/025cn2,/m/054ks3,/award/award_nominee/award_nominations./award/award_nomination/award,**Predicted Relation:** /award/award_nominee/award_nominations./award/award_nomination/award,/award/award_nominee/award_nominations./award/award_nomination/award
2621,/m/0cx7f,/m/0326tc,/music/genre/artists,**Predicted Relation:** /music/genre/artists,/music/genre/artists
2622,/m/021r7r,/m/07bzp,/music/group_member/membership./music/group_membership/group,**Predicted Relation:** /music/group_member/membership./music/group_membership/group,/music/group_member/membership./music/group_membership/group
2623,/m/0bt4r4,/m/05zppz,/people/person/gender,**Predicted Relation:** /people/person/gender,/people/person/gender
2624,/m/02x4sn8,/m/03vyw8,/award/award_category/nominees./award/award_nomination/nominated_for,**Predicted Relation:** /award/award_nominee/award_nominations./award/award_nomination/nominated_for,/award/award_nominee/award_nominations./award/award_nomination/nominated_for
2625,/m/040db,/m/05zppz,/people/person/gender,**Predicted Relation:** /people/person/gender,/people/person/gender
2626,/m/02yvct,/m/06c1y,/film/film/release_date_s./film/film_regional_release_date/film_release_region,**Predicted Relation:** /film/film/country,/film/film/country
2627,/m/05vz3zq,/m/015qh,/military/military_combatant/military_conflicts./military/military_combatant_group/combatants,**Predicted Relation:** /location/location/partially_contains,/location/location/partially_contains
2628,/m/02fn5r,/m/01k_r5b,/award/award_nominee/award_nominations./award/award_nomination/award_nominee,**Predicted Relation:** /award/award_nominee/award_nominations./award/award_nomination/award_nominee,/award/award_nominee/award_nominations./award/award_nomination/award_nominee
2629,/m/01q2nx,/m/05b2f_k,/film/film/film_production_design_by,**Predicted Relation:** /film/film/film_art_direction_by,/film/film/film_art_direction_by
2630,/m/0131kb,/m/01wb95,/film/actor/film./film/performance/film,**Predicted Relation:** /film/actor/film./film/performance/film,/film/actor/film./film/performance/film
2631,/m/09bx1k,/m/04vq33,/award/award_nominee/award_nominations./award/award_nomination/nominated_for,**Predicted Relation:** /film/film/music,/film/film/music
2632,/m/0g48m4,/m/02xry,/people/ethnicity/geographic_distribution,**Predicted Relation:** /people/ethnicity/geographic_distribution,/people/ethnicity/geographic_distribution
2633,/m/0373qg,/m/08mbj5d,/common/topic/webpage./common/webpage/category,**Predicted Relation:** /common/topic/webpage./common/webpage/category,/common/topic/webpage./common/webpage/category
2634,/m/01bcq,/m/02hrh1q,/people/person/profession,**Predicted Relation:** /people/person/profession,/people/person/profession
2635,/m/085h1,/m/01ls2,/user/ktrueman/default_domain/international_organization/member_states,**Predicted Relation:** /user/ktrueman/default_domain/international_organization/member_states,/user/ktrueman/default_domain/international_organization/member_states
2636,/m/0bc1yhb,/m/06t2t,/film/film/release_date_s./film/film_regional_release_date/film_release_region,**Predicted Relation:** /film/film/release_date_s./film/film_regional_release_date/film_release_region,/film/film/release_date_s./film/film_regional_release_date/film_release_region
2637,/m/0cjsxp,/m/09c7w0,/people/person/nationality,**Predicted Relation:** /people/person/places_lived./people/place_lived/location,/people/person/places_lived./people/place_lived/location
2638,/m/07db6x,/m/01d_h8,/people/person/profession,**Predicted Relation:** /people/person/profession,/people/person/profession
2639,/m/03s6l2,/m/0dxtw,/film/film/other_crew./film/film_crew_gig/film_crew_role,**Predicted Relation:** /film/film/special_effects_by,/film/film/special_effects_by
2640,/m/04b7xr,/m/05q8pss,/award/award_nominee/award_nominations./award/award_nomination/award,**Predicted Relation:** /award/award_nominee/award_nominations./award/award_nomination/nominated_for,/award/award_nominee/award_nominations./award/award_nomination/nominated_for
2641,/m/0x67,/m/09k2t1,/people/ethnicity/people,**Predicted Relation:** /people/ethnicity/geographic_distribution,/people/ethnicity/geographic_distribution
2642,/m/012qjw,/m/0h3bn,/medicine/symptom/symptom_of,**Predicted Relation:** /medicine/disease/risk_factors,/medicine/disease/risk_factors
2643,/m/0d0x8,/m/0lhn5,/location/location/contains,**Predicted Relation:** /location/location/contains,/location/location/contains
2644,/m/06x43v,/m/0345h,/film/film/country,**Predicted Relation:** /film/film/country,/film/film/country
2645,/m/01h7xx,/m/043djx,/government/legislative_session/members./government/government_position_held/legislative_sessions,**Predicted Relation:** /government/legislative_session/members./government/government_position_held/district_represented,/government/legislative_session/members./government/government_position_held/district_represented
2646,/m/09ld6g,/m/04ztj,/people/person/spouse_s./people/marriage/type_of_union,**Predicted Relation:** /people/person/spouse_s./people/marriage/type_of_union,/people/person/spouse_s./people/marriage/type_of_union
2647,/m/044rvb,/m/04s1zr,/film/actor/film./film/performance/film,**Predicted Relation:** /film/actor/film./film/performance/film,/film/actor/film./film/performance/film
2648,/m/05ztjjw,/m/017d93,/award/award_category/nominees./award/award_nomination/nominated_for,**Predicted Relation:** /award/award_category/nominees./award/award_nomination/nominated_for,/award/award_category/nominees./award/award_nomination/nominated_for
2649,/m/018j2,/m/018ndc,/music/performance_role/regular_performances./music/group_membership/group,**Predicted Relation:** /music/performance_role/regular_performances./music/group_membership/group,/music/performance_role/regular_performances./music/group_membership/group
2650,/m/037ls6,/m/0h1zw,/food/food/nutrients./food/nutrition_fact/nutrient,**Predicted Relation:** /food/food/nutrients./food/nutrition_fact/nutrient,/food/food/nutrients./food/nutrition_fact/nutrient
2651,/m/09c7w0,/m/01wdj_,/location/location/contains,**Predicted Relation:** /location/location/contains,/location/location/contains
2652,/m/04fzfj,/m/02rh1dz,/film/film/other_crew./film/film_crew_gig/film_crew_role,**Predicted Relation:** /film/film/other_crew./film/film_crew_gig/film_crew_role,/film/film/other_crew./film/film_crew_gig/film_crew_role
2653,/m/02784z,/m/0cbd2,/people/person/profession,**Predicted Relation:** /people/person/profession,/people/person/profession
2654,/m/01h7xx,/m/01x73,/government/legislative_session/members./government/government_position_held/district_represented,**Predicted Relation:** /government/legislative_session/members./government/government_position_held/district_represented,/government/legislative_session/members./government/government_position_held/district_represented
2655,/m/09rvwmy,/m/02_n3z,/film/film/other_crew./film/film_crew_gig/film_crew_role,**Predicted Relation:** /film/film/edited_by,/film/film/edited_by
2656,/m/03n52j,/m/02ht1k,/film/actor/film./film/performance/film,**Predicted Relation:** /film/actor/film./film/performance/film,/film/actor/film./film/performance/film
2657,/m/035sc2,/m/01d_h8,/people/person/profession,**Predicted Relation:** /people/person/profession,/people/person/profession
2658,/m/02wb6d,/m/09c7w0,/people/person/nationality,**Predicted Relation:** /film/film/country,/film/film/country
2659,/m/032jlh,/m/021mkg,/base/x2010fifaworldcupsouthafrica/world_cup_squad/current_world_cup_squad./base/x2010fifaworldcupsouthafrica/current_world_cup_squad/current_club,**Predicted Relation:** /soccer/football_team/current_roster./soccer/football_roster_position/position,/soccer/football_team/current_roster./soccer/football_roster_position/position
2660,/m/0hkqn,/m/02zdwq,/base/schemastaging/organization_extra/phone_number./base/schemastaging/phone_sandbox/contact_category,**Predicted Relation:** /people/person/profession,/people/person/profession
2661,/m/0301yj,/m/03vyw8,/film/actor/film./film/performance/film,**Predicted Relation:** /film/actor/film,/film/actor/film
2662,/m/06j8wx,/m/05zppz,/people/person/gender,**Predicted Relation:** /people/person/gender,/people/person/gender
2663,/m/0bw6y,/m/01p5_g,/people/person/profession,**Predicted Relation:** /people/person/profession,/people/person/profession
2664,/m/047rkcm,/m/09vw2b7,/film/film/other_crew./film/film_crew_gig/film_crew_role,**Predicted Relation:** /film/film/other_crew./film/film_crew_gig/film_crew_role,/film/film/other_crew./film/film_crew_gig/film_crew_role
2665,/m/01zn4y,/m/06mnr,/education/educational_institution/students_graduates./education/education/major_field_of_study,**Predicted Relation:** /education/educational_institution/students_graduates./education/education/major_field_of_study,/education/educational_institution/students_graduates./education/education/major_field_of_study
2666,/m/06688p,/m/0s9b_,/people/person/places_lived./people/place_lived/location,**Predicted Relation:** /people/person/places_lived./people/place_lived/location,/people/person/places_lived./people/place_lived/location
2667,/m/03nyts,/m/04ztj,/people/person/spouse_s./people/marriage/type_of_union,**Predicted Relation:** /people/marriage/location_of_ceremony,/people/marriage/location_of_ceremony
2668,/m/03cw411,/m/0349s,/film/film/language,**Predicted Relation:** /film/film/language,/film/film/language
2669,/m/0c7xjb,/m/0f2rq,/people/person/place_of_birth,**Predicted Relation:** /people/person/place_of_birth,/people/person/place_of_birth
2670,/m/018h2,/m/04jwly,/film/film_subject/films,**Predicted Relation:** /film/film_subject/films,/film/film_subject/films
2671,/m/015f7,/m/02zsn,/people/person/gender,**Predicted Relation:** /people/person/gender,/people/person/gender
2672,/m/015pxr,/m/0q5hw,/influence/influence_node/influenced_by,**Predicted Relation:** /people/person/profession,/people/person/profession
2673,/m/0s69k,/m/0jbk9,/location/hud_foreclosure_area/estimated_number_of_mortgages./measurement_unit/dated_integer/source,**Predicted Relation:** /location/hud_county_place/county,/location/hud_county_place/county
2674,/m/0gqy2,/m/0dgst_d,/award/award_category/nominees./award/award_nomination/nominated_for,**Predicted Relation:** /award/award_nominee/award_nominations./award/award_nomination/nominated_for,/award/award_nominee/award_nominations./award/award_nomination/nominated_for
2675,/m/0g2c8,/m/07c0j,/award/hall_of_fame/inductees./award/hall_of_fame_induction/inductee,**Predicted Relation:** /award/hall_of_fame/inductees./award/hall_of_fame_induction/inductee,/award/hall_of_fame/inductees./award/hall_of_fame_induction/inductee
2676,/m/0kv2hv,/m/0bbc17,/film/film/genre,**Predicted Relation:** /film/film/genre,/film/film/genre
2677,/m/02tcgh,/m/0688f,/film/film/language,**Predicted Relation:** /film/film/language,/film/film/language
2678,/m/01vn0t_,/m/0f8j6,/people/deceased_person/place_of_death,**Predicted Relation:** /music/artist/origin,/music/artist/origin
2679,/m/03qhyn8,/m/02qyntr,/award/award_nominee/award_nominations./award/award_nomination/award,**Predicted Relation:** /award/award_category/nominees./award/award_nomination/nominated_for,/award/award_category/nominees./award/award_nomination/nominated_for
2680,/m/049ql1,/m/04k4rt,/award/ranked_item/appears_in_ranked_lists./award/ranking/list,**Predicted Relation:** /award/ranked_item/appears_in_ranked_lists./award/ranking/list,/award/ranked_item/appears_in_ranked_lists./award/ranking/list
2681,/m/07nx9j,/m/0340hj,/film/actor/film./film/performance/film,**Predicted Relation:** /film/actor/film./film/performance/film,/film/actor/film./film/performance/film
2682,/m/050ks,/m/01y0s9,/location/statistical_region/religions./location/religion_percentage/religion,**Predicted Relation:** /location/statistical_region/religions./location/religion_percentage/religion,/location/statistical_region/religions./location/religion_percentage/religion
2683,/m/04f52jw,/m/016wzw,/film/film/release_date_s./film/film_regional_release_date/film_release_region,**Predicted Relation:** /film/film/release_date_s./film/film_regional_release_date/film_release_region,/film/film/release_date_s./film/film_regional_release_date/film_release_region
2684,/m/02bvt,/m/03gjzk,/people/person/profession,**Predicted Relation:** /people/person/profession,/people/person/profession
2685,/m/091z_p,/m/0dxtw,/film/film/other_crew./film/film_crew_gig/film_crew_role,**Predicted Relation:** /film/film/other_crew./film/film_crew_gig/film_crew_role,/film/film/other_crew./film/film_crew_gig/film_crew_role
2686,/m/08nz99,/m/09c7w0,/people/person/nationality,**Predicted Relation:** /people/person/nationality,/people/person/nationality
2687,/m/0bh8drv,/m/0bmj62v,/film/film/film_festivals,**Predicted Relation:** /film/film/film_festivals,/film/film/film_festivals
2688,/m/0bt4g,/m/02nxhr,/film/film/distributors./film/film_film_distributor_relationship/film_distribution_medium,**Predicted Relation:** /film/film/release_date_s./film/film_regional_release_date/film_release_distribution_medium,/film/film/release_date_s./film/film_regional_release_date/film_release_distribution_medium
2689,/m/0164nb,/m/06hwzy,/tv/tv_personality/tv_regular_appearances./tv/tv_regular_personal_appearance/program,**Predicted Relation:** /tv/non_character_role/tv_regular_personal_appearances./tv/tv_regular_personal_appearance/person_inv,/tv/non_character_role/tv_regular_personal_appearances./tv/tv_regular_personal_appearance/person_inv
2690,/m/06f0k,/m/06n90,/tv/tv_program/genre,**Predicted Relation:** /tv/tv_program/genre,/tv/tv_program/genre
2691,/m/03xsby,/m/072hx4,/film/film_distributor/films_distributed./film/film_film_distributor_relationship/film,**Predicted Relation:** /film/film_distributor/films_distributed./film/film_film_distributor_relationship/film,/film/film_distributor/films_distributed./film/film_film_distributor_relationship/film
2692,/m/05b_gq,/m/02bjrlw,/film/film/language,**Predicted Relation:** /film/film/language,/film/film/language
2693,/m/082xp,/m/099md,/people/person/profession,**Predicted Relation:** /people/person/profession,/people/person/profession
2694,/m/02q56mk,/m/09nqf,/film/film/estimated_budget./measurement_unit/dated_money_value/currency,**Predicted Relation:** /film/film/country,/film/film/country
2695,/m/024mxd,/m/09nqf,/film/film/estimated_budget./measurement_unit/dated_money_value/currency,**Predicted Relation:** /film/film/estimated_budget./measurement_unit/dated_money_value/currency,/film/film/estimated_budget./measurement_unit/dated_money_value/currency
2696,/m/03ckfl9,/m/04mky3,/music/genre/artists,**Predicted Relation:** /music/genre/artists,/music/genre/artists
2697,/m/011vx3,/m/07w8f,/people/person/religion,**Predicted Relation:** /people/person/religion,/people/person/religion
2698,/m/05w88j,/m/02hrh1q,/people/person/profession,**Predicted Relation:** /people/person/profession,/people/person/profession
2699,/m/02dbp7,/m/05148p4,/music/artist/track_contributions./music/track_contribution/role,**Predicted Relation:** /music/artist/track_contributions./music/track_contribution/role,/music/artist/track_contributions./music/track_contribution/role
2700,/m/021q1c,/m/025v3k,/business/job_title/people_with_this_title./business/employment_tenure/company,**Predicted Relation:** /education/educational_institution/students_graduates./education/education/student,/education/educational_institution/students_graduates./education/education/student
2701,/m/07c52,/m/03s6l2,/film/film_subject/films,**Predicted Relation:** /film/film_subject/films,/film/film_subject/films
2702,/m/0bvzp,/m/05zppz,/people/person/gender,**Predicted Relation:** /people/person/gender,/people/person/gender
2703,/m/0xhtw,/m/0134s5,/music/genre/artists,**Predicted Relation:** /music/genre/artists,/music/genre/artists
2704,/m/02x3lt7,/m/07s9rl0,/film/film/genre,**Predicted Relation:** /film/film/genre,/film/film/genre
2705,/m/01nm3s,/m/02_286,/people/person/places_lived./people/place_lived/location,**Predicted Relation:** /people/person/place_of_birth,/people/person/place_of_birth
2706,/m/01x2_q,/m/0d060g,/people/person/nationality,**Predicted Relation:** /people/person/nationality,/people/person/nationality
2707,/m/03rjj,/m/02lq67,/olympics/olympic_participating_country/medals_won./olympics/olympic_medal_honor/medal,**Predicted Relation:** /olympics/olympic_participating_country/medals_won./olympics/olympic_medal_honor/medal,/olympics/olympic_participating_country/medals_won./olympics/olympic_medal_honor/medal
2708,/m/05v8c,/m/0l6m5,/olympics/olympic_participating_country/medals_won./olympics/olympic_medal_honor/olympics,**Predicted Relation:** /olympics/olympic_participating_country/medals_won./olympics/olympic_medal_honor/olympics,/olympics/olympic_participating_country/medals_won./olympics/olympic_medal_honor/olympics
2709,/m/06jzh,/m/0cqgl9,/award/award_nominee/award_nominations./award/award_nomination/award,**Predicted Relation:** /award/award_nominee/award_nominations./award/award_nomination/award,/award/award_nominee/award_nominations./award/award_nomination/award
2710,/m/09bymc,/m/0427y,/award/award_ceremony/awards_presented./award/award_honor/award_winner,**Predicted Relation:** /award/award_category/winners./award/award_honor/award_winner,/award/award_category/winners./award/award_honor/award_winner
2711,/m/06by7,/m/09qr6,/music/genre/artists,**Predicted Relation:** /music/genre/artists,/music/genre/artists
2712,/m/01mxnvc,/m/0k33p,/music/artist/origin,**Predicted Relation:** /people/person/place_of_birth,/people/person/place_of_birth
2713,/m/0dq_5,/m/04f0xq,/organization/role/leaders./organization/leadership/organization,**Predicted Relation:** /business/job_title/people_with_this_title./business/employment_tenure/company,/business/job_title/people_with_this_title./business/employment_tenure/company
2714,/m/02ch1w,/m/016z9n,/award/award_nominee/award_nominations./award/award_nomination/nominated_for,**Predicted Relation:** /award/award_nominee/award_nominations./award/award_nomination/nominated_for,/award/award_nominee/award_nominations./award/award_nomination/nominated_for
2715,/m/0g5ff,/m/0cbd2,/people/person/profession,**Predicted Relation:** /people/person/profession,/people/person/profession
2716,/m/032w8h,/m/0bmssv,/film/actor/film./film/performance/film,**Predicted Relation:** /film/actor/film,/film/actor/film
2717,/m/0gfsq9,/m/0dxtw,/film/film/other_crew./film/film_crew_gig/film_crew_role,**Predicted Relation:** /film/film/other_crew./film/film_crew_gig/film_crew_role,/film/film/other_crew./film/film_crew_gig/film_crew_role
2718,/m/0cnl80,/m/043js,/award/award_nominee/award_nominations./award/award_nomination/award_nominee,**Predicted Relation:** /tv/tv_program/regular_cast./tv/regular_tv_appearance/actor,/tv/tv_program/regular_cast./tv/regular_tv_appearance/actor
2719,/m/03bzyn4,/m/09c7w0,/film/film/country,**Predicted Relation:** /film/film/country,/film/film/country
2720,/m/04vr_f,/m/027c924,/award/award_winning_work/awards_won./award/award_honor/award,**Predicted Relation:** /award/award_winning_work/awards_won./award/award_honor/award_winner,/award/award_winning_work/awards_won./award/award_honor/award_winner
2721,/m/01z9v6,/m/05g76,/sports/sports_position/players./sports/sports_team_roster/team,**Predicted Relation:** /sports/sports_team/roster./baseball/baseball_roster_position/position,/sports/sports_team/roster./baseball/baseball_roster_position/position
2722,/m/0tnkg,/m/08mbj5d,/common/topic/webpage./common/webpage/category,**Predicted Relation:** /base/biblioness/bibs_location/state,/base/biblioness/bibs_location/state
2723,/m/03q45x,/m/0cqhmg,/award/award_nominee/award_nominations./award/award_nomination/award,**Predicted Relation:** /award/award_category/nominees./award/award_nomination/nominated_for,/award/award_category/nominees./award/award_nomination/nominated_for
2724,/m/02725hs,/m/060__y,/film/film/genre,**Predicted Relation:** /film/film/genre,/film/film/genre
2725,/m/0241y7,/m/015h31,/film/film/other_crew./film/film_crew_gig/film_crew_role,**Predicted Relation:** /film/film/other_crew./film/film_crew_gig/film_crew_role,/film/film/other_crew./film/film_crew_gig/film_crew_role
2726,/m/03bwzr4,/m/0bthb,/education/educational_degree/people_with_this_degree./education/education/institution,**Predicted Relation:** /education/educational_institution/students_graduates./education/education/major_field_of_study,/education/educational_institution/students_graduates./education/education/major_field_of_study
2727,/m/03hkv_r,/m/083shs,/award/award_category/nominees./award/award_nomination/nominated_for,**Predicted Relation:** /award/award_winning_work/awards_won./award/award_honor/award_winner,/award/award_winning_work/awards_won./award/award_honor/award_winner
2728,/m/0fnmz,/m/0g4gr,/education/educational_institution/students_graduates./education/education/major_field_of_study,**Predicted Relation:** /education/educational_institution/students_graduates./education/education/major_field_of_study,/education/educational_institution/students_graduates./education/education/major_field_of_study
2729,/m/04bd8y,/m/09c7w0,/people/person/nationality,**Predicted Relation:** /people/person/places_lived./people/place_lived/location,/people/person/places_lived./people/place_lived/location
2730,/m/033jj1,/m/05zppz,/people/person/gender,**Predicted Relation:** /people/person/gender,/people/person/gender
2731,/m/01mxt_,/m/02hrh1q,/people/person/profession,**Predicted Relation:** /people/person/profession,/people/person/profession
2732,/m/059y0,/m/06crk,/influence/influence_node/peers./influence/peer_relationship/peers,**Predicted Relation:** /people/person/profession,/people/person/profession
2733,/m/02bqm0,/m/081mh,/government/legislative_session/members./government/government_position_held/district_represented,**Predicted Relation:** /government/legislative_session/members./government/government_position_held/district_represented,/government/legislative_session/members./government/government_position_held/district_represented
2734,/m/0bynt,/m/0154j,/olympics/olympic_sport/athletes./olympics/olympic_athlete_affiliation/country,**Predicted Relation:** /olympics/olympic_participating_country/athletes./olympics/olympic_athlete_affiliation/country,/olympics/olympic_participating_country/athletes./olympics/olympic_athlete_affiliation/country
2735,/m/02rxbmt,/m/0gqzz,/award/award_nominee/award_nominations./award/award_nomination/award,**Predicted Relation:** /award/award_nominee/award_nominations./award/award_nomination/award,/award/award_nominee/award_nominations./award/award_nomination/award
2736,/m/0dq9wx,/m/0kyk,/people/person/profession,**Predicted Relation:** /people/person/profession,/people/person/profession
2737,/m/0b_6h7,/m/026wlnm,/base/marchmadness/ncaa_basketball_tournament/seeds./base/marchmadness/ncaa_tournament_seed/team,**Predicted Relation:** /base/marchmadness/ncaa_basketball_tournament/seeds./base/marchmadness/ncaa_tournament_seed/team,/base/marchmadness/ncaa_basketball_tournament/seeds./base/marchmadness/ncaa_tournament_seed/team
2738,/m/054k_8,/m/01d_h8,/people/person/profession,**Predicted Relation:** /people/person/profession,/people/person/profession
2739,/m/032clf,/m/035qy,/film/film/release_date_s./film/film_regional_release_date/film_release_region,**Predicted Relation:** /film/film/country,/film/film/country
2740,/m/069q4f,/m/02h40lc,/film/film/language,**Predicted Relation:** /film/film/language,/film/film/language
2741,/m/05h43ls,/m/02r96rf,/film/film/other_crew./film/film_crew_gig/film_crew_role,**Predicted Relation:** /film/film/other_crew./film/film_crew_gig/film_crew_role,/film/film/other_crew./film/film_crew_gig/film_crew_role
2742,/m/0fzyg,/m/018js4,/film/film_subject/films,**Predicted Relation:** /film/film_subject/films,/film/film_subject/films
2743,/m/0cwx_,/m/04m8fy,/education/university/fraternities_and_sororities,**Predicted Relation:** /education/university/fraternities_and_sororities,/education/university/fraternities_and_sororities
2744,/m/07sbbz2,/m/01vsyg9,/music/genre/artists,**Predicted Relation:** /music/genre/artists,/music/genre/artists
2745,/m/060bp,/m/0169t,/government/government_office_category/officeholders./government/government_position_held/jurisdiction_of_office,**Predicted Relation:** /government/politician/government_positions_held./government/government_position_held/jurisdiction_of_office,/government/politician/government_positions_held./government/government_position_held/jurisdiction_of_office
2746,/m/049w1q,/m/059j2,/film/film/release_date_s./film/film_regional_release_date/film_release_region,**Predicted Relation:** /film/film/country,/film/film/country
2747,/m/018y2s,/m/013w8y,/music/group_member/membership./music/group_membership/group,**Predicted Relation:** /music/group_member/membership./music/group_membership/group,/music/group_member/membership./music/group_membership/group
2748,/m/0p8jf,/m/07w21,/influence/influence_node/influenced_by,**Predicted Relation:** /influence/influence_node/influenced_by,/influence/influence_node/influenced_by
2749,/m/090gpr,/m/03gjzk,/people/person/profession,**Predicted Relation:** /tv/tv_program/tv_producer./tv/tv_producer_term/producer_type,/tv/tv_program/tv_producer./tv/tv_producer_term/producer_type
2750,/m/0dmtp,/m/03w5xm,/base/schemastaging/organization_extra/phone_number./base/schemastaging/phone_sandbox/contact_category,**Predicted Relation:** /base/schemastaging/organization_extra/phone_number./base/schemastaging/phone_sandbox/contact_category,/base/schemastaging/organization_extra/phone_number./base/schemastaging/phone_sandbox/contact_category
2751,/m/03qjg,/m/01tw31,/music/instrument/instrumentalists,**Predicted Relation:** /music/instrument/instrumentalists,/music/instrument/instrumentalists
2752,/m/0vhm,/m/095bb,/tv/tv_program/genre,**Predicted Relation:** /tv/tv_program/genre,/tv/tv_program/genre
2753,/m/07_m2,/m/05zppz,/people/person/gender,**Predicted Relation:** /people/person/gender,/people/person/gender
2754,/m/0bq3x,/m/033qdy,/film/film_subject/films,**Predicted Relation:** /film/film_subject/films,/film/film_subject/films
2755,/m/05c5z8j,/m/029j_,/film/film/release_date_s./film/film_regional_release_date/film_release_distribution_medium,**Predicted Relation:** /film/film/release_date_s./film/film_regional_release_date/film_release_distribution_medium,/film/film/release_date_s./film/film_regional_release_date/film_release_distribution_medium
2756,/m/019v9k,/m/01nm8w,/education/educational_degree/people_with_this_degree./education/education/institution,**Predicted Relation:** /education/educational_degree/people_with_this_degree./education/education/institution,/education/educational_degree/people_with_this_degree./education/education/institution
2757,/m/06qd3,/m/0ldqf,/olympics/olympic_participating_country/medals_won./olympics/olympic_medal_honor/olympics,**Predicted Relation:** /olympics/olympic_sport/athletes./olympics/olympic_athlete_affiliation/country,/olympics/olympic_sport/athletes./olympics/olympic_athlete_affiliation/country
2758,/m/09n5t_,/m/015cxv,/music/genre/artists,**Predicted Relation:** /music/genre/artists,/music/genre/artists
2759,/m/01pk3z,/m/0h1cdwq,/film/actor/film./film/performance/film,**Predicted Relation:** /film/actor/film./film/performance/film,/film/actor/film./film/performance/film
2760,/m/07cyl,/m/02vs3x5,/film/film/other_crew./film/film_crew_gig/film_crew_role,**Predicted Relation:** /film/film/other_crew./film/film_crew_gig/film_crew_role,/film/film/other_crew./film/film_crew_gig/film_crew_role
2761,/m/0jgd,/m/0l6mp,/olympics/olympic_participating_country/medals_won./olympics/olympic_medal_honor/olympics,**Predicted Relation:** /olympics/olympic_participating_country/athletes./olympics/olympic_athlete_affiliation/olympics,/olympics/olympic_participating_country/athletes./olympics/olympic_athlete_affiliation/olympics
2762,/m/027c95y,/m/046qq,/award/award_category/winners./award/award_honor/award_winner,**Predicted Relation:** /award/award_category/winners./award/award_honor/award_winner,/award/award_category/winners./award/award_honor/award_winner
2763,/m/0lrh,/m/03jxw,/influence/influence_node/influenced_by,**Predicted Relation:** /influence/influence_node/influenced_by,/influence/influence_node/influenced_by
2764,/m/0x67,/m/03f5spx,/people/ethnicity/people,**Predicted Relation:** /people/ethnicity/people,/people/ethnicity/people
2765,/m/03bggl,/m/01wb95,/film/actor/film./film/performance/film,**Predicted Relation:** /film/actor/film./film/performance/film,/film/actor/film./film/performance/film
2766,/m/02tqm5,/m/0chghy,/film/film/country,**Predicted Relation:** /film/film/country,/film/film/country
2767,/m/0fpv_3_,/m/0345h,/film/film/release_date_s./film/film_regional_release_date/film_release_region,**Predicted Relation:** /film/film/release_date_s./film/film_regional_release_date/film_release_region,/film/film/release_date_s./film/film_regional_release_date/film_release_region
2768,/m/025n07,/m/05_pkf,/film/film/music,**Predicted Relation:** /film/film/music,/film/film/music
2769,/m/0g72r,/m/09c7w0,/people/person/nationality,**Predicted Relation:** /people/person/nationality,/people/person/nationality
2770,/m/07w4j,/m/0dgskx,/education/educational_institution/students_graduates./education/education/student,**Predicted Relation:** /tv/tv_program/regular_cast./tv/regular_tv_appearance/actor,/tv/tv_program/regular_cast./tv/regular_tv_appearance/actor
2771,/m/0k2sk,/m/07ssc,/film/film/distributors./film/film_film_distributor_relationship/region,**Predicted Relation:** /film/film/country,/film/film/country
2772,/m/07b1gq,/m/06ybb1,/award/award_winning_work/awards_won./award/award_honor/honored_for,**Predicted Relation:** /award/award_winning_work/awards_won./award/award_honor/award_winner,/award/award_winning_work/awards_won./award/award_honor/award_winner
2773,/m/06f41,/m/01nln,/olympics/olympic_sport/athletes./olympics/olympic_athlete_affiliation/country,**Predicted Relation:** /olympics/olympic_sport/athletes./olympics/olympic_athlete_affiliation/olympics,/olympics/olympic_sport/athletes./olympics/olympic_athlete_affiliation/olympics
2774,/m/0r5lz,/m/02lcqs,/location/location/time_zones,**Predicted Relation:** /location/location/time_zones,/location/location/time_zones
2775,/m/0b_6rk,/m/02pqcfz,/base/marchmadness/ncaa_basketball_tournament/seeds./base/marchmadness/ncaa_tournament_seed/team,**Predicted Relation:** /base/marchmadness/ncaa_basketball_tournament/seeds./base/marchmadness/ncaa_tournament_seed/team,/base/marchmadness/ncaa_basketball_tournament/seeds./base/marchmadness/ncaa_tournament_seed/team
2776,/m/016t_3,/m/02tz9z,/education/educational_degree/people_with_this_degree./education/education/institution,**Predicted Relation:** /education/educational_degree/people_with_this_degree./education/educational_institution/students_graduates,/education/educational_degree/people_with_this_degree./education/educational_institution/students_graduates
2777,/m/0q9zc,/m/052hl,/influence/influence_node/influenced_by,**Predicted Relation:** /tv/tv_program/program_creator,/tv/tv_program/program_creator
2778,/m/047p7fr,/m/03k9fj,/film/film/genre,**Predicted Relation:** /film/film/genre,/film/film/genre
2779,/m/02wvf2s,/m/08mbj5d,/common/topic/webpage./common/webpage/category,**Predicted Relation:** /sports/sports_team/roster./american_football/football_historical_roster_position/position_s,/sports/sports_team/roster./american_football/football_historical_roster_position/position_s
2780,/m/09r9dp,/m/080lkt7,/film/actor/film./film/performance/film,**Predicted Relation:** /film/actor/film./film/performance/film,/film/actor/film./film/performance/film
2781,/m/0h95927,/m/02vzc,/film/film/release_date_s./film/film_regional_release_date/film_release_region,**Predicted Relation:** /film/film/release_date_s./film/film_regional_release_date/film_release_region,/film/film/release_date_s./film/film_regional_release_date/film_release_region
2782,/m/013b2h,/m/0dzc16,/award/award_ceremony/awards_presented./award/award_honor/award_winner,**Predicted Relation:** /award/award_category/winners./award/award_honor/award_winner,/award/award_category/winners./award/award_honor/award_winner
2783,/m/02g8mp,/m/013b2h,/award/award_category/winners./award/award_honor/ceremony,**Predicted Relation:** /award/award_category/winners./award/award_honor/award_winner,/award/award_category/winners./award/award_honor/award_winner
2784,/m/0dryh9k,/m/05b1062,/people/ethnicity/people,**Predicted Relation:** /people/person/profession,/people/person/profession
2785,/m/090gk3,/m/02krf9,/people/person/profession,**Predicted Relation:** /people/person/profession,/people/person/profession
2786,/m/04f4z1k,/m/09f2j,/sports/sports_league_draft/picks./sports/sports_league_draft_pick/school,**Predicted Relation:** /sports/sports_league_draft/picks./sports/sports_league_draft_pick/school,/sports/sports_league_draft/picks./sports/sports_league_draft_pick/school
2787,/m/0349s,/m/0hzlz,/language/human_language/countries_spoken_in,**Predicted Relation:** /language/human_language/countries_spoken_in,/language/human_language/countries_spoken_in
2788,/m/0sxgh,/m/0jc_p,/education/educational_institution/colors,**Predicted Relation:** /education/educational_institution/colors,/education/educational_institution/colors
2789,/m/01vtj38,/m/07kb7vh,/film/actor/film./film/performance/film,**Predicted Relation:** /film/actor/film./film/performance/film,/film/actor/film./film/performance/film
2790,/m/041rx,/m/02k21g,/people/ethnicity/people,**Predicted Relation:** /people/ethnicity/people,/people/ethnicity/people
2791,/m/0gs96,/m/0gl3hr,/award/award_category/nominees./award/award_nomination/nominated_for,**Predicted Relation:** /award/award_winning_work/awards_won./award/award_honor/award_winner,/award/award_winning_work/awards_won./award/award_honor/award_winner
2792,/m/05vk_d,/m/0d1pc,/people/person/profession,**Predicted Relation:** /people/person/profession,/people/person/profession
2793,/m/04hhv,/m/06sks6,/olympics/olympic_participating_country/athletes./olympics/olympic_athlete_affiliation/olympics,**Predicted Relation:** /olympics/olympic_participating_country/athletes./olympics/olympic_athlete_affiliation/olympics,/olympics/olympic_participating_country/athletes./olympics/olympic_athlete_affiliation/olympics
2794,/m/018pj3,/m/08mbj5d,/common/topic/webpage./common/webpage/category,**Predicted Relation:** /music/artist/official_website,/music/artist/official_website
2795,/m/0p5vf,/m/024pcx,/government/government_office_category/officeholders./government/government_position_held/jurisdiction_of_office,**Predicted Relation:** /government/politician/government_positions_held./government/government_position_held/jurisdiction_of_office,/government/politician/government_positions_held./government/government_position_held/jurisdiction_of_office
2796,/m/0cchk3,/m/08mbj5d,/common/topic/webpage./common/webpage/category,**Predicted Relation:** /education/educational_institution/students_graduates./education/education/student,/education/educational_institution/students_graduates./education/education/student
2797,/m/04rzd,/m/01vn35l,/music/instrument/instrumentalists,**Predicted Relation:** /music/instrument/instrumentalists,/music/instrument/instrumentalists
2798,/m/01k60v,/m/0k6nt,/film/film/release_date_s./film/film_regional_release_date/film_release_region,**Predicted Relation:** /film/film/country,/film/film/country
2799,/m/09c7w0,/m/0flbm,/location/country/second_level_divisions,**Predicted Relation:** /location/country/second_level_divisions,/location/country/second_level_divisions
2800,/m/01z4y,/m/02704ff,/media_common/netflix_genre/titles,**Predicted Relation:** /film/film/genre,/film/film/genre
2801,/m/0f4y3,/m/02hcv8,/location/location/time_zones,**Predicted Relation:** /location/location/time_zones,/location/location/time_zones
2802,/m/04bbv7,/m/09c7w0,/people/person/nationality,**Predicted Relation:** /people/person/place_of_birth,/people/person/place_of_birth
2803,/m/0443y3,/m/04ztj,/people/person/spouse_s./people/marriage/type_of_union,**Predicted Relation:** /people/person/spouse_s./people/marriage/type_of_union,/people/person/spouse_s./people/marriage/type_of_union
2804,/m/02w4v,/m/01d4cb,/music/genre/artists,**Predicted Relation:** /music/genre/artists,/music/genre/artists
2805,/m/03t95n,/m/02r96rf,/film/film/other_crew./film/film_crew_gig/film_crew_role,**Predicted Relation:** /film/film/other_crew./film/film_crew_gig/film_crew_role,/film/film/other_crew./film/film_crew_gig/film_crew_role
2806,/m/04353,/m/02x4wr9,/award/award_nominee/award_nominations./award/award_nomination/award,**Predicted Relation:** /award/award_nominee/award_nominations./award/award_nomination/award,/award/award_nominee/award_nominations./award/award_nomination/award
2807,/m/0cm2xh,/m/02j9z,/time/event/locations,**Predicted Relation:** /base/locations/continents/countries_within,/base/locations/continents/countries_within
2808,/m/07ymr5,/m/05gnf,/award/award_winner/awards_won./award/award_honor/award_winner,**Predicted Relation:** /tv/tv_program/regular_cast./tv/regular_tv_appearance/actor,/tv/tv_program/regular_cast./tv/regular_tv_appearance/actor
2809,/m/035yn8,/m/0jgd,/film/film/release_date_s./film/film_regional_release_date/film_release_region,**Predicted Relation:** /film/film/release_date_s./film/film_regional_release_date/film_release_region,/film/film/release_date_s./film/film_regional_release_date/film_release_region
2810,/m/03b79,/m/0156q,/location/country/capital,**Predicted Relation:** /location/country/capital,/location/country/capital
2811,/m/0fq9zdv,/m/035zr0,/award/award_category/nominees./award/award_nomination/nominated_for,**Predicted Relation:** /award/award_category/nominees./award/award_nomination/nominated_for,/award/award_category/nominees./award/award_nomination/nominated_for
2812,/m/036dyy,/m/08mbj5d,/common/topic/webpage./common/webpage/category,**Predicted Relation:** /common/topic/webpage./common/webpage/category,/common/topic/webpage./common/webpage/category
2813,/m/01n4f8,/m/02hrh1q,/people/person/profession,**Predicted Relation:** /people/person/profession,/people/person/profession
2814,/m/0638kv,/m/0f2nf,/people/person/place_of_birth,**Predicted Relation:** /education/educational_institution/students_graduates./education/education/student,/education/educational_institution/students_graduates./education/education/student
2815,/m/058vfp4,/m/03gyh_z,/award/award_nominee/award_nominations./award/award_nomination/award_nominee,**Predicted Relation:** /award/award_nominee/award_nominations./award/award_nomination/nominated_for,/award/award_nominee/award_nominations./award/award_nomination/nominated_for
2816,/m/0bxl5,/m/02fsn,/music/performance_role/track_performances./music/track_contribution/role,**Predicted Relation:** /music/performance_role/regular_performances./music/group_membership/role,/music/performance_role/regular_performances./music/group_membership/role
2817,/m/05zlld0,/m/05mvd62,/film/film/produced_by,**Predicted Relation:** /film/film/produced_by,/film/film/produced_by
2818,/m/06mzp,/m/0lbd9,/olympics/olympic_participating_country/medals_won./olympics/olympic_medal_honor/olympics,**Predicted Relation:** /olympics/olympic_participating_country/athletes./olympics/olympic_athlete_affiliation/olympics,/olympics/olympic_participating_country/athletes./olympics/olympic_athlete_affiliation/olympics
2819,/m/01bbwp,/m/07ssc,/people/person/nationality,**Predicted Relation:** /people/person/nationality,/people/person/nationality
2820,/m/0cc5qkt,/m/03q8ch,/film/film/edited_by,**Predicted Relation:** /film/film/edited_by,/film/film/edited_by
2821,/m/01gvpz,/m/03bxz7,/film/film/genre,**Predicted Relation:** /film/film/genre,/film/film/genre
2822,/m/09c7w0,/m/0mp08,/location/country/second_level_divisions,**Predicted Relation:** /base/aareas/schema/administrative_area/administrative_parent,/base/aareas/schema/administrative_area/administrative_parent
2823,/m/0g9zljd,/m/06bnz,/film/film/release_date_s./film/film_regional_release_date/film_release_region,**Predicted Relation:** /film/film/country,/film/film/country
2824,/m/07vn_9,/m/09vw2b7,/film/film/other_crew./film/film_crew_gig/film_crew_role,**Predicted Relation:** /film/film/other_crew./film/film_crew_gig/film_crew_role,/film/film/other_crew./film/film_crew_gig/film_crew_role
2825,/m/0cx7f,/m/02vgh,/music/genre/artists,**Predicted Relation:** /music/genre/artists,/music/genre/artists
2826,/m/0c3ybss,/m/08mbj5d,/common/topic/webpage./common/webpage/category,**Predicted Relation:** /film/film/distributors./film/film_film_distributor_relationship/film_distribution_medium,/film/film/distributors./film/film_film_distributor_relationship/film_distribution_medium
2827,/m/03tps5,/m/06nm1,/film/film/language,**Predicted Relation:** /film/film/language,/film/film/language
2828,/m/053yx,/m/09jwl,/people/person/profession,**Predicted Relation:** /people/person/profession,/people/person/profession
2829,/m/033f8n,/m/0dxtw,/film/film/other_crew./film/film_crew_gig/film_crew_role,**Predicted Relation:** /film/film/other_crew./film/film_crew_gig/film_crew_role,/film/film/other_crew./film/film_crew_gig/film_crew_role
2830,/m/02g2wv,/m/01mt1fy,/award/award_category/winners./award/award_honor/award_winner,**Predicted Relation:** /award/award_category/winners./award/award_honor/award_winner,/award/award_category/winners./award/award_honor/award_winner
2831,/m/0gq9h,/m/073hkh,/award/award_category/winners./award/award_honor/ceremony,**Predicted Relation:** /award/award_category/winners./award/award_honor/award_winner,/award/award_category/winners./award/award_honor/award_winner
2832,/m/02f9wb,/m/04ztj,/people/person/spouse_s./people/marriage/type_of_union,**Predicted Relation:** /people/person/spouse_s./people/marriage/type_of_union,/people/person/spouse_s./people/marriage/type_of_union
2833,/m/0342h,/m/05qw5,/music/instrument/instrumentalists,**Predicted Relation:** /music/instrument/instrumentalists,/music/instrument/instrumentalists
2834,/m/02bft,/m/0rlz,/medicine/disease/notable_people_with_this_condition,**Predicted Relation:** /medicine/disease/notable_people_with_this_condition,/medicine/disease/notable_people_with_this_condition
2835,/m/05t2fh4,/m/02j9z,/time/event/locations,**Predicted Relation:** /base/locations/continents/countries_within,/base/locations/continents/countries_within
2836,/m/042kg,/m/04ztj,/people/person/spouse_s./people/marriage/type_of_union,**Predicted Relation:** /people/person/spouse_s./people/marriage/location_of_ceremony,/people/person/spouse_s./people/marriage/location_of_ceremony
2837,/m/070m6c,/m/04tgp,/government/legislative_session/members./government/government_position_held/district_represented,**Predicted Relation:** /government/legislative_session/members./government/government_position_held/district_represented,/government/legislative_session/members./government/government_position_held/district_represented
2838,/m/012v1t,/m/024tcq,/government/politician/government_positions_held./government/government_position_held/legislative_sessions,**Predicted Relation:** /government/politician/government_positions_held./government/government_position_held/legislative_sessions,/government/politician/government_positions_held./government/government_position_held/legislative_sessions
2839,/m/03b1l8,/m/09cn0c,/award/award_winning_work/awards_won./award/award_honor/award,**Predicted Relation:** /award/award_category/nominees./award/award_nomination/nominated_for,/award/award_category/nominees./award/award_nomination/nominated_for
2840,/m/03xmy1,/m/0k6nt,/people/person/nationality,**Predicted Relation:** /people/person/place_of_birth,/people/person/place_of_birth
2841,/m/01m65sp,/m/016z4k,/people/person/profession,**Predicted Relation:** /people/person/profession,/people/person/profession
2842,/m/01bpn,/m/04ztj,/people/person/spouse_s./people/marriage/type_of_union,**Predicted Relation:** /people/person/spouse_s./people/marriage/type_of_union,/people/person/spouse_s./people/marriage/type_of_union
2843,/m/016jny,/m/028qdb,/music/genre/artists,**Predicted Relation:** /music/genre/artists,/music/genre/artists
2844,/m/068gn,/m/021sv1,/award/award_category/winners./award/award_honor/award_winner,**Predicted Relation:** /award/award_category/winners./award/award_honor/award_winner,/award/award_category/winners./award/award_honor/award_winner
2845,/m/01y0y6,/m/02hrh1q,/people/person/profession,**Predicted Relation:** /people/person/profession,/people/person/profession
2846,/m/0gkz15s,/m/01xbgx,/film/film/release_date_s./film/film_regional_release_date/film_release_region,**Predicted Relation:** /film/film/release_date_s./film/film_regional_release_date/film_release_region,/film/film/release_date_s./film/film_regional_release_date/film_release_region
2847,/m/03sww,/m/01d_h8,/people/person/profession,**Predicted Relation:** /people/person/profession,/people/person/profession
2848,/m/01nkxvx,/m/0pswc,/people/person/places_lived./people/place_lived/location,**Predicted Relation:** /people/person/place_of_birth,/people/person/place_of_birth
2849,/m/0l2nd,/m/0kq2g,/location/location/adjoin_s./location/adjoining_relationship/adjoins,**Predicted Relation:** /location/location/adjoin_s./location/adjoining_relationship/adjoins,/location/location/adjoin_s./location/adjoining_relationship/adjoins
2850,/m/0gh8zks,/m/07s9rl0,/film/film/genre,**Predicted Relation:** /film/film/genre,/film/film/genre
2851,/m/05c4fys,/m/01b8w_,/people/person/place_of_birth,**Predicted Relation:** /people/person/places_lived./people/place_lived/location,/people/person/places_lived./people/place_lived/location
2852,/m/0bx8pn,/m/02822,/education/educational_institution/students_graduates./education/education/major_field_of_study,**Predicted Relation:** /education/educational_institution/students_graduates./education/education/major_field_of_study,/education/educational_institution/students_graduates./education/education/major_field_of_study
2853,/m/0ws7,/m/065y4w7,/sports/professional_sports_team/draft_picks./sports/sports_league_draft_pick/school,**Predicted Relation:** /sports/sports_team/colors,/sports/sports_team/colors
2854,/m/043ljr,/m/01kstn9,/music/record_label/artist,**Predicted Relation:** /music/record_label/artist,/music/record_label/artist
2855,/m/0f25w9,/m/0f4k5,/food/food/nutrients./food/nutrition_fact/nutrient,**Predicted Relation:** /food/food/nutrients./food/nutrition_fact/nutrient,/food/food/nutrients./food/nutrition_fact/nutrient
2856,/m/089j8p,/m/06bnz,/film/film/release_date_s./film/film_regional_release_date/film_release_region,**Predicted Relation:** /film/film/country,/film/film/country
2857,/m/03cw411,/m/06qd3,/film/film/release_date_s./film/film_regional_release_date/film_release_region,**Predicted Relation:** /film/film/release_date_s./film/film_regional_release_date/film_release_region,/film/film/release_date_s./film/film_regional_release_date/film_release_region
2858,/m/0qcr0,/m/01zwy,/people/cause_of_death/people,**Predicted Relation:** /people/person/profession,/people/person/profession
2859,/m/0ggq0m,/m/03_0p,/music/genre/artists,**Predicted Relation:** /music/genre/artists,/music/genre/artists
2860,/m/0k7pf,/m/01by1l,/award/award_nominee/award_nominations./award/award_nomination/award,**Predicted Relation:** /award/award_category/winners./award/award_honor/award_winner,/award/award_category/winners./award/award_honor/award_winner
2861,/m/020trj,/m/02h40lc,/people/person/languages,**Predicted Relation:** /people/person/languages,/people/person/languages
2862,/m/0522wp,/m/0345h,/people/person/nationality,**Predicted Relation:** /people/person/place_of_birth,/people/person/place_of_birth
2863,/m/0fq9zdn,/m/0g9wdmc,/award/award_category/nominees./award/award_nomination/nominated_for,**Predicted Relation:** /award/award_winning_work/awards_won./award/award_honor/award_winner,/award/award_winning_work/awards_won./award/award_honor/award_winner
2864,/m/0mbhr,/m/01q_22,/people/person/place_of_birth,**Predicted Relation:** /people/person/spouse_s./people/marriage/location_of_ceremony,/people/person/spouse_s./people/marriage/location_of_ceremony
2865,/m/02ht1k,/m/02h40lc,/film/film/language,**Predicted Relation:** /film/film/language,/film/film/language
2866,/m/018vs,/m/0g_g2,/music/performance_role/regular_performances./music/group_membership/group,**Predicted Relation:** /music/performance_role/regular_performances./music/group_membership/group,/music/performance_role/regular_performances./music/group_membership/group
2867,/m/072x7s,/m/02h40lc,/film/film/language,**Predicted Relation:** /film/film/language,/film/film/language
2868,/m/01ysy9,/m/0l5mz,/education/educational_degree/people_with_this_degree./education/education/major_field_of_study,**Predicted Relation:** /award/award_winning_work/awards_won./award/award_honor/award_winner,/award/award_winning_work/awards_won./award/award_honor/award_winner
2869,/m/0dfw0,/m/09zzb8,/film/film/other_crew./film/film_crew_gig/film_crew_role,**Predicted Relation:** /film/film/other_crew./film/film_crew_gig/film_crew_role,/film/film/other_crew./film/film_crew_gig/film_crew_role
2870,/m/0gs9p,/m/012mrr,/award/award_category/nominees./award/award_nomination/nominated_for,**Predicted Relation:** /award/award_category/nominees./award/award_nomination/nominated_for,/award/award_category/nominees./award/award_nomination/nominated_for
2871,/m/03rhqg,/m/02hzz,/music/record_label/artist,**Predicted Relation:** /music/record_label/artist,/music/record_label/artist
2872,/m/0bt3j9,/m/09zzb8,/film/film/other_crew./film/film_crew_gig/film_crew_role,**Predicted Relation:** /film/film/other_crew./film/film_crew_gig/film_crew_role,/film/film/other_crew./film/film_crew_gig/film_crew_role
2873,/m/0dq3c,/m/0plw,/business/job_title/people_with_this_title./business/employment_tenure/company,**Predicted Relation:** /business/job_title/people_with_this_title./business/employment_tenure/company,/business/job_title/people_with_this_title./business/employment_tenure/company
2874,/m/04n_g,/m/02hrh1q,/people/person/profession,**Predicted Relation:** /people/person/profession,/people/person/profession
2875,/m/0h95927,/m/03h64,/film/film/release_date_s./film/film_regional_release_date/film_release_region,**Predicted Relation:** /film/film/country,/film/film/country
2876,/m/02txdf,/m/01tbp,/education/educational_institution/students_graduates./education/education/major_field_of_study,**Predicted Relation:** /education/educational_institution/students_graduates./education/education/major_field_of_study,/education/educational_institution/students_graduates./education/education/major_field_of_study
2877,/m/02c6d,/m/035qy,/film/film/release_date_s./film/film_regional_release_date/film_release_region,**Predicted Relation:** /film/film/country,/film/film/country
2878,/m/01trhmt,/m/05zppz,/people/person/gender,**Predicted Relation:** /people/person/gender,/people/person/gender
2879,/m/02ddq4,/m/02cx90,/award/award_category/winners./award/award_honor/award_winner,**Predicted Relation:** /award/award_category/winners./award/award_honor/award_winner,/award/award_category/winners./award/award_honor/award_winner
2880,/m/013807,/m/04ktcgn,/education/educational_institution/students_graduates./education/education/student,**Predicted Relation:** /film/film/other_crew./film/film_crew_gig/crewmember,/film/film/other_crew./film/film_crew_gig/crewmember
2881,/m/02xtxw,/m/01t_vv,/film/film/genre,**Predicted Relation:** /film/film/genre,/film/film/genre
2882,/m/03h_fqv,/m/018j2,/music/artist/track_contributions./music/track_contribution/role,**Predicted Relation:** /music/artist/track_contributions./music/track_contribution/role,/music/artist/track_contributions./music/track_contribution/role
2883,/m/0l14j_,/m/02dw1_,/music/performance_role/regular_performances./music/group_membership/group,**Predicted Relation:** /music/performance_role/regular_performances./music/group_membership/group,/music/performance_role/regular_performances./music/group_membership/group
2884,/m/04wg38,/m/09c7w0,/people/person/nationality,**Predicted Relation:** /people/person/nationality,/people/person/nationality
2885,/m/03kdl,/m/012t_z,/people/person/profession,**Predicted Relation:** /people/person/profession,/people/person/profession
2886,/m/0g57wgv,/m/06f32,/film/film/release_date_s./film/film_regional_release_date/film_release_region,**Predicted Relation:** /film/film/country,/film/film/country
2887,/m/05nlx4,/m/01xy5l_,/film/film/other_crew./film/film_crew_gig/film_crew_role,**Predicted Relation:** /film/film/other_crew./film/film_crew_gig/film_crew_role,/film/film/other_crew./film/film_crew_gig/film_crew_role
2888,/m/05y8n7,/m/01vrt_c,/music/genre/artists,**Predicted Relation:** /music/genre/artists,/music/genre/artists
2889,/m/09h_q,/m/04ztj,/people/person/spouse_s./people/marriage/type_of_union,**Predicted Relation:** /people/person/spouse_s./people/marriage/type_of_union,/people/person/spouse_s./people/marriage/type_of_union
2890,/m/024pcx,/m/0f8l9c,/military/military_combatant/military_conflicts./military/military_combatant_group/combatants,**Predicted Relation:** /location/location/adjoin_s./location/adjoining_relationship/adjoins,/location/location/adjoin_s./location/adjoining_relationship/adjoins
2891,/m/0130sy,/m/08mbj5d,/common/topic/webpage./common/webpage/category,**Predicted Relation:** /music/artist/official_website,/music/artist/official_website
2892,/m/0sw0q,/m/01z4y,/tv/tv_program/genre,**Predicted Relation:** /tv/tv_program/genre,/tv/tv_program/genre
2893,/m/047jhq,/m/0f42nz,/film/actor/film./film/performance/film,**Predicted Relation:** /film/actor/film,/film/actor/film
2894,/m/0bynt,/m/03676,/olympics/olympic_sport/athletes./olympics/olympic_athlete_affiliation/country,**Predicted Relation:** /olympics/olympic_sport/athletes./olympics/olympic_athlete_affiliation/country,/olympics/olympic_sport/athletes./olympics/olympic_athlete_affiliation/country
2895,/m/06lgq8,/m/05zppz,/people/person/gender,**Predicted Relation:** /people/person/gender,/people/person/gender
2896,/m/083skw,/m/09zzb8,/film/film/other_crew./film/film_crew_gig/film_crew_role,**Predicted Relation:** /film/film/other_crew./film/film_crew_gig/film_crew_role,/film/film/other_crew./film/film_crew_gig/film_crew_role
2897,/m/0k0sv,/m/0h7x,/language/human_language/countries_spoken_in,**Predicted Relation:** /location/country/official_language,/location/country/official_language
2898,/m/02q56mk,/m/0hn10,/film/film/genre,**Predicted Relation:** /film/film/genre,/film/film/genre
2899,/m/02xhpl,/m/0q9kd,/award/award_winning_work/awards_won./award/award_honor/award_winner,**Predicted Relation:** /tv/tv_program/regular_cast./tv/regular_tv_appearance/actor,/tv/tv_program/regular_cast./tv/regular_tv_appearance/actor
2900,/m/0cct7p,/m/04ztj,/people/person/spouse_s./people/marriage/type_of_union,**Predicted Relation:** /people/person/spouse_s./people/marriage/type_of_union,/people/person/spouse_s./people/marriage/type_of_union
2901,/m/02clgg,/m/09c7w0,/people/person/nationality,**Predicted Relation:** /people/person/nationality,/people/person/nationality
2902,/m/057xs89,/m/026wlxw,/award/award_category/nominees./award/award_nomination/nominated_for,**Predicted Relation:** /award/award_nominee/award_nominations./award/award_nomination/nominated_for,/award/award_nominee/award_nominations./award/award_nomination/nominated_for
2903,/m/02rdxsh,/m/0h6r5,/award/award_category/nominees./award/award_nomination/nominated_for,**Predicted Relation:** /award/award_category/nominees./award/award_nomination/nominated_for,/award/award_category/nominees./award/award_nomination/nominated_for
2904,/m/0crd8q6,/m/0lsxr,/film/film/genre,**Predicted Relation:** /film/film/genre,/film/film/genre
2905,/m/04vt98,/m/02krf9,/people/person/profession,**Predicted Relation:** /film/director/film,/film/director/film
2906,/m/06bss,/m/02bqn1,/government/politician/government_positions_held./government/government_position_held/legislative_sessions,**Predicted Relation:** /government/politician/government_positions_held./government/government_position_held/legislative_sessions,/government/politician/government_positions_held./government/government_position_held/legislative_sessions
2907,/m/0gq_v,/m/02glmx,/award/award_category/winners./award/award_honor/ceremony,**Predicted Relation:** /award/award_category/winners./award/award_honor/ceremony,/award/award_category/winners./award/award_honor/ceremony
2908,/m/0381pn,/m/01w92,/award/award_winner/awards_won./award/award_honor/award_winner,**Predicted Relation:** /tv/tv_network/programs,/tv/tv_network/programs
2909,/m/0cwy47,/m/059_y8d,/film/film/film_festivals,**Predicted Relation:** /film/film/film_festivals,/film/film/film_festivals
2910,/m/031rq5,/m/02vxn,/business/business_operation/industry,**Predicted Relation:** /business/business_operation/industry,/business/business_operation/industry
2911,/m/03gqgt3,/m/04wsz,/time/event/locations,**Predicted Relation:** /military/military_conflict/combatants./military/military_combatant_group/combatants,/military/military_conflict/combatants./military/military_combatant_group/combatants
2912,/m/0bzkgg,/m/02vyw,/award/award_ceremony/awards_presented./award/award_honor/award_winner,**Predicted Relation:** /award/award_category/winners./award/award_honor/award_winner,/award/award_category/winners./award/award_honor/award_winner
2913,/m/02_1q9,/m/09c7w0,/tv/tv_program/country_of_origin,**Predicted Relation:** /tv/tv_program/country_of_origin,/tv/tv_program/country_of_origin
2914,/m/01z4y,/m/06x43v,/media_common/netflix_genre/titles,**Predicted Relation:** /film/film/genre,/film/film/genre
2915,/m/06ryl,/m/07t65,/organization/organization_member/member_of./organization/organization_membership/organization,**Predicted Relation:** /organization/organization_member/member_of./organization/organization_membership/organization,/organization/organization_member/member_of./organization/organization_membership/organization
2916,/m/0fb0v,/m/0137g1,/music/record_label/artist,**Predicted Relation:** /music/record_label/artist,/music/record_label/artist
2917,/m/0ylgz,/m/088fh,/education/educational_institution/colors,**Predicted Relation:** /education/educational_institution/colors,/education/educational_institution/colors
2918,/m/06z6r,/m/05r4w,/olympics/olympic_sport/athletes./olympics/olympic_athlete_affiliation/country,**Predicted Relation:** /olympics/olympic_participating_country/athletes./olympics/olympic_athlete_affiliation/olympics,/olympics/olympic_participating_country/athletes./olympics/olympic_athlete_affiliation/olympics
2919,/m/02yv6b,/m/017f4y,/music/genre/artists,**Predicted Relation:** /music/genre/artists,/music/genre/artists
2920,/m/0g9yrw,/m/01jfsb,/film/film/genre,**Predicted Relation:** /film/film/genre,/film/film/genre
2921,/m/04vjh,/m/064_8sq,/location/country/official_language,**Predicted Relation:** /location/country/official_language,/location/country/official_language
2922,/m/02rxj,/m/04n6k,/user/tsegaran/random/taxonomy_subject/entry./user/tsegaran/random/taxonomy_entry/taxonomy,**Predicted Relation:** /user/tsegaran/random/taxonomy_subject/entry./user/tsegaran/random/taxonomy_entry/taxonomy,/user/tsegaran/random/taxonomy_subject/entry./user/tsegaran/random/taxonomy_entry/taxonomy
2923,/m/03q0r1,/m/089g0h,/film/film/other_crew./film/film_crew_gig/film_crew_role,**Predicted Relation:** /film/film/other_crew./film/film_crew_gig/film_crew_role,/film/film/other_crew./film/film_crew_gig/film_crew_role
2924,/m/0725ny,/m/02hrh1q,/people/person/profession,**Predicted Relation:** /people/person/profession,/people/person/profession
2925,/m/0m75g,/m/08mbj5d,/common/topic/webpage./common/webpage/category,**Predicted Relation:** /common/topic/webpage./common/webpage/category,/common/topic/webpage./common/webpage/category
2926,/m/04v9wn,/m/083jv,/sports/sports_team/colors,**Predicted Relation:** /sports/sports_team/colors,/sports/sports_team/colors
2927,/m/0bwgc_,/m/0345h,/people/person/places_lived./people/place_lived/location,**Predicted Relation:** /film/film/release_date_s./film/film_regional_release_date/film_release_region,/film/film/release_date_s./film/film_regional_release_date/film_release_region
2928,/m/04g5k,/m/0hzc9wc,/base/aareas/schema/administrative_area/administrative_area_type,**Predicted Relation:** /location/country/official_language,/location/country/official_language
2929,/m/03r0g9,/m/07s9rl0,/film/film/genre,**Predicted Relation:** /film/film/genre,/film/film/genre
2930,/m/0l9k1,/m/05zppz,/people/person/gender,**Predicted Relation:** /people/person/gender,/people/person/gender
2931,/m/06z4wj,/m/04ztj,/people/person/spouse_s./people/marriage/type_of_union,**Predicted Relation:** /people/person/spouse_s./people/marriage/location_of_ceremony,/people/person/spouse_s./people/marriage/location_of_ceremony
2932,/m/05g3b,/m/0jm_,/sports/sports_team/sport,**Predicted Relation:** /sports/sports_team/sport,/sports/sports_team/sport
2933,/m/09d5h,/m/01wg6y,/music/record_label/artist,**Predicted Relation:** /tv/tv_network/programs,/tv/tv_network/programs
2934,/m/03f47xl,/m/01tz6vs,/influence/influence_node/influenced_by,**Predicted Relation:** /people/person/nationality,/people/person/nationality
2935,/m/0hn821n,/m/05zr0xl,/award/award_ceremony/awards_presented./award/award_honor/honored_for,**Predicted Relation:** /award/award_category/winners./award/award_honor/award_winner,/award/award_category/winners./award/award_honor/award_winner
2936,/m/06sn8m,/m/0kfv9,/award/award_nominee/award_nominations./award/award_nomination/nominated_for,**Predicted Relation:** /tv/tv_program/regular_cast./tv/regular_tv_appearance/actor,/tv/tv_program/regular_cast./tv/regular_tv_appearance/actor
2937,/m/07m2y,/m/01kcd,/music/instrument/family,**Predicted Relation:** /music/instrument/instrumentalists,/music/instrument/instrumentalists
2938,/m/047bynf,/m/02h40lc,/film/film/language,**Predicted Relation:** /film/film/language,/film/film/language
2939,/m/0m7yy,/m/087c7,/award/award_category/winners./award/award_honor/award_winner,**Predicted Relation:** /award/award_category/winners./award/award_honor/award_winner,/award/award_category/winners./award/award_honor/award_winner
2940,/m/013nky,/m/083jv,/education/educational_institution/colors,**Predicted Relation:** /education/educational_institution/colors,/education/educational_institution/colors
2941,/m/04d2yp,/m/05z96,/people/person/profession,**Predicted Relation:** /people/person/profession,/people/person/profession
2942,/m/0dc95,/m/0jmj7,/sports/sports_team_location/teams,**Predicted Relation:** /sports/pro_athlete/teams./sports/sports_team_roster/team,/sports/pro_athlete/teams./sports/sports_team_roster/team
2943,/m/02vwckw,/m/09c7w0,/people/person/nationality,**Predicted Relation:** /people/person/nationality,/people/person/nationality
2944,/m/041rx,/m/01gw8b,/people/ethnicity/people,**Predicted Relation:** /award/award_nominee/award_nominations./award/award_nomination/award_nominee,/award/award_nominee/award_nominations./award/award_nomination/award_nominee
2945,/m/07v64s,/m/024dgj,/music/genre/artists,**Predicted Relation:** /music/genre/artists,/music/genre/artists
2946,/m/0fhpv4,/m/02c638,/award/award_category/nominees./award/award_nomination/nominated_for,**Predicted Relation:** /award/award_nominee/award_nominations./award/award_nomination/nominated_for,/award/award_nominee/award_nominations./award/award_nomination/nominated_for
2947,/m/01xzb6,/m/09nqf,/base/schemastaging/person_extra/net_worth./measurement_unit/dated_money_value/currency,**Predicted Relation:** /people/person/nationality,/people/person/nationality
2948,/m/017vkx,/m/02h40lc,/film/actor/dubbing_performances./film/dubbing_performance/language,**Predicted Relation:** /language/human_language/countries_spoken_in,/language/human_language/countries_spoken_in
2949,/m/09hnb,/m/01wy6,/music/artist/track_contributions./music/track_contribution/role,**Predicted Relation:** /music/instrument/instrumentalists,/music/instrument/instrumentalists
2950,/m/0ddd9,/m/073v6,/award/award_category/winners./award/award_honor/award_winner,**Predicted Relation:** /award/award_category/winners./award/award_honor/award_winner,/award/award_category/winners./award/award_honor/award_winner
2951,/m/01pbs9w,/m/0f2wj,/people/deceased_person/place_of_death,**Predicted Relation:** /people/person/place_of_birth,/people/person/place_of_birth
2952,/m/0b3wk,/m/01gstn,/government/governmental_body/members./government/government_position_held/legislative_sessions,**Predicted Relation:** /government/governmental_body/members./government/government_position_held/legislative_sessions,/government/governmental_body/members./government/government_position_held/legislative_sessions
2953,/m/02s6sh,/m/02snj9,/music/artist/contribution./music/recording_contribution/performance_role,**Predicted Relation:** /music/artist/contribution./music/recording_contribution/performance_role,/music/artist/contribution./music/recording_contribution/performance_role
2954,/m/01c7qd,/m/025m8l,/award/award_nominee/award_nominations./award/award_nomination/award,**Predicted Relation:** /award/award_nominee/award_nominations./award/award_nomination/award,/award/award_nominee/award_nominations./award/award_nomination/award
2955,/m/0b7gxq,/m/0cbd2,/people/person/profession,**Predicted Relation:** /people/person/profession,/people/person/profession
2956,/m/06rvn,/m/03qjg,/music/performance_role/regular_performances./music/group_membership/role,**Predicted Relation:** /music/performance_role/track_performances./music/track_contribution/role,/music/performance_role/track_performances./music/track_contribution/role
2957,/m/09yrh,/m/09c7w0,/people/person/nationality,**Predicted Relation:** /people/person/places_lived./people/place_lived/location,/people/person/places_lived./people/place_lived/location
2958,/m/016t_3,/m/01pxcf,/education/educational_degree/people_with_this_degree./education/education/institution,**Predicted Relation:** /education/educational_degree/people_with_this_degree./education/education/institution,/education/educational_degree/people_with_this_degree./education/education/institution
2959,/m/0jmmn,/m/0225bv,/sports/professional_sports_team/draft_picks./sports/sports_league_draft_pick/school,**Predicted Relation:** /sports/professional_sports_team/draft_picks./sports/sports_league_draft_pick/school,/sports/professional_sports_team/draft_picks./sports/sports_league_draft_pick/school
2960,/m/0d6_s,/m/08d9z7,/film/film/produced_by,**Predicted Relation:** /film/film/produced_by,/film/film/produced_by
2961,/m/02ptczs,/m/03npn,/film/film/genre,**Predicted Relation:** /film/film/genre,/film/film/genre
2962,/m/0f4yh,/m/0dq6p,/film/film/distributors./film/film_film_distributor_relationship/film_distribution_medium,**Predicted Relation:** /film/film/distributors./film/film_film_distributor_relationship/film_distribution_medium,/film/film/distributors./film/film_film_distributor_relationship/film_distribution_medium
2963,/m/01d4cb,/m/08mbj5d,/common/topic/webpage./common/webpage/category,**Predicted Relation:** /common/topic/webpage./common/webpage/category,/common/topic/webpage./common/webpage/category
2964,/m/033srr,/m/09vw2b7,/film/film/other_crew./film/film_crew_gig/film_crew_role,**Predicted Relation:** /film/film/other_crew./film/film_crew_gig/film_crew_role,/film/film/other_crew./film/film_crew_gig/film_crew_role
2965,/m/06vnh2,/m/018f94,/people/person/place_of_birth,**Predicted Relation:** /people/person/place_of_birth,/people/person/place_of_birth
2966,/m/019v9k,/m/02jx_v,/education/educational_degree/people_with_this_degree./education/education/institution,**Predicted Relation:** /education/educational_degree/people_with_this_degree./education/education/institution,/education/educational_degree/people_with_this_degree./education/education/institution
2967,/m/0315rp,/m/0735l,/film/film/distributors./film/film_film_distributor_relationship/film_distribution_medium,**Predicted Relation:** /film/film/distributors./film/film_film_distributor_relationship/film_distribution_medium,/film/film/distributors./film/film_film_distributor_relationship/film_distribution_medium
2968,/m/03nkts,/m/04pry,/people/person/place_of_birth,**Predicted Relation:** /people/person/place_of_birth,/people/person/place_of_birth
2969,/m/01gtc0,/m/0vbk,/government/legislative_session/members./government/government_position_held/district_represented,**Predicted Relation:** /government/legislative_session/members./government/government_position_held/district_represented,/government/legislative_session/members./government/government_position_held/district_represented
2970,/m/077rj,/m/01pfr3,/dataworld/gardening_hint/split_to,**Predicted Relation:** /music/artist/track_contributions./music/track_contribution/role,/music/artist/track_contributions./music/track_contribution/role
2971,/m/03bzyn4,/m/03c9pqt,/film/film/executive_produced_by,**Predicted Relation:** /film/film/executive_produced_by,/film/film/executive_produced_by
2972,/m/080r3,/m/01tz6vs,/influence/influence_node/influenced_by,**Predicted Relation:** /influence/influence_node/influenced_by,/influence/influence_node/influenced_by
2973,/m/060bp,/m/03_r3,/government/government_office_category/officeholders./government/government_position_held/jurisdiction_of_office,**Predicted Relation:** /government/politician/government_positions_held./government/government_position_held/jurisdiction_of_office,/government/politician/government_positions_held./government/government_position_held/jurisdiction_of_office
2974,/m/0fk0xk,/m/0cwy47,/award/award_ceremony/awards_presented./award/award_honor/honored_for,**Predicted Relation:** /award/award_category/nominees./award/award_nomination/nominated_for,/award/award_category/nominees./award/award_nomination/nominated_for
2975,/m/014knw,/m/06b_j,/film/film/language,**Predicted Relation:** /film/film/language,/film/film/language
2976,/m/0fr9jp,/m/0j5q3,/education/educational_institution/students_graduates./education/education/student,**Predicted Relation:** /education/educational_institution/students_graduates./education/education/student,/education/educational_institution/students_graduates./education/education/student
2977,/m/0159h6,/m/0bdwft,/award/award_nominee/award_nominations./award/award_nomination/award,**Predicted Relation:** /award/award_nominee/award_nominations./award/award_nomination/nominated_for,/award/award_nominee/award_nominations./award/award_nomination/nominated_for
2978,/m/07db6x,/m/0gr4k,/award/award_nominee/award_nominations./award/award_nomination/award,**Predicted Relation:** /award/award_nominee/award_nominations./award/award_nomination/nominated_for,/award/award_nominee/award_nominations./award/award_nomination/nominated_for
2979,/m/050z2,/m/0dz3r,/people/person/profession,**Predicted Relation:** /people/person/profession,/people/person/profession
2980,/m/0dq3c,/m/02y7t7,/business/job_title/people_with_this_title./business/employment_tenure/company,**Predicted Relation:** /business/job_title/people_with_this_title./business/employment_tenure/company,/business/job_title/people_with_this_title./business/employment_tenure/company
2981,/m/014j1m,/m/025tkqy,/food/food/nutrients./food/nutrition_fact/nutrient,**Predicted Relation:** /food/food/nutrients./food/nutrition_fact/nutrient,/food/food/nutrients./food/nutrition_fact/nutrient
2982,/m/07g1sm,/m/05glt,/award/ranked_item/appears_in_ranked_lists./award/ranking/list,**Predicted Relation:** /award/award_winning_work/awards_won./award/award_honor/award,/award/award_winning_work/awards_won./award/award_honor/award
2983,/m/02fgdx,/m/033p3_,/education/educational_institution/students_graduates./education/education/student,**Predicted Relation:** /base/popstra/celebrity/dated./base/popstra/dated/participant,/base/popstra/celebrity/dated./base/popstra/dated/participant
2984,/m/09d6p2,/m/0l8sx,/business/job_title/people_with_this_title./business/employment_tenure/company,**Predicted Relation:** /business/job_title/people_with_this_title./business/employment_tenure/company,/business/job_title/people_with_this_title./business/employment_tenure/company
2985,/m/05bt6j,/m/04cr6qv,/music/genre/artists,**Predicted Relation:** /music/genre/artists,/music/genre/artists
2986,/m/0282x,/m/01v9724,/influence/influence_node/influenced_by,**Predicted Relation:** /people/person/profession,/people/person/profession
2987,/m/04nw9,/m/04ztj,/people/person/spouse_s./people/marriage/type_of_union,**Predicted Relation:** /people/person/spouse_s./people/marriage/type_of_union,/people/person/spouse_s./people/marriage/type_of_union
2988,/m/07bwr,/m/0lsxr,/film/film/genre,**Predicted Relation:** /film/film/genre,/film/film/genre
2989,/m/01jssp,/m/02j62,/education/educational_institution/students_graduates./education/education/major_field_of_study,**Predicted Relation:** /education/educational_institution/students_graduates./education/education/major_field_of_study,/education/educational_institution/students_graduates./education/education/major_field_of_study
2990,/m/01bmlb,/m/08_vwq,/award/award_nominee/award_nominations./award/award_nomination/award,**Predicted Relation:** /award/award_nominee/award_nominations./award/award_nomination/nominated_for,/award/award_nominee/award_nominations./award/award_nomination/nominated_for
2991,/m/0mzkr,/m/0jg77,/music/record_label/artist,**Predicted Relation:** /music/record_label/artist,/music/record_label/artist
2992,/m/02p7_k,/m/02ljhg,/film/actor/film./film/performance/film,**Predicted Relation:** /film/actor/film./film/performance/film,/film/actor/film./film/performance/film
2993,/m/025jfl,/m/08nhfc1,/film/film_distributor/films_distributed./film/film_film_distributor_relationship/film,**Predicted Relation:** /film/film_distributor/films_distributed./film/film_film_distributor_relationship/film,/film/film_distributor/films_distributed./film/film_film_distributor_relationship/film
2994,/m/02y49,/m/09c7w0,/people/person/nationality,**Predicted Relation:** /people/deceased_person/place_of_death,/people/deceased_person/place_of_death
2995,/m/012x4t,/m/0dz3r,/people/person/profession,**Predicted Relation:** /people/person/profession,/people/person/profession
2996,/m/06mx8,/m/02w9s,/location/location/contains,**Predicted Relation:** /location/location/contains,/location/location/contains
2997,/m/07nx9j,/m/046f3p,/film/actor/film./film/performance/film,**Predicted Relation:** /film/actor/film./film/performance/film,/film/actor/film./film/performance/film
2998,/m/01pbs9w,/m/05r5c,/music/artist/track_contributions./music/track_contribution/role,**Predicted Relation:** /music/instrument/instrumentalists_inv,/music/instrument/instrumentalists_inv
2999,/m/0kfpm,/m/02h40lc,/tv/tv_program/languages,**Predicted Relation:** /tv/tv_program/languages,/tv/tv_program/languages
