Head,Tail,True_Relation,Model_Output
trade name,metharbital,_member_of_domain_usage,is-a
telephone,call,_verb_group,"""part-of"""
united kingdom of great britain and northern ireland,facer,_member_of_domain_region,"There is no direct lexical relation between ""united kingdom of great britain and northern ireland"" and ""facer"" in the context of WordNet."
suborder blattodea,roach,_member_meronym,is-a
rickettsiaceae,bacteria family,_hypernym,is-a
phylum entoprocta,phylum,_hypernym,is-a
position,point,_hypernym,part-of
drill,chuck,_has_part,part-of
breadfruit tree,fruit tree,_hypernym,is-a
take a breather,breathing time,_derivationally_related_form,similar-to
transmutation,shift,_derivationally_related_form,similar-to
sympathizer,communicator,_hypernym,is-a
ration,ration,_derivationally_related_form,is-a
  chromosome,chromatin granule,_has_part,part-of
surface,bounds,_hypernym,part-of
accentuation,stress,_hypernym,similar-to
lexicology,lexicologist,_derivationally_related_form,derived-from
precession,sensualness,_derivationally_related_form,"There is no direct lexical relation between ""precession"" and ""sensualness"" in the context of WordNet."
vanish,disappearance,_derivationally_related_form,derived-from
sophisticated,worldly,_also_see,similar-to
ski,travel,_hypernym,"""related-to"""
brasov,urban center,_instance_hypernym,is-a
mayhem,offense,_hypernym,is-a
equanimity,simmer down,_derivationally_related_form,similar-to
coelenterate family,family,_hypernym,is-a
sops,sop,_derivationally_related_form,derived-from
thunder,roar,_hypernym,similar-to
railroading,technology,_hypernym,is-a
grant,financial aid,_hypernym,is-a
time to come,time,_hypernym,is-a
major premiss,premiss,_hypernym,is-a
host,entertain,_hypernym,is-a
docket,law,_synset_domain_topic_of,part-of
refine,refinement,_derivationally_related_form,derived-from
kilobyte,word,_has_part,part-of
hostility,attack,_derivationally_related_form,is-a
roof,protective covering,_hypernym,is-a
slaughter,slaughter,_derivationally_related_form,synonym
play,play,_derivationally_related_form,similar-to
york,dynasty,_hypernym,is-a
systems software,programme,_hypernym,is-a
podcast,spread,_hypernym,related-to
family crocodylidae,tomistoma,_member_meronym,is-a
evidence,indication,_hypernym,similar-to
number,periodical,_hypernym,no direct relation
tinned goods,foodstuff,_hypernym,is-a
crosshatch,hatching,_derivationally_related_form,is-a
acronym,word form,_hypernym,derived-from
tragelaphus scriptus,harnessed antelope,_hypernym,is-a
praise,proclaim,_derivationally_related_form,similar-to
jam,jamming,_derivationally_related_form,derived-from
sterilize,disinfect,_hypernym,similar-to
syngnathidae,syngnathus,_member_meronym,is-a
insisting,demand,_hypernym,similar-to
subclass crossopterygii,lobefin,_member_meronym,is-a
north atlantic treaty organization,the netherlands,_member_meronym,"""member-of"""
tummy crunch,workout,_hypernym,part-of
ulmus carpinifolia,elm tree,_hypernym,is-a
field event,match,_hypernym,part-of
conduct,perform,_hypernym,similar-to
order casuarinales,plant order,_hypernym,is-a
get out,avoid,_hypernym,similar-to
watt second,erg,_has_part,is-a
tolerate,allowance,_derivationally_related_form,derived-from
wench,young woman,_hypernym,is-a
denote,announcer,_derivationally_related_form,derived-from
basketball court,court,_hypernym,part-of
monster,unusual person,_hypernym,similar-to
stylize,style,_derivationally_related_form,derived-from
trail,pursuit,_derivationally_related_form,is-a
forgetfulness,unmindful,_derivationally_related_form,similar-to
andante,piece of music,_hypernym,is-a
jelly fungus,fungus,_hypernym,is-a
breaking,change of integrity,_hypernym,is-a
zoology,zoologist,_derivationally_related_form,"""related-to"""
republic of india,old delhi,_has_part,part-of
devaluation,devalue,_derivationally_related_form,derived-from
hit,baseball game,_synset_domain_topic_of,part-of
pause,pause,_derivationally_related_form,similar-to
freight,transport,_hypernym,is-a
plus,quality,_hypernym,is-a
wive,wed,_hypernym,derived-from
coastal diving bird,seafowl,_hypernym,is-a
fred astaire,terpsichorean,_instance_hypernym,is-a
glade,universally,_derivationally_related_form,No direct relation
culpable negligence,law,_synset_domain_topic_of,is-a
set up,placement,_derivationally_related_form,part-of
healthy,wellness,_derivationally_related_form,similar-to
warping,distortion,_hypernym,similar-to
vanish,terminate,_hypernym,similar-to
carthage,carthaginian,_member_meronym,derived-from
woody guthrie,songwriter,_instance_hypernym,is-a
rome,lateran,_has_part,part-of
take,withdraw,_also_see,similar-to
indenture,indent,_derivationally_related_form,derived-from
pea family,wild pea,_member_meronym,is-a
read,reader,_derivationally_related_form,agent-of
vomiting,projection,_hypernym,derived-from
top,top,_derivationally_related_form,similar-to
ridge,ridge,_derivationally_related_form,synonym
wipeout,wipe out,_derivationally_related_form,derived-from
shanty,shelter,_hypernym,is-a
scribe,penmanship,_derivationally_related_form,related-to
propel,impulsion,_derivationally_related_form,derived-from
sorbus domestica,sorb apple,_has_part,is-a
strike,strike,_verb_group,similar-to
collar,neckband,_derivationally_related_form,similar-to
hexane,solvent,_hypernym,is-a
hellenic republic,sibyl,_member_of_domain_region,no direct lexical relation
stone,withdraw,_hypernym,"There is no direct lexical relation between ""stone"" and ""withdraw"" in the context of WordNet."
unbelievable,incredibleness,_derivationally_related_form,derived-from
weightiness,weight,_hypernym,derived-from
lay to rest,repose,_hypernym,similar-to
genus celtis,magnoliopsid genus,_hypernym,is-a
vinify,wine,_derivationally_related_form,derived-from
thomas the doubting apostle,apostle,_instance_hypernym,is-a
spoliation,strip,_derivationally_related_form,derived-from
dissolution,termination,_hypernym,is-a
tie,bracing,_hypernym,similar-to
magnitude,magnify,_derivationally_related_form,derived-from
iron age,time period,_instance_hypernym,is-a
wreath,flower arrangement,_hypernym,is-a
traction,rubbing,_hypernym,part-of
helsinki,national capital,_instance_hypernym,is-a
motor horn,hoot,_derivationally_related_form,derived-from
worrying,torment,_derivationally_related_form,similar-to
youngster,childhood,_derivationally_related_form,part-of
unequivocalness,unambiguous,_derivationally_related_form,similar-to
venturer,soul,_hypernym,is-a
deployment,readying,_hypernym,derived-from
defensive structure,structure,_hypernym,is-a
plunge,plunger,_derivationally_related_form,derived-from
monstrosity,variation,_hypernym,derived-from
skimmer,cookware,_hypernym,is-a
charge,charge,_derivationally_related_form,similar-to
dardic language,indo-aryan,_hypernym,is-a
cool down,iciness,_derivationally_related_form,similar-to
genus eleutherodactylus,robber frog,_member_meronym,is-a
muliebrity,feminine,_derivationally_related_form,similar-to
oxford grey,greyness,_hypernym,similar-to
trade name,nydrazid,_member_of_domain_usage,is-a
unreliableness,unreliable,_derivationally_related_form,derived-from
feature article,article,_hypernym,is-a
dress,decoration,_derivationally_related_form,"""part-of"""
rooter skunk,wood pussy,_hypernym,similar-to
honourableness,righteousness,_hypernym,similar-to
compass plant,composite plant,_hypernym,is-a
turn,section,_hypernym,part-of
mumble,vocalization,_hypernym,is-a
superclass agnatha,class,_hypernym,is-a
attach,attachment,_derivationally_related_form,derived-from
passing play,football play,_hypernym,is-a
family compositae,parthenium,_member_meronym,is-a
order malvales,family elaeocarpaceae,_member_meronym,part-of
saponify,chemistry,_synset_domain_topic_of,related-to
oesophagus,passageway,_hypernym,part-of
treponemataceae,bacteria family,_hypernym,is-a
united kingdom of great britain and northern ireland,resettlement,_member_of_domain_usage,part-of
matchmaker,mediator,_hypernym,similar-to
cask,vessel,_hypernym,is-a
plantagenet line,richard the lionheart,_member_meronym,is-a
totemist,soul,_hypernym,related-to
surgical instrument,medical instrument,_hypernym,is-a
unintelligent,stupidity,_derivationally_related_form,is-a
call,utter,_hypernym,is-a
epithelium,epithelial cell,_has_part,part-of
geology,geologist,_derivationally_related_form,"""related-to"""
asia,collection,_hypernym,part-of
fridge,refrigerator,_hypernym,similar-to
declaratory,declare,_derivationally_related_form,derived-from
kindle,lighting,_derivationally_related_form,causes
sarcosomataceae,ascomycetous fungus,_hypernym,is-a
brother,member,_hypernym,member-of
philosophizing,expounding,_hypernym,similar-to
prim up,tog,_hypernym,similar-to
ophioglossum,adder's tongue fern,_member_meronym,is-a
shape,shape,_derivationally_related_form,synonym
number,numeral,_derivationally_related_form,is-a
travesty,impersonation,_hypernym,similar-to
sociology,sociologist,_derivationally_related_form,is-a
train,drag,_hypernym,"There is no direct lexical relation between ""train"" and ""drag"" in the context of WordNet. However, if we consider possible indirect relationships, ""train"" and ""drag"" could be related through the concept of movement or transportation. In this"
orchestration,instrumentate,_derivationally_related_form,derived-from
star earthball,puffball,_hypernym,is-a
subdivision pinophytina,class,_hypernym,is-a
garden,horticulture,_derivationally_related_form,part-of
germany,aken,_has_part,part-of
salix,silver willow,_member_meronym,is-a
family certhiidae,tree creeper,_member_meronym,is-a
pullback,withdrawal,_hypernym,similar-to
mangifera,magnoliopsid genus,_hypernym,is-a
understand,understanding,_derivationally_related_form,derived-from
existence,existent,_derivationally_related_form,derived-from
open up,opener,_derivationally_related_form,derived-from
family coccidae,arthropod family,_hypernym,is-a
minniebush,shrub,_hypernym,is-a
swaggerer,tittup,_derivationally_related_form,similar-to
matte,matte up,_derivationally_related_form,derived-from
reprove,pick apart,_hypernym,similar-to
neritid gastropod,seasnail,_hypernym,is-a
switch,instrument of punishment,_hypernym,is-a
enlarge,increase,_hypernym,similar-to
rock oil,fossil fuel,_hypernym,is-a
suite,music,_synset_domain_topic_of,part-of
mouth,verbalize,_derivationally_related_form,derived-from
pink family,paronychia,_member_meronym,is-a
genus arenaria,caryophylloid dicot genus,_hypernym,is-a
swiss mountain pine,true pine,_hypernym,is-a
androgenous,hermaphroditism,_derivationally_related_form,similar-to
folk music,popular music genre,_hypernym,is-a
morocco,moroccan,_derivationally_related_form,pertains-to
kam-tai,sino-tibetan language,_hypernym,is-a
scholar,soul,_hypernym,No direct lexical relation
emerge,emersion,_derivationally_related_form,derived-from
wheeled vehicle,axle,_has_part,part-of
restore,reinstatement,_derivationally_related_form,derived-from
cinnamon,cinnamon bark,_has_part,part-of
stabilizer,surface,_hypernym,part-of
unfriendliness,unfriendly,_derivationally_related_form,derived-from
watch,seer,_derivationally_related_form,similar-to
sculpture,artistic production,_hypernym,is-a
longness,length,_hypernym,is-a
symbolizing,typify,_derivationally_related_form,similar-to
heterokontae,class,_hypernym,is-a
participation,involve,_derivationally_related_form,similar-to
inventor,unapologetic,_derivationally_related_form,No direct lexical relation
fortress,crenellation,_has_part,part-of
subsidiarity,lower status,_hypernym,is-a
subjugate,master,_hypernym,is-a
sense,sagacity,_hypernym,similar-to
qualifying,qualify,_derivationally_related_form,derived-from
linden tree,tree,_hypernym,is-a
reform,reform,_derivationally_related_form,similar-to
plantae,division bryophyta,_member_meronym,is-a
initiate,tyro,_derivationally_related_form,is-a
intractableness,trait,_hypernym,is-a
interaction,action,_hypernym,is-a
orate,talk,_hypernym,similar-to
sucker punch,slug,_hypernym,similar-to
refreshen,freshener,_derivationally_related_form,derived-from
australian alps,range of mountains,_instance_hypernym,is-a
paddler,canoe,_derivationally_related_form,part-of
regimentals,military uniform,_hypernym,is-a
pirouette,concert dance,_synset_domain_topic_of,is-a
subfamily papilionoideae,macrotyloma,_member_meronym,is-a
topper,transcend,_derivationally_related_form,derived-from
stain,grease,_derivationally_related_form,"""part-of"""
layer,layer,_derivationally_related_form,similar-to
trade,shell out,_also_see,entails
family clupeidae,genus clupea,_member_meronym,is-a
make,form,_derivationally_related_form,similar-to
synchronize,synchrony,_derivationally_related_form,derived-from
wood warbler,warbler,_hypernym,is-a
nansen,statesman,_instance_hypernym,is-a
hold,confinement,_hypernym,part-of
flare,flare,_derivationally_related_form,similar-to
investigation,investigate,_derivationally_related_form,derived-from
solanaceae,hyoscyamus,_member_meronym,is-a
teasing,combing,_hypernym,similar-to
zambia,zambezi river,_has_part,part-of
lining,line,_derivationally_related_form,derived-from
united mexican states,tampico,_has_part,part-of
spongillafly,neuropterous insect,_hypernym,is-a
viverrinae,genus fossa,_member_meronym,is-a
italic,running hand,_hypernym,similar-to
elect,voter,_derivationally_related_form,agent-of
rectum,body part,_hypernym,part-of
parasympathetic nervous system,systema nervosum,_hypernym,part-of
declamation,oratory,_hypernym,is-a
hirsute,hirsutism,_derivationally_related_form,derived-from
turnout,rotation,_hypernym,similar-to
academy,secondary school,_hypernym,is-a
internal-combustion engine,self-starter,_has_part,part-of
transylvanian alps,range of mountains,_instance_hypernym,is-a
feverish,pyrexia,_derivationally_related_form,similar-to
oxidize,oxidize,_verb_group,synonym
trade name,valium,_member_of_domain_usage,is-a
touching,touch,_derivationally_related_form,derived-from
extraction,extract,_derivationally_related_form,derived-from
game,activity,_hypernym,is-a
marne river,pitched battle,_instance_hypernym,related-to
turn,husbandry,_synset_domain_topic_of,"There is no direct lexical relation between ""turn"" and ""husbandry"" in the context of WordNet."
give out,emission,_derivationally_related_form,is-a
waggle,waggle,_derivationally_related_form,synonym
get rid of,liquidation,_derivationally_related_form,is-a
righteousness,morality,_hypernym,is-a
seal,sealer,_derivationally_related_form,derived-from
devalue,devaluation,_derivationally_related_form,derived-from
mustelidae,taxidea,_member_meronym,is-a
parthenocissus,woodbine,_member_meronym,is-a
agent,cause,_hypernym,is-a
subdivision deuteromycotina,order mycelia sterilia,_member_meronym,part-of
veratrum,hellebore,_member_meronym,is-a
earth science,natural science,_hypernym,is-a
utah,tabernacle,_has_part,part-of
dicker,talk terms,_hypernym,synonym
genus brachychiton,bottle tree,_member_meronym,is-a
statice,suffrutex,_hypernym,is-a
gramma grass,grass,_hypernym,is-a
lacing,cord,_hypernym,part-of
compartmentalization,relegate,_derivationally_related_form,derived-from
family caryocaraceae,dilleniid dicot family,_hypernym,is-a
swastika,tetraskelion,_hypernym,similar-to
war machine,medical officer,_member_meronym,"There is no direct lexical relation between ""war machine"" and ""medical officer"" in the context of WordNet. However, if considering broader contexts, one might infer a ""part-of"" relation, as a medical officer can be part of a war"
understand,understanding,_derivationally_related_form,derived-from
study,study,_derivationally_related_form,synonym
straight person,soul,_hypernym,"There is no direct lexical relation between ""straight person"" and ""soul"" in the context of WordNet."
honshu,toyota,_has_part,part-of
naturalization,law,_synset_domain_topic_of,is-a
lambertia,mountain devil,_member_meronym,is-a
ordered,logical,_also_see,similar-to
ordain,decree,_hypernym,similar-to
prevarication,tergiversate,_derivationally_related_form,similar-to
human gamma globulin,globulin,_hypernym,is-a
profundity,wisdom,_hypernym,is-a
unit of measurement,unitize,_derivationally_related_form,derived-from
tsuga,gymnosperm genus,_hypernym,is-a
stop,prevent,_hypernym,similar-to
ford,water,_hypernym,part-of
pretend,pretend,_derivationally_related_form,synonym
suddenness,precipitation,_hypernym,is-a
uplift,intoxication,_derivationally_related_form,similar-to
compound,compounding,_derivationally_related_form,derived-from
invigilator,proctor,_derivationally_related_form,similar-to
spermatophyta,division,_hypernym,is-a
admix,mix,_hypernym,similar-to
family accipitridae,gyps,_member_meronym,is-a
destalinization,destalinize,_derivationally_related_form,derived-from
flap,fluttering,_derivationally_related_form,similar-to
phenylacetamide,painkiller,_hypernym,derived-from
male reproductive system,spermatozoon,_has_part,part-of
gallop,riding,_synset_domain_topic_of,part-of
right fielder,rightfield,_derivationally_related_form,is-a
catabolize,katabolism,_derivationally_related_form,derived-from
obfuscate,modify,_hypernym,similar-to
publish,printer,_derivationally_related_form,agent
pansexual,soul,_hypernym,"WordNet does not directly define a relationship between ""pansexual"" and ""soul"" as they belong to different semantic categories. ""Pansexual"" is related to sexual orientation, while ""soul"" is related to spirituality or essence. Therefore,"
apeldoorn,urban center,_instance_hypernym,is-a
yearn,yen,_derivationally_related_form,similar-to
family elaeocarpaceae,genus aristotelia,_member_meronym,is-a
zip,excite,_derivationally_related_form,similar-to
family cynipidae,arthropod family,_hypernym,is-a
genus calochortus,liliid monocot genus,_hypernym,is-a
gum,transude,_hypernym,No direct relation
ordain,ordainer,_derivationally_related_form,agent-of
true pepper,vine,_hypernym,part-of
mire,slack,_derivationally_related_form,similar-to
isn,international intelligence agency,_hypernym,is-a
order apodes,muraenidae,_member_meronym,is-a
ziphiidae,hyperoodon,_member_meronym,is-a
name,namer,_derivationally_related_form,agent-noun
checkout,watch,_derivationally_related_form,is-a
conclude,terminate,_hypernym,similar-to
treater,talk terms,_derivationally_related_form,No direct relation
resect,resection,_derivationally_related_form,derived-from
supplement,element,_hypernym,part-of
genus felis,puma,_member_meronym,is-a
back,finance,_hypernym,No direct lexical relation
lansing,state capital,_instance_hypernym,is-a
nicker seed,seed,_hypernym,is-a
subclass cirripedia,cirripede,_member_meronym,is-a
prussia,geographical region,_instance_hypernym,part-of
parula warbler,wood warbler,_hypernym,similar-to
stipple,mottle,_hypernym,similar-to
loosening,untie,_derivationally_related_form,similar-to
shaft,passageway,_hypernym,part-of
construct,thought,_hypernym,derived-from
visual communication,visual signal,_has_part,is-a
systema respiratorium,respiratory organ,_has_part,part-of
legal expert,legal philosophy,_derivationally_related_form,related-to
divergency,separation,_hypernym,similar-to
giuseppe balsamo,wizard,_instance_hypernym,is-a
genus tyrannosaurus,tyrannosaurus rex,_member_meronym,is-a
vote,voter,_derivationally_related_form,agent-of
inculpation,fault,_derivationally_related_form,is-a
gregory xii,vicar of christ,_instance_hypernym,is-a
out-herod,surpass,_hypernym,similar-to
flaunt,swank,_derivationally_related_form,similar-to
progne,bird genus,_hypernym,is-a
electrify,turn on,_hypernym,similar-to
gymnastic apparatus,work out,_derivationally_related_form,used-for
family cupressaceae,taxodium,_member_meronym,is-a
urban viii,vicar of christ,_instance_hypernym,is-a
pteridaceae,genus doryopteris,_member_meronym,is-a
think,thought,_derivationally_related_form,derived-from
plication,twist,_derivationally_related_form,similar-to
think,think,_derivationally_related_form,synonym
respond,response,_derivationally_related_form,derived-from
sino-tibetan language,tongue,_hypernym,is-a
pulverize,disintegrate,_hypernym,similar-to
objurgate,upbraiding,_derivationally_related_form,similar-to
reality,physicalness,_hypernym,is-a
check,check,_derivationally_related_form,similar-to
programme,programme,_derivationally_related_form,similar-to
arbor,arborize,_derivationally_related_form,derived-from
council,christianity,_synset_domain_topic_of,part-of
communication,communicate,_derivationally_related_form,Derived-from
rede,advisee,_derivationally_related_form,is-a
fringe,ornament,_hypernym,part-of
fish,fish,_derivationally_related_form,synonym
squabble,niggler,_derivationally_related_form,similar-to
married,soul,_hypernym,"There is no direct lexical relation between ""married"" and ""soul"" in WordNet."
decoration,dress,_derivationally_related_form,part-of
suppress,subjugation,_derivationally_related_form,derived-from
joyous,joyousness,_derivationally_related_form,derived-from
north platte river,river,_instance_hypernym,is-a
remaking,creation,_hypernym,is-a
leyden,urban center,_instance_hypernym,is-a
cecum,cavum,_hypernym,part-of
reference,source,_derivationally_related_form,derived-from
tadarida,mammal genus,_hypernym,is-a
truth,women's rightist,_instance_hypernym,"There is no direct lexical relation between ""truth"" and ""women's rightist"" in the context of WordNet."
squish,trudge,_hypernym,"There is no direct lexical relation between ""squish"" and ""trudge"" in WordNet."
lump,juxtaposition,_derivationally_related_form,"There is no direct lexical relation between ""lump"" and ""juxtaposition"" in WordNet."
item,recite,_derivationally_related_form,No direct lexical relation
indorse,enfranchisement,_derivationally_related_form,No direct relation
marsilea,fern genus,_hypernym,is-a
parabolic geometry,geometry,_hypernym,is-a
spiny lobster,lobster,_hypernym,is-a
take for granted,presumption,_derivationally_related_form,similar-to
timaliidae,bird family,_hypernym,is-a
keep,safekeeping,_derivationally_related_form,derived-from
total,quantity,_derivationally_related_form,is-a
seriola,fish genus,_hypernym,is-a
clear,universally,_verb_group,"The concepts ""clear"" and ""universally"" do not have a direct lexical relation in WordNet. However, if we consider their meanings, ""universally"" can imply a broad or widespread application, which can be related to the clarity of understanding"
south american poison toad,toad frog,_hypernym,is-a
usa,show me state,_has_part,part-of
prunus,prunus armeniaca,_member_meronym,is-a
sunglasses,polaroid,_has_part,"""derived-from"""
traveller,travel,_derivationally_related_form,agent-of
productive,originative,_also_see,similar-to
outpouring,bombard,_derivationally_related_form,similar-to
genus artocarpus,marang tree,_member_meronym,is-a
segregate,soul,_hypernym,No direct relation
drinker,imbibe,_derivationally_related_form,agent-of
noncompliance,disobey,_derivationally_related_form,derived-from
compartmentalization,categorize,_derivationally_related_form,similar-to
light up,light,_derivationally_related_form,derived-from
shiah islam,sect,_hypernym,is-a
rhinencephalon,pyriform lobe,_has_part,part-of
liquidation,waste,_derivationally_related_form,derived-from
zion,fatah,_member_of_domain_region,No direct relation
bioweapon,wmd,_hypernym,is-a
mechanical system,system,_hypernym,is-a
forge,forgery,_derivationally_related_form,derived-from
capable,potentiality,_derivationally_related_form,has-quality-of
eugene,urban center,_instance_hypernym,is-a
naive,credulous,_also_see,similar-to
najas,monocot genus,_hypernym,is-a
reception,receptionist,_derivationally_related_form,part-of
start up,start,_derivationally_related_form,derived-from
waterspout,souse,_derivationally_related_form,No direct lexical relation
clinch,seize,_hypernym,similar-to
untrusty,dishonorable,_also_see,similar-to
newark,urban center,_instance_hypernym,is-a
schematize,scheme,_derivationally_related_form,derived-from
expose,exposure,_derivationally_related_form,derived-from
class ascomycetes,morchellaceae,_member_meronym,is-a
everlasting flower,composite plant,_hypernym,is-a
movement,change,_hypernym,is-a
united kingdom of great britain and northern ireland,redcap,_member_of_domain_region,part-of
lowering,turn down,_derivationally_related_form,similar-to
collectible,rarity,_hypernym,is-a
scooter,wheeled vehicle,_hypernym,is-a
suborder anthropoidea,superfamily platyrrhini,_member_meronym,is-a
vena iliaca,venous blood vessel,_hypernym,is-a
blood,vertebrate,_synset_domain_topic_of,part-of
ophiodontidae,fish family,_hypernym,is-a
firepower,war machine,_synset_domain_topic_of,part-of
haematopus,oystercatcher,_member_meronym,is-a
micron,metric linear unit,_hypernym,is-a
reliever,twirler,_hypernym,is-a
close,shutdown,_derivationally_related_form,similar-to
speckled trout,trout,_hypernym,is-a
neoclassicism,liberal arts,_hypernym,is-a
melophagus,arthropod genus,_hypernym,is-a
surprise,surprise,_derivationally_related_form,similar-to
nij,law enforcement agency,_hypernym,is-a
thalmencephalon,hypothalamus,_has_part,part-of
fudge,confect,_hypernym,is-a
nail,attach,_hypernym,used-for
john l. h. down,physician,_instance_hypernym,is-a
catchphrase,slogan,_hypernym,similar-to
sensitize,modify,_hypernym,entails
presentment,stage,_derivationally_related_form,is-a
madras,urban center,_instance_hypernym,is-a
building material,artifact,_hypernym,is-a
friendly,friendliness,_derivationally_related_form,derived-from
flying lizard,agamid lizard,_hypernym,is-a
potman,employee,_hypernym,is-a
violate,breach,_derivationally_related_form,similar-to
mash,masher,_derivationally_related_form,derived-from
distill,change,_hypernym,derived-from
ring,mobster,_derivationally_related_form,part-of
boundary condition,stipulation,_hypernym,similar-to
promise,soothsayer,_derivationally_related_form,No direct lexical relation
unsoundness,status,_hypernym,is-a
press,pressure,_derivationally_related_form,derived-from
cannula,intubate,_derivationally_related_form,used-for
throw,puzzlement,_derivationally_related_form,No direct lexical relation
crooner,lay,_derivationally_related_form,is-a
tarrietia,dilleniid dicot genus,_hypernym,is-a
politics,social science,_hypernym,is-a
fluctuate,move,_hypernym,is-a
run,run,_derivationally_related_form,similar-to
genus dacrydium,tarwood,_member_meronym,is-a
regiomontanus,mathematician,_instance_hypernym,is-a
slope,slope,_derivationally_related_form,similar-to
selector switch,wiper arm,_has_part,part-of
tramp,sport,_synset_domain_topic_of,"There is no direct lexical relation between ""tramp"" and ""sport"" in WordNet. However, if we consider broader contexts, ""tramp"" can be associated with ""sport"" through activities like hiking or walking, which can be considered a"
run,turn tail,_also_see,similar-to
anticipator,forestall,_derivationally_related_form,similar-to
stavanger,port,_instance_hypernym,part-of
genus elops,fish genus,_hypernym,is-a
literary work,written material,_hypernym,is-a
vocalizer,sing,_derivationally_related_form,is-a
genus agaricus,fungus genus,_hypernym,is-a
nagoya,urban center,_instance_hypernym,is-a
libel,sully,_hypernym,causes
european union,kingdom of denmark,_member_meronym,part-of
deep south,ms,_has_part,part-of
family dasypodidae,genus cabassous,_member_meronym,is-a
take down,degradation,_derivationally_related_form,causes
rehearsal,recitation,_hypernym,similar-to
mask,masquerade party,_derivationally_related_form,part-of
crack,modify,_hypernym,derived-from
umbilical cord,funiculus,_hypernym,part-of
conform,conformity,_derivationally_related_form,derived-from
nutrition,nutritionary,_derivationally_related_form,similar-to
embrace,espousal,_hypernym,similar-to
bed,bed,_derivationally_related_form,synonym
sympathize,sympathy,_derivationally_related_form,derived-from
screen,protective covering,_hypernym,part-of
hizb ut-tahrir,terrorist act,_synset_domain_topic_of,is-a
genus homo,homo sapiens,_member_meronym,is-a
fugacity,plant life,_synset_domain_topic_of,No direct relation
typicality,normality,_hypernym,similar-to
fallboard,protective covering,_hypernym,part-of
mouth-to-mouth resuscitation,heart massage,_has_part,similar-to
trip the light fantastic toe,terpsichore,_derivationally_related_form,is-a
print,print,_derivationally_related_form,similar-to
podiatry,podiatrist,_derivationally_related_form,is-a
scowl,facial gesture,_hypernym,is-a
incinerate,change integrity,_hypernym,causes
vary,differ,_hypernym,similar-to
genus grevillea,silk oak,_member_meronym,is-a
mobile home,trailer,_hypernym,similar-to
testify,grounds,_derivationally_related_form,related-to
caddoan language,indian,_hypernym,is-a
defaulter,default on,_derivationally_related_form,derived-from
proteaceae,genus conospermum,_member_meronym,is-a
suborder myomorpha,zapodidae,_member_meronym,is-a
richard buckminster fuller,designer,_instance_hypernym,is-a
stomatopod crustacean,crustacean,_hypernym,is-a
name,identity,_derivationally_related_form,similar-to
stamen,reproductive structure,_hypernym,part-of
trade name,meclizine hydrochloride,_member_of_domain_usage,is-a
yugoslavia,yugoslavian,_member_meronym,derived-from
detrition,rub off,_derivationally_related_form,similar-to
vaunt,loudmouth,_derivationally_related_form,similar-to
invitation,request,_hypernym,is-a
phasmida,phyllidae,_member_meronym,is-a
tagasaste,shrub,_hypernym,is-a
prompt,suggestion,_derivationally_related_form,similar-to
inspector,investigator,_hypernym,similar-to
old line state,american state,_instance_hypernym,is-a
robalo,percoidean,_hypernym,is-a
killdeer plover,fortress,_derivationally_related_form,no-relation
combust,anger,_hypernym,derived-from
tachygraphy,stenographer,_derivationally_related_form,derived-from
roll-on roll-off,plane,_synset_domain_topic_of,is-a
honshu,hiroshima,_has_part,part-of
resort,help,_hypernym,No direct lexical relation
troy pound,troy ounce,_has_part,part-of
stinger,sting,_derivationally_related_form,part-of
cream,preparation,_synset_domain_topic_of,is-a
tarsioidea,animal order,_hypernym,is-a
entozoon,parasite,_hypernym,is-a
absorber,absorb,_derivationally_related_form,derived-from
oftenness,rate,_hypernym,is-a
hind leg,hock-joint,_has_part,part-of
transplant,transplanting,_derivationally_related_form,derived-from
twin,yoke,_derivationally_related_form,similar-to
trial impression,printing process,_synset_domain_topic_of,part-of
comparative negligence,nonperformance,_hypernym,No direct relation
sitting,movement,_hypernym,antonym
naval commander,war machine,_synset_domain_topic_of,part-of
watercraft,rudder,_has_part,part-of
request,request,_derivationally_related_form,synonym
latin,soul,_hypernym,derived-from
sloe,plum,_hypernym,is-a
wood rat,rodent,_hypernym,is-a
nitrify,convert,_hypernym,entails
africa,republic of angola,_has_part,part-of
passeriformes,troglodytidae,_member_meronym,is-a
lie,lie,_derivationally_related_form,similar-to
riddance,rid,_derivationally_related_form,derived-from
puzzle,puzzlement,_derivationally_related_form,derived-from
thawing,unthaw,_derivationally_related_form,similar-to
order coleoptera,animal order,_hypernym,is-a
energetic,enterprising,_also_see,similar-to
exhume,exhumation,_derivationally_related_form,derived-from
snobbism,lordliness,_hypernym,similar-to
fearful,fearfulness,_derivationally_related_form,derived-from
population,people,_hypernym,part-of
craving,thirst,_derivationally_related_form,similar-to
oslo,national capital,_instance_hypernym,is-a
majors,major-league team,_member_meronym,part-of
plug,stick in,_hypernym,similar-to
trope,dawn,_member_of_domain_usage,"There is no direct lexical relation between ""trope"" and ""dawn"" in the context of WordNet."
thump,move,_hypernym,"""hyponym-of"""
sticker,helve,_has_part,"There is no direct lexical relation between ""sticker"" and ""helve"" in WordNet."
opposition,play off,_derivationally_related_form,derived-from
waver,wave,_derivationally_related_form,derived-from
hit,striking,_derivationally_related_form,similar-to
observe,reflexion,_derivationally_related_form,derived-from
tell apart,discriminator,_derivationally_related_form,is-a
atrophy,wither,_hypernym,similar-to
run,atrium,_derivationally_related_form,"There is no direct lexical relation between ""run"" and ""atrium"" in the context of WordNet."
scandinavia,kingdom of denmark,_member_meronym,part-of
tip,tilt,_derivationally_related_form,similar-to
thoughtful,mindfulness,_derivationally_related_form,similar-to
cinch,walkover,_derivationally_related_form,similar-to
south korea,asian nation,_instance_hypernym,is-a
shoot,shoot,_derivationally_related_form,similar-to
terminal,extremity,_hypernym,similar-to
match,match,_verb_group,similar-to
whisper,verbalize,_hypernym,is-a
rawness,wholeness,_hypernym,antonym
shrink,shrinking,_derivationally_related_form,derived-from
snooze,sleeping,_hypernym,is-a
suspect,suspicion,_derivationally_related_form,derived-from
genus gerardia,asterid dicot genus,_hypernym,is-a
united states department of defense,nro,_has_part,part-of
federate,federation,_derivationally_related_form,derived-from
anal stage,stage,_hypernym,is-a
wharf,slip,_derivationally_related_form,part-of
journeying,stage,_has_part,part-of
remark,remark,_derivationally_related_form,synonym
transport,transportation,_derivationally_related_form,similar-to
yiddish,shikse,_member_of_domain_usage,is-a
wreak,make,_hypernym,"""similar-to"""
international islamic front for jihad against jews and crusaders,terrorist act,_synset_domain_topic_of,is-a
co-option,naming,_hypernym,"There is no direct lexical relation between ""co-option"" and ""naming"" in the context of WordNet."
finger,finger,_derivationally_related_form,synonym
vitiate,pervert,_derivationally_related_form,similar-to
realization,realize,_derivationally_related_form,"""derived-from"""
strain,breed,_derivationally_related_form,is-a
move into,entrance,_derivationally_related_form,location-for-action
ip,scientific discipline,_hypernym,is-a
lily family,ornithogalum,_member_meronym,is-a
tapioca,foodstuff,_hypernym,is-a
sand viper,viper,_hypernym,is-a
thomas aquinas,theologizer,_instance_hypernym,is-a
spangle,shine,_hypernym,similar-to
antigen,epitope,_has_part,part-of
matrix algebra,maths,_synset_domain_topic_of,is-a
organize,plan,_hypernym,is-a
accompanyist,play along,_derivationally_related_form,similar-to
receive,undergo,_hypernym,similar-to
amenorrhoea,amenorrhoeic,_derivationally_related_form,derived-from
orwell,writer,_instance_hypernym,is-a
seed,sow,_derivationally_related_form,"""used-for"""
sustain,supporter,_derivationally_related_form,agent-of
lily family,liriope,_member_meronym,is-a
whine,whimper,_derivationally_related_form,similar-to
pudendum,privates,_hypernym,synonym
spinacia,caryophylloid dicot genus,_hypernym,is-a
sound law,natural law,_hypernym,is-a
zaire river,river,_instance_hypernym,is-a
optical instrument,lense,_has_part,part-of
subphylum cephalochordata,family branchiostomidae,_member_meronym,is-a
zion,tel aviv-yalo,_has_part,"""part-of"""
rhetoric,nonsensicality,_hypernym,is-a
existent,exist,_derivationally_related_form,"""derived-from"""
deportation,riddance,_hypernym,similar-to
sociology,social science,_hypernym,is-a
emblazon,ornament,_hypernym,similar-to
persian,persian,_derivationally_related_form,similar-to
genus erysimum,dilleniid dicot genus,_hypernym,is-a
puddle,puddle,_derivationally_related_form,synonym
sainthood,saint,_member_meronym,is-a
mire,mire,_verb_group,synonym
parlour grand piano,grand piano,_hypernym,is-a
hood,hood ornament,_has_part,part-of
move,strike,_hypernym,entails
hizb ut-tahrir,terrorist organization,_instance_hypernym,is-a
family agaricaceae,genus cantharellus,_member_meronym,is-a
mombasa,urban center,_instance_hypernym,is-a
scour,purging,_derivationally_related_form,similar-to
manure,organic fertilizer,_hypernym,is-a
berry,berry,_has_part,synonym
curry favour,truckle,_hypernym,similar-to
wagon wheel,wheel spoke,_has_part,part-of
coward,fearful,_derivationally_related_form,similar-to
genus pogonia,monocot genus,_hypernym,is-a
spirodela,monocot genus,_hypernym,is-a
demotion,change,_hypernym,is-a
bill,push,_hypernym,"There is no direct lexical relation between ""bill"" and ""push"" in the context of WordNet."
snuggle,snuggle,_derivationally_related_form,synonym
entrepreneur,enterprise,_derivationally_related_form,part-of
isomerize,isomerization,_derivationally_related_form,derived-from
statement,computer code,_hypernym,derived-from
rwandese republic,watutsi,_member_meronym,part-of
smell,perceive,_hypernym,"""similar-to"""
usa,partridge,_member_of_domain_region,No direct lexical relation
patronymic,name,_hypernym,derived-from
ulex,rosid dicot genus,_hypernym,is-a
relation,relate,_derivationally_related_form,derived-from
rhythm,thump,_derivationally_related_form,part-of
sterculiaceae,genus brachychiton,_member_meronym,is-a
signboard,sign,_derivationally_related_form,is-a
genus pandanus,screw pine,_member_meronym,is-a
plastic film,sheet,_hypernym,is-a
pyrometer,thermometer,_hypernym,is-a
wintertime,time of year,_hypernym,is-a
withdraw,withdrawal,_derivationally_related_form,derived-from
day of the week,civil day,_hypernym,part-of
state of kuwait,kuwait city,_has_part,part-of
rise to power,get at,_derivationally_related_form,"There is no direct lexical relation between ""rise to power"" and ""get at"" in the context of WordNet."
embarrass,upset,_hypernym,similar-to
mandalay,urban center,_instance_hypernym,is-a
primus stove,stove,_hypernym,is-a
tone,tone,_derivationally_related_form,similar-to
stumblebum,clumsy person,_hypernym,is-a
twirler,hurtle,_derivationally_related_form,No direct lexical relation
saratoga chip,snack food,_hypernym,is-a
register,register,_derivationally_related_form,is-a
drumfish,sciaenid fish,_hypernym,is-a
travel,travel,_derivationally_related_form,is-a
standing army,regular army,_hypernym,similar-to
pyrrhocoridae,arthropod family,_hypernym,is-a
sparring,tilt,_hypernym,similar-to
pleasure craft,cruise,_derivationally_related_form,is-a
tabulation,investigation,_hypernym,derived-from
sarcostyle,strand,_hypernym,part-of
electrical system,starting motor,_has_part,part-of
dislocation,crush,_derivationally_related_form,no direct relation
purge,purging,_derivationally_related_form,derived-from
snuffle,blubberer,_derivationally_related_form,similar-to
compressible,squeeze,_derivationally_related_form,similar-to
land,take,_hypernym,derived-from
mystify,veil,_hypernym,similar-to
strewing,spread out,_derivationally_related_form,similar-to
run,tangle,_derivationally_related_form,"There is no direct lexical relation between ""run"" and ""tangle"" in WordNet."
stock,stock,_derivationally_related_form,similar-to
icon,symbol,_hypernym,is-a
capital offense,offense,_hypernym,is-a
pea family,physostigma,_member_meronym,is-a
plural form,sleepwear,_member_of_domain_usage,No direct lexical relation
distress,upset,_hypernym,similar-to
vertebrate,vertebrate foot,_has_part,part-of
pull in,draw in,_verb_group,similar-to
volvocaceae,protoctist family,_hypernym,is-a
travel,progress,_also_see,is-a
hard cheese,tough luck,_hypernym,no direct relation
introduce,attach,_hypernym,similar-to
whirl,whirl,_derivationally_related_form,synonym
bean,hit,_hypernym,"There is no direct lexical relation between ""bean"" and ""hit"" in the context of WordNet."
realization,substantiate,_derivationally_related_form,derived-from
united kingdom of great britain and northern ireland,tombola,_member_of_domain_region,"There is no direct lexical relation between ""united kingdom of great britain and northern ireland"" and ""tombola"" in the context of WordNet."
disprove,negate,_hypernym,similar-to
tiff,squabble,_derivationally_related_form,similar-to
snare,tempt,_hypernym,derived-from
vellicate,vellication,_derivationally_related_form,derived-from
ratchet down,progress,_hypernym,antonym-of
republic of chile,llullaillaco,_has_part,"""has-part"""
stain,stain,_derivationally_related_form,is-a
vaccinator,medical practitioner,_hypernym,is-a
crush,crush,_derivationally_related_form,similar-to
disagreeableness,temperament,_hypernym,is-a
buy,steal,_derivationally_related_form,antonym
sit down,sit down,_verb_group,similar-to
smock,coverall,_hypernym,is-a
brandenburg,geographical region,_instance_hypernym,part-of
totalitarianism,absolutist,_derivationally_related_form,similar-to
ground,tie,_hypernym,derived-from
unravel,unraveller,_derivationally_related_form,derived-from
family capparidaceae,genus cleome,_member_meronym,is-a
parenchyma,plant tissue,_hypernym,part-of
mannheim,urban center,_instance_hypernym,is-a
pincer,member,_hypernym,part-of
order caryophyllales,pink family,_member_meronym,part-of
provocative,exciting,_also_see,similar-to
syzygium,magnoliopsid genus,_hypernym,is-a
straggle,grouping,_hypernym,antonym-of
marking,mark,_derivationally_related_form,derived-from
nutritionary,nutrition,_derivationally_related_form,derived-from
genus alnus,red alder,_member_meronym,is-a
noose,slip noose,_derivationally_related_form,is-a
satirize,roast,_hypernym,similar-to
plan of action,programme,_hypernym,is-a
melopsittacus,shell parakeet,_member_meronym,is-a
dkm,metre,_has_part,derived-from
vim,sprightliness,_hypernym,similar-to
inclination,liking,_hypernym,similar-to
trier,try,_derivationally_related_form,derived-from
trade,craft,_derivationally_related_form,is-a
secular humanism,school of thought,_hypernym,is-a
trade name,propanolol,_member_of_domain_usage,is-a
reception,american football game,_synset_domain_topic_of,part-of
indochinese peninsula,kingdom of cambodia,_has_part,part-of
malediction,maledict,_derivationally_related_form,derived-from
technologist,organize,_derivationally_related_form,related-to
hahnium,element,_hypernym,is-a
final cause,purpose,_hypernym,is-a
geography,earth science,_hypernym,is-a
trust,trust,_derivationally_related_form,similar-to
reductant,reduce,_derivationally_related_form,derived-from
identify,indistinguishability,_derivationally_related_form,antonym-of
order campanulales,goodeniaceae,_member_meronym,"""is-a"""
gentleman,man,_hypernym,is-a
hominidae,genus homo,_member_meronym,is-a
ticino,swiss canton,_instance_hypernym,part-of
quechuan language,quechuan,_derivationally_related_form,is-a
favour,favour,_derivationally_related_form,similar-to
market,market,_derivationally_related_form,synonym
to a higher place,treat,_hypernym,"There is no direct lexical relation between ""to a higher place"" and ""treat"" in the context of WordNet."
photographic camera,viewfinder,_has_part,part-of
productive,generate,_derivationally_related_form,entails
contracture,squeeze,_derivationally_related_form,similar-to
thistle,weed,_hypernym,is-a
consociate,unite,_hypernym,similar-to
splatter,spiller,_derivationally_related_form,similar-to
date,day of the month,_derivationally_related_form,part-of
maritimes,acadia,_has_part,part-of
complaint,objection,_hypernym,similar-to
boot camp,encampment,_hypernym,is-a
underbid,tender,_hypernym,derived-from
flat,picture taking,_synset_domain_topic_of,is-a
veil,modify,_hypernym,derived-from
sensitizer,activator,_hypernym,similar-to
tale,substance,_hypernym,No direct lexical relation
top,topographic point,_hypernym,is-a
panel,panel,_derivationally_related_form,similar-to
peccary,even-toed ungulate,_hypernym,is-a
african,soul,_hypernym,similar-to
browser,shop,_derivationally_related_form,"""derived-from"""
quaker,christian,_hypernym,is-a
insemination,body process,_hypernym,part-of
lily family,xanthorrhoeaceae,_member_meronym,is-a
ranunculaceae,isopyrum,_member_meronym,is-a
souse,souse,_derivationally_related_form,similar-to
integumentary system,tegument,_has_part,part-of
rationalization,explanation,_hypernym,similar-to
sangria,drink,_hypernym,is-a
elettaria cardamomum,cardamum,_has_part,is-a
refer,reference,_derivationally_related_form,derived-from
bouncing,jounce,_derivationally_related_form,similar-to
viewing,screen,_derivationally_related_form,part-of
intangibleness,incorporeality,_hypernym,similar-to
oncorhynchus,quinnat salmon,_member_meronym,is-a
match,equalizer,_derivationally_related_form,is-a
dynamical,hold-down,_similar_to,No direct relation
crossover,musical style,_synset_domain_topic_of,is-a
racing circuit,track,_hypernym,part-of
unconsolable,heartsickness,_derivationally_related_form,similar-to
exert,move,_hypernym,is-a
procrastinate,delay,_hypernym,similar-to
confidence,security,_hypernym,similar-to
depletion,step-down,_hypernym,similar-to
qum,urban center,_instance_hypernym,is-a
distill,distillation,_derivationally_related_form,derived-from
relegate,throw out,_hypernym,similar-to
quaternary period,recent epoch,_has_part,is-a
void,voiding,_derivationally_related_form,derived-from
rossbach,pitched battle,_instance_hypernym,is-a
fthm,mining,_synset_domain_topic_of,No direct relation
sculpture,sculpture,_derivationally_related_form,is-a
fearful,timid,_also_see,similar-to
republic of albania,durres,_has_part,part-of
refute,refuter,_derivationally_related_form,agent
scraping,obeisance,_hypernym,No direct relation
malus,apple tree,_member_meronym,is-a
slug,projectile,_hypernym,derived-from
family carangidae,carangid fish,_member_meronym,is-a
spiritlessness,passivity,_hypernym,similar-to
exact,precise,_also_see,similar-to
word division,hyphenate,_derivationally_related_form,derived-from
hermannia,mahernia verticillata,_member_meronym,is-a
regulator,regulate,_derivationally_related_form,derived-from
genus caltha,magnoliid dicot genus,_hypernym,is-a
titty,mammary gland,_hypernym,part-of
slipper orchid,orchidaceous plant,_hypernym,is-a
therapy,therapist,_derivationally_related_form,agent-of
tone,feel,_derivationally_related_form,similar-to
managing director,supervise,_derivationally_related_form,"""related-to"""
snooper,spy,_hypernym,similar-to
cycle,round,_derivationally_related_form,similar-to
woods,underwood,_member_meronym,part-of
incandesce,modify,_hypernym,"There is no direct lexical relation between ""incandesce"" and ""modify"" in the context of WordNet."
shamanize,shaman,_derivationally_related_form,derived-from
grow,evolution,_derivationally_related_form,"""related-to"""
representation,creation,_hypernym,derived-from
alliterate,alliterator,_derivationally_related_form,derived-from
potentiality,capable,_derivationally_related_form,"""derived-from"""
pushcart,hold,_has_part,part-of
lard,lard,_derivationally_related_form,synonym
chorus line,showgirl,_member_meronym,part-of
polish,smoothen,_derivationally_related_form,similar-to
blooming,organic process,_hypernym,is-a
felidae,panthera,_member_meronym,is-a
ward off,prevent,_hypernym,similar-to
excite,vitalizer,_derivationally_related_form,derived-from
substance,portion,_hypernym,part-of
rowing club,society,_hypernym,is-a
wow,laugh,_hypernym,No direct relation
whiz,whizz,_derivationally_related_form,similar-to
mantle,natural covering,_hypernym,is-a
slammer,correctional institution,_hypernym,is-a
sever,severance,_derivationally_related_form,derived-from
weave,pattern,_hypernym,part-of
inclined plane,simple machine,_hypernym,is-a
the gambia,african nation,_instance_hypernym,is-a
newcastle-upon-tyne,urban center,_instance_hypernym,is-a
unafraid,courageous,_also_see,similar-to
muster,muster,_derivationally_related_form,similar-to
pension,regular payment,_hypernym,is-a
levitate,raise,_hypernym,similar-to
wonder,wonder,_derivationally_related_form,similar-to
expose,unmasking,_derivationally_related_form,similar-to
thioridazine,neuroleptic drug,_hypernym,is-a
wry face,pout,_derivationally_related_form,similar-to
vivify,vivification,_derivationally_related_form,derived-from
unsusceptibility,unsusceptible,_derivationally_related_form,derived-from
count,tally,_derivationally_related_form,similar-to
doubt,doubter,_derivationally_related_form,derived-from
haemoproteidae,genus leucocytozoon,_member_meronym,is-a
impersonate,impersonation,_derivationally_related_form,derived-from
organism,living thing,_hypernym,is-a
spread,spreading,_derivationally_related_form,derived-from
sponsor,present,_derivationally_related_form,derived-from
gelatinize,change,_hypernym,is-a
soft rush,rush,_hypernym,is-a
set phrase,phrasal,_derivationally_related_form,similar-to
violate,wrongdoer,_derivationally_related_form,is-a
sousing,souse,_derivationally_related_form,derived-from
unchangeable,permanent,_also_see,similar-to
wearable,wear,_derivationally_related_form,derived-from
transplant,transplant,_derivationally_related_form,is-a
personnel,organization,_hypernym,part-of
green thumb,strong suit,_hypernym,similar-to
web,web,_derivationally_related_form,synonym
hijacker,outlaw,_hypernym,is-a
amoebous,amoeba,_derivationally_related_form,derived-from
stuff,overeating,_derivationally_related_form,part-of
collider,particle accelerator,_hypernym,is-a
yaw,veer,_derivationally_related_form,similar-to
prunus padus,bird cherry tree,_hypernym,is-a
photographic camera,shutter,_has_part,part-of
squeeze,bosom,_derivationally_related_form,"There is no direct lexical relation between ""squeeze"" and ""bosom"" in the context of WordNet. However, if considering a broader context, one might infer a possible relation such as ""action-on"" or ""interaction-with,"" as squeezing"
fluff,spoil,_derivationally_related_form,"There is no direct lexical relation between ""fluff"" and ""spoil"" in WordNet."
sermon,church service,_synset_domain_topic_of,part-of
splash,splashing,_derivationally_related_form,derived-from
almaty,urban center,_instance_hypernym,is-a
glare,brightness,_hypernym,is-a
interior decoration,ornament,_derivationally_related_form,part-of
salamandridae,taricha,_member_meronym,is-a
emaciate,maceration,_derivationally_related_form,derived-from
sign up,contract,_derivationally_related_form,is-a
radiotherapy,therapy,_hypernym,is-a
nurse,practice of medicine,_synset_domain_topic_of,part-of
isolde,middle ages,_synset_domain_topic_of,related-to
accompany,escort,_derivationally_related_form,similar-to
nonresident,soul,_hypernym,No direct relation
spoil,treat,_hypernym,antonym
earth,terra firma,_derivationally_related_form,similar-to
trope,cakewalk,_member_of_domain_usage,is-a
command,command,_derivationally_related_form,similar-to
mustard family,genus sisymbrium,_member_meronym,is-a
romanticism,liberal arts,_hypernym,is-a
incoherent,unlogical,_also_see,similar-to
louisville,urban center,_instance_hypernym,is-a
romp,recreate,_derivationally_related_form,similar-to
expose,exhibition,_derivationally_related_form,derived-from
thrusting,thrust,_derivationally_related_form,derived-from
distortion,warp,_derivationally_related_form,similar-to
sus scrofa,shote,_derivationally_related_form,is-a
drawing,draw,_derivationally_related_form,derived-from
presumption,presume,_derivationally_related_form,derived-from
melon vine,melon,_has_part,"""part-of"""
rashness,imprudence,_hypernym,similar-to
prohibitionist,social reformer,_hypernym,is-a
landline,telephone line,_hypernym,part-of
wad,set up,_hypernym,"There is no direct lexical relation between ""wad"" and ""set up"" in WordNet."
genital stage,stage,_hypernym,is-a
cask,ring,_has_part,part-of
cautery,instrument,_hypernym,is-a
play,act,_hypernym,is-a
scratch,scabies,_derivationally_related_form,"""symptom-of"""
prognostication,sign,_hypernym,is-a
occlusive,stop consonant,_derivationally_related_form,is-a
sense of right and wrong,morals,_hypernym,similar-to
plan,create mentally,_hypernym,is-a
turdus torquatus,thrush,_hypernym,is-a
tap,tip,_derivationally_related_form,similar-to
musical harmony,music,_hypernym,part-of
sea,recess,_has_part,part-of
hinduism,religious belief,_hypernym,is-a
wrap,roll,_derivationally_related_form,similar-to
hold in,hold,_hypernym,Derived-from
guided missile,warhead,_has_part,part-of
light,return,_hypernym,"There is no direct lexical relation between ""light"" and ""return"" in the context of WordNet."
signal flag,visual signal,_hypernym,is-a
trot,riding,_synset_domain_topic_of,part-of
testimony,testify,_derivationally_related_form,derived-from
smash,guan,_hypernym,"There is no direct lexical relation between ""smash"" and ""guan"" in WordNet."
vasectomize,unsex,_hypernym,similar-to
genus agonus,pogge,_member_meronym,is-a
extortion,felony,_hypernym,is-a
skirt,garment,_hypernym,is-a
eumycota,subdivision deuteromycotina,_member_meronym,part-of
newsflash,bulletin,_hypernym,similar-to
intubate,introduce,_hypernym,derived-from
tidewater region,geographical region,_instance_hypernym,part-of
naming,speech act,_hypernym,is-a
miler,swedish mile,_derivationally_related_form,is-a
scollop,scollop,_derivationally_related_form,similar-to
plant,nidation,_derivationally_related_form,"There is no direct lexical relation between ""plant"" and ""nidation"" in WordNet. ""Nidation"" refers to the implantation of a fertilized egg in the uterus, which is unrelated to the concept of ""plant."" Therefore, no"
communism,communize,_derivationally_related_form,derived-from
disinvolve,free,_hypernym,similar-to
sensible,valid,_also_see,similar-to
extensor muscle,stretch,_derivationally_related_form,causes
indoctrination,teaching,_hypernym,is-a
adhere,put through,_hypernym,No direct relation
thought-reader,thought transference,_derivationally_related_form,similar-to
teardrop,drop,_hypernym,is-a
ukrayina,danube river,_has_part,"""part-of"""
self-assertive,aggressive,_also_see,similar-to
atomic number 13,aluminize,_derivationally_related_form,derived-from
mucus,secretion,_hypernym,is-a
speculator,theorize,_derivationally_related_form,derived-from
orchidaceae,genus cleistes,_member_meronym,is-a
suffocate,suffocation,_derivationally_related_form,derived-from
extraordinary,impressive,_also_see,similar-to
fence,tilt,_derivationally_related_form,"There is no direct lexical relation between ""fence"" and ""tilt"" in the context of WordNet."
style,variety,_hypernym,is-a
unthaw,liquify,_hypernym,similar-to
muster in,tour of duty,_derivationally_related_form,part-of
onanist,onanism,_derivationally_related_form,is-a
compressor,squeeze,_derivationally_related_form,derived-from
violator,violate,_derivationally_related_form,derived-from
prance,riding,_synset_domain_topic_of,part-of
myelin sheath,oligodendroglia,_has_part,part-of
three-day measles,rubeola,_hypernym,is-a
idolization,worship,_derivationally_related_form,similar-to
equalizer,counterweight,_derivationally_related_form,similar-to
marginal wood fern,woodfern,_hypernym,is-a
fund,put,_hypernym,derived-from
propionic acid,carboxylic acid,_hypernym,is-a
view,study,_hypernym,is-a
inclement,unmerciful,_also_see,similar-to
midfield,middle,_hypernym,similar-to
hydrozoa,siphonophora,_member_meronym,is-a
clipper,snip off,_derivationally_related_form,derived-from
interact,move,_hypernym,is-a
vindicate,vindication,_derivationally_related_form,derived-from
pollution,contaminate,_derivationally_related_form,causes
taxi,ride,_hypernym,part-of
longways dance,country dancing,_hypernym,is-a
covenant,plight,_hypernym,is-a
response,upshot,_hypernym,is-a
piloting,think of,_hypernym,derived-from
melancholy,liquid body substance,_hypernym,No direct lexical relation
pair,partner off,_derivationally_related_form,is-a
falsify,untruth,_derivationally_related_form,derived-from
typify,symbolizer,_derivationally_related_form,is-a
autograph,written material,_hypernym,is-a
system,organize,_derivationally_related_form,"""related-to"""
triton,seasnail,_hypernym,is-a
exit,leave,_derivationally_related_form,similar-to
wane,diminution,_hypernym,similar-to
ghent,port,_instance_hypernym,part-of
turn over,roller,_derivationally_related_form,part-of
trailblazer,pioneer,_derivationally_related_form,similar-to
slit,slit,_derivationally_related_form,similar-to
personality,attribute,_hypernym,has-as
mix,change integrity,_hypernym,causes
sell,mercantilism,_synset_domain_topic_of,related-to
germany,dusseldorf,_has_part,part-of
name,diagnosis,_derivationally_related_form,is-a
tergiversate,prevaricator,_derivationally_related_form,similar-to
order isospondyli,family coregonidae,_member_meronym,is-a
appeal,appellate,_derivationally_related_form,derived-from
parabolical,parable,_derivationally_related_form,derived-from
sterilize,sterilizer,_derivationally_related_form,derived-from
implementation,human activity,_hypernym,is-a
clink,sound,_hypernym,hyponym
unmerciful,unmercifulness,_derivationally_related_form,derived-from
persian,persian,_derivationally_related_form,similar-to
sudan,darfur,_has_part,part-of
poise,balance,_derivationally_related_form,similar-to
white,trouser,_hypernym,similar-to
pompadour,hairstyle,_hypernym,is-a
stitchery,needlework,_hypernym,is-a
courtroom,room,_hypernym,is-a
break,surf,_derivationally_related_form,is-a
temperature,physical property,_hypernym,is-a
tenderizer,compound,_hypernym,derived-from
sting,pierce,_hypernym,similar-to
turn down,sneerer,_derivationally_related_form,"There is no direct lexical relation between ""turn down"" and ""sneerer"" in the context of WordNet."
switch over,turn,_hypernym,is-a
islamic state of afghanistan,the pamirs,_has_part,part-of
body,substance,_hypernym,"""part-of"""
myriophyllum,water milfoil,_member_meronym,is-a
vividness,intensify,_derivationally_related_form,derived-from
whop,hit,_hypernym,similar-to
scull,row,_hypernym,is-a
tyrannus tyrannus,tyrant flycatcher,_hypernym,is-a
protect,protective covering,_derivationally_related_form,"""has-part"""
rank,rank,_derivationally_related_form,similar-to
assist,ice hockey,_synset_domain_topic_of,no direct relation
family cervidae,genus elaphurus,_member_meronym,is-a
ketamine hydrochloride,general anesthetic,_hypernym,is-a
los angeles,port of entry,_instance_hypernym,part-of
waddle,walk,_hypernym,similar-to
genus cephalotaxus,gymnosperm genus,_hypernym,is-a
excise tax,indirect tax,_hypernym,is-a
deliberation,word,_hypernym,no-direct-relation
wagon,van,_hypernym,is-a
mammea,mammee tree,_member_meronym,is-a
snuggling,neck,_derivationally_related_form,part-of
mash,squelch,_derivationally_related_form,similar-to
freeholder,property owner,_hypernym,is-a
equation,maths,_synset_domain_topic_of,part-of
irritation,sensitization,_hypernym,causes
ride,journeying,_hypernym,similar-to
stick in,inset,_derivationally_related_form,derived-from
accompanyist,player,_hypernym,is-a
remember,remembrance,_derivationally_related_form,derived-from
ecclesiastical calendar,shrovetide,_has_part,part-of
reinvigorate,stimulate,_hypernym,similar-to
watch,watch out,_derivationally_related_form,derived-from
vocal,sing,_derivationally_related_form,is-a
hoover,vacuum cleaner,_hypernym,is-a
broken,imperfect,_also_see,similar-to
proteaceae,stenocarpus,_member_meronym,is-a
food web,food chain,_has_part,part-of
steamroller,steamroller,_verb_group,synonym
reformation,reform,_derivationally_related_form,derived-from
spellbinder,spellbind,_derivationally_related_form,derived-from
disparagement,queer,_member_of_domain_usage,is-a
cavy,rodent,_hypernym,is-a
ratibida,asterid dicot genus,_hypernym,is-a
outroar,surpass,_hypernym,derived-from
suggest,suggester,_derivationally_related_form,derived-from
unintelligent,stupid person,_derivationally_related_form,is-a
solarization,sun,_derivationally_related_form,related-to
genus stevia,asterid dicot genus,_hypernym,is-a
league,linear unit,_hypernym,no direct relation
market analyst,stock market,_synset_domain_topic_of,analyzes
pregnancy,have a bun in the oven,_derivationally_related_form,similar-to
hierarchy,series,_hypernym,similar-to
squelch,suppression,_derivationally_related_form,similar-to
germany,ruhr river,_has_part,part-of
linguistic scientist,scientist,_hypernym,is-a
electromagnetic spectrum,radio spectrum,_has_part,part-of
pouteria,sapote,_member_meronym,is-a
scrap,scrap,_derivationally_related_form,similar-to
abidjan,urban center,_instance_hypernym,is-a
uranology,uranologist,_derivationally_related_form,derived-from
strike out,strikeout,_derivationally_related_form,is-a
ascii character,graphic symbol,_hypernym,is-a
siesta,snooze,_hypernym,similar-to
metrify,verse,_synset_domain_topic_of,derived-from
take,get,_hypernym,similar-to
vicia,vicia faba,_member_meronym,is-a
negligent,negligence,_derivationally_related_form,derived-from
tirich mir,mountain peak,_instance_hypernym,is-a
peanut,seedpod,_hypernym,part-of
screening,cover,_derivationally_related_form,part-of
wuss,soul,_hypernym,is-a
adulthood,grownup,_derivationally_related_form,is-a
federal agent,agential,_derivationally_related_form,is-a
stunting,stunt,_derivationally_related_form,derived-from
traverse,pass,_hypernym,similar-to
rebate,groove,_hypernym,"There is no direct lexical relation between ""rebate"" and ""groove"" in the context of WordNet."
master,control,_hypernym,is-a
disfigurement,disfigure,_derivationally_related_form,derived-from
genus crataegus,summer haw,_member_meronym,is-a
semblance,picture,_hypernym,similar-to
halimodendron,salt tree,_member_meronym,is-a
tergiversation,tergiversate,_derivationally_related_form,derived-from
boxwood,shrub,_hypernym,is-a
family compositae,genus arctium,_member_meronym,is-a
inebriation,souse,_derivationally_related_form,similar-to
interruption,interrupt,_derivationally_related_form,derived-from
clozaril,neuroleptic drug,_hypernym,is-a
twist,whirlpool,_derivationally_related_form,similar-to
fomenter,troubler,_hypernym,similar-to
genus architeuthis,sink,_member_meronym,No direct relation
gentamicin,antibiotic drug,_hypernym,is-a
passionate,loving,_also_see,similar-to
prairie wagon,wagon,_hypernym,is-a
africa,republic of cameroon,_has_part,part-of
tense,syntactic category,_hypernym,part-of
cotonou,urban center,_instance_hypernym,is-a
world war i,world war,_instance_hypernym,is-a
genus echidnophaga,arthropod genus,_hypernym,is-a
stub,portion,_hypernym,part-of
hearing loss,hearing impairment,_hypernym,similar-to
luggage,hold,_has_part,part-of
papaver,papaver rhoeas,_member_meronym,is-a
breeding,production,_hypernym,is-a
oryctolagus,mammal genus,_hypernym,is-a
parametric statistic,statistics,_synset_domain_topic_of,is-a
white,chess game,_synset_domain_topic_of,part-of
recuperate,recovery,_derivationally_related_form,derived-from
signature,name,_hypernym,derived-from
parader,march,_derivationally_related_form,is-a
bar,railing,_hypernym,part-of
crustacea,subclass ostracoda,_member_meronym,is-a
bowtie,tie,_hypernym,is-a
field of honor,front line,_has_part,similar-to
st. gregory of nazianzen,doctor of the church,_instance_hypernym,is-a
sacrilege,violation,_hypernym,is-a
united states department of defense,defense advanced research projects agency,_has_part,part-of
deck,ornament,_hypernym,part-of
helenium,sneezeweed,_member_meronym,is-a
essential,necessary,_also_see,similar-to
take,take up,_verb_group,derived-from
habituation,habituate,_derivationally_related_form,derived-from
untruth,statement,_hypernym,is-a
cut up,compartment,_derivationally_related_form,part-of
calcify,modify,_hypernym,antonym
watch glass,protective covering,_hypernym,part-of
collaborate,quisling,_derivationally_related_form,antonym
spotlight,foreground,_derivationally_related_form,similar-to
swan,aquatic bird,_hypernym,is-a
identification,name,_derivationally_related_form,derived-from
rosales,stonecrop family,_member_meronym,is-a
develop,picture taking,_synset_domain_topic_of,"""part-of"""
shaft of light,visible radiation,_hypernym,is-a
drive,squash racquets,_synset_domain_topic_of,No direct lexical relation
suborder ruminantia,ruminant,_member_meronym,is-a
channel island,island,_instance_hypernym,is-a
put through,follow-through,_derivationally_related_form,similar-to
shout,call out,_verb_group,similar-to
shut out,exclusion,_derivationally_related_form,synonym
phylum arthropoda,crustacea,_member_meronym,is-a
lawlessness,syndicalist,_derivationally_related_form,No direct relation
change of magnitude,change,_hypernym,is-a
suffice,satisfy,_hypernym,similar-to
trouper,roleplay,_derivationally_related_form,is-a
supervisory program,programme,_hypernym,is-a
tread,stride,_derivationally_related_form,similar-to
first sacker,softball game,_synset_domain_topic_of,part-of
trade name,rimactane,_member_of_domain_usage,is-a
rerun,programme,_hypernym,is-a
morchellaceae,narrowhead morel,_member_meronym,is-a
synchronize,synchrony,_derivationally_related_form,derived-from
judge,judge,_derivationally_related_form,synonym
aegean sea,sea,_instance_hypernym,is-a
walkaway,victory,_hypernym,is-a
positivistic,rationalist,_derivationally_related_form,similar-to
ordinariness,quality,_hypernym,"""is-a"""
welcomer,soul,_hypernym,"There is no direct lexical relation between ""welcomer"" and ""soul"" in WordNet."
charcoal,artistic production,_synset_domain_topic_of,derived-from
prexy,preside,_derivationally_related_form,is-a
travel,locomotor,_derivationally_related_form,similar-to
jalopy,dysphemism,_hypernym,derived-from
order mantophasmatodea,animal order,_hypernym,is-a
cycle,cycle,_derivationally_related_form,similar-to
whit,small indefinite quantity,_hypernym,is-a
transferrer,transplant,_derivationally_related_form,derived-from
spread,spread,_derivationally_related_form,similar-to
rise,uprise,_derivationally_related_form,similar-to
ovulen,pill,_hypernym,is-a
regulation,control,_hypernym,is-a
pretend,shammer,_derivationally_related_form,is-a
packera,asterid dicot genus,_hypernym,is-a
receive,have,_hypernym,is-a
river limpet,univalve,_hypernym,is-a
work,run,_hypernym,is-a
archaist,archaize,_derivationally_related_form,derived-from
mustard family,genus alyssum,_member_meronym,is-a
messiah,saviour,_hypernym,is-a
class aves,psittaciformes,_member_meronym,is-a
scablands,geology,_synset_domain_topic_of,part-of
recess,terminate,_hypernym,antonym
religious cult,religious belief,_hypernym,is-a
relationship,anthropology,_synset_domain_topic_of,part-of
identity,place,_derivationally_related_form,"""part-of"""
slave,soul,_hypernym,"There is no direct lexical relation between ""slave"" and ""soul"" in WordNet. However, if we consider broader semantic connections, one might argue for a conceptual or thematic relation such as ""associated-with"" due to historical and cultural contexts."
hermannia,dilleniid dicot genus,_hypernym,is-a
tear,rupture,_derivationally_related_form,similar-to
haplopappus,asterid dicot genus,_hypernym,is-a
patch,spot,_derivationally_related_form,similar-to
seem,look,_derivationally_related_form,similar-to
active,activity,_derivationally_related_form,derived-from
joyful,joyous,_also_see,similar-to
intussuscept,invagination,_derivationally_related_form,similar-to
gastropoda,pulmonata,_member_meronym,is-a
desire,desire,_derivationally_related_form,synonym
jar,vessel,_hypernym,is-a
south west africa,african nation,_instance_hypernym,is-a
pass,clearance,_derivationally_related_form,is-a
repudiate,renunciation,_derivationally_related_form,derived-from
stage,theatrical production,_derivationally_related_form,part-of
spirit,spirit up,_derivationally_related_form,derived-from
musical theater,play,_hypernym,is-a
vernacular,skinful,_member_of_domain_usage,"There is no direct lexical relation between ""vernacular"" and ""skinful"" in the context of WordNet."
justification,vindication,_hypernym,similar-to
recuperate,turn back,_hypernym,"There is no direct lexical relation between ""recuperate"" and ""turn back"" in WordNet. However, if forced to choose a relation, ""recuperate"" and ""turn back"" could be considered as ""similar-to"" in a"
shoot,waste,_hypernym,derived-from
satirist,humourist,_hypernym,is-a
slight,slight,_derivationally_related_form,similar-to
order coleoptera,family cerambycidae,_member_meronym,is-a
rattus,mammal genus,_hypernym,is-a
filicopsida,schizaeaceae,_member_meronym,is-a
genus fremontodendron,dilleniid dicot genus,_hypernym,is-a
generally accepted accounting principles,collection,_hypernym,part-of
crash,go down,_derivationally_related_form,similar-to
genus brassica,tendergreen,_member_meronym,is-a
chives,herb,_hypernym,is-a
take off,leave,_hypernym,similar-to
canoe,small boat,_hypernym,is-a
conch,univalve,_hypernym,is-a
walk,walk,_derivationally_related_form,synonym
idolization,worship,_derivationally_related_form,similar-to
ionization tube,measuring system,_hypernym,part-of
temporary hookup,connexion,_hypernym,is-a
government revenue,income,_hypernym,derived-from
fell,putting to death,_hypernym,derived-from
consult,interview,_derivationally_related_form,similar-to
family cupressaceae,genus callitris,_member_meronym,is-a
statute mile,linear unit,_hypernym,is-a
teethe,produce,_hypernym,entails
phaeophyta,division,_hypernym,is-a
confinement,restraint,_hypernym,similar-to
malcolm x,civil rights worker,_instance_hypernym,is-a
forebear,root,_hypernym,is-a
ventilate,refresh,_hypernym,similar-to
racism,racist,_derivationally_related_form,derived-from
wither,lessen,_hypernym,similar-to
tacking,change of course,_hypernym,is-a
shuffling,reordering,_hypernym,similar-to
soften,change intensity,_hypernym,is-a
play,dramatize,_derivationally_related_form,derived-from
brynhild,teuton,_synset_domain_topic_of,is-a
prosecution,prosecute,_derivationally_related_form,derived-from
psocoptera,animal order,_hypernym,is-a
monodontidae,genus delphinapterus,_member_meronym,is-a
wall,fencing,_hypernym,similar-to
tone,intonation,_derivationally_related_form,similar-to
family cryptobranchidae,genus cryptobranchus,_member_meronym,is-a
amniotic sac,mammalian,_synset_domain_topic_of,part-of
usa,quadrillion,_member_of_domain_region,No direct relation
olive family,syringa,_member_meronym,is-a
terror,scare,_derivationally_related_form,similar-to
polygonum,silver lace vine,_member_meronym,is-a
assist,supporter,_derivationally_related_form,similar-to
zion,15 may organization,_member_of_domain_region,is-a
potential,possible action,_derivationally_related_form,is-a
measure,measuring stick,_derivationally_related_form,instrument-for
synthetic fiber,fibre,_hypernym,is-a
craps,game of chance,_hypernym,is-a
anoestrus,physiological state,_hypernym,is-a
yacht,yachting,_derivationally_related_form,activity-of
world war ii,tarawa-makin,_has_part,part-of
family didelphidae,mammal family,_hypernym,is-a
ventilation shaft,shaft,_hypernym,part-of
troops,personnel,_hypernym,is-a
quercus,quercus mongolica,_member_meronym,is-a
sensitive,sense,_derivationally_related_form,derived-from
uncertain,undetermined,_also_see,similar-to
order marsupialia,macropodidae,_member_meronym,is-a
capital of gambia,national capital,_instance_hypernym,is-a
train,curb,_derivationally_related_form,"There is no direct lexical relation between ""train"" and ""curb"" in WordNet."
fitter,tailor,_hypernym,is-a
king nut hickory,hickory tree,_hypernym,is-a
haul,trucking,_derivationally_related_form,part-of
write,computing,_synset_domain_topic_of,related-to
uniform,wearable,_hypernym,is-a
class aphasmidia,class,_hypernym,is-a
travesty,take off,_derivationally_related_form,similar-to
affectedness,unnaturalness,_hypernym,similar-to
acapulco de juarez,urban center,_instance_hypernym,is-a
articulatory system,system,_hypernym,part-of
windlass,lifting device,_hypernym,is-a
x ray,skiagraph,_hypernym,is-a
organize,organization,_derivationally_related_form,derived-from
tupelo family,nyssa,_member_meronym,is-a
mahernia verticillata,shrub,_hypernym,is-a
stress,emphasis,_hypernym,similar-to
scent,neaten,_hypernym,"There is no direct lexical relation between ""scent"" and ""neaten"" in the context of WordNet."
thunnus,fish genus,_hypernym,is-a
written document,documentary,_derivationally_related_form,is-a
subscriber,kick in,_derivationally_related_form,No direct relation
incarceration,imprison,_derivationally_related_form,similar-to
maxim,saying,_hypernym,is-a
grant,permit,_verb_group,is-a
servicing,service,_derivationally_related_form,derived-from
vietnam,north vietnam,_has_part,part-of
choking coil,coil,_hypernym,is-a
exist,existence,_derivationally_related_form,derived-from
oesophagogastric junction,juncture,_hypernym,part-of
chordate family,family,_hypernym,is-a
pneumoencephalogram,x ray,_hypernym,derived-from
crown,vest,_hypernym,no direct relation
mutation,modification,_hypernym,similar-to
saturnia,saturnia pavonia,_member_meronym,is-a
trunk,venter,_has_part,part-of
military campaign,operation,_hypernym,part-of
slump,swag,_hypernym,similar-to
break,breakable,_derivationally_related_form,derived-from
waste,use,_hypernym,antonym
crown of thorns,thwart,_derivationally_related_form,No direct lexical relation
ranunculaceae,genus aconitum,_member_meronym,is-a
smyrnium,rosid dicot genus,_hypernym,is-a
decouple,physics,_synset_domain_topic_of,related-to
infiltrate,percolation,_derivationally_related_form,similar-to
subnormality,retard,_derivationally_related_form,similar-to
pant,utter,_hypernym,derived-from
genus balaenoptera,piked whale,_member_meronym,is-a
poaceae,saccharum,_member_meronym,is-a
leg,limb,_hypernym,is-a
polygamy,wedlock,_hypernym,is-a
vendition,vend,_derivationally_related_form,derived-from
potentilla,rosid dicot genus,_hypernym,is-a
nominate,naming,_derivationally_related_form,derived-from
hydrocharitaceae,limnobium,_member_meronym,is-a
resister,resist,_derivationally_related_form,derived-from
phone,electro-acoustic transducer,_hypernym,part-of
knap,scrap,_derivationally_related_form,similar-to
mouth,mouth,_derivationally_related_form,similar-to
smallmouthed black bass,black bass,_hypernym,is-a
marker,mark,_derivationally_related_form,derived-from
case history,story,_hypernym,is-a
umbelliferae,smyrnium,_member_meronym,is-a
relativistic,physics,_synset_domain_topic_of,is-a
hellene,european,_hypernym,is-a
theorize,theorizer,_derivationally_related_form,agent-noun
uxor,wife,_hypernym,synonym
unpleasant,unpleasantness,_derivationally_related_form,derived-from
transmit,communication,_derivationally_related_form,is-a
drifting,wandering,_hypernym,similar-to
split up,separation,_derivationally_related_form,is-a
risk,venture,_derivationally_related_form,is-a
large integer,whole number,_hypernym,is-a
period,epoch,_has_part,is-a
army officer,war machine,_synset_domain_topic_of,part-of
sensitize,sensitizer,_derivationally_related_form,derived-from
resound,racket,_derivationally_related_form,similar-to
adornment,grace,_derivationally_related_form,is-a
drill master,noncommissioned officer,_hypernym,is-a
shell,housing,_hypernym,part-of
logistic support,war machine,_synset_domain_topic_of,part-of
spanish lime,edible fruit,_hypernym,is-a
mess,mess,_derivationally_related_form,is-a
take,hold,_verb_group,similar-to
curve,flex,_hypernym,similar-to
regulator,controller,_hypernym,similar-to
runner,device,_hypernym,is-a
cape horn,promontory,_instance_hypernym,is-a
united kingdom of great britain and northern ireland,rugger,_member_of_domain_region,"""part-of"""
think over,muse,_derivationally_related_form,similar-to
witness,witness,_derivationally_related_form,similar-to
astrophysicist,astrophysics,_derivationally_related_form,practitioner-of
sentiency,sensory,_derivationally_related_form,similar-to
indication,indicate,_derivationally_related_form,derived-from
refer,denote,_verb_group,similar-to
north star state,twin cities,_has_part,part-of
suborder sauria,family amphisbaenidae,_member_meronym,is-a
lead on,dissimulation,_derivationally_related_form,no direct relation
steer,steering,_derivationally_related_form,derived-from
sensitize,sense,_derivationally_related_form,derived-from
drive,operate,_hypernym,similar-to
calyculus,structure,_hypernym,part-of
foremanship,honcho,_derivationally_related_form,similar-to
souse,sousing,_derivationally_related_form,derived-from
electorate,elect,_derivationally_related_form,derived-from
diagram,plot,_derivationally_related_form,similar-to
retrench,husband,_hypernym,similar-to
waterproof,seal off,_hypernym,similar-to
car factory,mill,_hypernym,similar-to
peramelidae,bandicoot,_member_meronym,is-a
speed up,swiftness,_derivationally_related_form,similar-to
schoolhouse,edifice,_hypernym,is-a
dishonour,shame,_derivationally_related_form,similar-to
solmizate,sing,_hypernym,derived-from
agitation,feeling,_hypernym,is-a
hallucinate,perceive,_hypernym,similar-to
halter,hempen necktie,_derivationally_related_form,similar-to
mind,mind,_derivationally_related_form,synonym
euskadi ta askatasuna,terrorist act,_synset_domain_topic_of,is-a
knee joint,hinge joint,_hypernym,is-a
habit,garb,_hypernym,no direct relation
chippewyan,athapaskan language,_hypernym,is-a
kick,hit,_hypernym,similar-to
leathery turtle,sea turtle,_hypernym,is-a
run,run,_verb_group,similar-to
size,magnitude,_hypernym,similar-to
pink family,genus silene,_member_meronym,is-a
antiviral drug,medicine,_hypernym,is-a
plural form,sunglasses,_member_of_domain_usage,is-a
heating system,heat,_derivationally_related_form,derived-from
carry,hold,_hypernym,similar-to
tincture,tincture,_derivationally_related_form,is-a
unwind,relaxation,_derivationally_related_form,"""similar-to"""
graptophyllum,asterid dicot genus,_hypernym,is-a
portrayal,present,_derivationally_related_form,derived-from
percolate,filtrate,_hypernym,derived-from
coalition,ally,_member_meronym,part-of
khaya,rosid dicot genus,_hypernym,is-a
tympanist,tympanum,_derivationally_related_form,part-of
saxegothea,saxe-gothea conspicua,_member_meronym,is-a
independency,freedom,_hypernym,similar-to
sham,shammer,_derivationally_related_form,derived-from
theology,theologizer,_derivationally_related_form,derived-from
personify,prosopopoeia,_derivationally_related_form,is-a
kwangchow,port,_instance_hypernym,part-of
straggle,straggle,_derivationally_related_form,synonym
order apodiformes,hemiprocnidae,_member_meronym,is-a
orchidaceae,genus arethusa,_member_meronym,is-a
maltreater,step,_derivationally_related_form,"There is no direct lexical relation between ""maltreater"" and ""step"" in WordNet."
reflect,reflect,_verb_group,similar-to
snigger,snort,_derivationally_related_form,similar-to
saute,sauteing,_derivationally_related_form,derived-from
apportion,distributor,_derivationally_related_form,agent
xiphosurus polyphemus,arthropod,_hypernym,is-a
libyan islamic group,terrorist act,_synset_domain_topic_of,is-a
egis,plate armour,_hypernym,is-a
par,golf game,_synset_domain_topic_of,part-of
orthoptera,tettigoniidae,_member_meronym,is-a
sea mew,mew,_derivationally_related_form,is-a
voice,tune,_hypernym,part-of
biota,collection,_hypernym,part-of
high beam,shaft of light,_hypernym,similar-to
family carangidae,naucrates,_member_meronym,is-a
gaucho,puncher,_hypernym,similar-to
halophile,archeobacteria,_hypernym,is-a
triplicity,star divination,_synset_domain_topic_of,derived-from
squeeze,squeeze out,_also_see,derived-from
solanaceae,genus brunfelsia,_member_meronym,is-a
centre of mass,midpoint,_hypernym,similar-to
ibn-roshd,physician,_instance_hypernym,is-a
subphylum pentastomida,phylum,_hypernym,part-of
liven up,vitalizer,_derivationally_related_form,similar-to
enfeeble,weaken,_hypernym,similar-to
protology,subject field,_hypernym,is-a
pereskia,caryophylloid dicot genus,_hypernym,is-a
zaglossus,spiny anteater,_member_meronym,is-a
volunteer state,great smoky mountains national park,_has_part,part-of
distributor,supplier,_hypernym,similar-to
burner,setup,_hypernym,part-of
europe,rumania,_has_part,part-of
emblem,allegorize,_derivationally_related_form,derived-from
ask,questioner,_derivationally_related_form,agent-of
double,hit,_hypernym,is-a
surround,edge,_derivationally_related_form,part-of
scurf,exfoliate,_derivationally_related_form,related-to
send,post,_derivationally_related_form,"""similar-to"""
platichthys,fish genus,_hypernym,is-a
implode,implosion,_derivationally_related_form,derived-from
spike,fortification,_derivationally_related_form,part-of
pterodactylidae,reptile family,_hypernym,is-a
uninteresting,unexciting,_also_see,similar-to
autotrophic organism,autotrophic,_derivationally_related_form,is-a
turn up,folder,_derivationally_related_form,"There is no direct lexical relation between ""turn up"" and ""folder"" in the context of WordNet."
raphanus,raphanus sativus,_member_meronym,is-a
united mexican states,juarez,_has_part,"""part-of"""
twitch,move reflexively,_hypernym,is-a
ulvaceae,ulva,_member_meronym,is-a
genus brontosaurus,reptile genus,_hypernym,is-a
united kingdom of great britain and northern ireland,snorter,_member_of_domain_region,"There is no direct lexical relation between ""united kingdom of great britain and northern ireland"" and ""snorter"" in the context of WordNet."
chromatography,natural process,_hypernym,not-related
hiccup,take a breath,_hypernym,part-of
liberalize,liberalize,_verb_group,synonym
copying,repetition,_hypernym,similar-to
exuberance,triumph,_derivationally_related_form,is-a
rectilinear regression,statistical regression,_hypernym,is-a
lubricate,make full,_hypernym,No direct relation
placate,tranquillize,_hypernym,similar-to
snuff it,death,_derivationally_related_form,is-a
reader,order,_hypernym,No direct lexical relation
order isoptera,mastotermitidae,_member_meronym,is-a
realm,sphere,_hypernym,similar-to
walk on air,jubilation,_derivationally_related_form,similar-to
leptopteris,todea superba,_member_meronym,is-a
sadhe,letter of the alphabet,_hypernym,is-a
stabber,stab,_derivationally_related_form,agent-of
field of honor,tract,_hypernym,is-a
tell apart,place,_hypernym,no direct relation
spring,leap,_derivationally_related_form,similar-to
mechanism,performance,_hypernym,"""enables"""
family colubridae,opheodrys,_member_meronym,is-a
pulicaria,asterid dicot genus,_hypernym,is-a
forgive,yield,_hypernym,"There is no direct lexical relation between ""forgive"" and ""yield"" in WordNet."
spice up,spiciness,_derivationally_related_form,derived-from
unsociable,unfriendly,_also_see,similar-to
determination,resolve,_derivationally_related_form,similar-to
shrink,psychopathology,_derivationally_related_form,derived-from
do,play,_verb_group,similar-to
mitella diphylla,mitrewort,_hypernym,is-a
deaminization,deaminize,_derivationally_related_form,derived-from
lighting,kindle,_derivationally_related_form,causes
genus citrullus,watermelon vine,_member_meronym,"""is-a"""
writing,written language,_hypernym,is-a
mesomorph,soul,_hypernym,"There is no direct lexical relation between ""mesomorph"" and ""soul"" in the context of WordNet."
seaplane,plane,_hypernym,is-a
wangler,wangle,_derivationally_related_form,derived-from
weather map,map,_hypernym,is-a
drive,golf game,_synset_domain_topic_of,part-of
poikilotherm,sardina,_derivationally_related_form,is-a
crescendo,volume,_hypernym,related-to
extrapolate,extrapolation,_derivationally_related_form,derived-from
gas shell,war machine,_synset_domain_topic_of,part-of
gratification,pander,_derivationally_related_form,derived-from
lygaeidae,arthropod family,_hypernym,is-a
ny,taconic mountains,_has_part,part-of
judaism,monotheism,_hypernym,is-a
forsake,turncoat,_derivationally_related_form,similar-to
set,registration,_derivationally_related_form,part-of
deliberate,debater,_derivationally_related_form,agent-of
diet,fare,_hypernym,similar-to
remand,detain,_hypernym,similar-to
accent mark,stress,_derivationally_related_form,part-of
order araneida,animal order,_hypernym,is-a
remembrance,remember,_derivationally_related_form,derived-from
womb,placenta,_has_part,part-of
hemp,marijuana,_has_part,derived-from
patrioteer,ultranationalism,_derivationally_related_form,similar-to
garrison,station,_hypernym,is-a
unite,merging,_derivationally_related_form,similar-to
surprise,surprise,_derivationally_related_form,similar-to
genus cyperus,sedge family,_hypernym,is-a
hypoglycemia,symptom,_hypernym,is-a
one thousand million,large integer,_hypernym,is-a
develop,generate,_hypernym,similar-to
unionize,organization,_derivationally_related_form,derived-from
tug,tugboat,_derivationally_related_form,is-a
froth,suds,_derivationally_related_form,similar-to
lindera,spicebush,_member_meronym,is-a
streisand,vocalizer,_instance_hypernym,is-a
exenteration,exenterate,_derivationally_related_form,derived-from
tamarin,marmoset,_hypernym,is-a
ranunculales,winteraceae,_member_meronym,is-a
extraction,take out,_derivationally_related_form,similar-to
secale cereale,cereal grass,_hypernym,is-a
repentant,penitent,_derivationally_related_form,similar-to
family apocynaceae,nerium,_member_meronym,is-a
throughput,information processing system,_synset_domain_topic_of,part-of
tabulate,tabulation,_derivationally_related_form,derived-from
genus astronium,magnoliopsid genus,_hypernym,is-a
islamic great eastern raiders-front,terrorist organization,_instance_hypernym,is-a
dress,treat,_hypernym,No direct standard lexical relation
nitrate,nitrify,_derivationally_related_form,derived-from
genus cyclopes,mammal genus,_hypernym,is-a
vaunt,self-praise,_derivationally_related_form,synonym
enumerator,official,_hypernym,is-a
podocarpus family,genus afrocarpus,_member_meronym,is-a
squirt,wet,_hypernym,causes
mid-atlantic states,nj,_has_part,part-of
flock,bird,_member_meronym,member-of
process,proceed,_derivationally_related_form,derived-from
stave,stave,_derivationally_related_form,similar-to
mutate,change,_hypernym,is-a
rhamnaceae,pomaderris,_member_meronym,is-a
appropriation,money,_hypernym,part-of
weight down,burthen,_derivationally_related_form,similar-to
racket,enterprise,_hypernym,is-a
limitation,law,_synset_domain_topic_of,is-a
mephitis macroura,wood pussy,_hypernym,is-a
thoughtful,considerate,_also_see,similar-to
lining,face,_derivationally_related_form,part-of
moneyer,money,_derivationally_related_form,derived-from
suborder serpentes,hydrophidae,_member_meronym,is-a
search,activity,_hypernym,is-a
united kingdom of great britain and northern ireland,returning officer,_member_of_domain_region,part-of
mimicry,personation,_hypernym,similar-to
greengrocery,grocery,_hypernym,is-a
tightness,spatial arrangement,_hypernym,part-of
conduct,music,_synset_domain_topic_of,is-a
address,reference,_derivationally_related_form,derived-from
egyptian,hamito-semitic,_hypernym,is-a
omission,neglect,_hypernym,similar-to
sauce,sauce,_derivationally_related_form,synonym
legislature,assembly,_hypernym,is-a
cannon,gun,_hypernym,is-a
little girl,maidhood,_derivationally_related_form,is-a
chromatic,vividness,_derivationally_related_form,similar-to
family capparidaceae,dilleniid dicot family,_hypernym,is-a
ouster,soul,_hypernym,"There is no direct lexical relation between ""ouster"" and ""soul"" in the context of WordNet."
perodicticus,mammal genus,_hypernym,is-a
fisherman's lure,angling,_synset_domain_topic_of,used-for
clarify,modify,_hypernym,similar-to
salient,war machine,_synset_domain_topic_of,No direct lexical relation
taiwan,island,_instance_hypernym,is-a
inertia,trait,_hypernym,is-a
lupinus,wild lupine,_member_meronym,is-a
physeter,sperm whale,_member_meronym,is-a
tinkle,tinkle,_derivationally_related_form,synonym
swing,travel,_hypernym,is-a
jib,fore-and-aft sail,_hypernym,part-of
shame,shame,_derivationally_related_form,synonym
volatilize,modify,_hypernym,derived-from
see,sightedness,_derivationally_related_form,derived-from
coalition,organization,_hypernym,is-a
worker,act,_derivationally_related_form,related-to
nasalization,nasalize,_derivationally_related_form,derived-from
sunda islands,archipelago,_instance_hypernym,part-of
seniority,senior,_derivationally_related_form,derived-from
order acarina,sarcoptidae,_member_meronym,is-a
marble,marbleize,_derivationally_related_form,derived-from
lobbyist,third house,_derivationally_related_form,is-a
prunus laurocerasus,shrub,_hypernym,is-a
contact action,chemical process,_hypernym,No direct lexical relation
scincidae,reptile family,_hypernym,is-a
study,subject field,_derivationally_related_form,is-a
placement,site,_derivationally_related_form,"""similar-to"""
pilot,pilot,_derivationally_related_form,similar-to
thread,physical object,_hypernym,is-a
thripidae,arthropod family,_hypernym,is-a
rose family,genus amelanchier,_member_meronym,is-a
ornithologist,ornithology,_derivationally_related_form,practices
excruciation,torturing,_hypernym,similar-to
check,stop,_hypernym,antonym
package,packaging,_derivationally_related_form,derived-from
smash,hit,_hypernym,is-a
supercilium,hair,_hypernym,part-of
digital computer,information processing system,_hypernym,is-a
particle detector,chamber,_hypernym,part-of
sanctuary,choir,_has_part,part-of
operate,simulated military operation,_derivationally_related_form,part-of
drag,tangle,_also_see,similar-to
neurological disorder,upset,_hypernym,is-a
knock on,play,_hypernym,no direct relation
panax schinseng,ginseng,_has_part,is-a
expatriate,throw out,_hypernym,derived-from
summary judgment,law,_synset_domain_topic_of,is-a
flotation,physical phenomenon,_hypernym,is-a
unsafe,unsafe,_also_see,similar-to
efficacious,set up,_derivationally_related_form,"There is no direct lexical relation between ""efficacious"" and ""set up"" in the context of WordNet."
racist,racism,_derivationally_related_form,is-a
filibuster,holdup,_hypernym,similar-to
misconception,thought,_hypernym,is-a
hold,lend oneself,_verb_group,similar-to
centaury,suffrutex,_hypernym,is-a
chronology,chronologize,_derivationally_related_form,derived-from
family dryopteridaceae,polybotrya,_member_meronym,is-a
analyst,study,_derivationally_related_form,"""performs"""
sublet,rental,_hypernym,is-a
chip,mar,_hypernym,part-of
vanish,terminate,_hypernym,similar-to
miscount,tally,_hypernym,similar-to
franciscan,st. francis of assisi,_derivationally_related_form,follower-of
sour,vinegar,_derivationally_related_form,"""has-property"""
phaeophyta,phaeophyceae,_member_meronym,is-a
pelew,tt,_has_part,is-a
duplicate,multiply,_hypernym,similar-to
stratum,relegate,_derivationally_related_form,No direct lexical relation
oil,liniment,_derivationally_related_form,derived-from
lily family,genus calochortus,_member_meronym,is-a
conventionalize,conventionalization,_derivationally_related_form,derived-from
tell apart,difference,_derivationally_related_form,is-a
tampa bay,embayment,_instance_hypernym,is-a
yellow nutgrass,sedge,_hypernym,is-a
lathyrus,sea pea,_member_meronym,is-a
united kingdom of great britain and northern ireland,hair slide,_member_of_domain_region,unrelated
family cyprinidae,genus abramis,_member_meronym,is-a
united kingdom of great britain and northern ireland,smallholding,_member_of_domain_region,No direct relation
thinning,dilution,_hypernym,similar-to
edible fruit,fruit,_hypernym,is-a
develop,ontogeny,_derivationally_related_form,part-of
questioning,question,_derivationally_related_form,derived-from
tenderize,tenderization,_derivationally_related_form,derived-from
surprise,surprise,_derivationally_related_form,synonym
shiite muslim,muslim,_hypernym,is-a
tail,process,_hypernym,"There is no direct lexical relation between ""tail"" and ""process"" in the context of WordNet."
repression,psychopathology,_synset_domain_topic_of,is-a
list,tilt,_derivationally_related_form,"There is no direct lexical relation between ""list"" and ""tilt"" in the context of WordNet."
exhaustion,weakening,_hypernym,similar-to
nuptse,mountain peak,_instance_hypernym,similar-to
grind,pulverization,_derivationally_related_form,is-a
chariot,genus ancylus,_derivationally_related_form,"There is no direct lexical relation between ""chariot"" and ""genus ancylus"" in the context of WordNet."
scuttle,entryway,_hypernym,part-of
relationship,kinsperson,_derivationally_related_form,is-a
viperidae,viper,_member_meronym,is-a
smooch,smack,_derivationally_related_form,similar-to
egyptian pea,garbanzo,_has_part,synonym
hystricidae,mammal family,_hypernym,is-a
palaemon,prawn,_member_meronym,is-a
belgian shepherd,shepherd dog,_hypernym,is-a
masculinize,modify,_hypernym,derived-from
range of a function,run,_derivationally_related_form,No direct lexical relation
wear out,come off,_also_see,similar-to
reciprocating engine,internal-combustion engine,_hypernym,is-a
unguent,therapeutic,_hypernym,is-a
merchant bank,get,_derivationally_related_form,No direct lexical relation
cricket,innings,_has_part,part-of
show-off,swellhead,_hypernym,similar-to
potamophis,potamophis striatula,_member_meronym,is-a
anticipator,previse,_derivationally_related_form,similar-to
trifurcate,separate,_hypernym,similar-to
peruvian balsam,tree,_hypernym,derived-from
recline,set,_hypernym,derived-from
formulate,evolve,_verb_group,derived-from
mould,moulding,_derivationally_related_form,derived-from
onanist,wank,_derivationally_related_form,similar-to
transplanting,transplant,_derivationally_related_form,derived-from
genus calamus,monocot genus,_hypernym,is-a
lagenaria siceraria,gourd vine,_hypernym,is-a
investigate,questioner,_derivationally_related_form,agent-of
years,time of life,_hypernym,is-a
atomistical,atomistic theory,_derivationally_related_form,derived-from
variable,vary,_derivationally_related_form,derived-from
solo,aviation,_synset_domain_topic_of,is-a
term,statement,_hypernym,is-a
transmute,transmutation,_derivationally_related_form,derived-from
space,location,_has_part,is-a
grandchild,progeny,_hypernym,hyponym
run,runner,_derivationally_related_form,agent-of
send off,shipment,_derivationally_related_form,part-of
wheedle,wheedling,_derivationally_related_form,derived-from
earthly,mortal,_also_see,similar-to
strategist,strategy,_derivationally_related_form,derived-from
reach out,be,_hypernym,is-a
level,tear down,_derivationally_related_form,No direct lexical relation
united kingdom of great britain and northern ireland,kerb crawler,_member_of_domain_region,"There is no direct lexical relation between ""united kingdom of great britain and northern ireland"" and ""kerb crawler"" in the context of WordNet."
backhoe,shovel,_hypernym,is-a
contract,modify,_hypernym,entails
trudge,plodding,_derivationally_related_form,similar-to
united kingdom of great britain and northern ireland,wheeze,_member_of_domain_region,"There is no direct lexical relation between ""united kingdom of great britain and northern ireland"" and ""wheeze"" in the context of WordNet."
ratchet down,ratchet,_derivationally_related_form,derived-from
plagianthus,dilleniid dicot genus,_hypernym,is-a
serve,work,_hypernym,similar-to
unfitness,unfit,_derivationally_related_form,derived-from
poison,toxicant,_derivationally_related_form,is-a
vox,vocalizer,_derivationally_related_form,is-a
stag,wapiti,_hypernym,is-a
indicate,inform,_hypernym,similar-to
stretch,extension,_derivationally_related_form,similar-to
convert,convert,_verb_group,similar-to
genus canavalia,rosid dicot genus,_hypernym,is-a
lily family,genus aspidistra,_member_meronym,is-a
thicken,change integrity,_hypernym,is-a
compartmentalization,cut up,_derivationally_related_form,similar-to
pig,have,_hypernym,"There is no direct lexical relation between ""pig"" and ""have"" in the context of WordNet."
spit up,release,_hypernym,similar-to
hydrangeaceae,schizophragma,_member_meronym,is-a
magnoliaceae,illicium,_member_meronym,is-a
mower,mow,_derivationally_related_form,derived-from
valet de chambre,body servant,_hypernym,is-a
crier,cry,_derivationally_related_form,derived-from
genus anthriscus,rosid dicot genus,_hypernym,is-a
draw,artistic production,_synset_domain_topic_of,is-a
family compositae,genus balsamorhiza,_member_meronym,is-a
thylacinus,thylacinus cynocephalus,_member_meronym,is-a
trailer,lag,_derivationally_related_form,similar-to
asia,state of bahrain,_has_part,part-of
dismay,horrify,_derivationally_related_form,similar-to
arthropodous,arthropod,_derivationally_related_form,is-a
hole out,golf game,_synset_domain_topic_of,part-of
analogue computer,information processing system,_hypernym,is-a
caponize,emasculate,_hypernym,similar-to
resolve,resolve,_derivationally_related_form,similar-to
unravel,run,_derivationally_related_form,entails
multiple sclerosis,degenerative disorder,_hypernym,is-a
submit,submissive,_derivationally_related_form,derived-from
fleet,collection,_hypernym,is-a
suffer,suffering,_derivationally_related_form,derived-from
deal,trade,_verb_group,is-a
internal secretion,secretion,_hypernym,is-a
onychophora,velvet worm,_member_meronym,is-a
exabyte,computer memory unit,_hypernym,is-a
devastation,waste,_derivationally_related_form,similar-to
mensuration,quantify,_derivationally_related_form,is-a
see,see,_verb_group,synonym
vivify,stimulate,_hypernym,similar-to
improvize,improvisation,_derivationally_related_form,derived-from
push,paladin,_derivationally_related_form,"There is no direct lexical relation between ""push"" and ""paladin"" in the context of WordNet."
role,officiate,_derivationally_related_form,is-a
river,waterfall,_has_part,part-of
ray,ray,_derivationally_related_form,is-a
interpolate,misrepresentation,_derivationally_related_form,No direct lexical relation
controller,accounting,_derivationally_related_form,part-of
genus cyclopes,two-toed anteater,_member_meronym,is-a
picture,mental image,_hypernym,similar-to
gentian violet,vermifuge,_hypernym,No direct lexical relation
sedimentary,textile,_hypernym,No direct relation
frame,framing,_derivationally_related_form,derived-from
manis,mammal genus,_hypernym,is-a
centralization,concentrate,_derivationally_related_form,derived-from
oxidize,change,_hypernym,is-a
plural form,long johns,_member_of_domain_usage,"""is-a"""
hebrew script,aleph,_member_meronym,part-of
suction,suck in,_derivationally_related_form,similar-to
hyderabad,urban center,_instance_hypernym,is-a
suidae,mammal family,_hypernym,is-a
footnote,writing,_synset_domain_topic_of,part-of
arabian peninsula,united arab emirates,_has_part,part-of
submerge,submersion,_derivationally_related_form,derived-from
torah,numbers,_has_part,part-of
turnverein,society,_hypernym,is-a
ptilonorhynchus,bird genus,_hypernym,is-a
family avicenniaceae,asterid dicot family,_hypernym,is-a
effloresce,crystallization,_derivationally_related_form,derived-from
kennedya,rosid dicot genus,_hypernym,is-a
refutation,falsify,_derivationally_related_form,entails
take aback,surprise,_hypernym,similar-to
extrapolation,interpolate,_derivationally_related_form,antonym
heath family,genus cassiope,_member_meronym,is-a
spot,soil,_hypernym,part-of
conical,cone,_derivationally_related_form,is-a
theresa,missioner,_instance_hypernym,is-a
reprove,reproval,_derivationally_related_form,derived-from
dysfunction,medicine,_synset_domain_topic_of,related-to
yogurt,solid food,_hypernym,is-a
house of hanover,royalty,_hypernym,is-a
vermiculate,ornament,_hypernym,derived-from
dresser,tog,_derivationally_related_form,similar-to
persecute,oppressor,_derivationally_related_form,agent-of
ricochet,take a hop,_derivationally_related_form,similar-to
haggai,book,_instance_hypernym,part-of
kobenhavn,national capital,_instance_hypernym,is-a
offense,transgression,_hypernym,is-a
kingdom of denmark,arhus,_has_part,part-of
sweet elder,elderberry,_has_part,is-a
seville,port,_instance_hypernym,part-of
wrist bone,os,_hypernym,is-a
first state,wilmington,_has_part,part-of
generalization,abstract,_derivationally_related_form,is-a
glycoprotein,conjugated protein,_hypernym,is-a
genus cuculus,bird genus,_hypernym,is-a
whine,yawp,_verb_group,similar-to
tone,atmosphere,_hypernym,similar-to
woolly daisy,wildflower,_hypernym,is-a
kale,chou,_hypernym,is-a
genus carissa,magnoliopsid genus,_hypernym,is-a
genus buphthalmum,oxeye,_member_meronym,is-a
metrification,change,_hypernym,is-a
situate,find out,_hypernym,similar-to
public prosecutor,law,_synset_domain_topic_of,part-of
take on,play,_verb_group,similar-to
expeditiousness,dispatch,_derivationally_related_form,similar-to
custodianship,steward,_derivationally_related_form,is-a
john huss,social reformer,_instance_hypernym,is-a
obstructionism,thwarter,_derivationally_related_form,is-a
put up,propose,_hypernym,similar-to
post,military installation,_hypernym,is-a
nm,albuquerque,_has_part,is-a
strawman,simulacrum,_hypernym,similar-to
colloquialism,mafia,_member_of_domain_usage,is-a
strangler fig,strangler tree,_hypernym,similar-to
family eleotridae,sleeper goby,_member_meronym,is-a
interpretation,see,_derivationally_related_form,is-a
fell,stitch,_hypernym,"There is no direct lexical relation between ""fell"" and ""stitch"" in WordNet."
yardgrass,millet,_hypernym,is-a
vote,law,_synset_domain_topic_of,related-to
amoralism,school of thought,_hypernym,is-a
persecute,torment,_hypernym,similar-to
automatic pistol,automatic,_derivationally_related_form,is-a
upgrade,elevation,_derivationally_related_form,similar-to
take down,lower berth,_derivationally_related_form,no direct relation
mahimahi,mahimahi,_has_part,synonym
luxemburg,luxemburger,_member_meronym,is-a
consultation,consult,_derivationally_related_form,derived-from
grand dragon,top dog,_hypernym,similar-to
fitment,piece of furniture,_hypernym,is-a
plague,blight,_derivationally_related_form,similar-to
straight,straightness,_derivationally_related_form,derived-from
linnaea,twinflower,_member_meronym,is-a
cabinetwork,piece of furniture,_synset_domain_topic_of,is-a
ask,inquire,_verb_group,similar-to
weald,rural area,_hypernym,is-a
recompense,make up,_derivationally_related_form,similar-to
ocimum,asterid dicot genus,_hypernym,is-a
acculturate,culture,_derivationally_related_form,related-to
propose,request,_hypernym,similar-to
illuminant,light up,_derivationally_related_form,causes
beat,play,_hypernym,derived-from
iris family,sparaxis,_member_meronym,is-a
nippon,nagasaki,_has_part,part-of
circulate,lap,_derivationally_related_form,part-of
hirudinidae,hirudo,_member_meronym,is-a
wrestle,wrestling,_derivationally_related_form,derived-from
orientalist,specializer,_hypernym,is-a
power point,wall socket,_hypernym,synonym
review,assessment,_hypernym,is-a
phylum chordata,phylum,_hypernym,is-a
feel,see,_hypernym,similar-to
montia,caryophylloid dicot genus,_hypernym,is-a
icelandic,scandinavian language,_hypernym,is-a
vesiculation,vesicate,_derivationally_related_form,derived-from
genus anacyclus,asterid dicot genus,_hypernym,is-a
pretermit,skip,_derivationally_related_form,similar-to
bust,take apart,_also_see,similar-to
trade,trade,_derivationally_related_form,synonym
sonar,measuring system,_hypernym,is-a
rhabdosarcoma,sarcoma,_hypernym,is-a
military court,tribunal,_hypernym,is-a
lark,oscine bird,_hypernym,is-a
trench,ditch,_hypernym,similar-to
pharmacy,store,_hypernym,is-a
spalacidae,mammal family,_hypernym,is-a
gi tract,small intestine,_has_part,part-of
open up,opening,_derivationally_related_form,derived-from
electronic equipment,electrical circuit,_has_part,part-of
disrespect,disrespect,_derivationally_related_form,similar-to
family characidae,serrasalmus,_member_meronym,is-a
ferry,piloting,_synset_domain_topic_of,part-of
dual inline package switch,computing,_synset_domain_topic_of,part-of
subfamily papilionoideae,vigna,_member_meronym,is-a
mihrab,muslimism,_synset_domain_topic_of,"""part-of"""
subfamily papilionoideae,rosid dicot family,_hypernym,part-of
lepidopterologist,lepidoptery,_derivationally_related_form,studies
scheme,scheme,_derivationally_related_form,similar-to
cervical artery,artery,_hypernym,is-a
boot,toecap,_has_part,part-of
wangle,wangling,_derivationally_related_form,derived-from
genus diospyros,ebony tree,_member_meronym,is-a
winding-sheet,shroud,_derivationally_related_form,similar-to
libidinal energy,psychoanalysis,_synset_domain_topic_of,part-of
failure,skip,_hypernym,derived-from
relatedness,connexion,_hypernym,similar-to
low quality,inferior,_derivationally_related_form,similar-to
ontario,niagara falls,_has_part,part-of
strike hard,upset,_also_see,similar-to
witness,look,_derivationally_related_form,is-a
zaire,luluabourg,_has_part,part-of
respecter,follower,_hypernym,is-a
thief,outlaw,_hypernym,is-a
centaury,flower,_hypernym,is-a
make full,filler,_derivationally_related_form,part-of
inheritance,genetics,_synset_domain_topic_of,derived-from
reinforcing stimulus,psychology,_synset_domain_topic_of,is-a
believe,belief,_derivationally_related_form,derived-from
socialist people's libyan arab jamahiriya,libyan islamic group,_member_of_domain_region,"""part-of"""
yaltopya,ethiopian,_member_meronym,derived-from
introvert,psychology,_synset_domain_topic_of,is-a
vitrine,container,_hypernym,is-a
self-propelled vehicle,wheeled vehicle,_hypernym,is-a
sepoy mutiny,uprising,_instance_hypernym,is-a
sculpture,work,_hypernym,is-a
implantation,surgical process,_hypernym,part-of
horripilate,receive,_hypernym,"There is no direct lexical relation between ""horripilate"" and ""receive"" in the context of WordNet."
suborder sauropoda,titanosauridae,_member_meronym,is-a
nippon,asian nation,_instance_hypernym,is-a
breathing time,take a breather,_derivationally_related_form,similar-to
crayfish,decapod crustacean,_hypernym,is-a
suborder,biology,_synset_domain_topic_of,part-of
tribesman,member,_hypernym,is-a
utilize,practical application,_derivationally_related_form,"""has-instance"""
beater,implement,_hypernym,is-a
nineties,time of life,_hypernym,is-a
irish capital,national capital,_instance_hypernym,is-a
sort out,division,_derivationally_related_form,derived-from
forge,making,_derivationally_related_form,part-of
behaviouristic psychology,behaviourist,_derivationally_related_form,is-a
stooge,stooge,_derivationally_related_form,synonym
domed stadium,stadium,_hypernym,is-a
reciprocity,reciprocal,_derivationally_related_form,derived-from
possession,possessor,_derivationally_related_form,part-of
outline,portrayal,_derivationally_related_form,similar-to
vitiate,spoiling,_derivationally_related_form,similar-to
tergiversate,repudiate,_hypernym,similar-to
subservience,servile,_derivationally_related_form,similar-to
neanderthalian,neanderthal man,_derivationally_related_form,is-a
snarl,verbalize,_hypernym,derived-from
require,commandment,_derivationally_related_form,derived-from
ballyhoo,plug,_derivationally_related_form,synonym
tangle,tangle,_derivationally_related_form,similar-to
skirmish,scrap,_hypernym,similar-to
sexual conquest,seduction,_hypernym,is-a
genus calochortus,globe lily,_member_meronym,is-a
phleum,timothy,_member_meronym,is-a
take a hop,bounciness,_derivationally_related_form,related-to
silo,military installation,_hypernym,part-of
heloderma,reptile genus,_hypernym,is-a
stimulate,inducing,_derivationally_related_form,similar-to
republic of ecuador,south american nation,_instance_hypernym,is-a
turmeric,herbaceous plant,_hypernym,is-a
cloister,cloister,_derivationally_related_form,synonym
sediment,situate,_hypernym,No direct lexical relation
sandarac,wood,_hypernym,derived-from
schmooze,visit,_derivationally_related_form,similar-to
bergen,urban center,_instance_hypernym,is-a
the nazarene,word,_instance_hypernym,is-a
milk,milk,_derivationally_related_form,synonym
commercial instrument,written document,_hypernym,is-a
gravida,woman,_hypernym,is-a
apostle,new testament,_synset_domain_topic_of,part-of
slider,slue,_derivationally_related_form,"The concepts ""slider"" and ""slue"" do not have a direct lexical relation in WordNet. However, if we consider their meanings, ""slider"" refers to something that slides or is used for sliding, while ""slue"" refers to"
lock,deadbolt,_has_part,part-of
pleiospilos,caryophylloid dicot genus,_hypernym,is-a
monetization,monetize,_derivationally_related_form,derived-from
pruning hook,trim,_derivationally_related_form,is-a
love,love,_derivationally_related_form,synonym
satisfaction,restitution,_hypernym,derived-from
vesture,wearable,_derivationally_related_form,is-a
sewer,stitch,_derivationally_related_form,part-of
shutdown,termination,_hypernym,is-a
diet,nutritionist,_derivationally_related_form,related-to
united kingdom of great britain and northern ireland,cupper,_member_of_domain_region,No direct lexical relation
anti,soul,_hypernym,"There is no direct lexical relation between ""anti"" and ""soul"" in the context of WordNet."
vestibular sense,equilibrize,_derivationally_related_form,related-to
train,take,_hypernym,is-a
resort,utilize,_hypernym,No direct lexical relation
look,suss out,_also_see,similar-to
flag,flag,_derivationally_related_form,similar-to
filename extension,string,_hypernym,part-of
guiana,guyana,_has_part,similar-to
strangulate,squeeze,_hypernym,similar-to
fine arts,liberal arts,_hypernym,is-a
superclass gnathostomata,class,_hypernym,is-a
bold,courageous,_also_see,similar-to
suddenness,sudden,_derivationally_related_form,derived-from
family annonaceae,genus asimina,_member_meronym,is-a
surcease,stop,_derivationally_related_form,similar-to
postural,posture,_derivationally_related_form,derived-from
nail,nail,_derivationally_related_form,is-a
pain in the neck,negative stimulus,_hypernym,is-a
family colubridae,genus arizona,_member_meronym,is-a
settle,settlement,_derivationally_related_form,derived-from
genus damaliscus,mammal genus,_hypernym,is-a
genus arctostaphylos,bearberry,_member_meronym,is-a
borrowing,take up,_derivationally_related_form,similar-to
genus acanthurus,fish genus,_hypernym,is-a
wish,wish,_derivationally_related_form,synonym
excite,raise,_hypernym,similar-to
interpretive program,programme,_hypernym,is-a
waterway,way,_hypernym,is-a
treble recorder,vertical flute,_hypernym,is-a
accident,mishap,_hypernym,similar-to
percipient,take note,_derivationally_related_form,similar-to
timer,sport,_synset_domain_topic_of,part-of
frivolousness,frivolous,_derivationally_related_form,derived-from
vitalization,vitalize,_derivationally_related_form,derived-from
ordeal tree,shrub,_hypernym,is-a
lie,be,_hypernym,is-a
self-feeder,machine,_hypernym,is-a
fragmentation,explosion,_hypernym,part-of
fling,throw,_hypernym,similar-to
trade name,clomiphene citrate,_member_of_domain_usage,is-a
target,victim,_hypernym,is-a
turdidae,luscinia,_member_meronym,is-a
understate,inform,_hypernym,similar-to
hylidae,genus acris,_member_meronym,is-a
table,tableware,_has_part,part-of
suck in,hollow out,_hypernym,similar-to
coloured,bowdlerization,_similar_to,"There is no direct lexical relation between ""coloured"" and ""bowdlerization"" in the context of WordNet."
muliebrity,trait,_hypernym,is-a
typify,symbol,_derivationally_related_form,"""related-to"""
family cestidae,ctenophore family,_hypernym,is-a
sweetener,snare,_derivationally_related_form,"There is no direct lexical relation between ""sweetener"" and ""snare"" in the context of WordNet."
impact,striking,_hypernym,similar-to
planting,plant,_derivationally_related_form,derived-from
synthesizer,keyboard instrument,_hypernym,is-a
take over,repeater,_derivationally_related_form,"There is no direct lexical relation between ""take over"" and ""repeater"" in the context of WordNet."
tear,tear up,_also_see,derived-from
chariot,horse-drawn vehicle,_hypernym,is-a
new zealand,returning officer,_member_of_domain_region,No direct relation
tell,telling,_derivationally_related_form,derived-from
refrigerator,white goods,_hypernym,is-a
vulgarism,shtup,_member_of_domain_usage,is-a
scamp,youngster,_hypernym,is-a
prexy,presidential term,_derivationally_related_form,part-of
snickersnee,scrap,_hypernym,No direct lexical relation
see,understand,_verb_group,similar-to
zygomycetes,class,_hypernym,is-a
saving,protection,_hypernym,similar-to
wickedness,offensiveness,_hypernym,similar-to
stag,spying,_derivationally_related_form,"There is no direct lexical relation between ""stag"" and ""spying"" in the context of WordNet."
mayetiola,mayetiola destructor,_member_meronym,is-a
imperial capacity unit,dry unit,_hypernym,is-a
rose family,rubus,_member_meronym,is-a
lateral line organ,sensory receptor,_hypernym,part-of
zonotrichia,bird genus,_hypernym,is-a
visit,tour,_hypernym,similar-to
technologist,technology,_derivationally_related_form,related-to
genus bartramia,bird genus,_hypernym,is-a
review,reappraise,_derivationally_related_form,similar-to
principality of andorra,european nation,_instance_hypernym,is-a
trade name,saran wrap,_member_of_domain_usage,is-a
mccormick,producer,_instance_hypernym,is-a
stock,sprout,_derivationally_related_form,part-of
production,manufacture,_hypernym,is-a
the hill,hill,_instance_hypernym,is-a
underdrawers,underpants,_hypernym,similar-to
wife,woman,_hypernym,is-a
fertile crescent,geographical region,_instance_hypernym,is-a
static,noise,_hypernym,unrelated
overvalue,value,_hypernym,derived-from
decay,unsoundness,_hypernym,is-a
sleigh,sledding,_derivationally_related_form,is-a
high holy day,jewish holy day,_hypernym,is-a
territorial,war machine,_synset_domain_topic_of,part-of
fraction,divisible,_derivationally_related_form,related-to
female reproductive system,vulva,_has_part,part-of
prophets,sacred writing,_instance_hypernym,related-to
rhiptoglossa,reptile family,_hypernym,is-a
iron collar,instrument of execution,_hypernym,is-a
stray,drifting,_derivationally_related_form,similar-to
sustain,holder,_derivationally_related_form,part-of
plant life,hood,_has_part,"There is no direct lexical relation between ""plant life"" and ""hood"" in the context of WordNet."
mustard family,genus crambe,_member_meronym,is-a
violate,rapine,_derivationally_related_form,is-a
star,star,_derivationally_related_form,similar-to
rose louise hovick,stripteaser,_instance_hypernym,derived-from
level,surface,_hypernym,part-of
genus bignonia,trumpet flower,_member_meronym,is-a
kill,kill,_verb_group,similar-to
musician,musicianship,_derivationally_related_form,derived-from
improvisation,creation,_hypernym,is-a
photosynthesis,plant life,_synset_domain_topic_of,part-of
dispatch,write up,_hypernym,is-a
euphemism,jail delivery,_member_of_domain_usage,is-a
show,demonstration,_derivationally_related_form,is-a
motor vehicle,car wheel,_has_part,part-of
underwrite,underwriter,_derivationally_related_form,derived-from
develop,formulate,_verb_group,similar-to
tally,tally,_derivationally_related_form,similar-to
rna,biochemistry,_synset_domain_topic_of,part-of
roadblock,barricado,_derivationally_related_form,similar-to
stockist,stock,_derivationally_related_form,sells
throbbing,throb,_derivationally_related_form,derived-from
train,refine,_hypernym,derived-from
divestiture,court order,_hypernym,"""related-to"""
nuclear deterrence,war machine,_synset_domain_topic_of,related-to
swag,cut,_has_part,"The concepts ""swag"" and ""cut"" do not have a direct lexical relation in WordNet. However, if we consider potential meanings, ""swag"" as a noun can refer to a decorative garland or a curtain, and ""cut"
nonsolid colour,computing,_synset_domain_topic_of,is-a
private enterprise,economy,_hypernym,part-of
robert owen,social reformer,_instance_hypernym,is-a
sami,european,_hypernym,is-a
pottery,ceramic ware,_hypernym,is-a
united kingdom of great britain and northern ireland,wog,_member_of_domain_region,No direct lexical relation
jewish holy day,religious holiday,_hypernym,is-a
revision,revise,_derivationally_related_form,derived-from
suppressor,suppress,_derivationally_related_form,derived-from
cinnamon bark,bark,_hypernym,part-of
publishing house,release,_derivationally_related_form,part-of
irregular,illegal,_also_see,similar-to
soil,modify,_hypernym,related-to
unrhythmical,irregular,_also_see,similar-to
diagonal,set,_hypernym,"There is no direct lexical relation between ""diagonal"" and ""set"" in the context of WordNet."
gettysburg,pitched battle,_instance_hypernym,is-a
strength,strong,_derivationally_related_form,derived-from
pail,vessel,_hypernym,is-a
wheel,saddle,_has_part,part-of
tolerance,tolerate,_derivationally_related_form,derived-from
simulacrum,representation,_hypernym,is-a
wisconsin,american state,_instance_hypernym,is-a
climber,mount,_derivationally_related_form,part-of
yield,stretch,_hypernym,"The concepts ""yield"" and ""stretch"" do not have a direct lexical relation in WordNet. However, if we consider their meanings, a possible relation could be ""related-to"" in a broader sense, as both can involve the idea of giving"
junto,cabalist,_member_meronym,No direct relation
vein of penis,venous blood vessel,_hypernym,part-of
vamoose,leave,_hypernym,Similar-to
trusty,reliable,_also_see,similar-to
lepidochelys,reptile genus,_hypernym,is-a
mulberry family,morus,_member_meronym,is-a
prefabricate,construction,_synset_domain_topic_of,part-of
polynesia,polynesian,_member_meronym,is-a
turncoat,tell on,_derivationally_related_form,No direct relation
step on it,swiftness,_derivationally_related_form,related-to
thymelaeales,lythraceae,_member_meronym,is-a
withdrawer,withdraw,_derivationally_related_form,derived-from
landscapist,designer,_hypernym,is-a
observatory,structure,_hypernym,is-a
digital communication,electronic communication,_hypernym,similar-to
just,fairness,_derivationally_related_form,similar-to
moan,whiner,_derivationally_related_form,agent-of
bitterwood tree,tree,_hypernym,is-a
tribulus terestris,suffrutex,_hypernym,is-a
genus kniphofia,tritoma,_member_meronym,is-a
product,upshot,_hypernym,derived-from
task,job,_derivationally_related_form,is-a
mesh,tangle,_hypernym,similar-to
suspense,uncertainty,_hypernym,similar-to
justness,natural virtue,_hypernym,is-a
gesture,movement,_hypernym,is-a
cowpens,pitched battle,_instance_hypernym,is-a
request,request,_derivationally_related_form,synonym
slight,snub,_derivationally_related_form,similar-to
lydia,geographical region,_instance_hypernym,"""part-of"""
laurel family,laurel,_member_meronym,is-a
newman,theologizer,_instance_hypernym,is-a
linguistic unit,portion,_hypernym,part-of
sulcus,general anatomy,_synset_domain_topic_of,part-of
shortener,agent,_hypernym,is-a
felicitous,felicity,_derivationally_related_form,derived-from
concrete,conglutination,_derivationally_related_form,derived-from
immune system,marrow,_has_part,part-of
ultranationalism,patriotism,_hypernym,similar-to
salad greens,leafy vegetable,_hypernym,is-a
chinese deity,immortal,_hypernym,is-a
genus acrocomia,monocot genus,_hypernym,is-a
scratch,etch,_verb_group,similar-to
refund,return,_derivationally_related_form,similar-to
rhine wine,white wine,_hypernym,is-a
pet,pet,_derivationally_related_form,synonym
maracaibo,port,_instance_hypernym,part-of
amphibious operation,war machine,_synset_domain_topic_of,part-of
salviniaceae,salvinia,_member_meronym,is-a
pounding,blow,_hypernym,similar-to
omelette,dish,_hypernym,is-a
knickers,trouser,_hypernym,is-a
react,resister,_derivationally_related_form,antonym
witch,witch,_derivationally_related_form,synonym
ophiophagus,reptile genus,_hypernym,is-a
striving,strive,_derivationally_related_form,derived-from
squeezing,twitch,_derivationally_related_form,similar-to
rima oris,salivary gland,_has_part,part-of
temple,judaism,_synset_domain_topic_of,part-of
position,position,_derivationally_related_form,similar-to
disobedient,unregenerate,_also_see,similar-to
orthodontist,tooth doctor,_hypernym,is-a
parcelling,distribution,_hypernym,part-of
zing,dynamical,_derivationally_related_form,"There is no direct lexical relation between ""zing"" and ""dynamical"" in WordNet. However, if we consider their meanings, ""zing"" refers to energy or enthusiasm, while ""dynamical"" relates to dynamics or forces causing motion"
introduce,origination,_derivationally_related_form,derived-from
purity,sublimate,_derivationally_related_form,derived-from
plantae,pteridophyta,_member_meronym,is-a
colourlessness,visual property,_hypernym,is-a
pass,transit,_also_see,similar-to
hack,pearly,_derivationally_related_form,"There is no direct lexical relation between ""hack"" and ""pearly"" in the context of WordNet."
specify,terminus ad quem,_derivationally_related_form,is-a
thunder,yowl,_derivationally_related_form,similar-to
perennate,perennation,_derivationally_related_form,derived-from
historiographer,student,_hypernym,is-a
roman deity,immortal,_hypernym,is-a
genus bombax,simal,_member_meronym,is-a
proscription,veto,_derivationally_related_form,similar-to
order gruiformes,rallidae,_member_meronym,is-a
surfeit,feeding,_hypernym,related-to
predication,proclaim,_derivationally_related_form,"""derived-from"""
discombobulation,throw,_derivationally_related_form,derived-from
amphitheatre,tiered seat,_has_part,part-of
typographer,typography,_derivationally_related_form,related-to
genus allium,wild onion,_member_meronym,is-a
winter's bark tree,tree,_hypernym,is-a
nehemiah,book,_instance_hypernym,is-a
cube,dice,_derivationally_related_form,is-a
distinction,secernment,_hypernym,similar-to
united states liquid unit,liquid unit,_hypernym,is-a
smell,smell,_derivationally_related_form,synonym
hyperemesis,vomiting,_hypernym,is-a
synchronize,take place,_hypernym,is-a
symplocaceae,symplocus,_member_meronym,is-a
elegant,tasteful,_also_see,similar-to
novelize,fictionalization,_derivationally_related_form,derived-from
exchange,interchange,_derivationally_related_form,similar-to
jugale,craniometric point,_hypernym,is-a
malversation,peculate,_derivationally_related_form,similar-to
family cyatheaceae,genus cyathea,_member_meronym,is-a
tug,undertaking,_derivationally_related_form,is-a
mitzvah,judaism,_synset_domain_topic_of,part-of
united kingdom of great britain and northern ireland,fairy light,_member_of_domain_region,no direct relation
break,split up,_derivationally_related_form,similar-to
mullah,muslim,_hypernym,is-a
work out,solving,_derivationally_related_form,similar-to
semitic deity,antiquity,_synset_domain_topic_of,part-of
dynamitist,dynamite,_derivationally_related_form,uses
future progressive tense,progressive tense,_hypernym,is-a
germany,hanover,_has_part,part-of
manufacture,manufacture,_derivationally_related_form,synonym
uniform,uniformity,_derivationally_related_form,derived-from
retrieve,get,_hypernym,similar-to
stopover,stop over,_derivationally_related_form,derived-from
genus chimaphila,dilleniid dicot genus,_hypernym,is-a
burr,burr,_derivationally_related_form,synonym
equality,sameness,_hypernym,similar-to
bludgeon,club,_derivationally_related_form,is-a
intense,profound,_also_see,similar-to
order decapoda,animal order,_hypernym,is-a
persea americana,avocado pear,_has_part,is-a
volcano islands,archipelago,_instance_hypernym,part-of
impoverish,privation,_derivationally_related_form,similar-to
speed,velocity,_derivationally_related_form,similar-to
licking,negativist,_derivationally_related_form,"There is no direct lexical relation between ""licking"" and ""negativist"" in the context of WordNet."
venturer,venture,_derivationally_related_form,is-a
st. paul,apostle,_instance_hypernym,is-a
vaticinator,vaticinate,_derivationally_related_form,derived-from
genus noctiluca,protoctist genus,_hypernym,is-a
sunup,aurorean,_derivationally_related_form,similar-to
open,start up,_hypernym,similar-to
republic of the philippines,rpa-abb,_member_of_domain_region,No direct relation
replay,take on,_hypernym,"There is no direct lexical relation between ""replay"" and ""take on"" in WordNet. However, if forced to choose a relation, ""replay"" and ""take on"" could be considered as ""similar-to"" in the sense that"
fledge,plume,_derivationally_related_form,part-of
sureness,sure,_derivationally_related_form,derived-from
demarcate,tell apart,_hypernym,similar-to
lysichitum,monocot genus,_hypernym,is-a
paleface,white person,_hypernym,synonym
pray,plead,_hypernym,similar-to
ambassadorship,embassador,_derivationally_related_form,is-a
alchemize,chemistry,_synset_domain_topic_of,derived-from
effect,upshot,_derivationally_related_form,similar-to
australopithecine,hominid,_hypernym,is-a
stumble,gait,_hypernym,manner-of
attest,verify,_hypernym,similar-to
family bruchidae,arthropod family,_hypernym,is-a
plural form,suspender,_member_of_domain_usage,No direct lexical relation
wideness,largeness,_hypernym,similar-to
promise,declare,_hypernym,"""similar-to"""
suffer,pain,_derivationally_related_form,causes
nan ling,range of mountains,_instance_hypernym,is-a
algonquin,red indian,_hypernym,is-a
fall under,represent,_hypernym,is-a
nullifier,void,_derivationally_related_form,derived-from
sign,sign,_derivationally_related_form,is-a
waterleaf family,genus phacelia,_member_meronym,is-a
pigment,colouring material,_hypernym,is-a
gerea,asterid dicot genus,_hypernym,is-a
fittingness,suitableness,_hypernym,similar-to
pull,tugger,_derivationally_related_form,agent-of
pubococcygeus exercises,workout,_hypernym,is-a
graze,grazing,_derivationally_related_form,derived-from
family dactylopiidae,genus dactylopius,_member_meronym,is-a
use,usance,_derivationally_related_form,derived-from
shoot,shoot,_verb_group,similar-to
trust,committee,_derivationally_related_form,part-of
indian ocean,antarctic ocean,_has_part,sibling
vaticinate,vaticinator,_derivationally_related_form,derived-from
unhappiness,spirit,_hypernym,derived-from
ladle,vessel,_hypernym,part-of
kilogram,hg,_has_part,part-of
sway,tilt,_derivationally_related_form,similar-to
order,suborder,_member_meronym,is-a
vitality,healthiness,_hypernym,similar-to
genus atropa,asterid dicot genus,_hypernym,is-a
ibn-sina,philosopher,_instance_hypernym,is-a
shaft,rib,_hypernym,part-of
presumptuousness,presume,_derivationally_related_form,derived-from
serial printer,printing machine,_hypernym,is-a
spouse equivalent,soul,_hypernym,no direct relation
chlamydia,true bacteria,_hypernym,is-a
america,north america,_has_part,part-of
whop,hit,_hypernym,similar-to
worker,perform,_derivationally_related_form,agent-of
squandermania,government activity,_synset_domain_topic_of,is-a
wipeout,wipe out,_derivationally_related_form,derived-from
fire,preparation,_synset_domain_topic_of,derived-from
drms,office,_hypernym,"WordNet does not contain the concept ""drms,"" so I cannot determine a specific lexical relation between ""drms"" and ""office."""
preventive,prevent,_derivationally_related_form,derived-from
retard,be,_hypernym,is-a
heart muscle,muscular tissue,_hypernym,is-a
may,may 24,_has_part,part-of
light up,illumination,_derivationally_related_form,causes
particular,detail,_derivationally_related_form,part-of
bow legs,impairment,_hypernym,is-a
crush,pack together,_derivationally_related_form,similar-to
pteridium,pteridium aquilinum,_member_meronym,is-a
linear,add,_derivationally_related_form,No direct relation
trembler,quiver,_derivationally_related_form,similar-to
virginia,blue ridge mountains,_has_part,part-of
overhead,computing,_synset_domain_topic_of,part-of
exsiccate,desiccation,_derivationally_related_form,derived-from
lexis,noesis,_hypernym,is-a
genus amorphophallus,umbrella arum,_member_meronym,is-a
facial hair,hair,_hypernym,part-of
ticking,tick,_derivationally_related_form,derived-from
wreak,stir,_also_see,similar-to
spread,spread,_derivationally_related_form,similar-to
marshall,commissioned military officer,_hypernym,is-a
table,postponement,_derivationally_related_form,No direct lexical relation
weather,weather condition,_derivationally_related_form,is-a
family compositae,machaeranthera,_member_meronym,is-a
misrepresentation,untruth,_hypernym,similar-to
eating utensil,hold,_has_part,part-of
start,origination,_derivationally_related_form,is-a
judgment of dismissal,law,_synset_domain_topic_of,"""is-a"""
penmanship,calligraphist,_derivationally_related_form,related-to
genus chrysothamnus,goldenbush,_member_meronym,is-a
emulate,simulate,_hypernym,similar-to
trot,trot,_derivationally_related_form,synonym
crowd,herd,_derivationally_related_form,similar-to
raise,provocation,_derivationally_related_form,derived-from
relate,relation,_derivationally_related_form,derived-from
bureau of justice assistance,office,_hypernym,part-of
united kingdom of great britain and northern ireland,half-term,_member_of_domain_region,"There is no direct lexical relation between ""united kingdom of great britain and northern ireland"" and ""half-term"" in the context of WordNet."
wink,wink,_derivationally_related_form,synonym
sierra nevada,range of mountains,_instance_hypernym,is-a
room decorator,design,_derivationally_related_form,is-a
thoughtfulness,contemplate,_derivationally_related_form,derived-from
steal,thief,_derivationally_related_form,agent-of
colloquialism,surely,_member_of_domain_usage,derived-from
souse,dip,_derivationally_related_form,similar-to
guanine,purine,_hypernym,is-a
remark,note,_derivationally_related_form,similar-to
lamphouse,housing,_hypernym,part-of
reason out,reason,_derivationally_related_form,derived-from
family clinidae,genus chaenopsis,_member_meronym,is-a
step up,increase,_hypernym,similar-to
widen,extension,_derivationally_related_form,derived-from
boot,shoe collar,_has_part,part-of
studying,reading,_hypernym,similar-to
shoot,dispense,_hypernym,similar-to
smelling,smell,_derivationally_related_form,derived-from
settle,conciliation,_derivationally_related_form,related-to
loathe,odium,_derivationally_related_form,similar-to
tropic,parallel of latitude,_hypernym,is-a
sassing,mouth,_derivationally_related_form,derived-from
set,transcriber,_derivationally_related_form,"There is no direct lexical relation between ""set"" and ""transcriber"" in WordNet."
impulsion,drift,_derivationally_related_form,similar-to
traverse,denier,_derivationally_related_form,"There is no direct lexical relation between ""traverse"" and ""denier"" in the context of WordNet."
tape,record,_derivationally_related_form,derived-from
working girl,whoredom,_derivationally_related_form,is-a
respond,move,_hypernym,is-a
withholding tax,income tax,_hypernym,"""part-of"""
pine,wood,_hypernym,part-of
stanton,suffragist,_instance_hypernym,is-a
liberator,helper,_hypernym,is-a
permutation,operation,_hypernym,is-a
justification,warrant,_derivationally_related_form,similar-to
grace,ornamentation,_derivationally_related_form,similar-to
putrefaction,immorality,_hypernym,similar-to
pride,satisfaction,_hypernym,similar-to
riffle,shuffle,_hypernym,similar-to
hellenic republic,cacodemon,_member_of_domain_region,"There is no direct lexical relation between ""hellenic republic"" and ""cacodemon"" in the context of WordNet."
genus cakile,dilleniid dicot genus,_hypernym,is-a
ruptiliocarpon,rosid dicot genus,_hypernym,is-a
print,score,_derivationally_related_form,derived-from
subscribe,write,_hypernym,is-a
kick,kicking,_derivationally_related_form,derived-from
merchantman,freight,_derivationally_related_form,part-of
speech rhythm,prosody,_hypernym,part-of
genus hyaena,mammal genus,_hypernym,is-a
androgenous,androgeny,_derivationally_related_form,derived-from
budget,programme,_hypernym,part-of
discourage,dismay,_derivationally_related_form,similar-to
hub of the universe,charlestown,_has_part,part-of
vitiate,demoralization,_derivationally_related_form,causes
idolatry,worship,_hypernym,is-a
pointer,point,_derivationally_related_form,derived-from
propaganda,propagandize,_derivationally_related_form,derived-from
genus cercis,rosid dicot genus,_hypernym,is-a
wait on,servant,_derivationally_related_form,is-a
thyroid hormone,internal secretion,_hypernym,is-a
impenitency,unrepentant,_derivationally_related_form,similar-to
trepan,drill,_hypernym,is-a
remand,remand,_derivationally_related_form,synonym
genus bison,buffalo,_member_meronym,is-a
rarefy,weaken,_hypernym,similar-to
withdraw,withdrawer,_derivationally_related_form,derived-from
lovingness,loving,_derivationally_related_form,derived-from
etymologizing,historical linguistics,_synset_domain_topic_of,part-of
muslim calendar,dhu al-qadah,_has_part,part-of
step dancing,terpsichore,_hypernym,is-a
double star,star,_hypernym,is-a
puff,blow,_hypernym,similar-to
wipeout,pulverize,_derivationally_related_form,similar-to
writings,sacred writing,_instance_hypernym,is-a
paternity,origination,_hypernym,derived-from
kingdom animalia,phylum brachiopoda,_member_meronym,is-a
watt-hour,work unit,_hypernym,is-a
senior,grownup,_hypernym,is-a
knock off,stop,_hypernym,similar-to
love,passion,_derivationally_related_form,similar-to
dilation,treatment,_hypernym,is-a
eisegesis,interpretation,_hypernym,is-a
minimal brain dysfunction,hyperactivity,_has_part,is-a
low relief,sculptural relief,_hypernym,is-a
occultism,subject field,_hypernym,is-a
the netherlands,rotterdam,_has_part,part-of
departed,snuff it,_derivationally_related_form,similar-to
surfeit,surfeit,_derivationally_related_form,synonym
genus arca,mollusk genus,_hypernym,is-a
iciness,cool down,_derivationally_related_form,similar-to
extirpation,uproot,_derivationally_related_form,similar-to
bran,stubble,_hypernym,"There is no direct lexical relation between ""bran"" and ""stubble"" in WordNet. However, if we consider their broader categories, ""bran"" is related to ""grain"" and ""stubble"" is related to ""crop residue."" Therefore"
incubate,cover,_verb_group,part-of
lamnidae,genus cetorhinus,_member_meronym,is-a
gristle,animal tissue,_hypernym,part-of
weave,waver,_derivationally_related_form,no direct relation
sunshine state,key,_has_part,part-of
scaphiopus,cobble up,_hypernym,"There is no direct lexical relation between ""scaphiopus"" (a genus of spadefoot toads) and ""cobble up"" (a phrasal verb meaning to put together hastily) in WordNet. Therefore, the"
flow,flowing,_derivationally_related_form,derived-from
supreme court,tribunal,_hypernym,is-a
wiper blade,wipe,_derivationally_related_form,derived-from
passer,testee,_hypernym,is-a
family dermestidae,carpet bug,_member_meronym,is-a
trilby,lid,_hypernym,is-a
refrigeration,temperature reduction,_hypernym,is-a
lifetime,dying,_has_part,part-of
travel,withdraw,_also_see,"There is no direct lexical relation between ""travel"" and ""withdraw"" in the context of WordNet."
genus alstonia,magnoliopsid genus,_hypernym,is-a
sibilation,sizz,_derivationally_related_form,similar-to
insufficient,stingy,_also_see,similar-to
wilt,dilapidate,_hypernym,similar-to
saxifraga,saxifrage,_member_meronym,is-a
continue,duration,_derivationally_related_form,related-to
upbringing,socialization,_hypernym,similar-to
get well,meliorate,_hypernym,similar-to
leg,knee joint,_has_part,part-of
hall,room,_hypernym,part-of
integumentary system,hair,_has_part,part-of
magnet,magnetize,_derivationally_related_form,derived-from
valency,powerfulness,_hypernym,No direct lexical relation
environmental science,biology,_hypernym,part-of
nutritionist,diet,_derivationally_related_form,advises-on
double reed,reed instrument,_hypernym,part-of
genus enterobius,worm genus,_hypernym,is-a
strangler tree,epiphytic plant,_hypernym,is-a
surface lift,ski tow,_hypernym,is-a
target,reference point,_hypernym,reference-to
witch,imaginary creature,_hypernym,is-a
dig out,hollow out,_hypernym,similar-to
timepiece,hand,_has_part,part-of
restrict,restriction,_derivationally_related_form,derived-from
vouch,voucher,_derivationally_related_form,derived-from
support,fund,_derivationally_related_form,part-of
sir james matthew barrie,playwright,_instance_hypernym,is-a
satanism,sorcery,_hypernym,similar-to
roneograph,roneo,_derivationally_related_form,derived-from
vitis rotundifolia,grapevine,_hypernym,is-a
female internal reproductive organ,sex organ,_hypernym,part-of
compatible,information processing system,_synset_domain_topic_of,similar-to
personal identity,place,_derivationally_related_form,"""associated-with"""
substitute,surrogate,_derivationally_related_form,similar-to
constellation,flock,_derivationally_related_form,"There is no direct lexical relation between ""constellation"" and ""flock"" in WordNet. However, if we consider their meanings, both can be seen as collections or groups, but they belong to different domains (astronomy for ""constellation"
rocket launching,launching,_hypernym,derived-from
goat,soul,_hypernym,"There is no direct lexical relation between ""goat"" and ""soul"" in the context of WordNet."
variation,concert dance,_synset_domain_topic_of,no direct relation
genus gelsemium,magnoliopsid genus,_hypernym,is-a
merry andrew,sin,_derivationally_related_form,"There is no direct lexical relation between ""merry andrew"" and ""sin"" in the context of WordNet."
turn over,turn up,_also_see,similar-to
family antedonidae,echinoderm family,_hypernym,is-a
detector,demodulate,_derivationally_related_form,related-to
de mille,choreographer,_instance_hypernym,is-a
revolt,disgust,_derivationally_related_form,similar-to
spill,liquid,_hypernym,"""requires"""
shipboard soldier,war machine,_synset_domain_topic_of,part-of
dyke,tribade,_hypernym,similar-to
accrete,mix,_hypernym,similar-to
transit,surveyor's instrument,_hypernym,"There is no direct lexical relation between ""transit"" and ""surveyor's instrument"" in WordNet. However, ""transit"" can refer to a type of ""surveyor's instrument."" Therefore, the relation could be ""is-a."""
training,train,_derivationally_related_form,derived-from
populus,poplar tree,_member_meronym,is-a
realm,rex,_derivationally_related_form,is-a
opening,unfold,_derivationally_related_form,similar-to
break,stroke,_hypernym,similar-to
liquaemin,decoagulant,_hypernym,is-a
diagnose,diagnosis,_derivationally_related_form,derived-from
perimeter,bound,_derivationally_related_form,similar-to
hateful,hostile,_also_see,similar-to
saint,sanctify,_derivationally_related_form,derived-from
schematize,create mentally,_hypernym,is-a
order apodes,eel,_member_meronym,is-a
great lakes,grouping,_instance_hypernym,part-of
maintain,number,_also_see,No direct lexical relation
family cuculidae,genus coccyzus,_member_meronym,is-a
typography,typographer,_derivationally_related_form,agent-noun
drainage,drain,_derivationally_related_form,part-of
point in time,quantity,_hypernym,No direct relation
synthetical,synthetic thinking,_derivationally_related_form,similar-to
investigator,expert,_hypernym,is-a
monogynist,spouse,_hypernym,is-a
caribbean,trinidad and tobago,_has_part,part-of
hyemoschus,water deer,_member_meronym,similar-to
stalls,farm building,_hypernym,part-of
corpus christi,urban center,_instance_hypernym,part-of
espousal,take,_derivationally_related_form,derived-from
republic of guinea,african nation,_instance_hypernym,is-a
threepence,coin,_hypernym,is-a
repudiate,reject,_hypernym,similar-to
sturgeon,ganoid fish,_hypernym,is-a
peripatidae,arthropod family,_hypernym,is-a
gatherer,gather,_derivationally_related_form,derived-from
family agonidae,sea poker,_member_meronym,is-a
paleocortex,pallium,_hypernym,part-of
winnings,win,_derivationally_related_form,derived-from
lutjanidae,ocyurus,_member_meronym,is-a
olive family,magnoliopsid family,_hypernym,is-a
salutation,recognize,_derivationally_related_form,derived-from
ejaculate,interjection,_derivationally_related_form,derived-from
luck,lucky,_derivationally_related_form,derived-from
sharer,share,_derivationally_related_form,derived-from
spectate,watch,_hypernym,similar-to
discolour,discolouration,_derivationally_related_form,derived-from
virginia,spotsylvania,_has_part,part-of
bond,stick,_derivationally_related_form,similar-to
picture,representation,_hypernym,is-a
male,biology,_synset_domain_topic_of,is-a
cup,container,_hypernym,is-a
patent office,office,_hypernym,is-a
saver,soul,_hypernym,is-a
lashkar-e-omar,terrorist organization,_instance_hypernym,is-a
lucubrate,exposition,_derivationally_related_form,is-a
substitute,substitute,_derivationally_related_form,similar-to
genus astragalus,rosid dicot genus,_hypernym,is-a
loungewear,wearable,_hypernym,is-a
finality,decisive,_derivationally_related_form,similar-to
coenzyme,molecule,_hypernym,part-of
respectfulness,respect,_derivationally_related_form,derived-from
paralithodes,arthropod genus,_hypernym,is-a
neutralization,neutralize,_derivationally_related_form,derived-from
orchidaceae,miltonia,_member_meronym,is-a
multivariate analysis,statistics,_synset_domain_topic_of,is-a
tilletia,fungus genus,_hypernym,is-a
logical argument,indicate,_derivationally_related_form,"""related-to"""
false nettle,herbaceous plant,_hypernym,is-a
telephone set,telephone receiver,_has_part,part-of
bobbysocks,mortise joint,_derivationally_related_form,no-relation
hypostasis,hypostatize,_derivationally_related_form,derived-from
submarine,standing,_hypernym,"There is no direct lexical relation between ""submarine"" and ""standing"" in the context of WordNet."
political unit,unit,_hypernym,is-a
recession,withdrawal,_hypernym,similar-to
fatalistic,fatalism,_derivationally_related_form,derived-from
western isles,inner hebrides,_has_part,part-of
cannon,machine gunner,_derivationally_related_form,part-of
duel,duellist,_derivationally_related_form,agent-of
germany,lower saxony,_has_part,part-of
order ciconiiformes,family ardeidae,_member_meronym,is-a
shop,surf,_verb_group,no-direct-relation
mustelidae,genus arctonyx,_member_meronym,is-a
motivator,stimulate,_derivationally_related_form,causes
vulcanized fiber,textile,_hypernym,derived-from
bitterness,taste property,_hypernym,is-a
luminousness,physical property,_hypernym,is-a
bismarckian,von bismarck,_derivationally_related_form,derived-from
family compositae,genus arctotis,_member_meronym,is-a
tan,tan,_derivationally_related_form,similar-to
trade name,verapamil,_member_of_domain_usage,is-a
contractor,constructor,_hypernym,similar-to
circumnavigation,plane,_synset_domain_topic_of,"""part-of"""
shooting,homicide,_hypernym,is-a
bomb,bombard,_derivationally_related_form,derived-from
surge,upsurge,_derivationally_related_form,similar-to
homogenize,intolerantly,_derivationally_related_form,"There is no direct lexical relation between ""homogenize"" and ""intolerantly"" in the context of WordNet."
typology,compartmentalization,_hypernym,similar-to
finishing,finish,_derivationally_related_form,derived-from
sit down,sit down,_also_see,similar-to
family cactaceae,pediocactus,_member_meronym,is-a
shell,shell,_derivationally_related_form,similar-to
necessity,need,_hypernym,similar-to
upstart,unpleasant person,_hypernym,is-a
ustilaginoidea,fungus genus,_hypernym,is-a
pitch,sound property,_hypernym,is-a
lacquer,ornament,_hypernym,"""used-for"""
pomatomus saltatrix,percoidean,_hypernym,is-a
sandfish,soft-finned fish,_hypernym,is-a
fucaceae,genus fucus,_member_meronym,is-a
touch on,restoration,_derivationally_related_form,unrelated
zestfulness,savour,_derivationally_related_form,similar-to
family diaspididae,arthropod family,_hypernym,is-a
owl,hoot,_derivationally_related_form,produces
follow,following,_derivationally_related_form,derived-from
venesect,venesection,_derivationally_related_form,derived-from
leaching,leach,_derivationally_related_form,derived-from
spread,propagator,_derivationally_related_form,agent-of
interpolate,interposition,_derivationally_related_form,no direct relation
civilize,civilization,_derivationally_related_form,derived-from
variegation,change,_hypernym,is-a
dkl,litre,_has_part,"There is no direct semantic relationship between ""dkl"" and ""litre"" in the context of WordNet, as ""dkl"" does not appear to be a recognized concept or term within WordNet. If ""dkl"" is intended to"
sledgehammer,maul,_derivationally_related_form,similar-to
genus blatta,oriental roach,_member_meronym,is-a
urodella,plethodontidae,_member_meronym,is-a
translate,move,_hypernym,derived-from
materialize,materialization,_derivationally_related_form,derived-from
luggage,tug,_derivationally_related_form,no direct relation
find,uncovering,_derivationally_related_form,similar-to
lithography,lithographer,_derivationally_related_form,agent-of
deep south,geographical region,_instance_hypernym,is-a
periactin,antihistamine,_hypernym,is-a
dazzle,blind,_hypernym,similar-to
worship,perfection,_derivationally_related_form,No direct lexical relation
soapberry family,genus harpullia,_member_meronym,is-a
exert,travail,_derivationally_related_form,similar-to
speechmaking,speech,_hypernym,is-a
thread,run,_hypernym,is-a
thicken,thickening,_derivationally_related_form,derived-from
shaw,physician,_instance_hypernym,is-a
sower,sow in,_derivationally_related_form,is-a
relative,relationship,_derivationally_related_form,is-a
germany,koln,_has_part,part-of
catatonia,catatonic,_derivationally_related_form,derived-from
century plant,xerophytic plant,_hypernym,is-a
blantyre,urban center,_instance_hypernym,is-a
musical instrument,instrumentate,_derivationally_related_form,derived-from
precise,exact,_also_see,similar-to
lunch,tiffin,_derivationally_related_form,similar-to
shell,uncovering,_derivationally_related_form,antonym
south korea,inchon,_has_part,part-of
youth culture,subculture,_hypernym,is-a
st. gregory i,doctor of the church,_instance_hypernym,is-a
heavenly body,natural object,_hypernym,is-a
shutter,shut out,_derivationally_related_form,derived-from
ornithischia,animal order,_hypernym,is-a
ardennes,battle of the bulge,_member_of_domain_region,part-of
fence line,mete,_hypernym,part-of
exuberance,triumph,_derivationally_related_form,similar-to
shaft,outfit,_hypernym,No direct lexical relation
kaury,kauri pine,_hypernym,is-a
preservation,improvement,_hypernym,antonym
sport,wittiness,_hypernym,"There is no direct lexical relation between ""sport"" and ""wittiness"" in WordNet."
association of southeast asian nations,negara brunei darussalam,_member_meronym,part-of
fug,murkiness,_hypernym,similar-to
transition,transition,_derivationally_related_form,similar-to
shake,vibrate,_hypernym,similar-to
silence,still,_derivationally_related_form,similar-to
self-praise,vaunt,_derivationally_related_form,similar-to
limp,limping,_derivationally_related_form,derived-from
vinca rosea,herbaceous plant,_hypernym,is-a
philanthropist,selfless,_derivationally_related_form,similar-to
unfasten,untier,_derivationally_related_form,similar-to
porta,open,_derivationally_related_form,"""part-of"""
pair,twin,_derivationally_related_form,similar-to
pinctada,mollusk genus,_hypernym,is-a
ejaculate,release,_hypernym,is-a
habit,now,_derivationally_related_form,no-direct-relation
family diapensiaceae,dilleniid dicot family,_hypernym,is-a
haliaeetus,bird genus,_hypernym,is-a
receive,view,_hypernym,unrelated
circumscribe,circumscribe,_verb_group,synonym
transposability,interchangeableness,_hypernym,similar-to
adapt,vary,_hypernym,similar-to
sublimaze,painkiller,_hypernym,is-a
stirrer,stir,_derivationally_related_form,derived-from
ohio,cleveland,_has_part,part-of
journey cake,cornbread,_hypernym,is-a
usn,nuwc,_has_part,"""part-of"""
mire,stand still,_hypernym,similar-to
ill-being,hardship,_hypernym,similar-to
seed,rate,_hypernym,No direct lexical relation
experimentation,control condition,_has_part,part-of
lactophrys,fish genus,_hypernym,is-a
water pistol,squirt,_derivationally_related_form,is-a
goggle,gape,_derivationally_related_form,similar-to
stealth,hiding,_hypernym,similar-to
uniting,unite,_derivationally_related_form,derived-from
stumble,walk,_hypernym,manner-of
connect,joining,_derivationally_related_form,similar-to
salientian,salientia,_derivationally_related_form,is-a
self-assertive,put forward,_derivationally_related_form,derived-from
trainee,tyro,_hypernym,similar-to
symphalangus,twenty-five percent,_derivationally_related_form,"There is no direct lexical relation between ""symphalangus"" and ""twenty-five percent"" in the context of WordNet."
degree,temperature unit,_hypernym,is-a
strain,stock,_derivationally_related_form,is-a
demonstration,visual communication,_hypernym,is-a
scolytidae,bark beetle,_member_meronym,is-a
tax,levy,_hypernym,is-a
united kingdom of great britain and northern ireland,perambulation,_member_of_domain_region,No direct lexical relation
conference,consult,_derivationally_related_form,related-to
retrench,trim down,_hypernym,similar-to
sounding board,resonator,_hypernym,part-of
pseudomonodaceae,pseudomonas,_member_meronym,is-a
medical care,medical diagnosis,_has_part,part-of
devalue,devaluation,_derivationally_related_form,derived-from
fling,fling,_derivationally_related_form,synonym
ghanian,ghanian,_derivationally_related_form,similar-to
mindfulness,attentiveness,_hypernym,similar-to
coccus,true bacteria,_hypernym,is-a
ferry,piloting,_synset_domain_topic_of,part-of
genus cercis,love tree,_member_meronym,is-a
meeting,rising,_derivationally_related_form,"There is no direct lexical relation between ""meeting"" and ""rising"" in the context of WordNet."
syntactic category,family,_hypernym,is-a
culminate,culmination,_derivationally_related_form,derived-from
irish whisky,whisky,_hypernym,is-a
crystal,element,_hypernym,"""part-of"""
gloss,glossary,_derivationally_related_form,part-of
frequent,sponsor,_derivationally_related_form,"There is no direct lexical relation between ""frequent"" and ""sponsor"" in the context of WordNet."
graduate school,school,_hypernym,is-a
rime,frost,_derivationally_related_form,similar-to
evocation,suggest,_derivationally_related_form,entails
groove,incise,_hypernym,derived-from
sprinkle,discharge,_hypernym,similar-to
peltandra,arrow arum,_member_meronym,is-a
smutch,rub,_hypernym,derived-from
perching bird,roost,_derivationally_related_form,part-of
cauterize,burn,_derivationally_related_form,is-a
genus deparia,fern genus,_hypernym,is-a
requite,give,_hypernym,is-a
step-up,increase,_derivationally_related_form,similar-to
spleen,lymphoid tissue,_hypernym,part-of
rosewood tree,tree,_hypernym,is-a
relocate,move,_hypernym,is-a
stereotype,sort out,_hypernym,"There is no direct lexical relation between ""stereotype"" and ""sort out"" in the context of WordNet."
marshall,statesman,_instance_hypernym,is-a
lift,operate on,_hypernym,is-a
quenching,snuff out,_derivationally_related_form,similar-to
vilifier,vituperate,_derivationally_related_form,derived-from
victor hugo,playwright,_instance_hypernym,is-a
descent,go down,_derivationally_related_form,is-a
usa,missouri river,_has_part,"""part-of"""
yawn,yawner,_derivationally_related_form,derived-from
emission,stuff,_hypernym,"""part-of"""
fast,fasting,_derivationally_related_form,derived-from
send,origination,_derivationally_related_form,causes
rule,formularize,_derivationally_related_form,derived-from
retrogress,recidivism,_derivationally_related_form,similar-to
robe,gown,_derivationally_related_form,similar-to
transcribe,transcriber,_derivationally_related_form,agent-of
edifice,window,_has_part,part-of
plant fibre,plant product,_hypernym,part-of
yoke,pair,_derivationally_related_form,part-of
rejection,reject,_derivationally_related_form,derived-from
frankness,direct,_derivationally_related_form,similar-to
trudge,tramp,_hypernym,similar-to
generate,generator,_derivationally_related_form,derived-from
mauritanian,african,_hypernym,is-a
utility,utile,_derivationally_related_form,derived-from
abandon,toss out,_hypernym,similar-to
dispatcher,send off,_derivationally_related_form,related-to
invigorate,stir,_hypernym,similar-to
deformation,deform,_derivationally_related_form,derived-from
sexual assault,statutory offense,_hypernym,is-a
grant,present,_hypernym,similar-to
subfamily papilionoideae,spartium,_member_meronym,is-a
temporalty,secular,_member_meronym,similar-to
settlement,geographical region,_hypernym,part-of
tummy,pit of the stomach,_has_part,part-of
slip by,progress,_hypernym,antonym
temperature,somesthesia,_hypernym,part-of
wild snapdragon,flower,_hypernym,is-a
work animal,fauna,_hypernym,is-a
subfamily merginae,mergus,_member_meronym,is-a
first state,dover,_has_part,"""part-of"""
fumes,gas,_hypernym,is-a
polish,furbish,_derivationally_related_form,similar-to
arthropod,invertebrate,_hypernym,is-a
suborder homoptera,superfamily aphidoidea,_member_meronym,is-a
roll,wrap,_derivationally_related_form,entails
el iskandriyah,port,_instance_hypernym,part-of
responder,respond,_derivationally_related_form,derived-from
nail,head,_has_part,part-of
hire,employer,_derivationally_related_form,agent-of
date,month,_hypernym,part-of
insolvent,unsuccessful person,_hypernym,is-a
pass off,vanish,_hypernym,similar-to
beg,skirt,_hypernym,"There is no direct lexical relation between ""beg"" and ""skirt"" in the context of WordNet."
headline,publicize,_hypernym,derived-from
life science,natural science,_hypernym,is-a
hydrosphere,main,_has_part,No direct lexical relation
disapproval,substance,_hypernym,No direct lexical relation
absorptivity,absorptive,_derivationally_related_form,derived-from
slack off,lessen,_hypernym,similar-to
trade name,lanoxin,_member_of_domain_usage,is-a
want,desire,_derivationally_related_form,similar-to
demist,modify,_hypernym,derived-from
richard evelyn byrd,explorer,_instance_hypernym,is-a
tyro,start out,_derivationally_related_form,similar-to
take chances,gamble,_derivationally_related_form,similar-to
learned response,response,_hypernym,is-a
sandwich,sandwich,_derivationally_related_form,synonym
musculature,ligament,_has_part,part-of
urban center,inner city,_has_part,part-of
subclass archosauria,sauropterygia,_member_meronym,is-a
word picture,draw,_derivationally_related_form,derived-from
society,association,_hypernym,is-a
stizostedion,pike perch,_member_meronym,is-a
start,start,_derivationally_related_form,synonym
golf-club head,head,_hypernym,part-of
mississippi river,river,_instance_hypernym,is-a
africa,senegal,_has_part,part-of
turnover,dish,_hypernym,"There is no direct lexical relation between ""turnover"" and ""dish"" in WordNet. However, if ""turnover"" is considered in the context of food (as a type of pastry), the relation could be ""is-a"" since a"
head,human face,_has_part,part-of
temper,temper,_derivationally_related_form,similar-to
finish,finish,_derivationally_related_form,similar-to
tee,peg,_hypernym,is-a
win,win,_derivationally_related_form,synonym
brawler,wrangle,_derivationally_related_form,similar-to
sorghum,millet,_hypernym,similar-to
rupture,tear,_derivationally_related_form,similar-to
managership,manager,_derivationally_related_form,is-a
asphyxia,suffocate,_derivationally_related_form,"""similar-to"""
zettabyte,exabyte,_has_part,is-a
scruple,scruple,_derivationally_related_form,synonym
red china,mekong river,_has_part,No direct lexical relation
canada,st. lawrence river,_has_part,part-of
explosive compound,explosive,_hypernym,is-a
friend of the court,law,_synset_domain_topic_of,related-to
family anthocerotaceae,moss family,_hypernym,is-a
order chiroptera,suborder microchiroptera,_member_meronym,is-a
aftereffect,upshot,_hypernym,similar-to
immortal,deify,_derivationally_related_form,derived-from
space,aerospace,_has_part,is-a
soothsayer,visionary,_hypernym,similar-to
taxonomy,hierarchy,_hypernym,is-a
women's liberation movement,movement,_hypernym,is-a
power,officiate,_derivationally_related_form,is-a
hard,insensitive,_also_see,similar-to
durables,consumer goods,_hypernym,is-a
endocrine,internal secretion,_derivationally_related_form,is-a
closet,shelf,_has_part,part-of
trespasser,interlope,_derivationally_related_form,similar-to
charm,spell,_derivationally_related_form,is-a
plataleidae,platalea,_member_meronym,is-a
tyrannize,tyrant,_derivationally_related_form,derived-from
western church,sacred college,_has_part,part-of
pretend,act,_derivationally_related_form,similar-to
knee joint,musculus articularis genus,_has_part,part-of
pat,fondle,_hypernym,similar-to
call,send for,_verb_group,synonym
picture,photographic,_derivationally_related_form,derived-from
forestry,forest,_derivationally_related_form,part-of
jump,wax,_hypernym,"There is no direct lexical relation between ""jump"" and ""wax"" in WordNet."
unite,link,_derivationally_related_form,similar-to
berk,stupid person,_hypernym,is-a
survive,survivor,_derivationally_related_form,derived-from
monotropa,pinesap,_member_meronym,is-a
rhamnales,vitidaceae,_member_meronym,is-a
cranberry,shrub,_hypernym,part-of
misshapenness,affliction,_hypernym,is-a
reveller,whoop it up,_derivationally_related_form,similar-to
patronage,social control,_hypernym,is-a
constant,unchangeable,_also_see,similar-to
steal,win,_hypernym,antonym
autonomic nervous system,sympathetic nervous system,_has_part,part-of
transportation,expatriate,_derivationally_related_form,"There is no direct lexical relation between ""transportation"" and ""expatriate"" in the context of WordNet."
saint,religion,_synset_domain_topic_of,part-of
redwing,new world blackbird,_hypernym,is-a
superfamily coccoidea,pseudococcidae,_member_meronym,is-a
visit,visit,_derivationally_related_form,synonym
uranyl radical,radical,_hypernym,is-a
horripilate,horripilate,_verb_group,synonym
spark,flicker,_derivationally_related_form,similar-to
ring,chemistry,_synset_domain_topic_of,part-of
iodine,iodinate,_derivationally_related_form,derived-from
narcan,narcotic antagonist,_hypernym,is-a
work,work,_verb_group,similar-to
marksmanship,sharpshooter,_derivationally_related_form,is-a
phylum mollusca,lamellibranchia,_member_meronym,is-a
twenty-four hours,unit of time,_hypernym,is-a
programme,show,_hypernym,is-a
fire,turn back,_hypernym,"There is no direct lexical relation between ""fire"" and ""turn back"" in the context of WordNet."
child,soul,_hypernym,is-a
incubation,incubate,_derivationally_related_form,derived-from
man,man's body,_has_part,part-of
set,set,_derivationally_related_form,similar-to
capsulize,capsule,_derivationally_related_form,derived-from
swob,swob,_derivationally_related_form,similar-to
excite,energizing,_derivationally_related_form,similar-to
orchidaceae,genus oncidium,_member_meronym,is-a
succour,minister,_derivationally_related_form,is-a
genus encelia,incienso,_member_meronym,is-a
sepulture,chamber,_hypernym,part-of
garnish,ornamentation,_hypernym,similar-to
harp,harp,_derivationally_related_form,synonym
gangsta,peer,_hypernym,similar-to
transfer,move,_hypernym,is-a
gathering,tuck,_derivationally_related_form,"There is no direct lexical relation between ""gathering"" and ""tuck"" in WordNet."
try out,tryout,_derivationally_related_form,derived-from
spain,jerez de la frontera,_has_part,part-of
mantis,dictyopterous insect,_hypernym,is-a
dish,serve up,_derivationally_related_form,"""related-to"""
parade,showing,_hypernym,is-a
bravo,murderer,_hypernym,is-a
golf-club head,toe,_has_part,part-of
emanate,emanation,_derivationally_related_form,derived-from
order cypriniformes,family catostomidae,_member_meronym,is-a
central america,isthmus,_instance_hypernym,part-of
carry,carry,_verb_group,synonym
united kingdom of great britain and northern ireland,gamp,_member_of_domain_region,No direct lexical relation
taichung,urban center,_instance_hypernym,is-a
sassing,verbalize,_derivationally_related_form,is-a
substantia grisea,nervous tissue,_hypernym,part-of
separate,change integrity,_hypernym,is-a
trump up,manufacture,_hypernym,similar-to
uncreative,unoriginal,_also_see,similar-to
wipe out,kill,_hypernym,Is-a
intersperse,stick in,_hypernym,similar-to
net,goal,_hypernym,part-of
skipper,ship's officer,_hypernym,is-a
hobbyist,amateur,_hypernym,similar-to
peach,stone fruit,_hypernym,is-a
lower,pull a face,_hypernym,"There is no direct lexical relation between ""lower"" and ""pull a face"" in the context of WordNet."
welsh,welsh,_derivationally_related_form,similar-to
technology administration,office,_hypernym,part-of
william jefferson clinton,united states president,_instance_hypernym,is-a
settler,migrator,_hypernym,is-a
dicker,steal,_derivationally_related_form,"There is no direct lexical relation between ""dicker"" and ""steal"" in WordNet."
activate,modify,_hypernym,similar-to
vt,burlington,_has_part,is-a
marmalade box,genipap fruit,_has_part,"There is no direct lexical relation between ""marmalade box"" and ""genipap fruit"" in the context of WordNet. However, if we consider the broader context, ""marmalade"" is a type of preserve that can be made"
suborder manteodea,mantidae,_member_meronym,is-a
clean,rigidify,_similar_to,"There is no direct lexical relation between ""clean"" and ""rigidify"" in the context of WordNet."
scorpaenidae,fish family,_hypernym,is-a
shift,switching,_derivationally_related_form,similar-to
invitee,pay for,_derivationally_related_form,No direct lexical relation
cycle of rebirth,hinduism,_synset_domain_topic_of,related-to
moderate,restrain,_hypernym,similar-to
genus amberboa,asterid dicot genus,_hypernym,is-a
veto,oppose,_hypernym,similar-to
shun,turning away,_derivationally_related_form,similar-to
lieutenancy,lieutenant,_derivationally_related_form,derived-from
rivet,think,_hypernym,unrelated
rape,mustard,_hypernym,derived-from
south carolina,pee dee river,_has_part,part-of
sculpture,statue maker,_derivationally_related_form,derived-from
slugger,baseball game,_synset_domain_topic_of,part-of
retardation,wait,_hypernym,derived-from
natural gas,fossil fuel,_hypernym,is-a
snuggle,snuggle,_verb_group,synonym
yell,vocalization,_hypernym,is-a
lam,flight,_hypernym,similar-to
autopsy,medicine,_synset_domain_topic_of,part-of
proclaim,glorification,_derivationally_related_form,"""related-to"""
stamp,seal,_derivationally_related_form,similar-to
light colonel,war machine,_synset_domain_topic_of,is-a
bender,flex,_derivationally_related_form,similar-to
awl,hand tool,_hypernym,is-a
urinary,weewee,_derivationally_related_form,is-a
hamstring,torment,_hypernym,similar-to
ballot,voting,_derivationally_related_form,part-of
satisfactory,satisfy,_derivationally_related_form,derived-from
genus actaea,magnoliid dicot genus,_hypernym,is-a
geranium family,geranium,_member_meronym,is-a
supermolecule,molecule,_hypernym,is-a
hyphantria,arthropod genus,_hypernym,is-a
restriction,rule,_hypernym,is-a
prunus ilicifolia,wild plum tree,_hypernym,is-a
deviation,statistic,_hypernym,part-of
stonewaller,thwarter,_hypernym,synonym
pay heed,attention,_derivationally_related_form,synonym
fort worth,urban center,_instance_hypernym,is-a
neritidae,mollusk family,_hypernym,is-a
support,subscriber,_derivationally_related_form,part-of
contrast,direct contrast,_derivationally_related_form,is-a
filling,odontology,_synset_domain_topic_of,part-of
os ischii,os,_hypernym,part-of
traffic,trade,_hypernym,related-to
warwick,statesman,_instance_hypernym,is-a
yawning,yawn,_derivationally_related_form,derived-from
rudder,steering system,_hypernym,part-of
leftism,leftist,_derivationally_related_form,derived-from
image breaker,waster,_hypernym,similar-to
reverting,lapse,_derivationally_related_form,similar-to
signer,communicator,_hypernym,is-a
atlantic city,urban center,_instance_hypernym,is-a
sexy,sexual urge,_derivationally_related_form,related-to
libel,law,_synset_domain_topic_of,is-a
brace,brace,_derivationally_related_form,synonym
electrocution,execution,_hypernym,derived-from
salvinia,fern genus,_hypernym,is-a
true sparrow,passerine,_hypernym,is-a
alkali,basify,_derivationally_related_form,derived-from
accentor,oscine bird,_hypernym,is-a
togs,wearable,_hypernym,is-a
germany,bonn,_has_part,part-of
genus cottus,fish genus,_hypernym,is-a
misgive,misgiving,_derivationally_related_form,derived-from
trematoda,fasciolidae,_member_meronym,is-a
saviour,save,_derivationally_related_form,derived-from
transport,channelization,_derivationally_related_form,"""part-of"""
market,shelf,_has_part,part-of
piciform bird,bird,_hypernym,is-a
